customer_id,gender,age,partner,number_of_dependents,married,online_security,online_backup,device_protection,premium_tech_support,streaming_tv,streaming_movies,streaming_music,internet_type
0002-ORFBO,Female,37,Yes,0,Yes,No,Yes,No,Yes,Yes,No,No,cable
0003-MKNFE,m,46,No,0,No,No,No,No,No,No,Yes,Yes,cable
0004-TLHLJ,Male,50,No,0,NA,No,No,Yes,No,No,No,No,Fiber
0011-IGKFF,Male,78,Yes,0,Yes,No,Yes,Yes,No,Yes,Yes,No,Fiber
0013-EXCHZ,Female,75,Yes,0,Yes,No,No,No,Yes,Yes,No,No,Fiber Optic
0013-MHZWF,female,23,No,3,No,No,No,No,Yes,Yes,Yes,Yes,cable
0013-SMEOE,f,67,Yes,0,Yes,Yes,Yes,Yes,Yes,Yes,Yes,Yes,Optic
0014-BMAQU,m,52,Yes,0,Yes,Yes,No,No,Yes,No,No,No,Fiber Optic
0015-UOCOJ,female,68,No,0,No,Yes,No,No,No,No,No,No,DSL
0016-QLJIS,female,43,Yes,1,NA,Yes,Yes,Yes,Yes,Yes,Yes,Yes,Cable
0017-DINOC,Male,47,NA,0,No,Yes,No,No,Yes,Yes,No,No,cable
0017-IUDMW,female,25,Yes,2,Yes,Yes,Yes,Yes,Yes,Yes,Yes,Yes,Optic
0018-NYROU,f,58,Yes,0,Yes,No,No,No,No,No,No,No,Optic
0019-EFAEP,female,32,No,0,NA,Yes,Yes,Yes,No,Yes,No,No,Fiber Optic
0019-GFNTW,Female,39,No,0,No,Yes,Yes,Yes,Yes,No,No,No,DSL 
0020-INWCK,F,58,Yes,2,NA,No,Yes,Yes,No,No,Yes,Yes,Fiber Optic
0020-JDNXP,female,52,Yes,1,Yes,Yes,No,Yes,Yes,Yes,Yes,Yes,DSL 
0021-IKXGC,F,72,No,0,No,No,No,No,No,No,No,No,Fiber Optic
0022-TCJCI,m,79,NA,0,No,Yes,No,Yes,No,No,Yes,No,DSL 
0023-HGHWL,Male,67,No,0,No,No,No,No,No,No,No,No,cable
0023-UYUPN,female,79,Yes,0,Yes,No,No,No,No,No,No,No,None
0023-XUOPT,F,26,Yes,0,Yes,No,Yes,Yes,No,Yes,No,No,Fiber
0027-KWYKW,f,30,Yes,2,NA,No,No,No,No,Yes,No,No,Optic
0030-FNXPP,f,22,No,0,NA,No,No,No,No,No,No,No,None
0031-PVLZI,F,34,Yes,0,Yes,No,No,No,No,No,No,No,None
0032-PGELS,f,37,Yes,1,Yes,Yes,No,No,No,No,No,No,DSL
0036-IHMOT,f,37,Yes,3,Yes,No,Yes,Yes,Yes,Yes,Yes,Yes,Fiber Optic
0040-HALCW,male,42,Yes,3,Yes,No,No,No,No,No,No,No,None
0042-JVWOJ,male,64,No,0,No,No,No,No,No,No,No,No,None
0042-RLHYP,F,47,Yes,3,Yes,No,No,No,No,No,No,No,None
0048-LUMLS,Male,23,Yes,3,Yes,No,No,No,No,Yes,Yes,Yes,Fiber
0048-PIHNL,F,48,Yes,0,NA,No,No,No,No,No,No,No,None
0052-DCKON,Male,28,Yes,0,Yes,Yes,Yes,Yes,Yes,Yes,Yes,Yes,Fiber Optic
0052-YNYOT,female,28,No,0,NA,No,No,No,No,No,No,No,None
0056-EPFBG,M,33,Yes,1,Yes,Yes,No,Yes,Yes,No,No,No,cable
0057-QBUQH,f,31,No,3,No,No,No,No,No,No,No,No,None
0058-EVZWM,f,37,Yes,0,Yes,Yes,No,No,No,Yes,No,No,Fiber Optic
0060-FUALY,F,60,Yes,0,Yes,Yes,Yes,No,No,Yes,No,No,Optic
0064-SUDOG,female,48,Yes,3,Yes,No,No,No,No,No,No,No,None
0064-YIJGF,m,60,Yes,3,NA,No,No,No,No,No,No,No,Optic
0067-DKWBL,m,69,No,0,No,Yes,No,No,No,No,No,No,DSL 
0068-FIGTF,female,20,No,0,No,No,Yes,Yes,Yes,Yes,Yes,Yes,DSL 
0071-NDAFP,M,31,Yes,3,Yes,No,No,No,No,No,No,No,None
0074-HDKDG,M,46,Yes,0,Yes,Yes,Yes,Yes,No,No,No,No,cable
0076-LVEPS,male,57,No,1,NA,Yes,Yes,Yes,Yes,No,No,No,DSL
0078-XZMHT,Male,19,Yes,0,NA,No,Yes,Yes,Yes,Yes,Yes,Yes,DSL 
0080-EMYVY,f,64,No,0,No,No,Yes,No,No,No,No,No,cable
0080-OROZO,F,38,No,0,No,No,No,Yes,Yes,Yes,Yes,Yes,Optic
0082-LDZUE,male,54,No,0,NA,No,No,No,No,No,No,No,DSL 
0082-OQIQY,M,50,No,0,No,No,No,No,Yes,Yes,Yes,Yes,Fiber Optic
0083-PIVIK,male,25,No,0,No,Yes,Yes,Yes,Yes,Yes,No,No,DSL
0089-IIQKO,Female,35,Yes,3,Yes,No,No,No,Yes,Yes,Yes,Yes,Fiber Optic
0093-EXYQL,female,72,No,0,No,No,No,No,No,Yes,Yes,No,Optic
0093-XWZFY,m,51,No,0,No,No,Yes,Yes,No,Yes,Yes,Yes,Fiber
0094-OIFMO,F,78,No,1,No,No,Yes,No,No,Yes,Yes,No,Optic
0096-BXERS,female,30,Yes,0,Yes,No,No,No,No,No,No,No,Cable
0096-FCPUF,male,58,No,0,NA,Yes,No,No,No,No,Yes,Yes,DSL
0098-BOWSO,Male,26,No,0,No,No,No,No,No,No,No,No,None
0100-DUVFC,male,66,Yes,0,Yes,No,Yes,Yes,No,Yes,Yes,No,Fiber
0103-CSITQ,f,20,Yes,0,Yes,No,Yes,Yes,Yes,Yes,Yes,Yes,Optic
0104-PPXDV,M,61,Yes,0,Yes,No,No,Yes,No,No,No,No,DSL 
0106-GHRQR,male,24,No,0,No,No,Yes,Yes,No,No,Yes,Yes,DSL
0106-UGRDO,f,55,Yes,0,Yes,Yes,Yes,Yes,Yes,Yes,Yes,Yes,Fiber
0107-WESLM,M,32,No,0,No,No,No,No,No,No,No,No,None
0107-YHINA,M,59,No,0,NA,No,No,Yes,No,Yes,Yes,Yes,Fiber Optic
0111-KLBQG,m,71,Yes,1,NA,No,Yes,No,No,Yes,Yes,Yes,Fiber Optic
0112-QAWRZ,M,49,Yes,2,Yes,No,No,Yes,No,Yes,No,No,Fiber
0112-QWPNC,M,61,Yes,0,Yes,Yes,No,Yes,Yes,Yes,Yes,Yes,Cable
0114-IGABW,f,40,Yes,0,Yes,No,Yes,Yes,Yes,Yes,Yes,Yes,Cable
0114-PEGZZ,F,39,No,0,No,No,Yes,Yes,No,Yes,Yes,Yes,Fiber Optic
0114-RSRRW,F,21,Yes,0,Yes,No,No,No,No,No,No,No,None
0115-TFERT,m,24,Yes,0,Yes,No,Yes,Yes,Yes,Yes,Yes,Yes,Fiber Optic
0117-LFRMW,male,52,Yes,1,Yes,Yes,Yes,Yes,No,No,No,No,DSL
0118-JPNOY,Female,71,No,0,NA,Yes,No,No,No,Yes,No,No,Fiber
0121-SNYRK,male,45,No,0,No,Yes,No,No,Yes,No,No,No,DSL 
0122-OAHPZ,f,29,No,0,No,No,No,No,No,No,No,Yes,Fiber
0123-CRBRT,female,62,Yes,0,NA,Yes,Yes,Yes,Yes,Yes,Yes,Yes,DSL 
0125-LZQXK,M,42,No,0,No,No,No,Yes,Yes,Yes,Yes,Yes,Fiber
0128-MKWSG,Female,51,No,2,No,Yes,No,No,Yes,No,Yes,Yes,DSL
0129-KPTWJ,M,39,Yes,0,Yes,No,No,Yes,No,Yes,Yes,Yes,Fiber Optic
0129-QMPDR,M,64,Yes,0,Yes,No,No,No,No,No,No,No,None
0130-SXOUN,Male,55,No,0,No,No,Yes,No,No,No,Yes,Yes,Fiber Optic
0133-BMFZO,f,40,No,0,NA,Yes,Yes,No,Yes,No,No,No,Fiber Optic
0134-XWXCE,f,76,No,0,NA,No,No,Yes,Yes,Yes,Yes,Yes,DSL
0135-NMXAP,Female,57,No,0,No,No,Yes,No,No,Yes,No,No,Optic
0136-IFMYD,m,71,Yes,0,Yes,No,Yes,Yes,Yes,Yes,Yes,No,Fiber
0137-OCGAB,f,25,No,0,No,No,Yes,No,No,No,No,No,Optic
0137-UDEUO,female,24,No,0,No,No,No,No,No,No,No,No,None
0139-IVFJG,F,19,Yes,0,Yes,Yes,Yes,No,No,Yes,No,No,Fiber Optic
0141-YEAYS,Female,77,No,0,No,No,Yes,Yes,No,No,No,No,Fiber Optic
0142-GVYSN,Male,57,No,0,No,No,No,No,No,No,No,No,None
0147-ESWWR,F,73,Yes,0,Yes,No,No,No,Yes,Yes,Yes,Yes,Optic
0148-DCDOS,male,41,No,0,No,No,No,No,No,Yes,Yes,Yes,Optic
0151-ONTOV,f,43,No,0,No,No,No,No,No,No,No,No,Optic
0156-FVPTA,Male,48,Yes,0,Yes,Yes,No,No,Yes,No,No,No,DSL
0164-APGRB,f,56,No,0,No,Yes,Yes,Yes,Yes,Yes,Yes,Yes,Fiber Optic
0164-XAIRP,F,51,No,0,No,No,No,No,No,No,No,No,None
0168-XZKBB,F,34,NA,0,Yes,No,No,No,No,Yes,No,No,Fiber Optic
0174-QRVVY,male,21,Yes,2,Yes,No,No,No,No,No,No,No,None
0177-PXBAT,Male,78,Yes,0,Yes,Yes,No,Yes,Yes,Yes,Yes,No,Fiber Optic
0178-CIIKR,f,60,No,0,No,No,No,No,No,No,No,No,None
0178-SZBHO,male,54,Yes,1,Yes,No,Yes,No,No,Yes,No,No,Fiber
0181-RITDD,M,42,Yes,3,Yes,Yes,Yes,Yes,Yes,Yes,Yes,Yes,Fiber Optic
0186-CAERR,m,22,No,0,No,Yes,Yes,Yes,Yes,Yes,Yes,Yes,Optic
0187-QSXOE,M,71,Yes,0,Yes,No,No,No,No,Yes,Yes,Yes,Fiber
0187-WZNAB,female,56,Yes,2,NA,Yes,No,No,No,No,No,No,Fiber Optic
0188-GWFLE,Male,33,No,0,NA,No,No,No,No,No,No,No,None
0191-EQUUH,Female,32,No,3,NA,Yes,No,No,Yes,No,No,No,cable
0191-ZHSKZ,M,80,No,0,No,Yes,Yes,No,No,Yes,Yes,No,DSL
0193-ESZXP,Female,73,Yes,0,Yes,Yes,Yes,No,Yes,Yes,Yes,Yes,Fiber Optic
0195-IESCP,Male,26,Yes,0,Yes,No,No,No,No,No,Yes,Yes,Fiber
0196-JTUQI,female,59,No,0,NA,No,No,No,No,No,No,No,Fiber Optic
0196-VULGZ,F,78,Yes,0,NA,No,No,No,No,No,Yes,No,Fiber Optic
0197-PNKNK,F,47,Yes,1,NA,Yes,No,Yes,No,No,No,No,Fiber
0201-MIBOL,female,68,No,0,No,Yes,No,No,No,Yes,Yes,Yes,Fiber Optic
0201-OAMXR,F,30,No,0,NA,Yes,Yes,Yes,Yes,Yes,Yes,Yes,Fiber Optic
0203-HHYIJ,m,62,No,0,No,No,No,No,No,No,No,No,None
0206-OYVOC,F,52,Yes,2,Yes,No,No,No,No,No,No,No,None
0206-TBWLC,F,63,Yes,0,Yes,Yes,Yes,Yes,Yes,Yes,Yes,Yes,Fiber
0207-MDKNV,F,54,No,0,No,Yes,No,Yes,Yes,Yes,Yes,Yes,Optic
0208-BPQEJ,Female,48,Yes,1,NA,No,No,No,No,No,No,No,None
0212-ISBBF,Female,51,No,0,No,No,Yes,No,No,Yes,Yes,Yes,cable
0214-JHPFW,f,22,Yes,0,Yes,No,Yes,Yes,Yes,Yes,Yes,Yes,Cable
0215-BQKGS,m,52,No,0,No,Yes,Yes,Yes,No,No,No,No,Optic
0218-QNVAS,m,22,Yes,1,Yes,No,Yes,No,No,Yes,Yes,Yes,Optic
0219-QAERP,male,33,Yes,0,NA,No,No,No,No,No,No,No,None
0219-YTZUE,male,26,Yes,0,Yes,No,Yes,Yes,No,No,No,Yes,Fiber Optic
0220-EBGCE,M,58,No,0,No,No,No,Yes,No,No,Yes,Yes,Optic
0221-NAUXK,m,22,No,1,No,No,No,No,No,No,No,No,None
0221-WMXNQ,Male,66,No,0,No,Yes,No,No,No,No,No,No,Fiber
0222-CNVPT,male,69,No,0,No,Yes,No,No,No,Yes,Yes,Yes,DSL 
0224-HJAPT,m,25,No,0,No,No,No,No,No,No,No,Yes,Cable
0224-NIJLP,M,30,Yes,3,Yes,No,No,No,No,No,No,No,None
0224-RLWWD,f,73,No,0,No,No,No,No,No,No,No,No,Cable
0225-ZORZP,male,46,No,0,No,No,Yes,No,No,No,Yes,Yes,Fiber
0228-MAUWC,male,40,No,0,No,No,No,Yes,Yes,No,No,No,DSL
0229-LFJAF,m,53,No,0,No,Yes,Yes,Yes,Yes,No,No,No,DSL
0230-UBYPQ,M,76,Yes,0,Yes,Yes,No,No,Yes,No,No,No,DSL 
0230-WEQUW,M,38,Yes,0,NA,Yes,Yes,Yes,Yes,Yes,No,No,DSL 
0231-LXVAP,Male,23,No,0,No,No,No,No,Yes,No,No,No,Optic
0233-FTHAV,f,24,No,0,No,No,No,Yes,No,No,No,No,Fiber Optic
0234-TEVTT,F,43,Yes,3,Yes,Yes,No,Yes,No,No,Yes,Yes,DSL 
0235-KGSLC,f,45,No,0,No,No,No,Yes,No,Yes,No,No,Fiber Optic
0236-HFWSV,M,49,No,0,No,No,No,No,No,Yes,Yes,Yes,Optic
0237-YFUTL,F,62,Yes,0,NA,Yes,Yes,No,Yes,Yes,Yes,Yes,Optic
0238-WHBIQ,Male,25,Yes,1,NA,Yes,Yes,Yes,Yes,Yes,Yes,Yes,cable
0239-OXEXL,F,37,No,0,No,Yes,Yes,No,No,No,No,No,Optic
0244-LGNFY,female,35,Yes,1,Yes,Yes,Yes,Yes,Yes,Yes,Yes,Yes,DSL
0247-SLUJI,M,37,Yes,3,Yes,No,No,No,No,No,No,No,None
0248-IPDFW,Female,19,No,0,No,No,No,No,No,No,No,No,cable
0248-PGHBZ,Female,69,No,0,No,Yes,Yes,No,Yes,Yes,No,No,Fiber Optic
0253-ZTEOB,F,44,Yes,1,NA,No,Yes,No,Yes,Yes,Yes,Yes,DSL 
0254-FNMCI,f,19,No,0,NA,Yes,Yes,Yes,Yes,Yes,Yes,Yes,Fiber Optic
0254-KCJGT,Male,64,Yes,0,Yes,Yes,Yes,Yes,Yes,No,Yes,Yes,cable
0254-WWRKD,F,44,Yes,3,Yes,No,Yes,No,No,No,No,No,Cable
0256-LTHVJ,F,58,Yes,0,Yes,No,No,No,No,No,Yes,Yes,Fiber
0257-KXZGU,female,29,Yes,1,Yes,No,Yes,Yes,No,No,No,Yes,DSL 
0257-ZESQC,Female,80,Yes,0,Yes,Yes,No,No,No,No,No,No,Cable
0258-NOKBL,Male,22,No,0,No,No,Yes,Yes,No,No,Yes,Yes,Optic
0259-GBZSH,Male,22,No,0,No,No,No,No,No,Yes,No,Yes,cable
0260-ZDLGK,f,50,No,2,No,No,No,Yes,Yes,Yes,Yes,Yes,cable
0263-FJTQO,male,53,Yes,2,Yes,Yes,No,No,Yes,Yes,No,No,cable
0264-CNITK,Female,45,Yes,2,Yes,No,No,No,No,No,No,No,None
0265-EDXBD,Male,76,Yes,0,Yes,No,No,No,No,No,No,No,Fiber Optic
0265-PSUAE,F,57,Yes,3,Yes,Yes,No,Yes,No,Yes,Yes,Yes,Fiber
0266-CLZKZ,f,45,Yes,3,Yes,No,No,Yes,Yes,Yes,Yes,Yes,Optic
0266-GMEAO,m,43,Yes,1,Yes,Yes,Yes,Yes,Yes,Yes,Yes,Yes,Fiber
0268-QKIWO,f,41,NA,0,No,No,No,No,No,No,No,No,None
0269-XFESX,m,22,Yes,3,Yes,No,No,No,No,No,No,No,None
0270-THENM,m,62,Yes,2,Yes,Yes,Yes,Yes,Yes,No,No,No,DSL 
0274-JKUJR,M,21,Yes,2,NA,Yes,Yes,Yes,No,Yes,Yes,Yes,Cable
0277-BKSQP,M,49,Yes,3,NA,No,No,No,No,Yes,No,No,DSL
0277-ORXQS,Male,33,Yes,4,NA,No,No,No,Yes,Yes,Yes,Yes,Cable
0278-YXOOG,Male,30,No,0,No,No,No,No,No,No,No,No,None
0280-XJGEX,Male,38,No,1,NA,No,Yes,Yes,No,Yes,Yes,Yes,Optic
0281-CNTZX,m,56,Yes,0,NA,No,No,No,No,No,No,No,None
0282-NVSJS,f,70,Yes,1,Yes,No,No,No,Yes,No,No,No,DSL 
0285-INHLN,m,54,Yes,6,NA,Yes,Yes,No,No,No,No,No,DSL
0289-IVARM,f,57,No,0,No,Yes,Yes,Yes,No,No,No,No,DSL 
0292-WEGCH,F,40,Yes,2,Yes,No,Yes,Yes,Yes,Yes,Yes,Yes,DSL 
0295-PPHDO,m,56,No,0,No,No,No,No,No,Yes,Yes,Yes,Fiber Optic
0295-QVKPB,male,38,No,0,No,No,No,Yes,Yes,Yes,No,No,DSL
0297-RBCSG,m,61,No,0,NA,No,Yes,No,Yes,No,Yes,Yes,DSL 
0298-XACET,Male,35,Yes,2,Yes,No,Yes,Yes,Yes,Yes,No,No,DSL 
0301-FIDRB,female,61,Yes,3,Yes,Yes,Yes,Yes,Yes,Yes,Yes,Yes,DSL
0301-KOBTQ,male,50,No,0,NA,No,No,No,No,No,No,No,None
0302-JOIVN,female,47,Yes,0,Yes,No,Yes,Yes,No,Yes,Yes,Yes,Fiber
0303-UNCIP,male,35,No,0,No,No,No,Yes,No,No,Yes,Yes,DSL
0303-WMMRN,Male,32,No,0,No,No,No,No,No,No,No,No,None
0305-SQECB,Female,54,No,1,NA,Yes,No,No,Yes,No,No,No,DSL 
0306-JAELE,m,61,No,0,No,No,No,No,Yes,Yes,Yes,Yes,Optic
0307-BCOPK,F,62,No,0,No,No,No,No,No,No,No,No,None
0308-GIQJT,Male,80,No,0,No,No,Yes,No,Yes,Yes,Yes,No,Fiber
0308-IVGOK,female,23,NA,0,No,No,Yes,Yes,Yes,No,No,No,DSL 
0310-MVLET,f,63,Yes,0,Yes,No,Yes,No,No,Yes,Yes,Yes,Fiber
0310-SUCIN,f,50,Yes,0,Yes,Yes,Yes,Yes,Yes,Yes,Yes,Yes,Cable
0310-VQXAM,male,56,No,0,No,No,No,No,No,No,No,No,None
0311-QYWSS,f,63,No,0,No,Yes,No,No,No,No,No,No,DSL
0311-UNPFF,Female,58,No,0,No,No,No,No,No,Yes,Yes,Yes,Fiber
0314-TKOSI,female,29,No,0,NA,Yes,Yes,No,No,No,No,No,cable
0315-LVCRK,m,54,No,0,No,No,No,Yes,No,No,Yes,Yes,Optic
0318-QUUOB,Male,25,Yes,0,NA,No,No,No,No,Yes,No,Yes,Fiber Optic
0318-ZOPWS,Female,31,Yes,0,Yes,No,No,No,No,No,No,No,None
0319-QZTCO,Female,25,Yes,2,Yes,No,Yes,No,No,Yes,No,No,DSL 
0320-DWVTU,F,46,No,0,No,Yes,Yes,Yes,Yes,No,Yes,Yes,Optic
0320-JDNQG,M,28,Yes,0,NA,Yes,No,No,Yes,Yes,Yes,Yes,Fiber Optic
0322-CHQRU,Male,63,No,0,No,No,No,No,No,No,No,No,DSL
0322-YINQP,Male,37,No,0,No,Yes,No,No,No,No,No,No,DSL 
0323-XWWTN,male,44,No,1,No,No,No,No,No,No,No,No,None
0324-BRPCJ,f,74,Yes,0,Yes,No,Yes,No,No,Yes,Yes,Yes,Cable
0325-XBFAC,Male,44,No,0,NA,No,No,Yes,No,Yes,Yes,Yes,Optic
0326-VDYXE,f,21,Yes,0,Yes,No,No,Yes,No,Yes,Yes,Yes,Fiber Optic
0327-WFZSY,M,62,Yes,3,NA,No,No,Yes,No,Yes,Yes,Yes,Fiber
0328-GRPMV,f,43,No,0,No,No,No,No,No,No,No,No,Fiber
0329-GTIAJ,F,40,No,0,No,No,Yes,No,Yes,Yes,Yes,Yes,Optic
0330-BGYZE,Male,48,Yes,0,Yes,No,Yes,Yes,No,Yes,Yes,Yes,Optic
0330-IVZHA,Female,55,Yes,0,Yes,No,No,No,No,No,No,No,Fiber Optic
0334-GDDSO,m,77,No,0,No,No,Yes,No,No,No,No,No,Fiber
0334-ZFJSR,Female,41,Yes,0,Yes,Yes,Yes,No,Yes,No,No,No,cable
0336-KXKFK,m,43,No,0,No,Yes,No,Yes,Yes,Yes,Yes,Yes,DSL 
0336-PIKEI,M,69,Yes,0,Yes,Yes,Yes,Yes,Yes,Yes,No,No,DSL 
0337-CNPZE,Female,63,No,0,No,No,Yes,Yes,No,Yes,Yes,Yes,Optic
0343-QLUZP,M,38,No,0,No,Yes,Yes,Yes,No,No,No,No,DSL 
0345-HKJVM,Female,43,No,0,NA,No,No,No,No,Yes,Yes,Yes,Fiber
0345-XMMUG,female,29,Yes,0,NA,No,Yes,Yes,Yes,Yes,Yes,Yes,Optic
0347-UBKUZ,Female,46,No,0,No,No,No,No,No,No,No,No,None
0348-SDKOL,f,33,NA,0,Yes,No,No,Yes,Yes,Yes,Yes,Yes,Fiber Optic
0354-VXMJC,M,60,Yes,3,Yes,No,No,No,No,No,No,No,None
0354-WYROK,f,70,Yes,0,Yes,No,No,Yes,Yes,Yes,Yes,No,Fiber
0356-ERHVT,male,54,Yes,0,Yes,No,No,No,No,No,No,No,cable
0356-OBMAC,female,80,No,0,No,No,Yes,Yes,Yes,Yes,No,No,Fiber Optic
0357-NVCRI,female,41,No,3,NA,No,No,No,No,No,No,No,None
0361-HJRDX,f,38,No,0,NA,Yes,Yes,Yes,Yes,Yes,Yes,Yes,DSL
0362-RAOQO,female,48,No,0,No,No,No,No,No,No,No,No,None
0362-ZBZWJ,M,46,No,0,No,No,No,No,No,No,Yes,Yes,Optic
0363-QJVFX,Male,22,No,0,NA,Yes,Yes,No,Yes,Yes,Yes,Yes,Optic
0363-SVHYR,m,28,Yes,3,Yes,Yes,Yes,Yes,Yes,Yes,Yes,Yes,DSL
0365-BZUWY,m,58,Yes,0,NA,No,Yes,Yes,No,Yes,Yes,Yes,Fiber Optic
0365-GXEZS,m,55,Yes,0,Yes,No,No,Yes,Yes,No,No,No,Optic
0365-TRTPY,Female,52,No,0,NA,Yes,Yes,Yes,No,No,No,No,Optic
0366-NQSHS,m,42,No,0,No,No,No,No,No,No,No,No,None
0369-ZGOVK,female,56,Yes,2,Yes,No,No,No,No,No,No,No,Fiber Optic
0373-AIVNJ,m,34,NA,0,No,Yes,Yes,Yes,No,No,No,No,cable
0374-AACSZ,f,63,No,0,No,Yes,No,No,No,No,No,No,DSL 
0374-FIUCA,male,59,Yes,0,Yes,No,No,No,No,No,No,No,None
0374-IOEGQ,Female,62,No,0,NA,No,No,No,No,No,No,No,Cable
0375-HVGXO,f,31,No,0,NA,No,No,No,No,Yes,No,No,DSL
0376-OIWME,Male,24,Yes,0,Yes,Yes,No,No,No,Yes,Yes,Yes,Fiber
0376-YMCJC,M,21,No,0,No,No,No,No,Yes,Yes,No,Yes,cable
0377-JBKKT,M,21,Yes,3,NA,Yes,Yes,No,Yes,No,No,Yes,DSL 
0378-CJKPV,female,56,Yes,0,Yes,Yes,Yes,Yes,Yes,Yes,Yes,Yes,Optic
0378-NHQXU,Female,31,Yes,0,Yes,No,No,Yes,No,Yes,No,No,Fiber
0378-TOVMS,f,20,No,0,No,No,No,No,Yes,No,Yes,Yes,Optic
0378-XSZPU,male,31,Yes,0,Yes,Yes,Yes,Yes,No,No,No,No,Cable
0379-DJQHR,m,60,Yes,0,Yes,Yes,Yes,Yes,No,Yes,Yes,Yes,DSL 
0380-NEAVX,male,72,No,0,NA,No,Yes,Yes,No,Yes,Yes,No,Fiber Optic
0380-ZCSBI,male,56,No,0,No,No,No,No,No,No,No,No,None
0383-CLDDA,F,42,No,0,No,Yes,No,Yes,Yes,Yes,Yes,Yes,DSL 
0384-LPITE,Male,38,No,0,NA,Yes,Yes,Yes,No,Yes,Yes,Yes,cable
0384-RVBPI,male,64,No,0,No,Yes,No,Yes,No,No,Yes,Yes,DSL
0386-CWRGM,F,61,Yes,1,Yes,No,No,No,No,No,No,No,None
0388-EOPEX,female,28,Yes,0,Yes,Yes,No,No,No,No,No,No,Fiber Optic
0390-DCFDQ,f,76,Yes,2,Yes,No,No,No,No,No,No,No,Fiber Optic
0392-BZIUW,Female,44,Yes,0,Yes,Yes,No,Yes,No,Yes,Yes,Yes,Fiber Optic
0394-YONDK,M,28,Yes,3,Yes,No,No,No,No,No,No,No,None
0396-HUJBP,Female,34,No,0,No,No,No,No,No,No,No,No,None
0396-UKGAI,M,25,No,3,No,No,Yes,No,Yes,No,No,Yes,DSL
0396-YCHWO,M,58,Yes,0,Yes,No,No,No,No,Yes,Yes,Yes,Fiber Optic
0397-GZBBC,M,70,Yes,0,Yes,No,No,No,No,Yes,Yes,No,Fiber
0397-ZXWQF,Male,24,No,0,No,No,No,No,No,No,No,No,None
0401-WDBXM,M,22,Yes,3,Yes,Yes,No,Yes,No,Yes,Yes,Yes,Optic
0402-CQAJN,female,22,No,0,NA,No,Yes,Yes,No,Yes,Yes,Yes,Fiber
0402-OAMEN,F,36,Yes,1,Yes,No,No,No,No,No,No,No,None
0404-AHASP,M,23,Yes,0,Yes,No,No,No,No,No,No,No,None
0404-SWRVG,M,21,No,2,No,No,No,No,No,No,No,Yes,Optic
0406-BPDVR,f,75,Yes,0,Yes,No,Yes,No,No,Yes,Yes,Yes,Fiber Optic
0407-BDJKB,m,59,Yes,0,Yes,No,Yes,Yes,No,Yes,No,No,Optic
0409-WTMPL,F,35,Yes,0,NA,Yes,Yes,Yes,No,Yes,Yes,Yes,Fiber
0410-IPFTY,Female,64,Yes,0,Yes,No,Yes,No,No,No,Yes,Yes,Fiber
0411-EZJZE,Female,62,No,0,No,No,No,No,No,Yes,No,No,DSL 
0412-UCCNP,m,20,No,0,No,Yes,No,Yes,Yes,No,No,No,DSL 
0415-MOSGF,f,58,No,0,NA,No,No,No,No,No,No,No,DSL
0419-YAAPX,M,44,Yes,0,NA,No,Yes,No,No,Yes,No,No,Fiber Optic
0420-BWTPW,male,40,No,0,No,No,No,No,No,No,No,No,DSL 
0420-HLGXF,female,72,No,0,No,No,No,Yes,No,Yes,Yes,No,Fiber Optic
0420-TXVSG,Male,43,Yes,0,Yes,Yes,Yes,Yes,No,No,No,No,DSL 
0422-OHQHQ,female,23,Yes,0,NA,No,No,No,No,No,No,No,None
0422-UXFAP,F,34,Yes,0,Yes,No,No,Yes,No,Yes,Yes,Yes,Optic
0423-UDIJQ,M,74,No,0,No,No,No,No,Yes,No,No,No,DSL
0426-TIRNE,f,54,No,0,No,No,No,No,No,No,No,No,None
0428-AXXLJ,male,29,No,0,No,No,No,No,No,No,No,No,None
0428-IKYCP,Male,56,Yes,0,NA,No,No,Yes,No,Yes,No,No,Fiber Optic
0430-IHCDJ,Male,40,No,0,No,No,No,No,No,No,No,No,DSL
0431-APWVY,female,37,Yes,0,NA,No,No,No,No,Yes,Yes,Yes,Optic
0432-CAJZV,male,47,No,0,No,No,No,No,No,Yes,Yes,Yes,Fiber
0434-CSFON,F,34,Yes,0,Yes,No,No,Yes,No,Yes,Yes,Yes,Optic
0436-TWFFZ,female,21,No,0,No,Yes,No,Yes,Yes,Yes,Yes,Yes,DSL 
0439-IFYUN,f,78,No,0,No,No,Yes,No,No,No,No,No,Optic
0440-EKDCF,male,47,Yes,0,Yes,No,Yes,Yes,Yes,No,No,No,Cable
0440-MOGPM,female,51,No,0,No,No,Yes,Yes,No,Yes,Yes,Yes,DSL 
0440-QEXBZ,female,64,No,0,NA,No,No,No,No,No,No,No,DSL
0440-UEDAI,f,59,No,0,No,No,Yes,Yes,Yes,No,Yes,Yes,Fiber Optic
0442-TDYUO,male,44,Yes,0,NA,No,No,No,No,No,No,No,None
0442-ZXKVS,f,79,Yes,0,Yes,Yes,Yes,Yes,Yes,Yes,Yes,No,Optic
0447-BEMNG,f,28,Yes,0,Yes,Yes,No,Yes,No,No,Yes,Yes,cable
0447-RXSGD,M,39,No,0,No,No,Yes,No,No,Yes,Yes,Yes,Optic
0454-OKRCT,m,32,No,0,No,No,Yes,No,Yes,No,No,No,Fiber Optic
0455-ENTCR,Male,58,Yes,0,Yes,Yes,Yes,No,Yes,Yes,Yes,Yes,DSL
0455-XFASS,female,61,Yes,2,Yes,No,No,No,No,No,No,No,Optic
0458-HEUZG,female,58,No,0,No,No,No,Yes,Yes,No,No,No,Cable
0459-SPZHJ,male,19,Yes,0,Yes,Yes,Yes,Yes,No,Yes,Yes,Yes,DSL
0461-CVKMU,female,45,Yes,0,Yes,No,Yes,Yes,Yes,No,No,No,Optic
0463-TXOAK,Male,26,No,1,No,No,No,No,No,No,No,No,None
0463-WZZKO,Male,23,No,0,NA,No,No,No,No,No,No,No,None
0463-ZSDNT,Male,23,No,0,NA,No,No,No,No,No,Yes,Yes,DSL
0464-WJTKO,F,39,Yes,2,Yes,No,No,No,No,No,No,No,None
0468-YRPXN,Male,62,No,0,No,No,No,Yes,Yes,Yes,Yes,Yes,Fiber Optic
0471-ARVMX,F,70,Yes,0,Yes,Yes,No,Yes,No,Yes,Yes,Yes,Optic
0471-LVHGK,male,34,Yes,0,NA,No,No,Yes,No,Yes,Yes,Yes,DSL 
0475-RIJEP,M,47,No,0,NA,No,Yes,No,No,No,No,No,Fiber Optic
0479-HMSWA,f,63,No,1,No,No,Yes,Yes,Yes,Yes,Yes,Yes,Fiber Optic
0480-BIXDE,f,58,Yes,0,Yes,No,No,Yes,No,Yes,Yes,Yes,Optic
0480-KYJVA,female,42,Yes,3,NA,No,No,No,No,No,No,No,None
0481-SUMCB,Female,74,No,0,No,No,No,Yes,No,Yes,Yes,No,Optic
0484-FFVBJ,Male,43,No,0,NA,No,No,No,No,Yes,Yes,Yes,DSL 
0484-JPBRU,male,23,No,0,NA,No,No,No,No,No,No,No,None
0485-ZBSLN,M,52,Yes,2,Yes,No,No,No,No,No,No,No,None
0486-HECZI,m,37,Yes,1,Yes,Yes,Yes,No,No,Yes,No,No,Fiber
0486-LGCCH,Male,48,Yes,2,Yes,No,No,No,No,No,No,No,None
0487-CRLZF,F,58,No,0,No,No,No,Yes,Yes,Yes,Yes,Yes,DSL
0487-RPVUM,M,49,Yes,0,NA,Yes,No,Yes,Yes,Yes,No,No,Optic
0487-VVUVK,male,49,Yes,2,Yes,No,No,No,No,No,No,No,None
0488-GSLFR,Female,41,No,0,No,No,No,No,No,No,No,No,Fiber Optic
0489-WMEMG,f,61,No,3,No,No,No,No,Yes,No,No,No,cable
0491-KAPQG,Male,28,No,0,No,No,No,No,No,No,No,Yes,Fiber
0495-RVCBF,female,39,No,0,NA,No,No,No,No,No,Yes,Yes,Optic
0495-ZBNGW,m,78,Yes,0,Yes,No,No,Yes,No,No,No,No,Fiber
0496-AHOOK,M,61,Yes,0,Yes,Yes,No,No,Yes,Yes,Yes,Yes,cable
0504-HHAPI,female,72,No,0,No,No,No,Yes,No,No,Yes,No,Optic
0505-SPOOW,F,41,Yes,0,Yes,No,No,No,No,No,No,No,None
0506-LVNGN,Female,78,No,0,No,No,No,Yes,No,No,No,No,Fiber
0506-YLVKJ,M,54,Yes,1,NA,No,No,No,No,No,No,No,None
0508-OOLTO,F,33,Yes,1,NA,No,No,No,No,No,No,No,Fiber Optic
0508-SQWPL,Female,32,Yes,3,NA,No,No,No,No,No,No,No,None
0511-JTEOY,Female,41,No,0,No,No,No,No,No,No,No,No,Fiber
0512-FLFDW,F,74,Yes,0,NA,No,No,Yes,No,Yes,Yes,No,Optic
0513-RBGPE,Male,57,Yes,0,Yes,Yes,No,Yes,Yes,No,No,No,DSL
0515-YPMCW,m,42,No,0,NA,No,No,No,No,No,No,No,Fiber Optic
0516-OOHAR,Male,39,Yes,2,NA,No,Yes,Yes,No,Yes,Yes,Yes,Fiber Optic
0516-QREYC,f,78,No,0,NA,No,No,No,No,No,No,No,None
0516-UXRMT,female,27,No,0,No,Yes,Yes,Yes,No,No,No,No,Optic
0516-VRYBW,F,39,No,0,No,No,No,No,No,No,No,No,None
0516-WJVXC,Female,21,No,0,No,Yes,No,No,Yes,No,No,No,DSL
0519-DRGTI,female,58,Yes,3,Yes,No,No,No,No,No,No,No,None
0519-XUZJU,female,56,No,0,No,No,No,No,No,No,No,No,Optic
0520-FDVVT,M,26,NA,0,No,No,Yes,Yes,No,Yes,Yes,Yes,Fiber Optic
0523-VNGTF,F,78,No,0,No,No,Yes,Yes,Yes,Yes,No,No,DSL
0524-IAVZO,Female,25,Yes,0,Yes,No,No,No,No,No,Yes,Yes,Fiber Optic
0526-SXDJP,m,36,Yes,0,Yes,Yes,Yes,Yes,No,No,No,No,cable
0529-ONKER,m,70,No,0,No,No,No,No,No,No,No,No,Fiber
0530-IJVDB,M,36,No,2,No,Yes,Yes,Yes,Yes,Yes,Yes,Yes,Fiber Optic
0531-XBKMM,m,37,No,2,NA,Yes,Yes,No,Yes,No,No,No,DSL 
0531-ZZJWQ,m,68,Yes,0,Yes,No,No,No,No,No,No,No,Fiber
0533-BNWKF,F,66,Yes,0,Yes,No,Yes,Yes,No,No,No,No,Fiber
0533-UCAAU,m,72,Yes,0,Yes,No,Yes,Yes,No,Yes,No,No,DSL 
0536-ACXIP,Female,34,Yes,0,Yes,Yes,Yes,Yes,No,Yes,Yes,Yes,Optic
0536-BGFMZ,Female,27,Yes,0,NA,No,No,No,No,No,No,No,None
0536-ESJEP,m,48,Yes,0,Yes,Yes,Yes,No,No,Yes,Yes,Yes,DSL
0537-QYZZN,m,66,Yes,2,Yes,Yes,No,No,No,No,No,No,Fiber Optic
0541-FITGH,female,59,Yes,0,Yes,Yes,No,No,No,No,Yes,Yes,cable
0547-HURJB,m,19,No,2,NA,No,No,No,No,No,No,No,None
0549-CYCQN,Male,69,No,0,No,No,Yes,No,No,No,No,No,Optic
0550-DCXLH,Male,64,No,0,No,No,Yes,No,Yes,Yes,Yes,Yes,DSL
0556-FJEGU,male,26,No,0,NA,No,Yes,Yes,Yes,Yes,No,No,DSL 
0557-ASKVU,female,43,Yes,0,Yes,No,No,Yes,Yes,No,No,No,Cable
0559-CKHUS,F,44,Yes,0,NA,No,No,No,No,No,No,No,None
0562-FGDCR,f,61,Yes,3,NA,Yes,Yes,No,Yes,Yes,No,No,DSL
0562-HKHML,M,39,Yes,1,Yes,No,No,No,No,No,No,No,None
0562-KBDVM,F,62,No,0,No,Yes,Yes,Yes,Yes,No,No,No,DSL 
0564-JJHGS,Male,45,No,0,No,No,No,No,No,Yes,Yes,Yes,Fiber Optic
0564-MUUQK,f,28,Yes,2,Yes,No,No,Yes,Yes,No,Yes,Yes,Fiber Optic
0565-IYCGT,m,51,No,0,No,Yes,Yes,Yes,Yes,No,Yes,Yes,DSL 
0565-JUPYD,Male,26,No,0,No,Yes,Yes,Yes,Yes,Yes,No,No,Fiber Optic
0567-GGCAC,Female,38,No,0,NA,Yes,Yes,Yes,No,No,No,No,DSL 
0567-XRHCU,female,19,Yes,1,NA,Yes,No,Yes,No,No,Yes,Yes,DSL 
0568-ONFPC,M,34,Yes,1,Yes,No,No,No,No,No,No,No,None
0570-BFQHT,female,38,No,0,No,No,Yes,Yes,No,No,No,No,Fiber
0572-ZJKLT,f,32,Yes,1,Yes,Yes,No,Yes,Yes,No,Yes,Yes,Fiber
0575-CUQOV,m,76,Yes,0,Yes,No,Yes,Yes,No,Yes,Yes,No,Fiber Optic
0576-WNXXC,M,70,Yes,0,Yes,No,Yes,Yes,No,No,Yes,Yes,Fiber Optic
0577-WHMEV,F,19,Yes,0,Yes,Yes,Yes,Yes,No,No,No,Yes,Optic
0578-SKVMF,f,23,Yes,0,Yes,No,Yes,No,No,No,Yes,Yes,cable
0580-PIQHM,f,21,NA,1,Yes,Yes,Yes,Yes,No,No,Yes,Yes,Optic
0581-BXBUB,female,76,No,0,No,No,Yes,No,No,No,No,No,Optic
0581-MDMPW,F,63,No,0,No,No,No,Yes,No,Yes,No,No,Fiber Optic
0582-AVCLN,female,43,No,0,No,No,No,No,No,No,No,No,None
0584-BJQGZ,F,19,No,0,NA,Yes,Yes,Yes,Yes,Yes,No,No,cable
0585-EGDDA,Male,41,Yes,0,NA,No,Yes,Yes,No,No,No,No,Fiber
0587-DMGBH,female,48,No,0,No,Yes,No,No,No,No,No,No,Cable
0594-UFTUL,M,35,Yes,3,NA,No,No,No,No,No,No,No,None
0595-ITUDF,Male,21,Yes,1,Yes,Yes,Yes,Yes,No,No,No,No,Fiber
0596-BQCEQ,female,32,Yes,0,NA,No,Yes,Yes,No,Yes,Yes,Yes,Fiber Optic
0599-XNYDO,female,51,Yes,0,Yes,No,No,No,No,No,No,No,Fiber Optic
0601-WZHJF,M,53,Yes,0,Yes,No,No,No,No,Yes,Yes,Yes,DSL
0602-DDUML,f,21,No,0,NA,No,Yes,Yes,Yes,Yes,No,Yes,Cable
0603-OLQDC,m,41,No,1,NA,Yes,No,No,No,Yes,Yes,Yes,Cable
0603-TPMIB,Female,40,Yes,2,NA,No,No,No,No,No,No,No,None
0604-THJFP,f,40,Yes,0,Yes,No,Yes,No,Yes,Yes,Yes,Yes,DSL
0607-DAAHE,male,62,No,0,No,No,No,No,No,No,No,No,None
0607-MVMGC,m,33,Yes,0,Yes,No,Yes,Yes,No,Yes,Yes,Yes,DSL 
0608-JDVEC,male,55,Yes,0,Yes,No,No,No,No,No,No,No,None
0611-DFXKO,male,35,Yes,0,NA,No,No,No,No,Yes,Yes,Yes,Optic
0612-RTZZA,female,77,No,0,NA,No,No,No,No,No,No,No,DSL
0613-WUXUM,F,38,Yes,3,Yes,No,No,No,No,No,No,No,None
0616-ATFGB,Male,74,Yes,0,Yes,No,No,No,No,No,No,No,cable
0617-AQNWT,f,61,Yes,0,Yes,Yes,No,Yes,Yes,No,Yes,Yes,DSL
0617-FHSGK,Male,62,No,0,No,No,No,No,No,No,No,No,Optic
0618-XWMSS,Male,60,No,0,NA,Yes,No,No,No,No,No,No,Fiber
0619-OLYUR,M,32,Yes,0,Yes,Yes,No,Yes,Yes,Yes,Yes,Yes,Fiber
0620-DLSLK,f,47,No,0,NA,No,No,No,No,Yes,No,No,Fiber
0620-XEFWH,M,41,Yes,1,NA,No,No,No,No,No,No,No,None
0621-CXBKL,female,62,No,0,No,No,No,No,No,No,No,No,None
0621-HJWXJ,f,54,Yes,0,NA,No,Yes,No,No,No,No,No,Optic
0621-JFHOL,F,41,No,0,No,No,No,No,Yes,No,No,No,Cable
0621-TSSMU,Male,29,Yes,0,NA,No,No,No,No,No,No,No,None
0621-TWIEM,Male,28,No,0,No,No,No,No,No,No,No,Yes,cable
0623-EJQEG,M,50,No,0,NA,Yes,No,No,Yes,No,Yes,Yes,Fiber
0623-GDISB,f,63,No,0,No,Yes,No,No,No,No,No,No,cable
0623-IIHUG,F,77,No,0,No,Yes,No,No,No,Yes,No,No,Cable
0625-AFOHS,f,40,Yes,1,Yes,No,No,No,No,No,No,No,None
0626-QXNGV,female,55,Yes,0,Yes,No,No,No,No,No,No,No,None
0628-CNQRM,Male,49,Yes,0,Yes,Yes,No,Yes,Yes,Yes,No,No,Cable
0634-SZPQA,female,64,No,0,NA,Yes,No,No,No,Yes,No,No,Optic
0635-WKOLD,M,33,Yes,0,Yes,No,Yes,No,Yes,Yes,No,No,DSL 
0637-KVDLV,Male,30,No,0,No,No,No,No,No,No,No,No,Optic
0637-UBJRP,male,40,Yes,0,Yes,Yes,No,No,No,No,Yes,Yes,Fiber
0637-YLETY,Female,39,No,0,No,No,Yes,Yes,No,No,Yes,Yes,Fiber
0639-TSIQW,female,28,No,0,No,Yes,Yes,Yes,No,Yes,No,No,Fiber
0640-YJTPY,male,19,Yes,1,NA,No,No,No,No,No,No,No,None
0641-EVBOJ,m,61,No,0,No,Yes,No,No,Yes,No,No,No,Fiber
0643-OKLRP,female,73,Yes,0,Yes,Yes,No,No,No,No,No,No,Fiber Optic
0644-OQMDK,male,69,No,0,No,No,No,No,No,No,No,No,Optic
0650-BWOZN,f,71,No,0,NA,No,Yes,No,No,No,No,No,Fiber
0654-HMSHN,m,45,Yes,0,Yes,No,Yes,Yes,No,Yes,Yes,Yes,Fiber
0654-PQKDW,Female,58,Yes,2,Yes,Yes,No,Yes,Yes,Yes,No,No,DSL 
0655-RBDUG,Male,32,No,0,No,No,No,Yes,No,Yes,Yes,Yes,Optic
0655-YDGFJ,M,34,No,0,NA,No,No,Yes,No,No,No,No,DSL 
0657-DOGUM,F,35,Yes,0,Yes,Yes,No,No,Yes,No,No,No,DSL 
0661-KBKPA,M,43,Yes,3,NA,No,No,Yes,Yes,Yes,Yes,Yes,DSL
0661-KQHNK,Female,38,Yes,3,NA,No,No,No,No,No,No,No,None
0661-WCQNQ,Male,56,Yes,0,Yes,Yes,No,No,Yes,No,No,No,DSL
0661-XEYAN,female,76,No,0,No,No,No,No,No,No,No,No,DSL
0665-XHDJU,M,21,Yes,0,Yes,No,Yes,No,No,Yes,Yes,Yes,Fiber Optic
0666-UXTJO,male,80,Yes,0,NA,No,No,Yes,No,Yes,No,No,Optic
0667-NSRGI,female,45,Yes,0,NA,No,No,Yes,Yes,No,Yes,Yes,DSL 
0668-OGMHD,Female,20,Yes,0,Yes,Yes,No,No,No,No,No,No,DSL
0670-ANMUU,M,47,No,0,No,Yes,No,No,Yes,No,Yes,Yes,Fiber Optic
0670-KDOMA,f,42,No,0,No,No,No,No,No,No,No,No,None
0673-IGUQO,male,26,No,0,No,No,No,No,No,No,No,No,None
0674-DGMAQ,Male,78,Yes,0,NA,No,Yes,Yes,No,No,Yes,No,Fiber
0674-EYYZV,female,41,No,0,No,No,No,No,No,Yes,No,No,DSL 
0674-GCDXG,m,20,No,0,No,Yes,No,Yes,Yes,No,Yes,Yes,DSL 
0675-NCDYU,f,61,Yes,2,Yes,Yes,Yes,Yes,Yes,Yes,Yes,Yes,Fiber
0678-RLHVP,female,33,No,0,No,No,Yes,Yes,No,Yes,Yes,Yes,Fiber
0679-IDSTG,Female,73,Yes,0,Yes,No,No,No,No,No,No,No,Fiber
0679-TDGAK,M,29,Yes,1,Yes,Yes,No,No,Yes,Yes,Yes,Yes,cable
0680-DFNNY,Male,62,Yes,0,Yes,No,No,Yes,No,Yes,Yes,Yes,Fiber Optic
0682-USIXD,f,40,Yes,0,NA,No,No,No,Yes,Yes,No,No,Optic
0684-AOSIH,M,42,Yes,0,NA,Yes,No,No,No,Yes,Yes,Yes,cable
0685-MLYYM,Female,74,No,0,No,No,No,No,No,No,No,No,Fiber
0687-ZVTHB,Male,24,Yes,0,Yes,Yes,Yes,Yes,No,No,Yes,Yes,cable
0689-DSXGL,female,61,Yes,1,Yes,No,Yes,Yes,Yes,No,No,No,Optic
0689-NKYLF,m,42,No,0,No,No,No,Yes,No,Yes,No,No,Optic
0690-SRQID,M,20,No,0,No,No,No,No,No,No,No,No,None
0691-IFBQW,F,65,No,0,No,Yes,Yes,Yes,No,Yes,Yes,Yes,Optic
0691-JVSYA,Female,24,Yes,0,NA,No,No,Yes,No,Yes,Yes,Yes,Fiber Optic
0691-NIKRI,Female,41,No,0,No,No,No,Yes,Yes,Yes,Yes,Yes,Fiber
0696-UKTOX,male,64,No,1,No,No,Yes,No,Yes,No,No,No,cable
0697-ZMSWS,male,19,No,0,NA,No,No,No,No,No,Yes,Yes,Fiber
0699-NDKJM,F,45,Yes,0,NA,Yes,Yes,Yes,No,Yes,Yes,Yes,cable
0701-RFGFI,female,56,Yes,6,NA,No,No,No,No,Yes,Yes,Yes,Optic
0701-TJSEF,M,45,No,0,No,Yes,No,Yes,Yes,No,Yes,Yes,Cable
0702-PGIBZ,Male,28,No,0,No,No,Yes,No,No,Yes,Yes,Yes,Optic
0704-VCUMB,F,64,Yes,0,NA,No,No,No,No,No,No,No,None
0707-HOVVN,Female,79,No,0,No,No,Yes,Yes,Yes,Yes,No,No,Cable
0708-LGSMF,male,56,Yes,0,Yes,Yes,No,No,No,No,Yes,Yes,DSL 
0708-SJDIS,female,32,No,0,NA,No,No,No,Yes,Yes,No,No,Cable
0709-TVGUR,f,70,NA,0,No,No,No,No,No,No,No,No,Fiber
0716-BQNDX,male,77,No,0,No,Yes,No,No,Yes,No,Yes,Yes,Fiber Optic
0719-SYFRB,F,52,No,0,No,Yes,No,Yes,Yes,No,No,No,DSL 
0722-SVSFK,f,45,No,0,No,No,No,Yes,Yes,Yes,Yes,Yes,Fiber
0722-TROQR,female,68,No,0,No,No,No,No,No,No,No,No,Optic
0723-DRCLG,f,73,Yes,0,Yes,No,No,No,No,No,No,No,Fiber Optic
0723-FDLAY,male,54,No,0,No,No,Yes,Yes,Yes,Yes,Yes,Yes,Cable
0723-VSOBE,f,67,No,0,No,No,No,No,No,No,Yes,No,Cable
0725-CXOTM,female,29,No,0,No,Yes,No,Yes,Yes,Yes,Yes,Yes,DSL
0727-BMPLR,female,66,No,0,No,No,No,Yes,No,Yes,Yes,Yes,Fiber
0727-BNRLG,m,41,No,0,No,No,Yes,Yes,Yes,Yes,No,No,Fiber
0727-IWKVK,M,35,Yes,0,NA,No,Yes,Yes,No,No,No,No,Fiber Optic
0730-BGQGF,M,48,Yes,3,Yes,Yes,Yes,Yes,Yes,Yes,Yes,Yes,DSL 
0730-KOAVE,M,53,No,0,NA,Yes,Yes,No,No,No,Yes,Yes,Optic
0731-EBJQB,female,24,Yes,0,Yes,No,No,No,No,No,No,No,None
0732-OCQOC,f,30,Yes,0,Yes,No,No,No,No,No,No,No,None
0733-VUNUW,male,43,No,0,No,Yes,No,No,No,No,No,No,DSL
0734-OXWBT,male,44,No,1,NA,No,No,No,Yes,Yes,Yes,Yes,cable
0739-UUAJR,F,61,Yes,1,NA,Yes,No,Yes,No,Yes,Yes,Yes,Cable
0742-LAFQK,M,52,Yes,0,Yes,Yes,Yes,Yes,No,No,Yes,Yes,Fiber Optic
0742-MOABM,Male,50,Yes,0,Yes,No,No,No,Yes,No,No,No,cable
0742-NXBGR,female,64,No,0,No,No,Yes,Yes,No,No,No,No,Fiber Optic
0743-HNPFG,Female,50,Yes,0,Yes,Yes,Yes,No,Yes,No,Yes,Yes,DSL 
0743-HRVFF,f,42,Yes,3,Yes,No,No,Yes,Yes,Yes,Yes,Yes,DSL 
0744-BIKKF,m,39,No,0,NA,Yes,Yes,Yes,Yes,Yes,Yes,Yes,DSL
0744-GKNGE,Female,31,Yes,2,Yes,Yes,No,No,Yes,No,No,No,Fiber
0746-JTRFU,Male,22,No,0,No,No,No,No,No,No,No,Yes,cable
0748-RDGGM,m,38,Yes,0,Yes,Yes,Yes,Yes,Yes,Yes,Yes,Yes,Fiber
0749-IRGQE,female,68,Yes,0,NA,No,No,No,No,Yes,Yes,No,DSL
0750-EBAIU,Male,43,No,0,No,Yes,No,Yes,No,Yes,No,No,Optic
0750-EKNGL,Male,44,No,0,No,No,No,No,No,No,No,No,None
0754-EEBDC,m,25,Yes,1,Yes,No,No,No,No,No,No,No,None
0754-UKWQP,m,63,No,0,No,No,No,Yes,No,Yes,Yes,Yes,Fiber Optic
0756-MPZRL,Male,35,NA,0,No,No,No,Yes,Yes,No,No,No,DSL
0757-WCUUZ,Male,29,Yes,3,NA,No,No,Yes,No,No,Yes,Yes,DSL 
0761-AETCS,F,58,No,0,No,No,No,No,No,No,No,No,None
0769-MURVM,Female,44,Yes,2,Yes,Yes,Yes,Yes,Yes,Yes,Yes,Yes,Cable
0771-CHWSK,M,56,No,0,NA,Yes,Yes,Yes,No,No,Yes,Yes,DSL 
0771-WLCLA,female,49,Yes,1,Yes,Yes,No,Yes,Yes,Yes,Yes,Yes,Fiber
0772-GYEQQ,male,33,No,0,No,No,No,Yes,Yes,Yes,No,No,Fiber
0774-IFUVM,M,19,Yes,2,Yes,Yes,No,No,No,Yes,No,No,DSL
0774-RMNUW,F,44,Yes,1,Yes,Yes,Yes,No,Yes,Yes,Yes,Yes,Cable
0778-NELLA,Male,43,No,0,No,No,No,No,No,Yes,No,No,DSL 
0780-XNZFN,male,60,No,0,No,No,No,No,No,No,No,No,None
0781-LKXBR,male,65,No,0,No,No,No,Yes,No,Yes,Yes,Yes,Fiber
0784-GTUUK,m,26,Yes,0,Yes,No,No,No,No,No,No,No,None
0784-ZQJZX,m,22,No,1,No,No,No,No,No,No,No,No,None
0786-IVLAW,Female,72,No,0,NA,No,Yes,Yes,No,Yes,Yes,No,Optic
0786-VSSUD,Male,68,No,0,No,No,Yes,No,No,Yes,No,No,DSL 
0787-LHDYT,m,36,No,0,NA,No,No,No,No,No,No,No,None
0788-DXBFY,m,54,Yes,0,Yes,No,No,No,No,No,No,No,None
0793-TWELN,female,27,No,0,No,Yes,No,No,No,No,No,No,Optic
0794-YVSGE,male,29,NA,1,Yes,No,No,No,No,No,No,No,None
0795-GMVQO,M,36,Yes,0,NA,Yes,Yes,Yes,No,Yes,Yes,Yes,Optic
0795-LAFGP,Male,25,Yes,0,NA,Yes,Yes,Yes,Yes,Yes,Yes,Yes,DSL
0795-XCCTE,Male,80,No,0,NA,No,No,No,No,No,No,No,None
0799-DDIHE,female,24,Yes,3,NA,No,No,No,No,No,No,No,cable
0804-XBFBV,F,49,No,1,No,No,No,No,No,No,No,No,DSL 
0804-YGEQV,Female,59,Yes,1,Yes,No,No,No,No,No,No,No,None
0807-ZABDG,F,43,No,2,NA,Yes,No,No,Yes,No,No,No,cable
0810-BDHAW,female,54,Yes,0,Yes,Yes,Yes,No,No,Yes,Yes,Yes,DSL
0810-DHDBD,f,31,NA,0,No,Yes,No,Yes,Yes,Yes,No,No,Cable
0811-GSDTP,f,50,No,2,No,No,Yes,No,No,No,No,No,cable
0812-WUPTB,M,65,Yes,0,Yes,No,No,No,No,No,No,No,Fiber Optic
0813-TAXXS,male,48,No,0,No,No,No,Yes,No,Yes,Yes,Yes,DSL 
0815-MFZGM,Female,54,Yes,0,Yes,No,No,Yes,Yes,Yes,Yes,Yes,Optic
0816-TSPHQ,M,35,No,0,No,No,No,No,No,No,No,No,None
0817-HSUSE,Male,26,No,0,No,No,No,Yes,Yes,Yes,Yes,Yes,Cable
0818-OCPZO,m,80,No,0,No,No,Yes,No,No,No,No,No,Optic
0820-FNRNX,male,48,Yes,3,NA,No,Yes,Yes,Yes,No,No,No,DSL 
0822-GAVAP,f,19,No,0,NA,No,No,No,No,No,Yes,Yes,DSL 
0822-QGCXA,female,76,Yes,0,Yes,No,Yes,Yes,Yes,Yes,Yes,Yes,DSL 
0823-HSCDJ,Male,76,No,0,No,No,Yes,No,No,Yes,Yes,Yes,DSL 
0824-VWDPO,F,58,No,0,No,Yes,Yes,No,No,No,Yes,Yes,Optic
0825-CPPQH,Female,26,Yes,0,Yes,No,No,No,No,No,No,No,None
0827-ITJPH,male,33,No,0,NA,No,No,No,No,No,No,No,None
0829-DDVLK,f,58,No,0,No,No,No,No,No,No,No,No,None
0829-XXPLX,female,48,No,0,No,Yes,No,Yes,No,Yes,No,No,Fiber
0831-JNISG,Male,52,Yes,2,Yes,No,No,No,No,No,No,No,None
0835-DUUIQ,Female,55,No,0,No,No,No,No,No,No,No,No,None
0835-JKADZ,Female,29,No,0,No,No,Yes,Yes,Yes,Yes,Yes,Yes,Fiber Optic
0836-SEYLU,m,64,Yes,0,Yes,No,No,No,Yes,Yes,No,No,DSL 
0839-JTCUD,f,31,Yes,0,Yes,Yes,Yes,Yes,Yes,Yes,Yes,Yes,Cable
0839-QNXME,female,35,No,0,No,No,No,No,No,No,No,No,None
0840-DCNZE,M,33,No,0,No,Yes,Yes,Yes,Yes,Yes,Yes,Yes,DSL
0840-DFEZH,f,63,No,0,NA,No,No,No,No,No,No,No,Optic
0841-NULXI,Male,38,No,0,No,No,No,No,No,No,Yes,Yes,DSL 
0842-IWYCP,F,19,No,0,NA,No,No,No,No,No,No,No,cable
0843-WTBXE,Male,38,No,0,No,No,No,No,No,Yes,No,No,Fiber
0847-HGRML,m,44,No,2,No,No,No,No,No,No,No,No,None
0848-SOMKO,male,23,No,0,No,Yes,No,Yes,Yes,No,Yes,Yes,DSL 
0848-ZGQIJ,f,56,Yes,0,Yes,No,Yes,No,No,Yes,Yes,Yes,Fiber
0851-DFJKB,Female,57,No,0,NA,Yes,No,Yes,Yes,No,No,No,DSL 
0853-NWIFK,Female,27,No,0,No,Yes,Yes,No,No,Yes,Yes,Yes,Fiber
0853-TWRVK,male,59,Yes,0,Yes,Yes,Yes,Yes,Yes,No,Yes,Yes,Fiber Optic
0854-UYHZD,f,21,Yes,3,Yes,No,No,No,No,No,No,No,None
0856-NAOES,Male,29,No,0,No,No,No,Yes,No,Yes,No,No,DSL
0859-YGKFW,M,56,Yes,3,Yes,No,No,No,No,No,No,No,None
0862-PRCBS,f,32,Yes,3,Yes,No,Yes,No,Yes,Yes,Yes,Yes,Fiber
0864-FVJNJ,female,63,Yes,1,NA,Yes,Yes,Yes,Yes,Yes,Yes,Yes,Fiber
0866-QLSIR,female,53,No,0,No,Yes,Yes,No,Yes,No,No,No,DSL
0867-LDTTC,m,51,No,0,No,No,No,Yes,Yes,Yes,Yes,Yes,cable
0867-MKZVY,F,26,Yes,1,Yes,Yes,No,No,No,No,No,Yes,Fiber Optic
0868-VJRDR,male,61,Yes,0,Yes,Yes,Yes,No,Yes,Yes,Yes,Yes,Fiber Optic
0869-PAPRP,F,68,Yes,0,NA,No,No,Yes,No,Yes,No,No,Optic
0870-VEMYL,F,34,No,0,No,Yes,No,No,Yes,No,No,No,Cable
0871-OPBXW,Female,57,No,0,No,No,No,No,No,No,No,No,None
0871-URUWO,Male,36,Yes,0,NA,No,No,Yes,No,Yes,Yes,Yes,Fiber
0872-CASZJ,m,30,Yes,0,Yes,Yes,No,No,Yes,No,Yes,Yes,cable
0872-JCPIB,male,47,No,0,No,Yes,No,No,No,No,Yes,Yes,DSL
0872-NXJYS,female,40,No,0,No,No,No,No,No,No,Yes,Yes,Fiber
0875-CABNR,Female,70,No,0,No,No,No,Yes,No,No,Yes,Yes,Optic
0876-WDUUZ,F,62,No,0,NA,No,No,No,Yes,No,Yes,Yes,Fiber Optic
0877-SDMBN,female,20,No,0,No,Yes,No,Yes,No,Yes,Yes,Yes,Fiber
0880-FVFWF,m,32,No,0,No,Yes,Yes,No,No,No,No,No,Optic
0880-TKATG,male,21,Yes,0,Yes,No,No,Yes,No,Yes,Yes,Yes,Optic
0883-EIBTI,f,23,No,0,No,No,No,No,No,No,No,No,None
0885-HMGPY,male,55,No,0,NA,Yes,Yes,Yes,Yes,No,No,No,Cable
0886-QGENL,Female,72,Yes,0,Yes,Yes,No,Yes,No,Yes,Yes,No,Optic
0887-HJGAR,Male,57,No,0,No,No,No,No,No,No,No,No,DSL 
0887-WBJVH,Female,29,Yes,0,Yes,No,No,No,Yes,Yes,Yes,Yes,Fiber
0895-DQHEW,Male,47,Yes,0,Yes,No,Yes,Yes,No,Yes,Yes,Yes,Fiber
0895-LMRSF,Male,34,No,0,No,No,No,No,No,Yes,Yes,Yes,Cable
0895-LNKRC,M,53,Yes,3,NA,No,No,No,No,No,No,No,None
0895-UADGO,m,46,No,0,NA,Yes,No,No,Yes,No,Yes,Yes,cable
0897-FEGMU,female,43,Yes,0,Yes,No,No,Yes,No,Yes,Yes,Yes,Fiber
0898-XCGTF,m,46,Yes,0,Yes,No,No,No,No,Yes,Yes,Yes,Optic
0899-LIIBW,male,21,Yes,0,Yes,No,No,Yes,No,Yes,Yes,Yes,Optic
0899-WZRSD,M,31,No,0,No,Yes,No,No,Yes,Yes,Yes,Yes,Fiber
0902-RFHOF,M,38,No,0,No,No,No,No,No,No,No,No,None
0902-XKXPN,male,29,Yes,1,Yes,No,No,No,No,No,No,No,None
0906-QVPMS,male,29,Yes,0,Yes,Yes,Yes,Yes,Yes,Yes,Yes,Yes,Fiber Optic
0907-HQNTS,f,74,Yes,0,Yes,Yes,Yes,Yes,Yes,Yes,Yes,No,Fiber
0909-SDHNU,F,33,No,2,No,Yes,No,No,No,No,No,No,cable
0909-SELIE,M,53,Yes,0,Yes,Yes,Yes,Yes,Yes,No,Yes,Yes,DSL 
0913-XWSCN,m,29,Yes,2,Yes,No,No,No,No,No,Yes,Yes,Fiber
0916-KNFAJ,Male,37,Yes,0,Yes,Yes,No,Yes,No,No,Yes,Yes,cable
0916-QOFDP,female,79,Yes,1,Yes,No,No,No,No,Yes,Yes,No,Fiber Optic
0917-EZOLA,Male,66,Yes,0,Yes,No,Yes,Yes,No,Yes,Yes,No,Optic
0921-OHLVP,male,35,No,0,NA,No,No,No,No,No,Yes,Yes,Optic
0923-PNFUB,f,55,No,0,No,No,Yes,No,No,Yes,No,No,Fiber Optic
0924-BJCRC,f,70,Yes,0,Yes,No,Yes,No,No,No,Yes,No,Fiber
0925-VYDLG,Female,40,No,0,No,No,No,No,No,No,No,No,Fiber Optic
0927-CNGRH,M,42,No,3,No,No,No,No,No,No,No,No,None
0927-LCSMG,M,23,No,0,NA,No,No,Yes,No,No,No,Yes,Fiber Optic
0928-JMXNP,m,78,Yes,0,Yes,No,No,Yes,No,No,No,No,DSL 
0928-XUTSN,female,22,No,0,NA,No,No,No,No,No,Yes,Yes,Fiber
0929-HYQEW,male,20,No,0,NA,Yes,No,No,No,No,No,No,DSL 
0929-PECLO,F,74,No,0,No,No,No,Yes,No,No,Yes,Yes,Optic
0930-EHUZA,Female,33,No,0,No,Yes,Yes,Yes,Yes,Yes,No,No,cable
0931-MHTEM,female,36,No,0,No,Yes,Yes,No,No,Yes,Yes,Yes,Fiber Optic
0932-YIXYU,f,50,No,0,No,No,No,No,No,No,No,No,None
0936-NQLJU,F,40,Yes,0,Yes,No,No,No,No,No,No,No,None
0939-EREMR,Female,40,No,1,No,No,No,Yes,Yes,No,No,No,cable
0939-YAPAF,f,44,No,0,No,No,No,Yes,No,Yes,Yes,Yes,Optic
0940-OUQEC,M,54,No,0,No,No,Yes,No,No,No,No,No,Fiber
0942-KOWSM,F,24,Yes,0,Yes,No,Yes,Yes,Yes,Yes,Yes,Yes,DSL 
0943-ZQPXH,male,46,Yes,1,Yes,No,No,Yes,No,Yes,Yes,Yes,Fiber Optic
0945-TSONX,female,22,Yes,0,Yes,Yes,Yes,No,Yes,Yes,Yes,Yes,DSL 
0946-CLJTI,M,67,Yes,0,Yes,No,No,Yes,No,Yes,Yes,Yes,Fiber Optic
0946-FKYTX,M,42,NA,0,No,No,Yes,No,No,No,No,No,cable
0947-IDHRQ,Female,21,NA,0,No,No,No,No,No,Yes,No,Yes,Optic
0947-MUGVO,M,71,Yes,0,Yes,No,Yes,No,No,No,No,No,Optic
0952-KMEEH,M,46,No,0,No,Yes,No,No,No,Yes,Yes,Yes,Optic
0953-LGOVU,M,19,Yes,3,NA,No,Yes,No,Yes,No,No,No,DSL
0956-ACVZC,female,23,No,0,NA,No,No,Yes,No,Yes,Yes,Yes,Optic
0956-SYCWG,female,61,No,0,No,No,No,No,No,No,No,No,None
0958-YHXGP,f,25,No,0,No,No,No,No,No,No,No,No,Fiber Optic
0959-WHOKV,male,28,No,0,NA,Yes,Yes,Yes,No,No,Yes,Yes,Fiber
0960-HUWBM,Male,40,Yes,3,Yes,No,No,Yes,Yes,Yes,Yes,Yes,Optic
0961-ZWLVI,m,35,No,3,No,Yes,Yes,Yes,No,Yes,Yes,Yes,Fiber Optic
0962-CQPWQ,F,57,Yes,2,Yes,No,No,No,No,No,No,No,None
0963-ZBDRN,Male,45,No,0,NA,No,No,No,Yes,Yes,Yes,Yes,Fiber Optic
0967-BMLBD,F,37,Yes,1,Yes,No,No,No,No,No,No,No,None
0968-GSIKN,F,23,No,0,No,No,No,No,No,No,No,Yes,Optic
0969-RGKCU,m,31,Yes,1,NA,No,No,No,No,No,No,No,None
0970-ETWGE,Male,38,No,0,No,No,No,No,No,Yes,Yes,Yes,cable
0970-QXPXW,Female,28,No,0,No,No,No,No,No,No,No,No,None
0971-QIFJK,Female,57,Yes,0,Yes,No,No,No,No,No,No,No,None
0973-KYVNF,F,59,Yes,0,Yes,Yes,Yes,Yes,No,Yes,No,No,cable
0975-UYDTX,Female,46,Yes,0,Yes,Yes,Yes,Yes,Yes,Yes,Yes,Yes,DSL
0975-VOOVL,Female,34,No,0,No,No,Yes,No,No,No,No,No,DSL
0979-MOZQI,m,61,Yes,0,Yes,No,No,No,Yes,Yes,No,No,Cable
0979-PHULV,male,30,Yes,0,Yes,No,No,Yes,No,Yes,Yes,Yes,Fiber Optic
0980-FEXWF,M,32,Yes,1,NA,No,No,Yes,No,No,No,No,DSL 
0980-PVMRC,female,27,Yes,3,Yes,No,Yes,No,No,Yes,Yes,Yes,DSL
0983-TATYJ,F,42,Yes,0,Yes,No,No,No,Yes,No,No,No,DSL 
0988-AADSA,f,40,Yes,2,Yes,Yes,Yes,Yes,Yes,No,Yes,Yes,cable
0988-JRWWP,f,50,No,0,NA,No,No,No,No,Yes,No,No,DSL
0991-BRRFB,Male,31,No,0,No,Yes,No,No,No,No,No,No,DSL
0993-OSGPT,female,78,Yes,0,Yes,No,Yes,Yes,Yes,No,No,No,DSL
0997-YTLNY,f,59,No,2,NA,No,No,No,Yes,No,No,No,Cable
0999-QXNSA,Male,72,No,1,No,No,No,No,No,No,No,No,DSL 
1000-AJSLD,Male,25,No,0,No,No,No,No,No,No,No,No,None
1004-NOZNR,m,71,No,2,NA,Yes,No,No,No,Yes,Yes,No,Optic
1009-IRMNA,female,27,No,0,NA,No,No,No,No,No,No,No,None
1010-DIAUQ,Male,54,No,0,No,No,No,Yes,No,Yes,Yes,Yes,Fiber
1013-QCWAM,Female,73,Yes,0,Yes,No,Yes,No,No,Yes,Yes,No,Fiber Optic
1015-JPFYW,M,47,NA,2,No,No,No,No,No,No,No,No,None
1015-OWJKI,male,46,No,0,No,No,No,No,No,No,No,No,None
1016-DJTSV,M,66,No,0,No,No,No,No,No,No,No,No,Fiber
1017-FBQMM,female,47,Yes,2,NA,No,Yes,No,Yes,Yes,Yes,Yes,Optic
1020-JPQOW,female,63,Yes,0,Yes,No,Yes,Yes,Yes,No,No,No,Fiber
1022-RKXDR,f,38,No,0,No,No,No,No,No,No,No,No,None
1023-BQXZE,M,30,No,0,No,Yes,No,Yes,No,Yes,Yes,Yes,DSL
1024-GUALD,Female,29,Yes,0,NA,No,No,No,No,No,No,Yes,DSL 
1024-KPRBB,Female,63,No,0,No,No,No,No,No,Yes,Yes,Yes,Optic
1024-VRZHF,Male,39,Yes,0,Yes,No,No,No,No,No,No,No,Fiber
1025-FALIX,Female,49,No,0,No,No,No,No,No,No,No,No,Optic
1027-LKKQQ,F,35,Yes,3,Yes,Yes,No,Yes,Yes,Yes,Yes,Yes,DSL
1028-FFNJK,m,79,Yes,0,Yes,No,No,No,Yes,Yes,Yes,No,Optic
1029-QFBEN,male,27,No,0,NA,No,No,No,No,No,No,No,None
1031-IIDEO,Female,51,No,0,No,No,No,No,No,No,No,No,Fiber
1032-MAELW,Female,57,Yes,3,NA,Yes,Yes,Yes,Yes,No,Yes,Yes,DSL 
1035-IPQPU,female,77,Yes,0,Yes,No,Yes,Yes,No,Yes,Yes,Yes,Fiber Optic
1036-GUDCL,male,59,Yes,3,Yes,Yes,Yes,No,Yes,Yes,Yes,Yes,DSL 
1038-RQOST,Male,43,Yes,2,Yes,No,No,No,No,No,No,No,None
1038-ZAGBI,f,59,Yes,0,Yes,No,No,No,No,No,No,No,None
1041-RXHRA,Female,25,No,0,No,No,No,No,No,No,No,Yes,Fiber
1042-HFUCW,F,37,No,1,No,No,Yes,No,Yes,No,No,No,DSL
1043-UXOVO,f,25,No,0,NA,Yes,Yes,Yes,Yes,Yes,Yes,Yes,Optic
1043-YCUTE,m,19,Yes,0,NA,No,No,No,No,No,No,No,None
1045-LTCYT,Female,54,Yes,3,Yes,No,No,No,No,No,No,No,None
1047-NNCBF,male,56,No,0,NA,No,No,No,No,No,No,No,Optic
1047-RNXZV,m,57,No,0,NA,No,No,No,No,No,No,No,None
1049-FYSYG,F,48,Yes,0,Yes,No,Yes,Yes,No,No,No,No,DSL 
1051-EQPZR,female,21,Yes,2,NA,No,No,No,No,No,No,No,None
1051-GEJLJ,F,19,No,0,NA,No,No,No,No,No,No,No,None
1052-QJIBV,f,28,Yes,2,Yes,No,No,No,No,No,No,No,None
1053-MXTTK,f,63,Yes,1,NA,Yes,Yes,Yes,Yes,Yes,Yes,Yes,Optic
1057-FOGLZ,female,44,No,0,No,No,No,No,No,No,No,No,None
1060-ENTOF,female,70,Yes,0,Yes,Yes,Yes,Yes,Yes,No,Yes,No,Optic
1061-PNTHC,F,36,Yes,2,Yes,Yes,No,Yes,Yes,Yes,Yes,Yes,Fiber
1062-LHZOD,m,49,Yes,0,Yes,No,No,No,No,No,No,No,Fiber
1063-DHQJF,male,56,Yes,3,Yes,No,Yes,No,Yes,Yes,No,No,Optic
1064-FBXNK,male,55,Yes,1,Yes,No,No,No,No,No,No,No,None
1066-JKSGK,M,29,No,0,No,No,No,No,No,No,No,No,None
1069-QJOEE,male,47,Yes,1,Yes,No,No,No,No,No,No,No,None
1069-XAIEM,female,68,No,0,No,No,No,No,No,No,Yes,Yes,Fiber
1073-XXCZD,Male,54,Yes,0,NA,No,No,No,No,No,No,No,None
1074-AMIOH,female,38,Yes,2,Yes,No,Yes,Yes,Yes,Yes,Yes,Yes,Optic
1074-WVEVG,Female,29,Yes,0,Yes,No,No,No,No,No,No,No,None
1075-BGWOH,m,69,Yes,0,Yes,No,No,Yes,No,Yes,Yes,No,Optic
1077-HUUJM,f,48,No,1,NA,No,No,No,No,No,No,No,Fiber Optic
1078-TDCRN,Female,75,Yes,0,Yes,No,Yes,No,No,No,No,No,DSL
1080-BWSYE,male,76,Yes,0,Yes,No,No,No,No,No,No,No,None
1084-MNSMJ,Female,63,Yes,0,NA,Yes,Yes,Yes,Yes,Yes,Yes,Yes,DSL
1084-UQCHV,male,35,No,0,No,No,No,No,No,No,No,No,Fiber Optic
1085-LDWAM,female,24,Yes,2,NA,No,No,No,No,No,No,No,None
1086-LXKFY,f,46,Yes,0,Yes,No,No,No,No,No,No,No,Fiber
1087-GRUYI,Male,62,Yes,0,NA,No,No,No,No,No,No,No,None
1087-UDSIH,female,38,NA,0,No,No,No,No,No,No,No,No,None
1088-AUUZZ,M,33,Yes,1,Yes,Yes,Yes,No,Yes,No,Yes,Yes,DSL 
1088-CNNKB,m,34,Yes,0,NA,Yes,Yes,Yes,Yes,No,Yes,Yes,DSL
1089-HDMKP,Male,72,No,1,No,No,Yes,No,Yes,No,No,No,cable
1089-XZWHH,F,43,Yes,3,Yes,No,No,No,No,No,No,No,None
1090-ESELR,male,47,Yes,0,NA,Yes,Yes,No,Yes,Yes,Yes,Yes,Fiber
1090-PYKCI,Female,19,Yes,3,Yes,Yes,Yes,Yes,Yes,Yes,No,No,Optic
1091-SOZGA,Female,27,Yes,0,Yes,No,No,Yes,No,Yes,Yes,Yes,Fiber
1092-GANHU,m,62,No,0,No,No,No,Yes,No,No,No,No,Optic
1092-WPIVQ,F,33,NA,1,Yes,No,No,No,No,No,No,No,None
1093-YSWCA,m,45,No,0,No,No,No,No,No,No,No,No,None
1094-BKOSX,f,52,Yes,2,Yes,No,Yes,Yes,Yes,No,Yes,Yes,cable
1095-JUDTC,f,78,No,0,No,No,Yes,No,Yes,Yes,No,No,Fiber
1095-WGNGG,Female,35,Yes,0,Yes,No,Yes,No,No,Yes,Yes,Yes,Fiber
1096-ADRUX,F,34,Yes,1,Yes,No,No,No,No,No,No,No,Fiber Optic
1097-FSPVW,Female,42,No,0,No,Yes,No,Yes,No,No,No,No,DSL 
1098-KFQEC,female,24,Yes,2,Yes,No,No,No,No,No,No,No,None
1098-TDVUQ,Female,34,No,0,NA,No,No,No,No,No,No,No,None
1099-BTKWT,Female,58,Yes,0,Yes,Yes,No,Yes,No,Yes,Yes,Yes,DSL 
1099-GODLO,f,62,Yes,3,Yes,No,No,No,No,No,No,No,None
1100-DDVRV,Male,27,Yes,0,Yes,No,Yes,No,No,Yes,Yes,Yes,DSL 
1101-SSWAG,f,60,Yes,0,NA,No,No,No,No,No,No,No,DSL 
1104-FEJAM,male,52,Yes,2,Yes,No,Yes,No,No,No,Yes,Yes,DSL
1104-TNLZA,male,67,Yes,0,Yes,No,Yes,No,Yes,Yes,Yes,Yes,Optic
1106-HRLKZ,male,21,Yes,1,Yes,No,No,No,No,No,No,No,None
1110-KYLGQ,f,46,No,0,No,Yes,Yes,Yes,No,Yes,Yes,Yes,Optic
1112-CUNAO,Female,67,No,0,No,No,Yes,No,No,No,Yes,No,Fiber
1113-IUJYX,F,59,Yes,0,Yes,Yes,Yes,No,Yes,Yes,Yes,Yes,Optic
1114-CENIM,Male,43,No,2,No,No,Yes,No,No,No,No,No,Cable
1116-DXXDF,male,38,No,0,No,Yes,No,Yes,No,Yes,Yes,Yes,Fiber Optic
1116-FRYVH,F,29,Yes,3,Yes,Yes,Yes,No,Yes,No,No,No,DSL
1120-BMWUB,Female,36,No,0,No,No,Yes,No,Yes,No,No,No,DSL
1121-QSIVB,f,39,No,3,No,No,Yes,No,No,Yes,Yes,Yes,DSL
1122-JWTJW,m,64,Yes,2,Yes,No,No,No,No,No,No,No,Fiber Optic
1122-YJBCS,male,36,Yes,0,NA,Yes,Yes,No,No,No,No,No,DSL 
1125-SNVCK,Female,78,No,0,No,No,No,No,No,No,No,No,DSL 
1131-ALZWV,female,58,No,0,No,No,No,No,No,No,No,No,None
1131-QQZEB,M,66,Yes,0,NA,No,No,No,No,No,No,No,None
1131-SUEKT,M,41,Yes,1,Yes,No,Yes,No,Yes,Yes,Yes,Yes,Fiber
1133-KXCGE,F,38,No,0,No,No,No,No,No,No,No,No,None
1134-YWTYF,M,32,Yes,0,Yes,No,Yes,No,Yes,No,No,No,DSL 
1135-HIORI,f,48,Yes,3,Yes,No,Yes,Yes,Yes,Yes,Yes,Yes,Fiber
1135-LMECX,F,47,No,0,No,No,No,No,No,No,No,No,None
1136-XGEQU,female,53,Yes,0,NA,No,Yes,Yes,Yes,Yes,Yes,Yes,DSL
1137-DGOWI,female,53,Yes,0,Yes,No,Yes,Yes,Yes,No,Yes,Yes,DSL 
1139-WUOAH,male,33,No,0,No,No,No,Yes,Yes,Yes,Yes,Yes,DSL 
1140-UKVZG,f,64,No,0,NA,No,No,No,No,No,No,No,None
1142-IHLOO,F,36,No,0,No,No,No,No,No,Yes,Yes,Yes,Fiber Optic
1142-WACZW,M,64,No,0,No,No,No,No,Yes,No,No,No,cable
1143-NMNQJ,Female,39,No,0,No,No,No,No,No,No,Yes,Yes,Fiber
1150-FTQGN,female,35,Yes,3,Yes,Yes,Yes,No,No,Yes,No,No,Fiber
1150-WFARN,Female,59,Yes,0,Yes,Yes,No,Yes,Yes,Yes,Yes,Yes,Fiber
1153-GNOLC,male,62,No,0,NA,No,Yes,No,No,Yes,No,No,DSL 
1154-HYWWO,m,55,No,0,NA,Yes,Yes,No,Yes,Yes,No,No,DSL
1156-ZFYDO,F,57,No,0,No,No,No,No,No,No,No,No,None
1157-BQCUW,m,59,No,0,No,No,No,No,No,No,No,No,Optic
1159-WFSGR,f,59,Yes,2,NA,No,No,No,No,No,No,No,None
1162-ECVII,M,66,Yes,0,Yes,No,Yes,Yes,Yes,Yes,Yes,Yes,Optic
1163-ONYEY,male,61,Yes,2,Yes,Yes,Yes,Yes,No,Yes,No,No,Cable
1163-VIPRI,female,22,Yes,2,Yes,Yes,No,Yes,Yes,Yes,Yes,Yes,Fiber Optic
1166-PQLGG,F,58,Yes,1,Yes,No,No,No,No,No,No,No,None
1167-OYZJF,Female,65,Yes,0,Yes,No,No,No,No,No,No,No,None
1169-SAOCL,M,45,No,0,No,No,Yes,No,Yes,Yes,Yes,Yes,Optic
1169-WCVAK,M,42,Yes,0,NA,Yes,Yes,No,Yes,No,No,No,Fiber Optic
1170-SASML,f,33,Yes,0,Yes,No,Yes,Yes,No,No,No,No,Fiber Optic
1171-TYKUR,Male,20,Yes,0,Yes,No,No,No,No,No,No,No,None
1172-VIYBP,Male,54,Yes,3,Yes,Yes,Yes,No,No,No,Yes,Yes,DSL
1173-NOEYG,F,25,Yes,0,NA,No,No,Yes,No,No,Yes,Yes,Fiber
1173-XZPYF,f,60,No,0,NA,No,No,Yes,No,Yes,No,No,Fiber Optic
1174-FGIFN,Female,44,Yes,1,Yes,No,No,No,Yes,No,Yes,Yes,Fiber
1177-XZBJL,male,35,Yes,2,Yes,Yes,Yes,No,Yes,No,No,No,DSL
1178-PZGAB,female,45,No,0,No,No,No,No,No,No,No,No,None
1179-INLAT,male,33,No,0,NA,No,No,No,No,No,No,No,None
1183-CANVH,Female,55,Yes,0,Yes,No,No,No,Yes,Yes,No,No,DSL 
1184-PJVDB,Male,38,Yes,0,Yes,No,No,No,No,Yes,No,No,Optic
1187-WILMM,Male,39,Yes,0,Yes,Yes,Yes,Yes,Yes,Yes,Yes,Yes,DSL
1193-RTSLK,f,26,No,0,No,Yes,Yes,Yes,No,No,No,Yes,Fiber Optic
1194-BHJYC,m,22,Yes,0,Yes,Yes,No,Yes,Yes,Yes,Yes,Yes,DSL 
1194-HVAIF,f,21,Yes,0,Yes,No,No,No,No,Yes,Yes,Yes,Fiber Optic
1194-SPVSP,Male,20,No,0,NA,No,No,No,No,No,No,No,None
1195-OIYEJ,male,54,No,0,No,No,No,No,No,Yes,Yes,Yes,Fiber Optic
1196-AMORA,m,63,No,0,No,No,No,No,No,No,No,No,Fiber Optic
1197-BVMVG,Female,65,No,0,No,No,No,No,No,No,No,No,Optic
1200-TUZHR,F,70,No,0,No,No,No,No,No,No,Yes,No,Fiber Optic
1202-KKGFU,F,24,Yes,0,Yes,Yes,No,No,Yes,No,No,No,DSL
1205-WNWPJ,F,54,No,0,No,No,No,No,Yes,Yes,No,No,DSL
1206-EHBDD,F,56,Yes,0,Yes,Yes,No,Yes,No,No,No,No,Fiber Optic
1207-BLKSA,Female,42,Yes,2,Yes,No,No,No,No,No,No,No,None
1208-DNHLN,Male,60,Yes,0,NA,No,No,No,No,No,No,No,DSL 
1208-NBVFH,male,63,Yes,1,Yes,No,No,Yes,No,No,No,No,cable
1209-VFFOC,M,47,Yes,2,Yes,Yes,Yes,Yes,Yes,No,Yes,Yes,DSL 
1212-GLHMD,male,54,No,0,No,Yes,No,No,No,No,Yes,Yes,Fiber Optic
1213-NGCUN,f,49,No,0,No,No,No,No,Yes,No,No,No,DSL
1215-EXRMO,M,32,Yes,0,Yes,No,No,No,No,No,No,No,None
1215-FIGMP,male,27,No,0,NA,No,Yes,No,No,Yes,No,No,Fiber
1215-VFYVK,f,19,No,0,No,Yes,No,Yes,Yes,No,Yes,Yes,cable
1216-BGTSP,male,30,No,0,No,Yes,No,Yes,Yes,Yes,Yes,Yes,Optic
1216-JWVUX,M,51,Yes,3,NA,No,Yes,No,No,No,No,No,Fiber
1217-VASWC,m,77,Yes,0,Yes,No,Yes,Yes,No,Yes,Yes,Yes,Optic
1218-VKFPE,female,48,Yes,0,Yes,No,No,No,No,No,No,No,None
1219-NNDDO,female,51,No,0,NA,No,No,No,No,No,No,No,Fiber
1221-GHZEP,f,45,No,0,No,Yes,No,No,Yes,No,Yes,Yes,DSL 
1222-KJNZD,M,61,Yes,1,NA,No,No,No,No,No,No,No,None
1222-LRYKO,Male,21,No,3,No,No,No,No,No,No,No,No,None
1223-UNPKS,Male,55,Yes,1,Yes,No,No,No,No,No,No,No,None
1226-IENZN,Male,68,No,0,No,No,No,No,No,No,Yes,Yes,Optic
1226-JZNKR,F,20,Yes,0,Yes,No,No,No,No,No,No,No,None
1226-UDFZR,F,26,No,0,No,No,Yes,No,No,No,No,No,cable
1227-UDMZR,F,53,Yes,0,Yes,Yes,Yes,Yes,Yes,Yes,Yes,Yes,Cable
1228-FZFRV,Male,37,Yes,0,Yes,Yes,No,Yes,No,Yes,Yes,Yes,Fiber
1228-ZLNBX,male,25,No,0,NA,No,No,No,No,No,No,No,Fiber
1229-RCALF,F,37,Yes,0,Yes,Yes,Yes,Yes,Yes,Yes,Yes,Yes,Fiber
1230-QAJDW,Male,32,No,0,No,No,No,No,Yes,Yes,No,No,cable
1231-YNDEK,male,49,No,0,No,No,No,No,No,No,No,No,None
1236-WFCDV,M,74,No,0,NA,No,No,No,No,Yes,Yes,No,Optic
1237-WIYYZ,f,49,No,0,No,No,No,No,No,No,No,No,None
1240-HCBOH,f,45,No,0,NA,No,No,No,No,No,No,No,None
1240-KNSEZ,Male,63,No,0,NA,No,No,No,No,No,No,No,None
1241-EZFMJ,Male,48,Yes,0,NA,No,No,No,No,No,No,No,None
1241-FPMOF,Male,31,No,0,No,No,No,No,No,No,No,No,None
1245-HARPS,female,46,Yes,0,Yes,No,No,No,No,No,No,No,None
1247-QBVSH,Female,41,Yes,2,Yes,No,Yes,No,No,No,No,No,DSL
1248-DYXUB,m,42,Yes,3,NA,No,No,No,No,No,No,No,None
1251-KRREG,male,22,No,0,No,No,Yes,No,No,No,No,Yes,DSL
1251-STYSZ,female,66,No,0,NA,Yes,No,No,No,No,No,No,Fiber Optic
1254-IZEYF,f,74,No,0,No,No,Yes,No,No,Yes,Yes,No,Fiber
1257-SXUXQ,M,20,Yes,1,Yes,No,No,No,No,No,No,No,None
1258-YMZNM,F,70,No,0,No,Yes,Yes,Yes,No,Yes,Yes,No,Fiber
1260-TTRXI,Male,64,No,0,NA,No,No,No,No,No,Yes,Yes,DSL
1261-FWTTE,M,78,No,0,No,No,No,No,No,No,Yes,Yes,cable
1262-OPMFY,Female,46,Yes,0,Yes,No,No,Yes,No,No,No,No,Fiber
1264-BYWMS,M,40,No,0,No,No,No,No,No,Yes,Yes,Yes,Fiber
1264-FUHCX,female,51,Yes,0,Yes,No,Yes,No,Yes,Yes,Yes,Yes,DSL 
1265-BCFEO,Female,30,Yes,0,Yes,No,No,Yes,Yes,Yes,Yes,Yes,cable
1265-HVPZB,m,49,Yes,0,NA,Yes,Yes,Yes,No,Yes,No,No,DSL 
1265-XTECC,f,68,Yes,0,NA,Yes,Yes,No,No,No,Yes,No,Fiber
1265-ZFOSD,F,33,Yes,0,Yes,Yes,Yes,Yes,Yes,No,Yes,Yes,Cable
1266-NZYUI,Female,56,Yes,0,Yes,Yes,No,Yes,Yes,No,No,No,DSL
1268-ASBGA,F,66,Yes,0,Yes,No,No,No,No,No,Yes,No,Optic
1269-FOYWN,m,23,Yes,3,Yes,No,No,No,No,No,No,No,None
1270-XKUCC,female,24,Yes,1,Yes,No,No,No,No,No,No,No,None
1271-SJBGZ,male,77,No,0,No,No,No,Yes,Yes,No,Yes,No,DSL
1271-UODNO,male,60,No,0,NA,No,No,No,Yes,No,No,No,DSL 
1272-ILHFG,male,48,Yes,3,NA,No,No,No,No,No,No,No,None
1273-MTETI,f,69,No,0,No,No,No,Yes,No,No,Yes,No,Optic
1282-IHQAC,m,68,No,0,No,No,Yes,Yes,No,Yes,No,No,Cable
1285-OKIPP,m,62,No,3,No,No,No,No,No,No,Yes,Yes,Fiber
1291-CUOCY,M,55,Yes,0,NA,No,Yes,Yes,Yes,Yes,Yes,Yes,Fiber
1293-BSEUN,female,64,Yes,3,Yes,No,No,No,No,No,No,No,None
1293-HHSHJ,female,61,No,0,No,No,No,No,No,No,No,No,None
1297-VQDRP,M,80,Yes,1,Yes,No,No,Yes,Yes,Yes,Yes,No,Fiber
1298-PHBTI,male,40,Yes,3,Yes,No,Yes,No,Yes,No,No,No,Optic
1299-AURJA,Female,43,NA,2,Yes,No,No,No,No,No,No,No,None
1301-LOPVR,Male,62,Yes,3,Yes,Yes,Yes,Yes,Yes,No,Yes,Yes,DSL
1302-TPUBN,M,58,No,0,No,No,No,No,No,No,No,No,None
1302-UHBDD,m,70,No,0,No,No,No,No,No,Yes,Yes,No,Fiber Optic
1303-SRDOK,F,52,NA,2,Yes,No,No,No,No,No,No,No,Optic
1304-BCCFO,male,24,Yes,0,NA,No,No,Yes,No,Yes,Yes,Yes,Cable
1304-NECVQ,f,69,No,0,NA,No,No,Yes,No,No,No,No,Fiber Optic
1304-SEGFY,F,57,Yes,0,Yes,No,No,Yes,No,Yes,Yes,Yes,Fiber
1306-RPWXZ,female,60,No,3,No,No,No,No,No,No,No,No,None
1307-ATKGB,male,21,No,0,No,No,Yes,Yes,No,No,Yes,Yes,Optic
1307-TVUFB,Male,66,No,0,NA,No,Yes,No,No,No,No,No,Fiber
1309-BXVOQ,male,27,Yes,0,Yes,No,No,Yes,Yes,Yes,Yes,Yes,Fiber
1309-XGFSN,M,72,Yes,1,Yes,No,Yes,Yes,No,Yes,Yes,Yes,DSL 
1310-QRITU,Female,40,No,0,No,No,No,No,No,No,No,No,DSL
1319-YLZJG,M,62,Yes,0,Yes,Yes,Yes,Yes,No,No,No,No,Optic
1320-GVNHT,M,56,Yes,2,NA,Yes,Yes,Yes,No,Yes,Yes,Yes,Optic
1320-HTRDR,Female,30,No,0,NA,No,No,No,No,No,No,No,Fiber Optic
1320-REHCS,male,75,No,0,No,No,Yes,Yes,Yes,Yes,Yes,Yes,Fiber
1322-AGOQM,M,57,No,0,No,No,Yes,No,No,No,No,No,DSL 
1323-OOEPC,F,45,Yes,0,NA,No,Yes,No,No,Yes,Yes,Yes,Fiber
1324-NLTJE,Female,73,No,0,No,No,No,No,Yes,No,No,No,DSL 
1325-USMEC,m,58,Yes,0,Yes,Yes,Yes,Yes,No,Yes,No,No,Fiber
1328-EUZHC,f,59,Yes,0,Yes,No,No,No,No,No,No,No,None
1329-VHWNP,f,42,No,0,No,No,No,No,No,No,No,No,DSL 
1333-PBMXB,Female,40,Yes,2,Yes,No,No,No,No,No,No,No,None
1334-FJSVR,Male,64,No,0,No,No,No,No,No,No,No,No,DSL 
1334-PDUKM,female,48,Yes,0,Yes,No,Yes,Yes,No,No,No,No,Optic
1335-HQMKX,F,49,NA,0,Yes,No,Yes,Yes,No,Yes,Yes,Yes,Fiber Optic
1335-MXCSE,Male,24,Yes,1,Yes,No,No,Yes,Yes,No,No,No,DSL
1335-NTIUC,M,61,No,0,No,No,No,No,No,No,No,No,DSL
1336-EZFZY,f,33,No,0,No,No,No,No,No,No,No,No,None
1337-BOZWO,Male,25,Yes,2,Yes,No,Yes,Yes,No,Yes,No,No,DSL
1338-CECEE,m,28,Yes,0,Yes,No,Yes,Yes,No,Yes,No,No,DSL
1342-JPNKI,m,33,No,0,No,No,No,No,No,Yes,No,No,Fiber Optic
1343-EHPYB,male,61,Yes,0,Yes,No,Yes,Yes,No,Yes,Yes,Yes,Fiber Optic
1345-GKDZZ,Male,20,No,1,NA,No,No,No,No,No,No,No,None
1345-ZUKID,M,24,No,0,No,No,No,No,No,No,No,No,None
1346-PJWTK,Male,63,Yes,0,Yes,No,Yes,Yes,Yes,No,Yes,Yes,Optic
1346-UFHAX,Female,59,No,0,No,Yes,No,No,No,No,No,No,Optic
1347-KTTTA,male,22,Yes,0,Yes,No,Yes,Yes,Yes,Yes,Yes,Yes,Fiber
1349-WXNGG,M,57,No,0,No,No,No,No,No,No,No,No,None
1352-HNSAW,f,26,Yes,3,Yes,Yes,Yes,Yes,Yes,Yes,Yes,Yes,Fiber Optic
1352-VHKAJ,male,30,Yes,2,Yes,No,No,No,Yes,Yes,Yes,Yes,cable
1353-GHZOS,male,22,Yes,0,Yes,Yes,No,No,No,Yes,No,No,DSL 
1353-LJWEM,m,23,No,0,NA,No,Yes,Yes,Yes,No,No,No,DSL
1354-YZFNB,m,53,Yes,3,Yes,No,No,No,No,No,No,No,None
1355-KUSBG,Female,56,Yes,2,NA,No,No,No,No,No,No,No,DSL
1356-MKYSK,male,44,No,0,No,Yes,No,Yes,Yes,Yes,Yes,Yes,DSL
1357-BIJKI,male,46,Yes,0,NA,No,Yes,No,No,Yes,Yes,Yes,Fiber
1357-MVDOZ,male,25,Yes,1,Yes,No,No,Yes,No,Yes,No,No,DSL 
1360-JYXKQ,F,68,Yes,0,Yes,No,No,Yes,Yes,Yes,Yes,Yes,Fiber
1360-RCYRT,Male,45,Yes,1,Yes,No,No,No,Yes,No,No,No,DSL 
1360-XFJMR,f,50,Yes,0,Yes,No,Yes,Yes,Yes,Yes,Yes,Yes,Fiber Optic
1363-TXLSL,M,80,Yes,0,Yes,No,No,No,No,No,No,No,Fiber
1370-GGAWX,F,55,No,0,No,No,Yes,Yes,No,No,Yes,Yes,Fiber Optic
1371-DWPAZ,f,64,Yes,0,Yes,Yes,Yes,Yes,Yes,Yes,No,No,DSL
1371-OJCEK,Female,25,No,0,No,No,No,No,No,No,No,No,None
1371-WEPDS,Male,71,Yes,0,Yes,No,No,No,No,No,Yes,Yes,DSL
1373-ORVIZ,F,62,Yes,0,Yes,No,No,No,Yes,No,Yes,Yes,DSL
1374-DMZUI,Female,65,No,0,NA,No,No,No,No,Yes,Yes,Yes,Fiber
1376-HHBDV,f,37,No,0,No,Yes,No,No,No,No,No,No,DSL
1379-FRVEB,male,31,No,1,No,No,Yes,No,No,Yes,No,No,Fiber
1383-EZRWL,f,62,No,0,No,No,No,No,No,No,No,No,None
1384-RCUXW,Male,58,No,0,No,No,Yes,No,No,No,No,No,Optic
1385-TQOZW,Female,32,No,0,No,No,No,No,No,No,No,No,None
1386-ZIKUV,m,42,No,0,No,No,No,No,No,No,No,No,None
1389-CXMLU,male,65,No,0,No,No,No,Yes,No,Yes,No,No,Optic
1389-WNUIB,f,21,Yes,3,NA,Yes,No,No,No,Yes,Yes,Yes,Cable
1391-UBDAR,Male,27,No,0,NA,No,No,Yes,No,No,No,No,Fiber Optic
1393-IMKZG,Female,50,No,0,No,No,No,No,Yes,Yes,Yes,Yes,Fiber
1394-SUIUH,f,70,Yes,0,NA,Yes,Yes,No,Yes,No,No,No,Fiber
1395-OFUWC,Male,44,Yes,3,Yes,No,Yes,No,No,No,No,No,Cable
1395-WSWXR,M,40,No,0,No,No,No,No,No,No,No,No,None
1396-QWFBJ,female,32,Yes,0,NA,No,Yes,No,No,No,No,No,Optic
1397-XKKWR,m,47,No,0,No,Yes,No,Yes,No,No,No,No,DSL 
1399-OUPJN,F,43,Yes,2,Yes,No,No,No,No,No,No,No,None
1399-UBQIU,m,35,No,0,NA,No,No,Yes,No,Yes,Yes,Yes,DSL 
1400-MMYXY,Male,71,Yes,0,NA,No,Yes,Yes,No,Yes,Yes,No,Optic
1400-WIVLL,male,31,Yes,0,Yes,No,No,Yes,Yes,Yes,Yes,Yes,Optic
1401-FTHFQ,male,64,Yes,1,NA,No,No,No,No,No,No,No,None
1402-PTHGN,F,22,Yes,2,Yes,Yes,Yes,No,Yes,No,No,No,DSL
1403-GYAFU,Male,47,Yes,2,Yes,No,No,No,No,No,No,No,None
1403-LKLIK,f,23,Yes,3,Yes,No,No,No,No,No,No,No,None
1406-PUQVY,m,29,No,1,No,No,Yes,No,No,No,No,No,DSL 
1407-DIGZV,F,32,Yes,2,NA,No,No,No,No,No,No,No,None
1409-PHXTF,m,77,Yes,0,Yes,No,Yes,Yes,Yes,Yes,Yes,No,Fiber
1410-RSCMR,M,47,Yes,2,NA,Yes,No,Yes,Yes,No,Yes,Yes,Cable
1414-YADCW,Male,45,Yes,0,Yes,Yes,Yes,No,Yes,No,No,No,Fiber
1415-YFWLT,F,68,No,0,No,No,No,No,No,Yes,Yes,No,Fiber Optic
1421-HCERK,male,75,Yes,0,NA,Yes,Yes,Yes,Yes,Yes,No,No,Optic
1422-DGUBX,m,64,Yes,0,Yes,No,No,No,Yes,No,No,No,Optic
1423-BMPBQ,Female,62,Yes,1,NA,No,No,No,No,No,No,No,None
1427-VERSM,f,62,Yes,0,Yes,No,No,Yes,Yes,Yes,Yes,Yes,Fiber
1428-GTBJJ,male,20,No,0,No,No,Yes,No,No,No,No,No,Fiber Optic
1428-IEDPR,m,54,No,0,No,Yes,No,Yes,Yes,Yes,Yes,Yes,Fiber
1429-UYJSV,F,57,No,0,No,No,No,No,No,No,No,No,None
1430-SFQSA,m,46,No,0,No,Yes,No,No,Yes,No,No,No,DSL
1431-AIDJQ,M,44,Yes,1,Yes,No,Yes,Yes,Yes,Yes,Yes,Yes,cable
1431-CYWMH,female,35,Yes,1,Yes,No,No,No,No,No,No,No,None
1432-FPAXX,F,53,No,0,No,No,Yes,No,No,No,No,No,DSL
1436-ZMJAN,female,62,Yes,0,Yes,No,No,Yes,No,Yes,Yes,Yes,cable
1439-LCGVL,F,42,Yes,0,Yes,No,No,No,No,No,No,No,None
1442-BQPVU,F,33,No,0,No,No,Yes,No,No,No,No,No,DSL
1442-OKRJE,Male,40,Yes,2,Yes,Yes,Yes,Yes,No,Yes,Yes,Yes,Optic
1444-VVSGW,male,51,Yes,0,Yes,Yes,Yes,Yes,Yes,Yes,Yes,Yes,Optic
1447-GIQMR,M,54,Yes,0,Yes,No,No,No,No,No,No,No,Fiber Optic
1447-PJGGA,f,39,No,0,No,No,No,Yes,No,Yes,Yes,Yes,Optic
1448-CYWKC,female,61,Yes,3,NA,No,Yes,Yes,No,Yes,Yes,Yes,Fiber Optic
1448-PWKYE,Male,48,Yes,0,Yes,No,No,No,No,No,Yes,Yes,cable
1449-XQEMT,m,33,No,0,No,No,No,No,No,No,No,No,None
1450-GALXR,f,33,No,0,No,No,No,No,Yes,Yes,Yes,Yes,Optic
1450-SKCVI,F,22,No,0,No,No,Yes,No,No,No,No,Yes,Fiber Optic
1452-KIOVK,m,42,No,3,No,No,Yes,No,No,Yes,No,No,Fiber Optic
1452-UZOSF,m,31,Yes,1,NA,Yes,Yes,Yes,Yes,Yes,No,No,Fiber Optic
1452-VOQCH,M,61,No,0,No,No,No,No,No,No,No,No,Fiber Optic
1452-XRSJV,female,59,Yes,2,Yes,Yes,No,No,No,No,No,No,DSL
1453-RZFON,F,39,No,3,No,Yes,No,No,No,No,No,No,Cable
1455-ESIQH,Male,44,No,0,No,No,No,No,No,Yes,Yes,Yes,Fiber Optic
1455-HFBXA,male,61,Yes,0,Yes,Yes,No,Yes,Yes,No,No,No,Fiber Optic
1455-UGQVH,male,35,Yes,0,Yes,No,No,Yes,No,Yes,Yes,Yes,Optic
1456-TWCGB,m,34,NA,0,No,No,Yes,No,No,No,No,No,Cable
1459-QNFQT,Male,21,Yes,0,Yes,Yes,No,Yes,Yes,Yes,Yes,Yes,DSL
1460-UZPRJ,Male,39,Yes,0,Yes,No,No,No,No,No,No,No,None
1465-LNTLJ,M,78,Yes,0,Yes,No,No,Yes,Yes,No,Yes,Yes,Cable
1465-VINDH,F,31,Yes,0,NA,No,Yes,Yes,No,Yes,Yes,Yes,Fiber Optic
1465-WCZVT,F,44,Yes,3,NA,No,No,No,No,No,No,No,None
1468-DEFNC,male,69,Yes,1,Yes,No,No,No,No,No,No,No,None
1469-LBJQJ,F,39,Yes,0,Yes,No,Yes,Yes,No,Yes,Yes,Yes,Fiber
1470-PSXNM,male,27,Yes,2,Yes,No,Yes,Yes,No,Yes,No,No,Fiber
1471-GIQKQ,F,37,No,0,No,No,Yes,No,No,No,No,No,DSL
1472-TNCWL,M,55,No,1,No,No,Yes,No,No,Yes,Yes,Yes,Fiber Optic
1474-JUWSM,f,24,Yes,0,Yes,Yes,No,No,Yes,No,Yes,Yes,Cable
1475-VWVDO,Male,55,No,0,No,No,No,Yes,No,No,No,No,Optic
1478-VPOAD,female,39,No,0,No,No,No,No,No,No,No,No,DSL 
1480-BKXGA,m,75,Yes,0,NA,Yes,Yes,Yes,Yes,Yes,Yes,Yes,Optic
1480-IVEVR,male,76,Yes,0,Yes,No,No,Yes,No,No,No,No,Fiber Optic
1481-ZUWZA,male,52,No,0,No,Yes,Yes,No,No,No,Yes,Yes,Optic
1482-OXZSY,M,45,No,0,NA,Yes,No,No,No,Yes,Yes,Yes,Optic
1485-YDHMM,M,49,Yes,1,Yes,No,Yes,No,Yes,No,Yes,Yes,Fiber Optic
1488-PBLJN,female,63,Yes,1,NA,Yes,Yes,Yes,Yes,Yes,Yes,Yes,Optic
1488-SYSFC,male,31,Yes,1,Yes,No,No,No,No,No,No,No,None
1492-KGETH,M,25,Yes,1,NA,Yes,Yes,Yes,Yes,No,Yes,Yes,Cable
1492-QGCLU,male,51,Yes,2,Yes,Yes,No,Yes,Yes,Yes,Yes,Yes,cable
1493-AMTIE,M,28,No,0,No,No,No,No,No,No,No,No,None
1494-EJZDW,F,51,Yes,3,Yes,No,No,No,No,No,No,No,None
1496-GGSUK,Female,68,No,0,No,No,No,No,No,No,No,No,cable
1498-DQNRX,f,46,Yes,0,Yes,No,No,No,No,No,No,No,None
1498-NHTLT,Male,21,Yes,3,Yes,Yes,Yes,Yes,Yes,Yes,Yes,Yes,Cable
1501-SGHBW,m,34,No,0,No,No,No,No,No,No,No,No,Cable
1502-XFCVR,f,57,No,0,NA,Yes,Yes,Yes,No,Yes,Yes,Yes,Fiber Optic
1506-YJTYT,male,21,Yes,1,Yes,Yes,Yes,No,Yes,Yes,No,No,DSL 
1508-DFXCU,Male,32,No,0,No,No,No,No,No,Yes,No,No,Optic
1513-XNPPH,F,36,No,0,No,No,No,Yes,Yes,No,Yes,Yes,Fiber
1518-OMDIK,M,23,Yes,0,NA,No,No,No,No,No,No,No,DSL 
1518-VOWAV,f,31,No,0,No,Yes,Yes,No,No,Yes,Yes,Yes,DSL 
1522-VVDMG,male,25,Yes,0,NA,No,Yes,No,Yes,Yes,No,No,Fiber
1525-LNLOJ,M,34,Yes,0,Yes,No,No,Yes,No,Yes,No,No,DSL
1527-SXDPN,male,63,Yes,0,Yes,No,No,Yes,Yes,No,Yes,Yes,Optic
1530-ZTDOZ,female,57,Yes,0,Yes,Yes,No,No,No,Yes,No,No,cable
1534-OULXE,f,34,Yes,2,NA,Yes,No,No,No,No,No,No,DSL 
1535-VTJOQ,female,19,No,0,NA,No,No,No,No,No,No,No,None
1536-HBSWP,female,33,No,0,No,No,No,No,Yes,No,No,No,DSL
1536-YHDOE,m,58,Yes,3,Yes,Yes,No,No,Yes,No,No,No,cable
1539-LNKHM,F,53,NA,0,No,No,No,No,No,No,No,No,None
1541-ETJZO,male,58,No,0,No,No,No,Yes,Yes,No,No,No,DSL
1543-LLLFT,M,77,Yes,0,Yes,No,Yes,Yes,Yes,Yes,No,No,Optic
1544-JJMYL,Male,19,No,0,NA,Yes,No,Yes,Yes,Yes,No,Yes,DSL
1545-ACTAS,female,53,Yes,2,NA,Yes,No,Yes,No,Yes,Yes,Yes,Optic
1545-JFUML,male,50,Yes,0,Yes,Yes,Yes,Yes,No,Yes,No,No,Optic
1548-ARAGG,f,28,Yes,3,Yes,No,Yes,No,Yes,No,No,No,DSL
1548-FEHVL,M,40,Yes,0,NA,Yes,Yes,No,No,Yes,Yes,Yes,Optic
1550-EENBN,F,23,No,0,No,Yes,Yes,No,No,Yes,Yes,Yes,Optic
1550-LOAHA,f,53,Yes,0,Yes,No,Yes,No,No,No,Yes,Yes,Fiber
1552-AAGRX,f,22,No,0,No,Yes,No,No,Yes,Yes,Yes,Yes,Fiber
1552-CZCLL,F,31,Yes,1,Yes,No,No,No,No,No,No,No,None
1552-TKMXS,f,37,Yes,0,Yes,No,No,No,No,No,No,No,None
1555-DJEQW,f,21,Yes,0,Yes,Yes,Yes,Yes,Yes,Yes,Yes,Yes,Fiber
1555-HAPSU,f,25,Yes,2,Yes,No,No,No,No,No,No,No,None
1557-EMYVT,Female,25,No,0,No,Yes,Yes,Yes,Yes,Yes,Yes,Yes,Fiber
1559-DTODC,M,37,No,0,No,No,No,No,No,No,No,No,DSL 
1561-BWHIN,m,33,Yes,1,Yes,No,No,No,No,No,No,No,None
1563-IWQEX,female,43,No,0,No,No,No,No,No,No,No,No,None
1564-HJUVY,m,53,No,0,NA,No,Yes,No,Yes,Yes,No,No,DSL
1564-NTYXF,Female,79,No,0,No,No,No,No,No,No,Yes,No,Optic
1565-RHDJD,f,21,No,0,No,No,Yes,Yes,No,No,No,Yes,Fiber
1567-DSCIC,Male,59,No,0,No,No,Yes,Yes,No,Yes,No,No,Fiber Optic
1568-BEKZM,M,65,Yes,0,Yes,Yes,Yes,Yes,Yes,Yes,Yes,Yes,DSL 
1568-LJSZU,M,39,Yes,0,Yes,Yes,Yes,Yes,Yes,Yes,Yes,Yes,DSL
1569-TTNYJ,Male,55,Yes,0,Yes,No,Yes,No,No,No,No,No,Fiber
1571-SAVHK,M,20,No,0,NA,No,No,No,Yes,Yes,Yes,Yes,Optic
1573-LGXBA,M,26,Yes,3,Yes,No,Yes,Yes,No,Yes,Yes,Yes,Optic
1574-DYCWE,Female,60,Yes,1,Yes,No,No,No,No,No,No,No,None
1575-KRZZE,female,64,No,0,No,Yes,Yes,No,No,No,No,No,cable
1576-PFZIW,m,70,Yes,0,NA,Yes,Yes,Yes,No,Yes,Yes,Yes,Optic
1577-HKTFG,Female,42,Yes,0,NA,No,No,No,No,No,No,No,None
1579-KLYDT,male,31,No,0,No,No,No,Yes,No,Yes,No,No,Fiber Optic
1580-BMCMR,Male,66,No,0,NA,Yes,No,No,No,No,Yes,Yes,Fiber
1582-RAFML,M,26,No,0,No,No,Yes,No,Yes,No,No,No,Cable
1583-IHQZE,male,60,No,0,No,No,Yes,Yes,Yes,Yes,Yes,Yes,cable
1585-MQSSU,M,36,No,0,No,No,No,No,Yes,No,No,No,Cable
1587-FKLZB,Male,79,Yes,0,NA,No,No,Yes,No,Yes,Yes,No,Optic
1589-AGTLK,m,26,No,0,No,No,No,No,No,No,No,No,DSL
1591-MQJTP,m,76,Yes,0,Yes,Yes,No,Yes,No,No,Yes,No,Optic
1591-NFNLQ,male,38,No,0,NA,No,No,Yes,No,No,No,No,Optic
1591-XWLGB,f,44,Yes,0,Yes,No,No,No,No,No,No,No,None
1596-BBVTG,male,53,No,0,NA,No,No,No,No,No,No,No,Optic
1596-OQSPS,female,64,No,0,No,No,Yes,No,No,No,No,No,DSL
1597-FZREH,female,39,No,0,No,No,No,Yes,Yes,Yes,Yes,Yes,DSL
1597-LHYNC,female,74,No,0,No,Yes,Yes,No,No,No,Yes,No,Fiber
1599-EAHXY,Male,37,Yes,2,Yes,No,No,No,No,No,No,No,None
1599-MMYRQ,male,27,Yes,3,Yes,Yes,Yes,No,No,No,No,No,Fiber
1600-DILPE,Female,47,No,0,No,No,No,No,No,No,No,No,DSL
1602-IJQQE,F,42,No,0,No,No,No,No,No,No,No,No,Optic
1608-GMEWB,M,76,No,0,No,No,No,No,No,Yes,Yes,No,Fiber Optic
1612-EOHDH,F,29,No,0,No,No,No,No,No,No,No,Yes,DSL
1614-JBEBI,F,59,No,0,No,No,No,No,No,No,No,No,None
1618-CFHME,female,30,No,0,No,No,No,No,No,No,No,No,Optic
1619-YWUBB,Female,38,Yes,0,Yes,No,No,No,No,No,No,No,None
1621-YNCJH,F,54,Yes,0,NA,Yes,Yes,Yes,Yes,No,Yes,Yes,Fiber
1622-HSHSF,female,44,No,0,No,No,No,No,No,No,No,No,None
1623-NLDOT,f,55,Yes,0,Yes,No,Yes,No,Yes,No,No,No,cable
1624-NALOJ,male,75,No,0,NA,No,Yes,No,No,No,Yes,No,Optic
1624-WOIWJ,female,40,No,0,No,Yes,No,No,No,Yes,No,No,Optic
1625-JAIIY,f,42,Yes,0,Yes,No,No,No,No,Yes,No,No,Optic
1626-ERCMM,Male,75,Yes,0,NA,No,No,No,No,Yes,Yes,Yes,Fiber Optic
1627-AFWVJ,f,30,No,0,No,No,No,No,No,No,No,No,None
1628-BIZYP,m,60,No,0,No,No,Yes,No,No,No,Yes,Yes,Optic
1629-DQQVB,F,19,No,0,No,Yes,No,No,No,No,No,No,cable
1635-FJFCC,F,46,No,0,No,No,No,No,No,No,No,No,DSL 
1635-HDGFT,Female,29,No,1,No,No,No,No,No,No,No,No,None
1635-NZATJ,male,80,Yes,0,Yes,No,No,No,No,No,No,No,None
1636-NTNCO,male,72,No,0,No,No,Yes,No,No,Yes,Yes,No,DSL
1640-PLFMP,F,20,No,0,No,No,No,No,No,No,No,No,Optic
1641-BYBTK,Male,38,No,2,No,No,No,No,No,No,No,No,None
1641-RQDAY,Female,77,Yes,2,Yes,No,Yes,No,No,Yes,Yes,No,Fiber
1642-HMARX,Female,45,Yes,0,Yes,Yes,Yes,Yes,Yes,Yes,Yes,Yes,DSL 
1644-IRKSF,f,48,Yes,0,Yes,No,No,Yes,No,Yes,Yes,Yes,Fiber
1656-DRSMG,Female,40,No,0,No,No,Yes,Yes,Yes,Yes,Yes,Yes,Fiber Optic
1657-DYMBM,Male,35,Yes,0,Yes,No,No,No,No,No,No,No,None
1658-BYGOY,Male,71,No,3,No,No,No,No,No,Yes,Yes,Yes,Optic
1658-TJVOA,f,65,No,0,No,Yes,No,No,No,No,No,No,Fiber Optic
1658-XUHBX,female,75,Yes,1,Yes,No,No,Yes,No,No,Yes,No,Fiber
1660-HSOOQ,Male,60,No,0,No,No,No,Yes,No,No,No,No,DSL
1661-CZBAU,m,50,No,0,No,Yes,No,No,Yes,No,Yes,Yes,DSL
1663-MHLHE,m,33,No,0,No,No,No,No,No,No,No,No,None
1666-JXLKU,female,64,No,0,NA,No,No,Yes,No,Yes,Yes,Yes,Fiber Optic
1666-JZPZT,M,61,No,0,No,No,No,No,No,No,No,No,Cable
1670-SVOWZ,Female,57,Yes,0,Yes,No,Yes,No,Yes,No,Yes,Yes,Fiber Optic
1676-MQAOA,Male,32,No,0,No,Yes,Yes,Yes,Yes,Yes,No,No,cable
1678-FYZOW,Female,28,No,0,No,No,No,No,No,Yes,No,No,Optic
1679-JRFBR,f,27,NA,0,Yes,Yes,Yes,Yes,No,Yes,Yes,Yes,Optic
1680-VDCWW,Male,45,Yes,0,Yes,No,No,No,No,No,No,No,None
1682-VCOIO,M,56,No,0,No,No,No,No,No,No,No,No,None
1684-FLBGS,F,60,Yes,1,Yes,No,Yes,No,Yes,Yes,No,No,Cable
1685-BQULA,female,54,No,0,NA,No,Yes,Yes,No,Yes,No,No,Fiber
1685-VAYJF,M,44,No,0,No,No,No,No,No,No,No,No,DSL 
1686-STUHN,Male,55,No,0,No,No,No,No,No,No,No,No,None
1689-MRZQR,Male,36,Yes,0,Yes,No,No,No,No,Yes,No,No,Fiber
1689-YQBYY,Female,43,No,1,No,No,No,No,No,No,No,No,Fiber Optic
1696-HXOWK,f,53,Yes,0,NA,Yes,Yes,No,No,Yes,No,No,Fiber
1696-MZVAU,Male,27,Yes,0,Yes,No,No,No,No,No,No,No,DSL 
1697-BCSHV,F,44,Yes,1,Yes,No,Yes,No,No,Yes,No,No,DSL
1697-LYYYX,female,21,Yes,1,Yes,No,No,No,No,No,No,No,None
1697-NVVGY,Male,71,Yes,0,NA,Yes,No,Yes,No,Yes,No,No,DSL
1698-XFZCI,M,30,No,0,NA,Yes,Yes,Yes,No,Yes,Yes,Yes,Optic
1699-HPSBG,Male,44,No,0,No,No,No,No,Yes,Yes,No,No,cable
1699-TLDLZ,f,44,Yes,2,Yes,No,No,No,No,No,No,No,None
1699-UOTXU,m,24,No,0,No,Yes,Yes,Yes,No,No,No,No,DSL
1702-CCFNJ,Male,39,Yes,0,Yes,No,Yes,No,Yes,No,No,No,Cable
1703-MGIAB,Female,53,No,0,No,No,No,Yes,Yes,Yes,No,No,DSL
1704-NRWYE,female,79,No,0,No,No,No,No,No,Yes,No,No,Fiber Optic
1705-GUHPV,f,64,No,0,NA,No,No,No,No,No,No,No,None
1707-HABPF,F,65,No,0,NA,No,Yes,Yes,No,Yes,No,No,Fiber
1708-PBBOA,female,51,No,0,NA,Yes,Yes,Yes,Yes,No,Yes,Yes,DSL 
1709-EJDOX,f,33,Yes,3,Yes,No,No,No,No,No,No,No,None
1710-RCXUS,Male,53,Yes,0,Yes,No,Yes,No,No,No,Yes,Yes,Fiber
1716-LSAMB,Male,21,Yes,1,Yes,Yes,No,No,Yes,No,No,No,Cable
1722-LDZJS,m,38,Yes,3,Yes,No,No,No,No,No,No,No,None
1723-HKXJQ,male,64,No,0,No,No,Yes,No,No,Yes,Yes,Yes,Optic
1724-BQUHA,m,67,No,0,No,No,No,No,No,Yes,Yes,No,Optic
1724-IQWNM,male,37,No,1,No,No,No,No,No,No,No,No,None
1725-IQNIY,m,34,Yes,0,Yes,Yes,Yes,Yes,Yes,Yes,Yes,Yes,Fiber Optic
1725-MIMXW,m,42,No,0,No,No,No,No,No,No,No,No,None
1728-BQDMA,f,22,No,0,No,No,No,No,No,No,No,No,DSL 
1728-CXQBE,M,79,Yes,0,Yes,No,Yes,Yes,No,No,Yes,No,Fiber Optic
1729-VLAZJ,Female,52,No,5,No,Yes,Yes,No,Yes,No,No,No,DSL 
1730-VFMWO,f,33,Yes,0,Yes,No,No,No,Yes,No,No,No,DSL
1730-ZMAME,female,74,No,0,No,No,No,No,No,No,Yes,No,Optic
1731-TVIUK,f,47,No,0,No,No,Yes,No,Yes,No,Yes,Yes,Fiber Optic
1732-FEKLD,Female,30,No,0,NA,No,Yes,Yes,No,Yes,No,No,Fiber Optic
1732-VHUBQ,F,73,Yes,0,Yes,No,No,No,No,No,No,No,Fiber Optic
1734-ZMNTZ,f,50,Yes,2,Yes,No,No,No,No,No,No,No,None
1735-XMJVH,male,51,Yes,3,Yes,No,No,No,No,No,No,No,None
1740-CSDJP,m,53,No,0,No,No,No,No,No,No,Yes,Yes,DSL
1741-WTPON,m,42,Yes,3,Yes,Yes,Yes,Yes,Yes,Yes,Yes,Yes,Optic
1744-JHKYS,f,49,Yes,0,Yes,No,No,No,No,No,No,No,None
1746-TGTWV,Male,32,Yes,0,Yes,No,No,Yes,No,No,No,No,Fiber Optic
1750-CSKKM,M,40,No,3,NA,No,No,No,No,Yes,No,No,DSL 
1751-NCDLI,m,74,Yes,0,NA,No,No,Yes,No,Yes,Yes,No,Optic
1752-OZXFY,m,39,Yes,0,NA,Yes,No,No,No,Yes,No,No,DSL 
1754-GKYPY,male,65,Yes,0,Yes,No,No,No,No,Yes,Yes,Yes,Fiber Optic
1755-FZQEC,male,26,No,0,No,No,No,No,No,No,No,No,None
1755-RMCXH,m,37,Yes,2,Yes,No,No,No,No,No,No,No,None
1757-TCATG,m,24,Yes,1,Yes,No,No,No,No,No,No,No,None
1760-CAZHT,M,55,No,3,No,No,No,No,No,No,No,No,None
1761-AEZZR,M,59,No,0,No,No,No,No,No,Yes,No,No,Optic
1763-KUAAW,female,77,No,0,NA,No,No,No,No,No,No,No,None
1763-WQFUK,Male,45,No,0,No,No,No,No,Yes,No,No,No,DSL 
1764-VUUMT,male,63,No,1,No,No,No,No,No,No,No,No,None
1766-GKNMI,Male,56,No,0,No,No,No,No,No,No,Yes,Yes,Optic
1767-CJKBA,male,39,No,0,No,No,No,No,No,No,No,No,None
1767-TGTKO,F,30,Yes,2,Yes,No,No,No,No,No,No,No,DSL
1768-HNVGJ,F,80,No,0,No,Yes,No,No,Yes,No,Yes,Yes,cable
1768-ZAIFU,f,74,No,0,No,No,No,No,No,No,No,No,cable
1769-GRUIK,f,19,No,0,No,No,No,No,No,No,No,No,Optic
1771-OADNZ,m,70,Yes,0,NA,No,Yes,Yes,No,No,Yes,Yes,Fiber
1775-KWJKQ,male,41,Yes,0,Yes,Yes,Yes,Yes,Yes,Yes,Yes,Yes,DSL 
1776-SPBWV,f,43,Yes,1,Yes,No,No,No,No,No,No,No,None
1777-JYQPJ,male,19,No,0,No,No,No,No,No,No,No,No,DSL 
1779-PWPMG,Female,73,Yes,0,Yes,Yes,Yes,Yes,Yes,Yes,Yes,No,Fiber
1784-BXEFA,f,63,No,0,No,No,No,No,No,No,No,No,None
1784-EZDKJ,Male,31,Yes,0,Yes,No,Yes,Yes,No,Yes,Yes,Yes,Fiber Optic
1785-BPHTP,Male,64,Yes,2,Yes,No,No,Yes,No,Yes,No,No,Fiber Optic
1790-NESIO,female,23,No,0,No,No,No,No,No,No,No,No,None
1791-PQHBB,f,28,No,2,No,Yes,No,No,No,No,Yes,Yes,cable
1792-UXAFY,F,80,No,0,No,No,Yes,Yes,No,Yes,No,No,Optic
1794-HBQTJ,f,22,No,0,No,Yes,No,No,No,No,No,No,cable
1794-SWWKL,M,22,Yes,2,NA,No,No,Yes,Yes,No,No,No,DSL
1796-JANOW,female,33,No,0,NA,No,No,No,No,No,No,No,None
1803-BGNBD,f,59,No,0,No,No,Yes,No,Yes,No,No,No,DSL 
1809-DMJHQ,f,56,No,1,No,No,No,No,No,No,No,No,DSL 
1810-BOHSY,M,63,Yes,0,Yes,Yes,Yes,No,No,No,Yes,Yes,Fiber
1810-MVMAI,Male,31,Yes,1,NA,Yes,Yes,Yes,Yes,No,No,No,cable
1813-JLKWR,female,47,Yes,0,Yes,No,No,No,No,No,No,No,None
1813-JYWTO,female,59,Yes,0,Yes,Yes,No,No,No,No,No,No,Optic
1814-DKOLC,female,63,No,0,NA,No,No,No,No,No,No,No,None
1814-WFGVS,Male,53,Yes,3,Yes,Yes,No,Yes,Yes,Yes,No,No,DSL
1816-FLZDK,male,34,No,0,No,No,No,No,Yes,No,No,No,DSL
1818-ESQMW,female,31,No,0,No,No,No,Yes,Yes,No,Yes,Yes,Fiber Optic
1820-DJFPH,F,59,Yes,3,Yes,No,No,No,No,No,No,No,None
1820-TQVEV,male,27,No,0,No,No,No,No,No,No,No,Yes,Fiber Optic
1821-BUCWY,male,35,No,0,No,Yes,No,Yes,No,No,No,No,Cable
1830-GGFNM,M,35,Yes,2,Yes,Yes,Yes,Yes,Yes,No,No,No,Fiber Optic
1830-IPXVJ,F,44,Yes,2,Yes,No,No,No,No,No,No,No,None
1832-PEUTS,M,23,Yes,2,Yes,No,No,Yes,No,Yes,No,No,Fiber
1833-TCXKK,m,50,Yes,0,NA,No,Yes,Yes,No,Yes,Yes,Yes,Fiber Optic
1833-VGRUM,F,70,No,0,NA,No,No,No,No,No,No,No,Fiber Optic
1834-ABKHQ,F,59,Yes,2,Yes,No,No,Yes,No,No,No,No,cable
1834-WULEG,male,61,Yes,2,Yes,No,No,No,No,No,No,No,None
1837-YQUCE,F,54,No,0,No,Yes,No,Yes,Yes,Yes,Yes,Yes,DSL 
1839-FBNFR,f,35,Yes,1,Yes,No,No,No,No,No,No,No,None
1839-UMACK,male,20,No,0,NA,No,No,No,No,No,No,No,None
1840-BIUOG,Male,23,No,0,No,No,Yes,No,Yes,Yes,No,No,DSL
1841-YSJGV,Male,58,Yes,0,NA,Yes,Yes,No,Yes,Yes,Yes,Yes,Optic
1842-EZJMK,m,28,Yes,0,Yes,No,Yes,No,Yes,Yes,Yes,Yes,Optic
1843-TLSGD,female,56,Yes,3,Yes,No,No,No,No,No,No,No,None
1845-CSBRZ,Female,71,Yes,1,Yes,No,No,No,No,Yes,No,No,Optic
1845-ZLLIG,Male,45,No,0,NA,No,Yes,No,No,No,No,No,DSL 
1846-XWOQN,Female,80,No,0,No,No,No,No,No,No,No,No,Optic
1848-LBZHY,f,19,Yes,0,Yes,Yes,No,No,No,No,No,No,DSL
1849-RJYIG,F,43,No,0,No,Yes,No,No,No,Yes,No,No,DSL 
1850-AKQEP,m,61,No,1,No,No,No,No,No,No,No,No,None
1852-QSWCD,M,62,Yes,1,NA,No,No,No,No,No,No,No,None
1852-XEMDW,M,20,No,0,No,Yes,Yes,Yes,No,No,No,No,DSL 
1853-ARAAQ,Female,47,No,0,No,No,No,Yes,No,Yes,Yes,Yes,DSL 
1853-UDXBW,Male,38,Yes,0,NA,No,No,No,No,No,No,No,Fiber
1855-AGAWH,male,27,Yes,0,NA,No,No,Yes,No,Yes,Yes,Yes,Fiber Optic
1855-CFULU,Female,65,No,0,NA,No,No,No,No,No,No,No,None
1862-QRWPE,f,24,Yes,0,Yes,No,No,No,No,No,No,No,None
1862-SKORY,F,66,Yes,0,Yes,No,Yes,No,No,Yes,No,No,Cable
1866-DIOQZ,female,23,Yes,0,Yes,Yes,Yes,Yes,Yes,Yes,Yes,Yes,cable
1866-NXPSP,F,48,No,0,No,Yes,Yes,Yes,Yes,No,Yes,Yes,Cable
1866-OBPNR,male,28,Yes,1,Yes,No,Yes,No,No,No,No,No,Fiber Optic
1866-RZZQS,m,77,No,0,No,No,No,Yes,No,Yes,Yes,No,Fiber
1866-ZSLJM,M,31,No,0,No,No,No,No,No,No,No,No,None
1867-BDVFH,m,35,Yes,0,Yes,No,No,No,No,No,No,No,Fiber
1867-TJHTS,female,47,No,0,No,Yes,No,No,No,No,No,No,Fiber Optic
1871-MOWRM,male,57,Yes,0,Yes,Yes,No,No,Yes,No,No,No,Fiber
1872-EBWSC,female,28,No,0,No,No,No,No,No,No,No,No,None
1875-QIVME,female,26,Yes,3,NA,No,No,Yes,Yes,Yes,Yes,Yes,Fiber
1877-HKBQX,F,21,No,0,No,Yes,No,No,Yes,No,No,No,DSL
1891-FZYSA,male,65,Yes,0,NA,No,Yes,No,No,Yes,No,No,Fiber
1891-QRQSA,M,71,Yes,0,Yes,Yes,No,Yes,Yes,Yes,Yes,No,Fiber Optic
1891-UAWWU,f,79,Yes,0,Yes,No,No,Yes,No,Yes,No,No,Optic
1894-IGFSG,F,38,No,0,NA,No,No,No,No,Yes,Yes,Yes,Fiber
1895-QTKDO,Female,38,No,0,NA,No,No,No,No,No,No,No,DSL 
1897-OKVMW,Female,44,Yes,1,Yes,Yes,Yes,Yes,Yes,Yes,Yes,Yes,DSL
1897-RCFUM,F,31,Yes,2,Yes,No,No,No,No,No,No,No,None
1898-JSNDC,f,23,No,0,No,No,Yes,No,No,Yes,No,No,DSL 
1899-VXWXM,male,55,No,0,No,No,Yes,Yes,No,Yes,Yes,Yes,Fiber
1902-XBTFB,male,39,No,0,No,No,Yes,Yes,No,Yes,No,No,Fiber Optic
1904-WAJAA,Female,23,Yes,3,Yes,Yes,Yes,Yes,No,No,No,No,DSL 
1905-OEILC,F,42,NA,0,No,No,No,No,No,No,No,No,None
1907-UBQFC,M,69,No,0,No,No,Yes,No,No,No,No,No,Fiber
1907-YLNYW,m,47,No,0,No,Yes,No,Yes,No,No,Yes,Yes,DSL 
1910-FMXJM,Female,59,Yes,0,Yes,No,No,No,No,No,Yes,Yes,Fiber
1915-IOFGU,F,53,No,0,No,No,No,No,No,No,No,No,Optic
1915-OAKWD,female,56,No,0,NA,No,No,No,No,No,No,No,None
1918-ZBFQJ,f,48,No,3,No,No,Yes,Yes,No,No,No,No,Optic
1919-RTPQD,male,42,Yes,1,Yes,No,No,No,No,No,No,No,DSL
1921-KYSAY,F,36,No,0,No,No,No,Yes,Yes,No,Yes,Yes,DSL
1925-GMVBW,F,49,No,0,NA,No,No,No,No,No,No,No,None
1925-LFCZZ,m,71,No,0,No,No,No,Yes,No,Yes,Yes,No,DSL 
1925-TIBLE,female,62,Yes,0,Yes,No,No,No,No,Yes,No,No,Fiber Optic
1926-QUZNN,Female,45,Yes,0,Yes,No,No,No,No,No,No,No,None
1927-QEWMY,F,51,Yes,0,Yes,No,No,No,No,No,No,No,None
1928-BXYIV,Male,47,No,0,No,Yes,Yes,No,No,No,No,No,DSL 
1929-ZCBHE,Male,27,Yes,1,Yes,Yes,No,Yes,Yes,No,No,No,DSL
1930-BZLHI,Male,31,NA,0,No,No,No,No,No,No,No,No,None
1930-QPBVZ,male,31,Yes,2,NA,Yes,Yes,No,Yes,No,Yes,Yes,Fiber Optic
1930-WNXSB,M,38,Yes,1,NA,No,Yes,No,No,Yes,Yes,Yes,Fiber
1932-UEDCX,M,79,Yes,0,Yes,No,Yes,No,No,Yes,Yes,No,Fiber Optic
1934-MKPXS,M,21,Yes,0,NA,No,No,No,No,No,No,No,None
1934-SJVJK,male,35,No,0,NA,No,No,No,No,No,No,No,None
1935-IMVBB,Male,43,Yes,0,NA,No,No,No,No,Yes,Yes,Yes,Fiber Optic
1936-CZAKF,Male,22,Yes,0,NA,No,Yes,No,No,Yes,Yes,Yes,Cable
1936-UAFEH,F,43,No,0,No,Yes,Yes,No,Yes,Yes,Yes,Yes,Fiber Optic
1937-OTUKY,F,32,Yes,0,NA,Yes,No,Yes,Yes,Yes,No,No,Fiber Optic
1941-HOSAM,male,20,Yes,3,Yes,No,No,No,No,Yes,Yes,Yes,Fiber
1942-OQFRW,Male,62,No,0,No,No,No,No,No,No,No,No,DSL 
1945-XISKS,female,22,Yes,0,Yes,No,No,No,No,No,No,No,None
1950-KSVVJ,female,57,Yes,0,Yes,Yes,Yes,Yes,Yes,Yes,Yes,Yes,Optic
1951-IEYXM,M,57,Yes,0,Yes,Yes,Yes,Yes,Yes,Yes,Yes,Yes,Cable
1952-DVVSW,f,23,Yes,0,Yes,No,No,No,No,No,No,No,None
1955-IBMMB,male,47,No,0,No,No,No,No,No,No,No,No,None
1956-YIFGE,male,36,Yes,3,Yes,No,Yes,Yes,No,Yes,Yes,Yes,Fiber Optic
1958-RNRKS,male,62,Yes,0,NA,No,No,No,No,No,No,No,DSL
1960-UOTYM,Male,61,Yes,2,Yes,Yes,Yes,Yes,No,Yes,Yes,Yes,DSL 
1960-UYCNN,M,35,No,0,No,No,Yes,Yes,No,No,Yes,Yes,Optic
1963-SVUCV,male,59,No,0,No,No,No,No,No,No,No,No,DSL
1963-VAUKV,female,31,No,0,No,No,No,No,No,No,No,No,None
1964-SVLEA,Male,59,No,0,No,No,No,No,No,No,No,No,None
1965-AKTSX,female,65,No,0,NA,No,Yes,No,No,No,No,No,Fiber
1965-DDBWU,M,37,No,0,No,No,No,No,Yes,No,Yes,Yes,Optic
1970-KKFWL,F,38,No,0,No,No,No,No,No,No,No,No,None
1971-DTCZB,female,52,Yes,0,Yes,Yes,Yes,Yes,Yes,Yes,Yes,Yes,DSL 
1972-XMUWV,f,46,Yes,0,Yes,No,No,No,Yes,Yes,No,No,Cable
1976-AZZPJ,m,47,Yes,0,Yes,Yes,Yes,No,No,No,No,No,DSL
1976-CFOCS,f,69,Yes,0,Yes,No,No,No,No,No,No,No,DSL
1977-STDKI,f,72,No,0,NA,No,Yes,No,No,No,No,No,Optic
1980-KXVPM,Female,68,No,0,No,No,No,No,No,No,No,No,Optic
1981-INRFU,female,44,No,0,No,No,No,No,No,Yes,No,No,Fiber Optic
1982-FEBTD,f,27,Yes,2,NA,No,No,No,No,No,No,No,None
1984-FCOWB,Female,21,Yes,0,Yes,No,Yes,Yes,Yes,Yes,Yes,Yes,Fiber Optic
1984-GPTEH,female,47,No,0,No,No,No,No,No,No,No,No,None
1985-MBRYP,Female,44,No,0,No,No,No,No,No,No,No,No,None
1986-PHGZF,male,73,No,0,No,Yes,Yes,No,No,No,No,No,DSL 
1987-AUELQ,Female,46,Yes,0,NA,No,No,No,No,No,No,No,None
1989-PRJHP,M,75,Yes,0,NA,No,No,No,No,No,No,No,Fiber
1991-VOPLL,female,45,No,0,NA,No,No,No,No,No,No,No,None
1996-DBMUS,female,72,Yes,0,NA,No,No,No,No,No,No,No,Fiber
1998-VHJHK,Female,36,No,0,No,No,No,No,No,No,No,No,None
2000-DHJUY,female,67,Yes,0,NA,Yes,Yes,Yes,Yes,Yes,Yes,Yes,DSL 
2000-MPKCA,female,51,No,0,No,Yes,Yes,Yes,No,Yes,Yes,Yes,Fiber Optic
2001-EWBQU,female,23,No,0,No,No,Yes,Yes,No,Yes,Yes,Yes,Optic
2001-MCUUW,Male,51,No,0,No,No,Yes,Yes,Yes,Yes,Yes,Yes,Fiber Optic
2002-MZHWP,F,24,No,0,No,No,No,No,No,No,No,No,None
2003-CKLOR,male,62,No,0,No,No,Yes,Yes,No,Yes,Yes,Yes,Cable
2004-OCQXK,f,44,No,0,NA,No,No,No,No,No,Yes,Yes,Fiber Optic
2005-DWQZJ,F,26,Yes,1,Yes,No,No,No,No,No,No,No,None
2007-QVGAW,f,51,Yes,1,Yes,No,No,No,No,No,No,No,None
2011-TRQYE,M,59,No,0,No,No,Yes,Yes,No,No,No,No,DSL
2012-NWRPA,Female,78,Yes,0,Yes,No,No,Yes,No,Yes,Yes,No,Fiber Optic
2013-SGDXK,female,27,No,0,No,No,Yes,No,No,Yes,No,No,Fiber
2014-MKGMH,F,45,No,0,No,No,No,Yes,No,Yes,Yes,Yes,Fiber
2017-CCBLH,f,55,No,0,NA,No,No,No,No,No,No,No,None
2018-PZKMU,male,32,Yes,3,NA,No,No,Yes,Yes,Yes,Yes,Yes,Fiber
2018-QKYGT,Male,19,Yes,3,Yes,No,No,No,No,No,Yes,Yes,Fiber Optic
2019-HDCZY,m,35,Yes,0,NA,No,No,Yes,No,Yes,Yes,Yes,Optic
2023-VQFDL,male,42,No,0,No,No,No,No,No,No,No,No,None
2024-BASKD,female,23,No,0,No,No,No,Yes,No,No,No,No,Fiber
2025-JKFWI,Male,31,No,0,NA,No,No,No,Yes,Yes,Yes,Yes,Optic
2026-TGDHM,female,54,No,0,NA,No,No,No,No,No,Yes,Yes,Optic
2027-CWDNU,Male,45,Yes,3,Yes,No,No,No,Yes,No,Yes,Yes,Fiber
2027-DNKIV,m,28,Yes,3,Yes,Yes,No,Yes,Yes,No,No,No,DSL
2027-FECZV,male,44,No,0,No,No,Yes,Yes,No,Yes,Yes,Yes,Fiber Optic
2027-OAQQC,f,64,No,0,No,No,No,Yes,No,Yes,Yes,Yes,DSL 
2027-WKXMW,F,49,Yes,0,Yes,No,Yes,Yes,Yes,Yes,Yes,Yes,Fiber Optic
2030-BTZRO,Male,54,Yes,3,Yes,No,No,No,No,No,No,No,None
2034-CGRHZ,Male,73,No,0,No,No,Yes,Yes,No,Yes,Yes,No,Fiber Optic
2034-GDRCN,female,47,No,0,No,No,No,No,No,Yes,Yes,Yes,Optic
2037-SGXHH,M,25,Yes,0,NA,No,Yes,Yes,No,Yes,No,No,Fiber
2037-XJFUP,Male,24,Yes,0,Yes,No,No,Yes,No,Yes,Yes,Yes,Optic
2038-LLMLM,f,35,No,0,NA,No,No,Yes,Yes,Yes,Yes,Yes,Optic
2038-OEQZH,Male,63,No,0,No,No,No,Yes,No,No,Yes,Yes,Fiber
2038-YSEZE,female,48,No,0,No,Yes,Yes,No,Yes,No,No,No,DSL 
2039-JONDJ,m,50,No,0,NA,Yes,Yes,No,No,No,No,No,DSL 
2040-LDIWQ,M,51,Yes,0,Yes,No,Yes,Yes,Yes,Yes,Yes,Yes,DSL
2040-OBMLJ,m,24,No,0,No,No,No,No,Yes,No,No,No,Fiber
2040-VZIKE,Female,56,Yes,0,NA,Yes,No,No,No,Yes,Yes,Yes,Optic
2040-XBAVJ,m,51,Yes,1,Yes,Yes,Yes,Yes,Yes,Yes,Yes,Yes,Fiber Optic
2041-JIJCI,female,37,No,0,NA,No,Yes,No,No,No,Yes,Yes,Cable
2043-WVTQJ,Male,61,Yes,0,NA,Yes,No,Yes,No,No,No,No,cable
2045-BMBTJ,f,80,NA,0,No,Yes,Yes,Yes,No,Yes,Yes,No,DSL 
2049-BAFNW,female,60,No,0,No,No,No,Yes,Yes,No,No,No,DSL
2050-ONYDQ,Female,48,NA,1,Yes,No,No,No,No,No,No,No,None
2054-PJOCK,female,32,No,0,No,No,No,Yes,Yes,Yes,Yes,Yes,cable
2055-BFOCC,male,65,Yes,0,Yes,Yes,Yes,Yes,Yes,Yes,Yes,Yes,DSL
2055-PDADH,Female,71,No,0,No,No,No,No,No,No,No,No,Fiber
2055-SIFSS,Female,75,Yes,0,NA,No,No,No,No,No,No,No,Cable
2056-EVGZL,male,56,Yes,2,Yes,No,Yes,Yes,Yes,Yes,Yes,Yes,Fiber
2057-BOYKM,F,70,Yes,0,Yes,Yes,Yes,Yes,Yes,No,No,No,Fiber
2057-ZBLPD,female,50,Yes,0,Yes,No,No,No,No,No,Yes,Yes,Optic
2058-DCJBE,M,32,No,0,No,No,No,No,No,No,No,No,Fiber
2061-VVFST,f,57,Yes,0,Yes,No,No,No,No,No,No,No,None
2065-MMKGR,female,47,No,0,No,No,No,No,No,Yes,Yes,Yes,DSL 
2067-QYTCF,Female,41,Yes,0,Yes,No,Yes,Yes,Yes,Yes,Yes,Yes,Optic
2068-WWXQZ,Male,61,No,0,No,No,No,No,No,No,No,No,None
2070-FNEXE,f,77,No,2,No,Yes,No,No,No,No,No,No,Fiber Optic
2070-XYMFH,F,66,No,0,NA,No,No,Yes,No,No,No,No,Optic
2072-ZVJJX,m,47,Yes,0,Yes,No,No,No,No,No,No,No,None
2073-QBVBI,f,59,Yes,0,Yes,No,Yes,No,Yes,No,No,No,cable
2074-GKOWZ,male,49,Yes,0,NA,No,No,No,No,Yes,Yes,Yes,Fiber Optic
2074-GUHPQ,female,37,No,2,No,No,Yes,Yes,Yes,No,No,No,Optic
2075-PUEPR,m,46,Yes,2,NA,No,No,No,No,No,No,No,None
2075-RMJIK,F,54,Yes,3,Yes,Yes,No,No,No,No,No,No,cable
2077-DDHJK,female,48,Yes,0,Yes,Yes,Yes,Yes,Yes,No,No,No,DSL 
2077-MPJQO,male,80,Yes,0,Yes,No,No,No,No,No,No,No,Optic
2079-FBMZK,female,50,No,0,NA,No,No,No,No,No,No,No,Fiber
2080-CAZNM,female,78,No,0,No,No,Yes,Yes,No,Yes,Yes,No,Fiber Optic
2080-GKCWQ,M,54,No,0,No,No,Yes,No,No,No,No,No,Fiber
2080-SRCDE,f,21,No,1,No,No,No,No,No,No,No,No,None
2081-KJSQF,male,25,No,0,No,No,No,No,No,No,No,No,None
2081-VEYEH,M,42,No,0,No,No,Yes,Yes,Yes,Yes,Yes,Yes,Optic
2082-CEFLT,Male,31,No,0,No,No,No,No,No,No,No,No,DSL 
2082-OJVTK,male,25,Yes,0,NA,No,No,Yes,No,No,Yes,Yes,Fiber Optic
2085-BOJKI,M,33,Yes,0,Yes,No,No,Yes,No,Yes,Yes,Yes,Optic
2085-JVGAD,M,56,Yes,0,Yes,No,No,No,No,No,No,No,None
2087-QAREY,f,60,Yes,0,NA,No,Yes,Yes,No,No,No,No,cable
2088-IEBAU,Female,63,No,0,NA,Yes,Yes,Yes,Yes,Yes,Yes,Yes,DSL
2091-GPPIQ,F,56,Yes,0,NA,No,Yes,No,Yes,Yes,Yes,Yes,Cable
2091-MJTFX,f,57,Yes,2,Yes,No,No,No,Yes,Yes,Yes,Yes,DSL 
2091-RFFBA,F,70,No,0,No,No,No,No,No,No,No,No,Fiber
2096-XOTMO,F,40,Yes,3,NA,No,No,No,No,No,No,No,None
2097-YVPKN,m,56,No,0,No,No,No,No,No,No,No,No,None
2100-BDNSN,f,39,Yes,0,Yes,No,No,Yes,Yes,Yes,No,No,DSL
2101-RANCD,female,50,No,0,No,No,No,No,No,No,No,No,Optic
2103-ZRXFN,m,19,No,0,NA,No,No,No,No,No,No,No,DSL
2105-PHWON,Female,41,Yes,0,Yes,No,No,Yes,Yes,No,Yes,Yes,Fiber Optic
2107-FBPTK,f,80,No,0,No,No,Yes,Yes,No,Yes,Yes,No,Optic
2108-GLPQB,M,49,Yes,0,Yes,No,No,Yes,No,No,No,No,DSL 
2108-XWMPY,M,29,No,0,No,Yes,Yes,No,No,No,No,No,DSL 
2108-YKQTY,f,42,No,0,No,No,Yes,No,No,No,No,No,DSL 
2111-DWYHN,male,31,No,0,No,No,No,No,No,No,No,No,None
2114-MGINA,Female,57,No,0,No,No,No,No,No,Yes,Yes,Yes,Fiber
2115-BFTIW,Male,52,No,0,No,No,No,No,No,No,No,No,Fiber
2120-SMPEX,m,43,No,0,No,No,No,No,No,No,No,No,None
2121-JAFOM,Female,23,Yes,0,Yes,Yes,Yes,Yes,Yes,Yes,Yes,Yes,Fiber
2122-SZZZD,m,60,No,0,No,No,No,No,No,No,No,No,None
2122-YWVYA,female,44,No,0,No,Yes,No,No,No,No,No,No,Fiber Optic
2123-AGEEN,F,66,No,0,No,No,No,Yes,No,Yes,No,No,Optic
2123-VSCOT,Female,39,Yes,0,NA,No,No,Yes,Yes,Yes,No,No,cable
2126-GSEGL,F,53,Yes,0,NA,No,Yes,Yes,Yes,Yes,Yes,Yes,DSL 
2129-ALKBS,f,49,Yes,4,NA,No,No,No,No,No,No,No,None
2133-TSRRM,female,47,No,3,No,Yes,Yes,Yes,No,Yes,Yes,Yes,Optic
2135-DQWAQ,female,37,No,0,NA,No,Yes,No,No,Yes,No,No,Optic
2135-RXIHG,M,63,No,0,No,No,No,No,No,No,No,No,Cable
2137-DQMEV,Male,39,Yes,2,Yes,Yes,Yes,No,No,Yes,No,No,DSL 
2138-VFAPZ,F,40,Yes,1,Yes,No,No,No,No,No,No,No,None
2139-FQHLM,m,49,No,0,No,No,No,Yes,Yes,Yes,No,No,Optic
2141-RRYGO,Female,51,No,0,No,No,Yes,No,No,Yes,Yes,Yes,DSL 
2143-LJULT,F,55,Yes,0,Yes,No,No,No,No,No,No,No,None
2144-BFDSO,f,70,Yes,0,Yes,Yes,Yes,Yes,No,Yes,Yes,Yes,Fiber
2144-ESWKO,M,47,No,0,No,Yes,No,Yes,No,No,No,No,cable
2146-EGVDT,Male,33,Yes,0,NA,No,No,No,No,No,No,No,None
2150-OEGBV,male,31,No,0,No,No,No,No,No,No,No,No,None
2150-UWTFY,f,21,Yes,3,Yes,Yes,Yes,Yes,No,No,No,No,DSL
2150-WLKUW,F,27,Yes,0,Yes,No,Yes,No,No,Yes,No,No,DSL
2153-MREFK,Female,55,Yes,0,Yes,Yes,No,Yes,Yes,No,Yes,Yes,Optic
2154-KVJFF,f,42,No,0,NA,No,Yes,No,No,No,No,No,Optic
2155-AMQRX,Female,37,No,0,No,No,No,No,Yes,No,No,No,Cable
2157-MXBJS,Male,20,Yes,0,Yes,No,No,Yes,No,Yes,Yes,Yes,Cable
2159-TURXX,M,26,No,0,NA,No,No,No,No,No,No,No,None
2160-GPFXD,Male,25,Yes,2,Yes,Yes,Yes,No,Yes,No,No,No,DSL 
2162-FRZAA,M,45,Yes,2,NA,No,Yes,Yes,Yes,No,No,No,DSL 
2164-SOQXL,Female,31,Yes,2,Yes,No,No,No,No,No,No,No,None
2165-VOEGB,f,23,No,0,No,Yes,Yes,No,Yes,Yes,Yes,Yes,Optic
2167-FQSTQ,F,20,Yes,0,NA,Yes,Yes,Yes,Yes,Yes,Yes,Yes,DSL
2169-RRLFW,Female,48,Yes,0,Yes,No,No,No,No,No,No,No,None
2171-UDMFD,m,22,Yes,3,Yes,No,No,No,No,No,No,No,None
2172-EJXVF,Female,65,No,0,No,No,Yes,Yes,No,Yes,Yes,Yes,Fiber Optic
2176-LVPNX,Female,69,No,0,No,Yes,Yes,Yes,Yes,Yes,Yes,No,DSL
2176-OSJUV,Male,29,Yes,0,NA,Yes,Yes,No,Yes,No,No,Yes,DSL
2178-PMGCJ,Male,22,No,0,NA,No,No,No,No,No,No,No,Fiber Optic
2180-DXNEG,female,46,No,0,NA,No,No,Yes,No,Yes,Yes,Yes,Fiber Optic
2181-TIDSV,M,47,Yes,3,Yes,No,No,No,No,No,No,No,None
2181-UAESM,m,30,No,0,No,Yes,No,Yes,No,No,No,No,cable
2186-QZEYA,F,68,No,0,No,Yes,Yes,No,No,No,No,No,DSL 
2187-LZGPL,female,36,No,0,No,No,Yes,No,No,No,Yes,Yes,DSL 
2187-PKZAY,male,23,No,0,No,No,No,No,No,No,Yes,Yes,Fiber
2188-SXWVT,F,31,No,0,No,Yes,Yes,No,No,No,No,No,DSL 
2189-UXTKY,female,27,Yes,0,Yes,Yes,No,No,Yes,Yes,Yes,Yes,DSL
2189-WWOEW,F,37,No,0,No,No,Yes,No,No,No,Yes,Yes,Fiber Optic
2190-BCXEC,Female,61,Yes,0,NA,No,No,No,Yes,No,No,No,Fiber Optic
2190-PHBHR,f,22,Yes,0,Yes,Yes,Yes,No,No,No,Yes,Yes,Fiber Optic
2192-CKRLV,Female,57,Yes,0,NA,Yes,Yes,Yes,No,No,Yes,Yes,DSL
2192-OZITF,F,60,No,0,No,Yes,No,No,Yes,No,Yes,Yes,DSL 
2193-SFWQW,Male,47,Yes,1,Yes,Yes,Yes,Yes,Yes,Yes,Yes,Yes,Fiber
2194-IIQOF,F,38,Yes,0,NA,Yes,Yes,Yes,Yes,Yes,Yes,Yes,DSL 
2195-VVRJF,m,74,Yes,0,Yes,Yes,No,No,No,No,Yes,No,DSL 
2195-ZRVAX,f,40,Yes,0,Yes,No,No,Yes,No,No,Yes,Yes,cable
2197-OMWGI,F,65,Yes,1,Yes,No,Yes,Yes,No,Yes,Yes,Yes,DSL
2200-DSAAL,Female,52,No,0,No,No,Yes,Yes,No,Yes,Yes,Yes,DSL 
2202-CUYXZ,Male,25,No,0,NA,No,No,Yes,No,Yes,No,Yes,Fiber Optic
2202-OUTMO,female,59,Yes,0,Yes,Yes,No,No,Yes,No,No,No,DSL 
2203-GHNWN,f,24,Yes,0,NA,No,No,Yes,No,No,No,Yes,Fiber
2205-LPVGL,male,71,Yes,1,Yes,Yes,Yes,No,Yes,No,No,No,Optic
2205-YMZZJ,male,75,No,0,No,No,No,No,No,Yes,No,No,Optic
2207-NHRJK,Male,58,No,0,No,No,Yes,No,No,No,No,No,DSL 
2207-OBZNX,male,56,No,0,NA,Yes,No,No,No,No,No,No,cable
2207-QPJED,f,66,Yes,0,Yes,No,No,Yes,Yes,Yes,No,No,Optic
2207-RYYRL,Male,34,Yes,1,Yes,No,No,No,No,No,No,No,None
2208-MPXIO,F,42,Yes,2,Yes,No,No,No,No,No,No,No,None
2208-NKVVH,m,60,Yes,2,Yes,No,No,No,No,No,No,No,None
2208-NQBCT,f,23,Yes,3,NA,Yes,Yes,No,No,No,No,No,Optic
2208-UGTGR,Male,62,No,0,No,No,Yes,No,No,Yes,Yes,Yes,Optic
2209-XADXF,Female,40,No,0,NA,No,No,No,No,No,No,No,DSL
2211-RMNHO,f,36,Yes,2,Yes,No,Yes,Yes,Yes,Yes,Yes,Yes,Cable
2212-LYASK,Male,25,Yes,0,Yes,No,Yes,Yes,No,No,Yes,Yes,DSL
2215-ZAFGX,m,35,No,0,No,No,No,No,No,Yes,No,No,Fiber Optic
2219-MVUSO,m,59,No,0,NA,No,No,No,No,No,No,No,Cable
2220-IAHLS,Female,49,No,0,NA,No,No,No,No,No,No,No,None
2223-GDSHL,male,41,Yes,1,NA,Yes,Yes,Yes,Yes,Yes,Yes,Yes,Fiber
2223-KAGMX,F,47,No,0,No,No,No,No,No,No,No,No,None
2225-ZRGSG,Female,38,Yes,0,Yes,Yes,Yes,Yes,Yes,No,No,No,Fiber
2226-ICFDO,f,39,Yes,0,Yes,Yes,No,Yes,Yes,Yes,Yes,Yes,DSL
2227-JRSJX,F,22,No,0,NA,No,Yes,No,Yes,Yes,Yes,Yes,Optic
2228-BZDEE,Female,45,No,0,No,No,No,No,No,No,No,No,None
2229-DPMBI,f,19,Yes,2,Yes,No,No,No,No,No,No,No,None
2229-VWQJH,F,34,No,0,NA,No,No,Yes,No,No,No,No,DSL 
2230-XTUWL,f,20,Yes,2,Yes,No,No,No,No,No,No,No,None
2232-DMLXU,F,22,Yes,0,Yes,No,No,No,No,Yes,No,Yes,DSL 
2233-FAGXV,f,41,Yes,3,NA,No,No,No,No,No,No,No,None
2233-TXSIU,Male,20,Yes,2,Yes,Yes,No,Yes,No,Yes,No,No,DSL
2234-EOFPT,m,48,Yes,0,Yes,Yes,Yes,No,Yes,Yes,Yes,Yes,DSL 
2234-XADUH,f,30,Yes,2,Yes,No,Yes,Yes,No,Yes,Yes,Yes,Optic
2235-DWLJU,female,75,No,0,No,No,No,No,No,Yes,Yes,Yes,DSL 
2235-EZAIK,Female,21,Yes,0,Yes,Yes,Yes,Yes,Yes,Yes,No,No,DSL
2235-ZGKPT,f,36,Yes,1,Yes,No,No,No,No,No,No,No,cable
2236-HILPA,male,55,Yes,2,Yes,No,No,No,No,No,No,No,None
2237-ZFSMY,f,29,No,0,NA,Yes,No,Yes,Yes,Yes,No,Yes,Fiber
2239-CFOUJ,male,27,Yes,2,NA,No,No,No,No,No,No,No,None
2239-CGBUZ,f,56,Yes,0,Yes,Yes,Yes,No,Yes,No,No,No,cable
2239-JALAW,m,20,No,0,No,No,Yes,Yes,No,Yes,Yes,Yes,Fiber
2240-HSJQD,m,44,No,2,No,No,Yes,No,No,No,No,No,Optic
2242-MFOTG,M,29,No,0,No,Yes,No,No,No,No,No,No,Fiber
2243-FNMMI,m,20,No,0,No,No,No,No,No,No,No,No,None
2245-ADZFJ,F,58,Yes,0,Yes,No,Yes,No,Yes,Yes,Yes,Yes,DSL 
2249-YPRNG,f,57,Yes,0,Yes,No,Yes,Yes,No,Yes,Yes,Yes,Optic
2250-IVBWA,male,47,Yes,2,Yes,Yes,Yes,No,No,No,No,No,Fiber Optic
2251-PYLPB,m,34,Yes,0,Yes,Yes,Yes,Yes,Yes,No,Yes,Yes,Cable
2252-ISRNH,M,22,Yes,3,Yes,No,No,Yes,No,Yes,No,No,Fiber
2252-JHJGE,m,24,No,0,No,Yes,No,Yes,No,Yes,Yes,Yes,Optic
2252-NKNSI,m,63,No,0,No,Yes,Yes,No,Yes,Yes,Yes,Yes,DSL 
2253-KPMNB,f,29,Yes,2,Yes,Yes,Yes,Yes,Yes,No,No,No,DSL 
2254-DLXRI,Female,33,No,0,No,No,Yes,No,No,No,No,No,Fiber
2256-YLYLP,male,45,Yes,1,NA,No,No,Yes,Yes,Yes,Yes,Yes,DSL
2257-BOVXD,male,48,Yes,0,Yes,No,No,No,Yes,Yes,No,No,DSL 
2259-OUUSZ,male,28,No,0,NA,No,No,Yes,Yes,No,No,No,DSL 
2260-USTRB,Female,75,No,0,No,No,No,No,No,No,No,No,Fiber Optic
2262-SLNVK,female,53,No,0,No,No,No,No,No,No,No,No,Optic
2263-SFSQZ,m,46,Yes,2,Yes,No,No,No,No,No,No,No,None
2265-CYWIV,Female,68,Yes,0,Yes,Yes,No,No,No,Yes,Yes,No,Fiber Optic
2266-FUBDZ,male,19,NA,3,Yes,No,No,No,No,No,No,No,None
2266-SJNAT,F,21,Yes,0,Yes,No,Yes,Yes,Yes,Yes,Yes,Yes,Fiber
2267-FPIMA,m,27,Yes,0,Yes,Yes,Yes,No,No,No,Yes,Yes,Fiber Optic
2267-WTPYD,F,77,Yes,0,Yes,No,Yes,Yes,No,No,Yes,No,Fiber
2270-CHBFN,f,46,Yes,0,Yes,Yes,Yes,Yes,Yes,No,No,No,Fiber Optic
2272-JKMSI,female,42,Yes,3,Yes,No,Yes,Yes,Yes,Yes,Yes,Yes,Optic
2272-QAGFO,f,75,No,0,No,No,No,No,No,No,No,No,Fiber
2272-UOINI,female,44,No,0,NA,Yes,Yes,No,Yes,Yes,Yes,Yes,Cable
2272-WUSPA,f,48,Yes,0,Yes,Yes,Yes,Yes,No,Yes,Yes,Yes,Fiber
2273-QCKXA,male,39,No,0,NA,No,No,No,Yes,No,No,No,cable
2274-XUATA,male,78,Yes,0,Yes,Yes,Yes,Yes,Yes,Yes,Yes,Yes,Cable
2275-RBYQS,female,38,No,0,No,No,No,No,No,No,No,No,DSL 
2276-YDAVZ,Female,63,No,0,No,No,No,No,No,No,No,No,Fiber
2277-AXSDC,female,46,No,0,NA,No,No,No,No,No,No,No,None
2277-BKJKN,f,70,Yes,0,Yes,No,Yes,Yes,No,Yes,Yes,Yes,Fiber Optic
2277-DJJDL,Male,69,Yes,0,Yes,No,No,No,Yes,Yes,Yes,No,Fiber Optic
2277-VWCNI,F,65,No,0,NA,No,No,No,No,No,No,No,DSL
2279-AXJJK,Male,27,Yes,0,Yes,No,Yes,No,Yes,No,Yes,Yes,Fiber Optic
2282-YGNOR,Female,42,No,0,No,Yes,No,Yes,Yes,No,No,No,DSL
2284-VFLKH,Male,23,Yes,0,Yes,No,No,Yes,Yes,Yes,Yes,Yes,Fiber
2292-XQWSV,m,19,Yes,2,Yes,No,Yes,Yes,Yes,Yes,Yes,Yes,DSL
2293-IJWPS,F,39,Yes,0,NA,No,No,Yes,No,Yes,Yes,Yes,Fiber Optic
2294-DMMUS,f,25,Yes,3,NA,No,No,No,No,Yes,Yes,Yes,DSL
2294-SALNE,M,51,Yes,0,Yes,No,Yes,Yes,Yes,No,No,No,Fiber Optic
2296-DKZFP,F,25,Yes,0,Yes,Yes,Yes,Yes,No,No,Yes,Yes,DSL
2300-RQGOI,female,33,No,0,No,No,No,No,No,No,No,No,None
2302-ANTDP,Female,76,Yes,0,Yes,Yes,Yes,Yes,Yes,Yes,Yes,No,Fiber Optic
2302-OUZXB,Male,62,Yes,0,Yes,No,Yes,Yes,No,Yes,Yes,Yes,DSL
2303-PJYHN,Female,27,Yes,0,Yes,No,No,No,No,No,No,No,None
2305-MRGLV,Male,31,Yes,0,Yes,No,No,No,Yes,No,No,No,Fiber
2307-FYNNL,male,67,No,0,No,Yes,No,Yes,Yes,Yes,Yes,Yes,Optic
2308-STERM,F,58,No,0,NA,No,No,No,No,No,No,No,None
2309-OSFEU,M,42,No,0,No,No,No,No,No,No,Yes,Yes,DSL
2311-QYMUQ,female,41,Yes,0,NA,No,Yes,Yes,No,Yes,No,No,Fiber Optic
2314-TNDJQ,F,28,Yes,3,NA,Yes,Yes,Yes,Yes,No,Yes,Yes,Cable
2316-ESMLS,F,54,Yes,0,Yes,Yes,No,No,Yes,No,No,No,DSL 
2320-JRSDE,female,33,Yes,1,NA,No,No,No,No,No,No,No,None
2320-SLKMB,f,46,No,0,NA,No,No,Yes,Yes,Yes,No,No,cable
2320-TZRRH,female,38,No,0,No,No,No,No,No,No,No,No,None
2320-YKQBO,Female,51,No,0,No,No,No,No,No,No,No,No,None
2321-OMBXY,female,55,Yes,0,Yes,Yes,Yes,No,Yes,Yes,Yes,Yes,DSL 
2322-VCZHZ,male,70,Yes,0,Yes,Yes,Yes,No,No,No,Yes,No,Optic
2323-ARSVR,male,51,Yes,0,Yes,Yes,Yes,Yes,Yes,Yes,Yes,Yes,Optic
2324-AALNO,f,63,No,0,NA,No,No,No,No,No,No,No,None
2324-EFHVG,m,37,No,0,NA,No,Yes,Yes,No,Yes,Yes,Yes,Optic
2325-NBPZG,F,20,NA,0,No,Yes,No,No,No,No,No,No,Fiber
2325-WINES,female,44,No,0,No,No,Yes,Yes,No,Yes,Yes,Yes,Fiber
2325-ZUSFD,female,46,Yes,0,Yes,Yes,No,No,No,Yes,Yes,Yes,DSL
2330-PQGDQ,male,36,Yes,3,Yes,No,Yes,No,Yes,No,No,No,Fiber Optic
2332-EFBJY,Male,35,No,0,No,No,No,No,No,No,No,No,None
2332-TODQS,f,44,No,0,No,No,No,No,No,No,No,No,None
2333-KWEWW,M,64,No,0,No,No,No,No,No,No,No,No,None
2335-GSODA,Male,36,No,3,No,Yes,No,Yes,Yes,No,No,No,DSL
2338-BQEZT,F,38,No,0,No,Yes,No,No,No,No,No,No,DSL 
2342-CKIAO,F,39,No,0,NA,No,No,No,No,No,No,No,None
2344-JMOGN,Male,54,Yes,0,NA,No,Yes,Yes,Yes,Yes,No,No,Fiber
2346-CZYIL,m,42,No,0,NA,No,No,No,No,No,No,No,None
2346-DJQTB,female,54,No,0,No,No,No,No,No,No,No,No,DSL 
2346-LOCWC,f,52,Yes,2,Yes,No,No,No,No,No,No,No,None
2347-WKKAE,M,52,Yes,0,Yes,Yes,No,Yes,No,No,Yes,Yes,Fiber Optic
2348-KCJLT,F,60,Yes,0,Yes,Yes,Yes,Yes,No,No,No,No,cable
2351-BKRZW,f,30,Yes,1,Yes,Yes,No,Yes,No,Yes,Yes,Yes,Cable
2351-RRBUE,F,20,Yes,0,NA,No,No,No,No,No,No,No,None
2357-COQEK,female,79,No,0,No,No,No,Yes,Yes,Yes,Yes,No,Optic
2359-KLTEK,Female,25,Yes,3,Yes,No,No,Yes,No,Yes,Yes,Yes,Fiber
2359-KMGLI,M,52,No,0,No,No,Yes,No,No,No,No,No,Fiber
2359-QWQUL,F,35,Yes,0,Yes,Yes,No,Yes,Yes,Yes,Yes,Yes,Fiber Optic
2360-RDGRO,m,48,Yes,0,NA,Yes,No,Yes,No,Yes,Yes,Yes,Fiber Optic
2361-FJWNO,Male,55,No,0,No,No,Yes,No,Yes,No,No,No,Cable
2361-UPSND,F,45,Yes,0,Yes,Yes,Yes,No,Yes,No,Yes,Yes,DSL
2362-IBOOY,m,22,No,0,No,No,No,No,No,No,Yes,Yes,Fiber
2363-BJLSL,male,49,No,0,No,No,Yes,Yes,Yes,Yes,Yes,Yes,DSL 
2364-UFROM,male,47,No,0,No,Yes,Yes,No,Yes,Yes,No,No,Cable
2368-GAKKQ,f,28,No,0,NA,Yes,Yes,Yes,Yes,Yes,Yes,Yes,Fiber Optic
2369-FEVNO,Male,36,No,0,No,No,No,No,No,No,No,No,None
2369-UAPKZ,m,43,No,0,No,No,Yes,Yes,No,Yes,Yes,Yes,Fiber Optic
2371-JQHZZ,m,54,Yes,0,Yes,No,No,No,No,Yes,Yes,Yes,Fiber
2371-JUNGC,Male,46,No,0,No,No,No,No,No,No,No,No,None
2371-KFUOG,Male,54,No,0,No,Yes,Yes,No,No,Yes,Yes,Yes,Fiber Optic
2372-HWUHI,m,45,No,0,No,No,No,No,No,No,No,No,DSL
2373-NTKOD,male,40,No,0,No,No,No,No,No,Yes,Yes,Yes,cable
2378-HTWFW,male,78,No,0,No,Yes,No,No,No,No,Yes,No,Optic
2378-VTKDH,m,76,Yes,0,NA,No,Yes,Yes,No,Yes,Yes,No,Fiber
2378-YIZKA,Female,61,Yes,1,Yes,Yes,Yes,Yes,Yes,Yes,Yes,Yes,DSL
2379-ENZGV,M,61,No,0,No,No,Yes,No,No,Yes,No,No,Fiber
2379-GYFLQ,m,31,No,0,No,No,Yes,Yes,No,Yes,No,No,Fiber Optic
2380-DAMQP,f,63,Yes,0,Yes,Yes,Yes,Yes,Yes,Yes,Yes,Yes,Optic
2382-BCKQJ,female,41,No,0,No,No,No,Yes,No,Yes,Yes,Yes,Fiber Optic
2384-OVPSA,female,65,No,0,No,No,No,No,No,No,No,No,None
2386-LAHRK,male,22,No,0,No,No,No,No,No,Yes,No,No,DSL 
2386-OWURY,F,20,No,0,No,No,No,No,Yes,Yes,Yes,Yes,Optic
2387-KDZQY,m,46,No,0,No,No,No,No,No,No,No,No,None
2388-LAESQ,female,74,Yes,0,Yes,Yes,Yes,Yes,Yes,Yes,Yes,No,Fiber Optic
2391-IPLOP,M,25,Yes,0,NA,No,No,Yes,Yes,Yes,No,No,cable
2391-SOORI,Male,40,No,1,No,Yes,No,No,No,No,No,No,DSL 
2393-DIVAI,Female,40,No,0,No,No,No,No,No,No,No,No,None
2397-BRLOM,male,67,Yes,0,Yes,No,No,No,No,Yes,No,No,Fiber
2398-YPMUR,female,77,Yes,0,Yes,No,No,No,No,No,No,No,Fiber
2400-FEQME,m,57,Yes,3,Yes,No,No,No,No,No,No,No,None
2400-XIWIO,f,30,Yes,0,Yes,Yes,Yes,Yes,Yes,Yes,Yes,Yes,Cable
2402-TAIRZ,F,48,No,0,No,No,Yes,Yes,No,No,No,No,Fiber
2403-BCASL,Male,66,Yes,0,Yes,No,Yes,Yes,Yes,Yes,Yes,No,cable
2404-JIBFC,f,37,Yes,3,NA,Yes,No,Yes,Yes,Yes,Yes,Yes,DSL
2405-LBMUW,Female,25,Yes,1,Yes,Yes,Yes,No,Yes,No,Yes,Yes,DSL 
2408-PSJVE,m,41,Yes,3,Yes,No,Yes,Yes,Yes,No,No,No,DSL 
2408-TZMJL,m,43,Yes,0,Yes,Yes,Yes,Yes,No,Yes,Yes,Yes,Fiber
2408-WITXK,female,67,No,0,No,No,No,No,No,No,Yes,No,DSL
2410-CIYFZ,M,42,No,2,NA,No,No,No,No,No,No,No,None
2418-TPEUN,female,58,Yes,1,NA,No,No,No,No,No,No,No,None
2419-FSORS,Male,29,Yes,0,Yes,No,Yes,Yes,Yes,Yes,Yes,Yes,Optic
2424-WVHPL,M,79,No,0,No,No,No,No,Yes,No,No,No,Fiber
2428-HYUNX,male,74,Yes,0,NA,No,No,No,No,No,No,No,None
2428-ZMCTB,Male,24,No,0,NA,No,No,No,No,No,No,No,None
2429-AYKKO,m,52,No,0,No,No,No,No,No,No,No,No,None
2430-RRYUW,M,32,No,0,No,Yes,Yes,No,No,No,No,No,DSL
2430-USGXP,male,44,Yes,0,Yes,No,No,Yes,No,Yes,Yes,Yes,Fiber Optic
2432-TFSMK,m,43,No,0,No,No,No,Yes,No,Yes,No,No,Optic
2433-KMEAS,male,62,No,0,NA,Yes,No,No,No,No,No,No,DSL
2434-EEVDB,f,45,Yes,0,Yes,Yes,No,Yes,No,Yes,No,No,Fiber
2436-QBZFP,female,53,NA,1,Yes,No,Yes,No,No,Yes,No,No,DSL
2439-LYPMQ,Male,79,Yes,0,Yes,No,Yes,Yes,No,Yes,Yes,No,Fiber Optic
2439-QKJUL,Male,31,No,0,No,No,No,No,No,No,No,No,None
2446-BEGGB,F,79,No,0,No,No,Yes,No,No,Yes,Yes,Yes,Fiber Optic
2446-PLQVO,M,32,No,0,No,No,No,No,No,No,No,No,Fiber
2446-ZKVAF,M,19,Yes,0,Yes,No,Yes,No,No,No,No,No,DSL 
2450-ZKEED,f,33,No,0,No,No,No,Yes,Yes,No,No,No,DSL
2451-YMUXS,Male,79,No,0,No,Yes,Yes,No,Yes,No,No,No,DSL
2452-KDRRH,Male,76,No,0,No,No,No,Yes,No,Yes,Yes,No,Optic
2452-MRMZF,Female,70,Yes,0,Yes,No,No,No,No,No,No,No,None
2452-SNHFZ,F,19,No,0,NA,Yes,No,No,No,No,No,No,Fiber
2453-SAFNS,f,68,No,0,NA,No,Yes,No,Yes,Yes,No,No,Cable
2454-RPBRZ,f,67,Yes,0,NA,No,Yes,Yes,No,Yes,No,No,Optic
2455-USLMV,f,30,No,0,No,Yes,No,Yes,No,No,No,No,Fiber Optic
2458-EOMRE,female,19,No,0,No,Yes,No,Yes,No,No,Yes,Yes,DSL
2460-FPSYH,f,72,No,0,No,Yes,Yes,No,No,Yes,Yes,Yes,cable
2460-NGXBJ,m,65,Yes,1,NA,No,No,No,No,No,No,No,Fiber Optic
2462-XIIJB,m,33,No,0,No,No,No,Yes,No,Yes,No,No,Fiber Optic
2465-BLLEU,M,31,No,0,No,No,No,No,No,No,No,No,None
2466-FCCPT,female,50,Yes,3,Yes,No,No,No,No,No,No,No,None
2466-NEJOJ,m,58,Yes,3,Yes,No,No,No,No,No,No,No,None
2468-SJFLM,m,37,No,0,No,No,No,No,Yes,No,No,No,Optic
2469-DTSGX,female,72,No,0,No,No,Yes,Yes,Yes,Yes,Yes,No,Optic
2472-OVKUP,Male,39,Yes,2,Yes,No,Yes,Yes,No,No,Yes,Yes,Fiber
2474-BRUCM,Male,76,Yes,0,NA,Yes,No,No,No,Yes,Yes,No,Fiber Optic
2474-LCNUE,female,20,Yes,0,NA,No,No,No,Yes,Yes,Yes,Yes,Cable
2475-MROZF,M,36,No,0,No,Yes,Yes,Yes,Yes,No,No,No,Fiber Optic
2476-YGEFM,F,24,No,0,No,No,No,No,No,No,No,No,Optic
2478-EEWWM,male,21,Yes,0,Yes,No,No,No,No,Yes,Yes,Yes,DSL 
2479-BRAMR,M,74,Yes,0,Yes,Yes,No,Yes,No,No,No,No,Optic
2480-EJWYP,female,66,Yes,0,NA,No,Yes,No,No,Yes,Yes,No,Optic
2480-JZOSN,female,64,Yes,0,Yes,No,No,No,No,No,No,No,None
2480-SQIOB,Male,40,Yes,2,NA,No,No,No,No,No,No,No,DSL 
2481-SBOYW,f,62,No,1,NA,No,No,No,No,No,No,No,None
2482-CZGBB,Male,41,No,0,No,No,No,No,No,No,No,No,Fiber
2483-XSSMZ,female,22,No,0,NA,Yes,No,No,No,No,No,No,DSL 
2484-DGXPZ,f,45,Yes,0,Yes,No,No,No,No,No,No,No,None
2485-ITVKB,f,36,Yes,0,NA,No,No,No,No,No,Yes,Yes,DSL
2486-WYVVE,male,47,Yes,0,NA,No,No,Yes,Yes,Yes,Yes,Yes,DSL
2495-INZWQ,m,44,No,0,NA,No,No,No,No,Yes,Yes,Yes,Cable
2495-KZNFB,F,26,No,0,No,Yes,No,No,No,No,Yes,Yes,Fiber Optic
2495-TTHBQ,female,52,No,1,No,No,No,No,No,No,No,No,None
2498-XLDZR,F,26,Yes,1,Yes,Yes,Yes,Yes,Yes,No,Yes,Yes,DSL 
2499-AJYUA,f,69,Yes,0,Yes,No,Yes,Yes,Yes,Yes,Yes,No,Optic
2501-XWWTZ,m,51,No,0,No,No,No,No,No,No,No,No,Fiber
2504-DSHIH,male,66,Yes,0,Yes,No,No,No,No,No,Yes,Yes,Optic
2506-CLAKW,F,20,No,0,NA,Yes,Yes,Yes,Yes,No,Yes,Yes,Fiber
2506-TNFCO,f,76,Yes,0,Yes,No,No,No,No,No,No,No,Fiber
2507-QZPQS,Male,24,NA,0,No,No,Yes,No,Yes,No,Yes,Yes,Optic
2509-TFPJU,M,62,Yes,0,Yes,No,No,No,No,No,No,No,None
2511-ALLCS,female,38,Yes,3,Yes,No,No,No,No,No,No,No,None
2511-MORQY,male,46,Yes,0,Yes,No,No,Yes,No,No,No,No,DSL
2514-GINMM,M,60,No,0,No,No,No,No,No,Yes,No,No,Optic
2516-VQRRV,female,77,No,0,No,No,No,No,No,No,No,No,Optic
2516-XSJKX,Female,20,Yes,2,NA,Yes,Yes,No,Yes,Yes,Yes,Yes,DSL 
2519-ERQOJ,male,74,No,0,No,No,No,Yes,Yes,Yes,Yes,No,cable
2519-FAKOD,M,30,No,0,No,No,No,Yes,No,Yes,Yes,Yes,Fiber Optic
2519-LBNQL,m,80,Yes,0,NA,No,Yes,Yes,No,Yes,Yes,Yes,Fiber
2519-TWKFS,Male,34,Yes,1,Yes,No,No,No,Yes,No,No,No,DSL
2520-SGTTA,female,23,Yes,3,Yes,No,No,No,No,No,No,No,None
2521-NPUZR,M,26,Yes,0,Yes,Yes,Yes,Yes,Yes,No,Yes,Yes,Fiber
2522-AHJXR,Male,36,Yes,0,Yes,Yes,No,Yes,Yes,Yes,Yes,Yes,Fiber
2522-WLNSF,Female,74,Yes,0,Yes,No,No,Yes,Yes,Yes,No,No,Cable
2523-EWWZL,F,26,Yes,0,Yes,No,Yes,No,No,No,No,No,Optic
2525-GVKQU,F,60,No,0,No,No,No,No,No,No,No,No,None
2528-HFYZX,m,66,Yes,0,Yes,No,Yes,No,No,No,No,No,Fiber
2530-ENDWQ,F,55,Yes,0,Yes,No,No,No,No,Yes,Yes,Yes,Optic
2530-FMFXO,m,38,Yes,1,NA,No,No,Yes,Yes,Yes,Yes,Yes,Fiber
2533-QVMSK,M,46,Yes,0,Yes,No,Yes,No,Yes,Yes,No,No,Fiber Optic
2533-TIBIX,Male,59,Yes,2,Yes,Yes,No,No,No,No,No,No,Cable
2535-PBCGC,f,21,Yes,0,Yes,Yes,Yes,Yes,Yes,Yes,Yes,Yes,Cable
2538-OIMXF,female,29,No,1,No,No,No,No,No,No,No,No,Cable
2541-YGPKE,Male,29,Yes,3,Yes,Yes,No,No,Yes,No,Yes,Yes,DSL 
2542-HYGIQ,f,58,No,0,No,No,No,No,No,No,No,No,None
2545-EBUPK,F,70,No,0,NA,No,No,No,No,No,Yes,No,Fiber
2545-LXYVJ,m,19,Yes,0,Yes,No,No,No,No,No,No,No,None
2546-KZAAT,M,28,NA,0,Yes,Yes,Yes,No,No,Yes,Yes,Yes,DSL 
2550-AEVRU,F,33,Yes,2,Yes,Yes,Yes,No,No,No,No,No,DSL
2550-QHZGP,male,48,No,0,No,No,No,No,No,No,No,No,None
2558-BUOZZ,male,51,NA,0,No,Yes,Yes,No,No,Yes,No,No,Fiber Optic
2560-PPCHE,f,22,No,0,No,No,Yes,No,Yes,Yes,Yes,Yes,Optic
2560-QTSBS,f,26,Yes,2,NA,No,No,No,No,No,No,No,None
2560-WBWXF,M,45,No,0,NA,No,No,No,No,No,No,No,None
2565-JSLRY,male,21,No,0,No,No,No,No,No,No,No,No,None
2568-BRGYX,m,43,No,0,No,No,No,No,No,No,No,No,Optic
2568-OIADY,female,26,Yes,0,Yes,No,No,Yes,No,Yes,Yes,Yes,Fiber Optic
2569-WGERO,female,30,No,0,No,No,No,No,No,No,No,No,None
2573-GYRUU,m,65,Yes,0,Yes,No,No,Yes,No,No,Yes,Yes,Optic
2575-GFSOE,female,25,Yes,0,Yes,No,No,No,No,No,No,Yes,Optic
2576-HXMPA,F,30,No,0,No,No,No,No,No,No,No,No,None
2577-GVSIL,M,61,Yes,0,Yes,No,No,No,Yes,Yes,Yes,Yes,DSL 
2578-JQPHZ,M,30,No,0,No,No,No,Yes,Yes,Yes,Yes,Yes,Fiber
2580-ASVVY,f,23,Yes,0,Yes,Yes,No,No,Yes,Yes,No,No,DSL 
2580-ATZSQ,Female,55,Yes,2,Yes,Yes,Yes,Yes,No,No,No,No,DSL 
2581-VKIRT,f,57,Yes,0,Yes,Yes,Yes,No,Yes,No,No,No,Cable
2582-FFFZR,f,34,No,0,No,No,No,Yes,No,Yes,Yes,Yes,DSL 
2585-KTFRE,male,61,No,1,NA,Yes,Yes,No,Yes,No,Yes,Yes,cable
2586-CWXVV,m,45,Yes,0,Yes,No,Yes,No,No,No,No,No,cable
2587-EKXTS,M,48,No,0,No,Yes,Yes,Yes,No,Yes,Yes,Yes,Fiber Optic
2587-YNLES,Female,52,Yes,1,Yes,No,No,No,No,No,No,No,None
2589-AYCRP,Female,63,No,0,No,No,No,No,No,No,No,No,None
2592-HODOV,Male,44,No,0,No,No,No,No,No,No,No,No,None
2592-SEIFQ,m,36,No,0,NA,No,No,No,No,No,No,No,DSL 
2592-YKDIF,F,47,No,0,No,No,No,No,No,No,No,No,None
2595-KIWPV,M,48,No,1,No,No,No,No,No,No,No,No,None
2599-CIPQE,M,36,Yes,3,NA,Yes,Yes,Yes,Yes,Yes,Yes,Yes,Fiber
2599-CZABP,Male,57,Yes,0,Yes,No,No,No,No,No,No,No,DSL
2603-HVKCG,Male,20,No,0,No,No,Yes,Yes,No,Yes,Yes,Yes,Optic
2604-IJPDU,F,32,Yes,0,Yes,Yes,Yes,No,Yes,Yes,No,No,Fiber
2604-XVDAM,f,54,No,0,No,No,No,No,No,No,No,No,DSL 
2606-PKWJB,Male,62,No,3,No,Yes,Yes,No,Yes,No,No,No,Cable
2606-RMDHZ,Male,47,No,0,No,No,Yes,No,No,No,No,No,DSL 
2607-DHDAK,male,54,Yes,2,Yes,No,No,No,No,No,No,No,None
2607-FBDFF,m,32,No,0,NA,No,No,No,Yes,No,No,No,DSL 
2608-BHKFN,F,46,No,0,No,No,No,No,No,No,No,No,Fiber
2609-IAICY,F,32,No,0,No,No,No,No,No,No,No,No,Fiber Optic
2612-PHGOX,Male,47,NA,0,Yes,No,Yes,Yes,Yes,Yes,No,No,cable
2612-RANWT,female,24,No,0,No,No,No,Yes,No,Yes,Yes,Yes,Fiber Optic
2612-RRIDN,Male,25,No,0,NA,No,No,No,No,Yes,No,Yes,Fiber
2615-YVMYX,Male,68,Yes,0,Yes,Yes,Yes,Yes,No,Yes,Yes,No,Fiber Optic
2616-FLVQC,m,42,No,0,No,No,No,No,No,No,No,No,None
2616-UUTFK,m,54,Yes,0,Yes,Yes,Yes,Yes,No,Yes,No,No,DSL
2619-WFQWU,F,34,No,0,No,No,No,No,No,No,No,No,Fiber
2621-UDNLU,Female,35,Yes,0,Yes,No,No,No,No,No,No,No,None
2623-DRYAM,Female,19,Yes,0,Yes,No,No,Yes,No,Yes,Yes,Yes,Fiber Optic
2625-TRCZQ,female,21,Yes,0,NA,No,Yes,No,No,Yes,Yes,Yes,DSL 
2626-URJFX,male,55,Yes,3,Yes,No,No,No,No,No,No,No,DSL 
2626-VEEWG,Male,48,Yes,2,Yes,No,No,No,No,No,No,No,None
2632-IVXVF,f,40,Yes,3,Yes,Yes,No,Yes,Yes,Yes,Yes,Yes,Fiber
2632-TACXW,Female,49,Yes,0,Yes,No,No,No,No,No,No,No,None
2632-UCGVD,M,71,Yes,0,Yes,No,No,No,Yes,Yes,Yes,No,Optic
2634-HCZGT,Male,71,Yes,0,NA,Yes,No,No,Yes,No,No,No,cable
2636-ALXXZ,female,68,No,0,No,No,No,No,No,No,No,No,Optic
2636-OHFMN,Male,26,Yes,0,Yes,No,Yes,No,No,Yes,Yes,Yes,DSL 
2636-SJDOU,male,34,No,0,No,Yes,Yes,No,No,No,No,No,Fiber Optic
2637-FKFSY,Female,61,Yes,0,Yes,No,No,No,No,No,No,No,DSL 
2639-UGMAZ,M,73,No,0,No,Yes,Yes,No,No,Yes,Yes,Yes,DSL
2640-LYMOV,male,59,No,0,No,No,No,No,No,No,No,No,None
2640-PMGFL,m,35,No,0,No,No,No,No,Yes,No,No,No,Optic
2642-DTVCO,male,68,No,0,No,No,No,No,No,No,Yes,No,Fiber
2642-MAWLJ,female,26,Yes,2,Yes,No,No,No,No,No,No,No,None
2645-QTLMB,M,22,No,0,No,No,Yes,No,No,Yes,Yes,Yes,Fiber Optic
2649-HWLYB,m,45,Yes,0,Yes,Yes,No,Yes,Yes,No,Yes,Yes,DSL
2650-GYRYL,male,25,Yes,1,Yes,No,No,No,No,No,No,No,None
2651-ZCBXV,M,49,NA,0,No,Yes,Yes,No,Yes,Yes,Yes,Yes,Fiber Optic
2654-VBVPB,female,22,No,0,NA,No,No,No,No,No,No,No,None
2656-FMOKZ,Female,70,No,2,No,No,No,No,No,No,No,No,Fiber Optic
2656-TABEH,m,57,Yes,0,Yes,No,Yes,No,No,Yes,Yes,Yes,Optic
2657-ALMWY,F,65,Yes,0,NA,No,Yes,No,No,No,Yes,Yes,Fiber Optic
2657-VPXTA,female,45,Yes,3,Yes,No,No,No,No,Yes,Yes,Yes,Fiber
2659-VXMWZ,m,58,Yes,0,Yes,Yes,Yes,Yes,No,Yes,Yes,Yes,Fiber
2660-EMUBI,Male,71,No,0,NA,No,No,No,No,Yes,Yes,No,Optic
2661-GKBTK,M,39,Yes,3,NA,No,Yes,No,Yes,Yes,Yes,Yes,DSL
2662-NNTDK,m,50,No,0,No,No,No,No,No,No,No,No,None
2664-XJZNO,male,43,Yes,3,Yes,Yes,No,Yes,Yes,Yes,Yes,Yes,Optic
2665-NPTGL,F,79,Yes,0,Yes,No,No,Yes,No,Yes,Yes,No,Fiber
2667-WYLWJ,Female,44,Yes,0,Yes,No,No,No,No,No,No,No,None
2668-TZSPS,m,32,No,0,No,No,No,No,No,No,No,No,None
2669-OIDSD,Female,58,Yes,0,Yes,No,No,Yes,Yes,Yes,Yes,Yes,Optic
2669-QVCRG,f,32,No,0,No,Yes,No,No,No,No,No,No,Fiber Optic
2672-DZUOY,male,46,No,0,No,No,No,No,No,No,No,No,DSL
2672-HUYVI,F,53,No,0,No,No,No,No,No,Yes,Yes,Yes,Fiber Optic
2672-OJQZP,f,35,No,0,No,No,No,No,No,No,No,No,Cable
2672-TGEFF,female,33,Yes,2,Yes,No,Yes,No,No,Yes,No,No,Fiber
2673-CXQEU,f,73,No,0,NA,Yes,Yes,Yes,No,Yes,Yes,No,Fiber
2673-ZALNP,F,29,No,0,No,No,No,No,No,No,No,No,None
2674-MIAHT,female,26,No,0,No,No,Yes,No,No,No,No,No,Fiber
2674-MLXMN,Female,73,No,0,No,No,Yes,No,No,Yes,Yes,No,Fiber
2675-DHUTR,male,80,Yes,0,Yes,No,Yes,No,No,Yes,Yes,No,Optic
2675-IJRGJ,male,62,No,0,No,No,No,No,No,No,No,No,None
2675-OTVVJ,male,76,Yes,0,Yes,Yes,No,No,No,Yes,No,No,Fiber
2676-ISHSF,male,22,No,0,No,No,No,No,No,No,No,No,None
2676-OXPPQ,Male,22,No,0,No,Yes,Yes,No,No,No,No,No,DSL
2676-SSLTO,m,49,No,0,No,No,No,No,Yes,Yes,No,No,DSL
2680-XKKNJ,f,60,No,0,NA,Yes,Yes,No,Yes,No,No,No,DSL 
2682-KEVRP,f,65,No,0,No,No,No,No,No,No,No,No,None
2683-BPJSO,male,37,Yes,0,Yes,Yes,Yes,No,No,No,No,No,Fiber
2683-JXWQQ,male,24,Yes,1,NA,Yes,No,Yes,No,No,No,No,DSL 
2684-EIWEO,f,69,No,0,NA,Yes,Yes,Yes,No,No,No,No,Optic
2685-SREOM,female,36,Yes,0,Yes,No,No,Yes,No,No,Yes,Yes,Fiber
2688-BHGOG,male,73,No,0,No,No,No,No,No,No,Yes,No,Optic
2690-DVRVK,M,27,Yes,2,NA,No,No,No,No,No,No,No,None
2691-NZETQ,M,28,No,0,No,No,No,No,No,Yes,No,No,Fiber Optic
2692-AQCPF,female,32,Yes,0,Yes,No,Yes,Yes,Yes,Yes,Yes,Yes,Fiber Optic
2692-BUCFV,male,79,No,0,No,No,Yes,Yes,No,Yes,Yes,No,Optic
2692-PFYTJ,Female,23,No,0,No,No,No,No,No,No,No,No,None
2694-CIUMO,female,47,No,0,No,No,No,No,Yes,No,No,No,Optic
2696-ECXKC,F,34,Yes,1,NA,Yes,No,No,No,Yes,Yes,Yes,Fiber Optic
2696-NARTR,M,40,No,0,NA,No,No,No,Yes,No,No,No,Fiber Optic
2696-RZVZW,male,19,Yes,0,NA,No,No,No,No,No,No,No,None
2697-NQBPF,m,51,No,0,No,No,Yes,No,Yes,Yes,Yes,Yes,Fiber
2700-LUEVA,M,49,No,0,No,No,No,No,No,No,No,No,None
2703-AMTUL,M,40,Yes,1,NA,Yes,Yes,No,No,No,No,No,Cable
2706-QZIHY,Female,35,Yes,0,Yes,No,No,No,No,No,No,No,None
2709-UQGNP,male,38,No,0,No,Yes,No,No,No,No,No,No,cable
2710-WYVXG,female,36,No,0,No,Yes,Yes,No,Yes,No,Yes,Yes,DSL 
2712-SYWAY,f,30,No,0,NA,No,No,No,No,No,No,No,None
2716-GFZOR,Male,48,Yes,0,Yes,Yes,Yes,Yes,No,No,No,No,Fiber
2717-HVIZY,female,24,No,2,No,No,No,No,No,No,No,No,None
2718-GAXQD,Female,68,Yes,3,Yes,No,No,No,No,No,No,No,Cable
2718-YSKCS,male,64,Yes,3,NA,No,No,No,No,No,No,No,None
2719-BDAQO,m,36,No,0,No,Yes,No,No,No,Yes,Yes,Yes,Optic
2720-FVBQP,F,28,Yes,1,Yes,No,No,No,No,No,No,No,Cable
2720-WGKHP,male,65,No,0,No,No,No,No,No,Yes,Yes,Yes,Fiber
2722-JMONI,female,73,Yes,0,Yes,Yes,No,No,No,No,No,No,Cable
2722-VOJQL,male,30,No,0,NA,No,Yes,No,Yes,Yes,Yes,Yes,Optic
2724-FJDYW,m,31,No,3,No,No,No,Yes,Yes,Yes,Yes,Yes,DSL 
2725-IWWBA,Male,52,Yes,2,Yes,Yes,No,Yes,Yes,No,No,No,DSL
2725-KXXWT,Male,26,Yes,0,Yes,No,No,No,No,Yes,Yes,Yes,Fiber Optic
2725-TTRIQ,female,45,Yes,3,NA,Yes,No,Yes,Yes,Yes,Yes,Yes,Cable
2729-VNVAP,f,35,Yes,1,Yes,No,No,No,No,No,No,No,None
2731-GJRDG,F,55,No,0,NA,Yes,No,Yes,Yes,Yes,Yes,Yes,Optic
2732-ISEZX,Female,44,No,0,No,No,No,No,No,No,No,No,None
2737-WFVYW,f,28,No,0,No,No,No,No,No,Yes,Yes,Yes,DSL 
2737-YNGYW,female,29,No,0,No,No,No,No,No,No,Yes,Yes,Optic
2739-CACDQ,F,79,No,0,No,No,No,Yes,No,No,No,No,Fiber Optic
2739-CCZMB,m,39,No,1,NA,No,No,No,No,No,No,No,None
2740-JFBOK,m,35,No,0,NA,No,No,No,No,No,No,No,None
2740-TVLFN,Male,42,No,0,No,No,No,No,No,No,No,No,DSL 
2746-DIJLO,Female,40,No,0,No,No,Yes,No,No,No,No,No,DSL 
2748-MYRVK,Female,22,No,0,No,No,Yes,No,No,Yes,Yes,Yes,Optic
2749-CTKAJ,male,37,Yes,0,NA,No,No,No,No,No,No,No,None
2750-BJLSB,female,32,No,0,No,Yes,No,Yes,Yes,Yes,Yes,Yes,Optic
2753-JMMCV,Male,41,No,0,NA,No,Yes,Yes,Yes,No,Yes,Yes,DSL 
2754-SDJRD,F,74,No,0,No,No,No,No,Yes,Yes,Yes,Yes,Fiber Optic
2754-VDLTR,M,54,No,0,No,No,No,No,No,Yes,Yes,Yes,Fiber Optic
2754-XBHTB,f,40,No,0,No,No,No,No,No,Yes,No,No,Fiber Optic
2758-RNWXS,m,60,No,0,No,Yes,No,No,Yes,No,Yes,Yes,Optic
2761-OCIAX,male,74,No,0,No,No,Yes,No,No,No,No,No,Fiber
2761-XECQW,Male,67,Yes,0,Yes,No,Yes,Yes,No,No,Yes,No,Cable
2770-NSVDG,male,25,Yes,0,Yes,No,No,Yes,No,No,No,No,DSL 
2773-MADBQ,f,46,No,0,No,Yes,Yes,Yes,Yes,No,Yes,Yes,cable
2773-OVBPK,m,60,Yes,0,NA,No,Yes,Yes,Yes,Yes,Yes,Yes,Optic
2774-LVQUS,F,65,Yes,0,Yes,No,No,Yes,Yes,No,No,No,Fiber
2775-SEFEE,m,56,No,1,No,Yes,Yes,No,Yes,No,No,No,DSL
2777-PHDEI,Female,20,No,0,NA,No,No,No,No,Yes,No,Yes,Fiber Optic
2778-OCLGR,m,75,Yes,0,NA,Yes,No,No,No,No,Yes,No,DSL
2782-JEEBU,male,39,No,0,NA,No,Yes,No,Yes,No,No,No,DSL
2782-LFZVW,F,52,No,0,No,No,No,No,No,No,Yes,Yes,cable
2786-GCDPI,female,75,No,0,No,No,No,Yes,Yes,Yes,Yes,No,Fiber
2788-CJQAQ,M,39,No,0,No,No,No,No,No,No,No,No,None
2789-CZANW,Female,49,Yes,1,Yes,Yes,Yes,No,Yes,Yes,Yes,Yes,Optic
2789-HQBOU,Male,60,No,0,No,No,No,No,No,No,Yes,Yes,Fiber
2790-XUYMV,male,19,NA,1,No,Yes,Yes,No,No,No,No,No,Fiber Optic
2791-SFVEW,female,63,No,0,No,No,No,No,No,No,No,No,None
2792-LSHWX,female,49,No,0,No,Yes,Yes,No,Yes,No,No,No,Fiber
2792-VPPET,Male,28,No,0,No,No,No,No,No,No,No,No,None
2794-XIMMO,M,61,Yes,0,Yes,No,Yes,Yes,Yes,Yes,Yes,Yes,DSL
2796-NNUFI,female,56,Yes,0,Yes,No,No,No,No,No,No,No,None
2796-UUZZO,M,30,Yes,2,NA,No,Yes,Yes,No,No,No,No,Optic
2798-NYLMZ,M,29,Yes,0,Yes,Yes,No,Yes,Yes,Yes,Yes,Yes,Fiber Optic
2799-ARNLO,f,67,Yes,0,Yes,No,No,No,No,No,No,No,Fiber Optic
2799-TSLAG,F,25,Yes,3,NA,No,No,No,No,No,No,No,None
2800-QQUSO,male,48,No,0,No,No,No,No,Yes,Yes,Yes,Yes,Fiber
2800-VEQXM,F,48,No,0,No,No,No,Yes,No,No,No,No,Fiber
2801-NISEI,Male,28,No,0,No,Yes,No,No,Yes,No,No,No,DSL 
2804-ETQDK,M,57,No,2,NA,No,No,No,No,No,No,No,None
2805-AUFQN,Female,42,No,0,No,No,No,No,No,No,No,No,None
2805-EDJPQ,female,45,Yes,0,Yes,No,Yes,Yes,Yes,No,Yes,Yes,Optic
2806-MLNTI,M,79,Yes,0,Yes,No,Yes,Yes,No,Yes,Yes,Yes,Fiber
2808-CHTDM,female,47,Yes,2,Yes,No,No,No,No,No,No,No,None
2809-ILCYT,female,56,Yes,0,Yes,No,No,No,No,No,No,No,None
2809-ZMYOQ,Female,33,No,0,No,No,No,Yes,No,Yes,Yes,Yes,Fiber Optic
2810-FTLEM,Female,21,No,0,No,Yes,No,No,No,No,No,No,DSL
2811-POVEX,female,74,Yes,3,Yes,No,Yes,Yes,No,No,Yes,No,Fiber
2812-ENYMO,Male,22,No,0,No,Yes,No,No,Yes,Yes,Yes,Yes,Cable
2812-REYAT,Female,56,Yes,0,NA,No,No,No,No,No,No,No,None
2812-SFXMJ,M,46,No,3,No,No,No,No,No,No,No,No,None
2815-CPTUL,male,68,No,0,No,No,No,No,No,No,No,No,Fiber Optic
2817-LVCPP,female,36,No,0,No,No,No,No,No,No,No,No,None
2817-NTQDO,Male,52,No,0,No,Yes,No,No,Yes,Yes,No,No,DSL 
2819-GWENI,Female,64,Yes,1,Yes,No,No,No,No,No,No,No,None
2821-WARNZ,f,25,No,1,NA,No,No,No,No,No,No,No,None
2823-LKABH,F,51,No,0,No,No,No,Yes,Yes,No,Yes,Yes,Fiber Optic
2824-DXNKN,f,26,Yes,1,Yes,Yes,No,Yes,No,Yes,No,Yes,Cable
2824-MYYBN,Female,43,Yes,2,Yes,No,No,No,No,Yes,Yes,Yes,Fiber Optic
2826-DXLQO,male,80,Yes,0,Yes,Yes,No,No,No,No,No,No,DSL
2826-UWHIS,Male,64,Yes,0,Yes,No,Yes,No,No,No,No,No,Fiber Optic
2828-SLQPF,male,53,No,0,No,No,No,No,No,No,No,No,DSL
2829-HYVZP,M,42,No,0,NA,No,No,No,No,No,No,No,None
2830-LEWOA,m,37,Yes,1,Yes,No,Yes,Yes,Yes,Yes,Yes,Yes,Fiber Optic
2831-EBWRN,m,46,No,0,No,No,No,No,No,No,No,No,cable
2832-KJCRD,female,22,No,0,NA,No,No,Yes,Yes,Yes,Yes,Yes,Optic
2832-SCUCO,female,52,No,0,No,No,No,No,No,No,No,No,None
2833-SLKDQ,m,23,No,0,No,No,No,No,No,No,No,Yes,Cable
2834-JKOOW,female,60,No,0,No,Yes,Yes,Yes,Yes,No,No,No,DSL 
2834-JRTUA,Male,30,No,0,No,Yes,No,Yes,Yes,Yes,Yes,Yes,Fiber
2834-SPCJV,Male,40,Yes,0,Yes,Yes,No,No,No,Yes,No,No,Fiber Optic
2839-RFSQE,Female,60,No,0,No,No,No,No,No,No,No,No,None
2840-XANRC,m,77,Yes,0,Yes,No,No,Yes,No,Yes,Yes,Yes,cable
2842-BCQGE,M,39,No,0,No,No,No,No,No,No,No,No,Optic
2842-JTCCU,M,27,No,0,No,No,No,No,No,No,No,Yes,Cable
2843-CQMEG,male,21,No,0,No,No,Yes,No,No,No,No,No,Cable
2845-AFFTX,m,78,Yes,0,NA,No,No,Yes,No,Yes,Yes,No,Optic
2845-HSJCY,F,49,Yes,0,Yes,No,No,Yes,No,No,Yes,Yes,Optic
2845-KDHVX,f,57,Yes,0,Yes,No,Yes,Yes,Yes,No,Yes,Yes,DSL
2848-YXSMW,male,38,Yes,0,Yes,No,No,No,No,No,No,No,None
2851-MMUTZ,F,29,No,0,No,No,Yes,No,Yes,No,No,No,cable
2851-STERV,male,79,No,0,No,No,No,Yes,Yes,Yes,Yes,No,DSL
2853-CWQFQ,m,20,No,1,No,No,No,No,Yes,No,Yes,Yes,cable
2856-HYAPG,F,62,No,0,No,No,No,No,No,No,No,No,Fiber
2856-NNASM,Male,74,No,0,No,No,No,No,No,Yes,Yes,Yes,Fiber Optic
2858-EIMXH,F,69,Yes,0,Yes,No,No,No,No,Yes,Yes,No,Optic
2858-MOFSQ,F,50,No,0,No,No,No,Yes,No,No,No,No,DSL
2860-RANUS,F,67,No,0,No,No,No,No,No,No,Yes,Yes,Fiber Optic
2862-JVEOY,Male,33,No,0,No,No,No,No,No,No,No,No,None
2862-PFNIK,M,47,No,3,No,No,No,No,No,No,No,No,Cable
2863-IMQDR,F,52,No,0,No,Yes,Yes,Yes,Yes,Yes,Yes,Yes,DSL
2865-TCHJW,F,74,No,0,No,No,No,Yes,No,Yes,No,No,cable
2866-IKBTM,f,57,No,0,No,No,No,No,No,No,No,No,None
2867-UIMSS,male,24,No,0,No,No,No,No,No,No,Yes,Yes,Fiber
2868-LLSKM,Female,50,Yes,2,Yes,No,Yes,No,Yes,No,No,No,Fiber
2868-MZAGQ,M,49,No,0,No,No,No,No,No,No,Yes,Yes,Fiber Optic
2868-SNELZ,female,54,No,0,NA,No,No,Yes,No,No,No,No,Fiber
2869-ADAWR,Female,41,No,0,NA,No,Yes,No,No,Yes,No,No,Fiber Optic
2873-ZLIWT,Female,64,Yes,0,NA,No,No,Yes,Yes,No,No,No,Optic
2874-YXVVA,f,38,No,0,No,No,Yes,Yes,Yes,Yes,Yes,Yes,Fiber
2876-GZYZC,Female,49,No,0,No,No,No,No,No,No,Yes,Yes,Fiber Optic
2876-VBBBL,female,64,No,0,No,No,No,No,No,No,No,No,None
2877-VDUER,female,36,Yes,1,Yes,No,No,No,Yes,Yes,No,No,DSL
2878-DHMIN,Male,63,Yes,2,Yes,No,No,No,No,No,No,No,None
2878-RMWXY,m,75,Yes,0,Yes,Yes,Yes,Yes,No,No,Yes,No,Fiber Optic
2880-FPNAE,Male,69,Yes,0,Yes,No,No,Yes,No,No,No,No,Fiber Optic
2882-DDZPG,F,27,No,0,NA,No,No,No,No,No,No,No,None
2882-WDTBA,M,64,Yes,0,Yes,Yes,Yes,Yes,Yes,Yes,No,No,Cable
2883-ILGWO,M,68,No,0,No,No,Yes,No,Yes,Yes,Yes,No,Optic
2884-GBPFB,f,61,Yes,0,NA,No,No,No,No,No,No,No,Optic
2885-HIJDH,male,47,Yes,3,NA,Yes,No,Yes,Yes,Yes,Yes,Yes,DSL
2886-KEFUM,female,50,Yes,0,Yes,No,Yes,Yes,No,Yes,Yes,Yes,Optic
2887-JPYLU,F,58,No,3,No,No,No,No,No,No,No,No,DSL 
2888-ADFAO,F,47,Yes,3,Yes,No,No,No,No,No,No,No,None
2889-FPWRM,M,31,Yes,0,NA,Yes,Yes,Yes,Yes,Yes,Yes,Yes,Optic
2890-WFBHU,female,26,No,0,No,Yes,Yes,Yes,Yes,No,Yes,Yes,DSL 
2892-GESUL,F,20,Yes,3,Yes,No,No,No,No,No,No,No,None
2894-QOJRX,female,19,Yes,0,Yes,No,No,No,No,Yes,No,No,Cable
2896-TBNBE,male,46,Yes,0,Yes,No,Yes,Yes,No,No,No,No,Optic
2897-DOVND,M,31,No,0,No,No,No,No,No,No,No,No,Optic
2898-LSJGD,f,30,Yes,0,Yes,Yes,No,Yes,No,Yes,Yes,Yes,cable
2898-MRKPI,m,36,Yes,1,NA,No,Yes,No,No,Yes,Yes,Yes,Fiber
2900-PHPLN,female,73,Yes,0,Yes,No,No,No,No,No,No,No,None
2903-YYTBW,M,48,Yes,2,Yes,No,No,No,No,No,No,No,DSL
2904-GGUAZ,f,24,Yes,0,Yes,Yes,Yes,No,No,No,No,Yes,Fiber
2905-KFQUV,Female,61,Yes,0,Yes,No,No,No,No,No,No,No,Fiber
2907-ILJBN,female,21,Yes,0,Yes,No,No,No,No,No,No,No,None
2908-WGAXL,Female,40,Yes,2,Yes,No,No,No,No,No,No,No,None
2908-ZTPNF,Female,41,No,0,No,No,Yes,No,Yes,No,No,No,Cable
2911-IJORQ,Male,42,No,0,No,Yes,Yes,Yes,Yes,Yes,Yes,Yes,DSL 
2911-UREFD,Female,50,Yes,0,Yes,Yes,No,Yes,No,Yes,Yes,Yes,DSL 
2911-WDXMV,M,29,No,3,No,No,No,Yes,No,No,No,No,Fiber Optic
2916-BQZLN,male,29,No,0,No,Yes,No,Yes,No,No,No,No,Optic
2919-HBCJO,F,36,No,0,NA,No,Yes,No,No,No,No,No,Fiber
2920-RNCEZ,m,46,Yes,1,Yes,No,No,No,No,No,No,No,Fiber Optic
2921-XWDJH,Female,76,Yes,0,Yes,Yes,No,No,No,No,Yes,No,Fiber
2923-ARZLG,m,38,Yes,2,Yes,No,No,No,No,No,No,No,None
2924-KHUVI,m,28,Yes,0,Yes,Yes,No,No,No,Yes,Yes,Yes,Optic
2925-MXLSX,F,37,No,0,No,No,Yes,Yes,No,Yes,No,No,DSL
2925-VDZHY,m,64,Yes,2,Yes,Yes,Yes,Yes,Yes,Yes,Yes,Yes,DSL
2926-JEJJC,female,26,No,0,NA,No,No,No,No,No,No,No,None
2927-CVULT,female,64,Yes,1,Yes,Yes,Yes,Yes,Yes,No,Yes,Yes,Fiber
2927-QRRQV,male,44,Yes,0,NA,No,Yes,Yes,No,Yes,No,No,Fiber Optic
2928-HLDBA,Female,31,No,0,No,No,No,No,No,No,No,No,None
2929-ERCFZ,Female,22,Yes,0,Yes,No,No,Yes,No,Yes,Yes,Yes,Fiber Optic
2929-QNSRW,F,21,Yes,0,Yes,No,Yes,No,No,Yes,Yes,Yes,Fiber Optic
2930-UOTMB,Female,29,No,0,No,Yes,No,Yes,Yes,No,No,No,cable
2931-FSOHN,M,76,No,0,No,No,Yes,No,No,Yes,No,No,DSL
2931-SVLTV,male,59,Yes,3,Yes,Yes,Yes,No,Yes,Yes,Yes,Yes,Fiber
2931-VUVJN,F,71,Yes,0,Yes,Yes,Yes,Yes,Yes,No,No,No,Fiber
2931-XIQBR,f,41,Yes,3,NA,No,No,Yes,Yes,Yes,Yes,Yes,Fiber Optic
2933-FILNV,female,53,Yes,3,NA,No,No,No,No,No,No,No,DSL
2933-XEUJM,F,56,No,0,No,Yes,No,Yes,No,Yes,Yes,Yes,DSL 
2937-FTHUR,Female,45,No,3,No,Yes,No,No,No,No,Yes,Yes,DSL 
2946-KIQSP,f,59,No,0,No,No,No,Yes,Yes,No,No,No,Cable
2947-DOMLJ,male,47,No,2,No,Yes,No,No,No,No,No,No,cable
2951-QOQTK,M,28,No,0,No,No,No,No,Yes,No,No,Yes,Optic
2952-QAYZF,male,30,No,0,No,No,Yes,Yes,No,No,No,No,Fiber
2954-PIBKO,Female,64,Yes,0,Yes,Yes,No,Yes,Yes,No,No,No,Cable
2955-BJZHG,Male,41,Yes,0,Yes,No,No,No,No,Yes,No,No,Optic
2955-PSXOE,female,48,NA,0,No,No,No,No,No,No,No,No,None
2956-GGUCQ,male,71,Yes,0,Yes,Yes,No,No,No,No,No,No,Optic
2957-JIRMN,Female,69,No,0,No,No,No,No,No,Yes,No,No,Fiber
2957-LOLHO,M,49,No,0,No,No,No,No,No,No,No,No,DSL
2958-NHPPS,male,45,No,0,NA,No,No,No,No,No,No,No,None
2959-EEXWB,Female,54,Yes,2,NA,Yes,No,No,No,Yes,Yes,Yes,DSL
2959-FENLU,Female,64,No,0,No,No,No,Yes,No,No,Yes,Yes,Optic
2959-MJHIC,male,60,Yes,0,Yes,No,No,No,No,Yes,No,No,Optic
2960-NKRSO,m,60,No,0,NA,No,Yes,Yes,Yes,No,No,No,Fiber Optic
2961-VNFKL,female,42,Yes,0,NA,No,No,No,No,No,No,No,None
2962-XPMCQ,m,56,No,0,No,No,No,No,No,No,No,No,DSL 
2967-MXRAV,male,29,Yes,0,NA,No,No,No,No,No,No,No,None
2968-SSGAA,Female,41,No,0,No,No,No,Yes,No,Yes,Yes,Yes,Fiber
2969-QWUBZ,f,53,No,0,NA,No,Yes,No,No,Yes,Yes,Yes,Cable
2969-VAPYH,Female,28,No,0,No,Yes,Yes,No,Yes,No,No,No,DSL 
2969-WGHQO,Female,39,Yes,3,Yes,Yes,Yes,Yes,No,Yes,No,No,DSL 
2971-SGAFL,Female,34,No,0,No,Yes,No,Yes,No,Yes,Yes,Yes,DSL
2972-YDYUW,Female,47,No,0,No,No,Yes,No,Yes,No,Yes,Yes,Optic
2974-GGUXS,f,74,Yes,0,NA,No,Yes,No,No,Yes,No,No,Fiber
2977-CEBSX,f,61,No,0,No,Yes,Yes,Yes,Yes,Yes,Yes,Yes,DSL
2978-XXSOG,f,33,No,0,No,Yes,No,No,Yes,No,No,No,DSL 
2979-SXESE,F,57,Yes,0,Yes,Yes,No,Yes,No,Yes,No,No,Cable
2982-IHMFT,Female,75,No,0,No,No,No,No,No,No,No,No,Fiber
2982-VPSGI,Female,64,Yes,0,Yes,No,No,No,No,Yes,Yes,Yes,Fiber
2983-ZANRP,f,27,Yes,0,NA,No,Yes,No,No,No,No,Yes,Fiber
2984-AFWNC,f,52,No,0,No,No,Yes,No,No,Yes,Yes,Yes,Optic
2984-MIIZL,m,51,No,0,No,No,No,Yes,No,No,No,No,Optic
2984-RGEYA,f,38,Yes,0,Yes,No,No,No,No,No,No,No,None
2984-TBYKU,M,38,Yes,3,Yes,Yes,Yes,Yes,Yes,No,Yes,Yes,Fiber
2985-FMWYF,F,46,No,0,No,No,No,No,No,Yes,Yes,Yes,Optic
2985-JUUBZ,Male,32,Yes,3,Yes,No,No,Yes,No,Yes,Yes,Yes,DSL
2987-BJXIK,F,44,No,0,NA,Yes,Yes,Yes,No,Yes,Yes,Yes,DSL
2988-GBIVW,f,68,Yes,0,Yes,Yes,No,No,No,No,Yes,Yes,Fiber Optic
2988-PLAHS,female,58,No,0,No,No,No,Yes,No,Yes,Yes,Yes,cable
2988-QRAJY,M,27,No,0,No,Yes,Yes,Yes,No,Yes,Yes,Yes,Fiber Optic
2990-HWIML,female,58,No,0,No,No,No,No,No,Yes,Yes,Yes,Optic
2990-IAJSV,M,55,No,0,No,Yes,Yes,Yes,Yes,Yes,Yes,Yes,cable
2990-OGYTD,Female,41,Yes,0,NA,No,Yes,Yes,Yes,Yes,Yes,Yes,DSL 
2995-UPRYS,female,74,Yes,0,Yes,No,Yes,No,Yes,Yes,Yes,Yes,Fiber
2995-YWTCD,F,20,Yes,1,Yes,No,No,No,No,No,No,No,None
2996-XAUVF,Male,25,No,0,NA,No,No,No,Yes,No,Yes,Yes,DSL 
2999-AANRQ,female,23,No,0,No,Yes,Yes,No,Yes,Yes,No,No,DSL
3001-CBHLQ,m,76,Yes,0,Yes,No,No,Yes,Yes,Yes,Yes,No,Fiber Optic
3001-UNBTL,Male,69,Yes,1,Yes,No,No,Yes,No,Yes,Yes,No,Fiber
3002-WQZWT,female,25,No,0,NA,No,No,No,No,No,No,No,Fiber Optic
3003-CMDUU,f,22,Yes,0,Yes,No,No,No,Yes,Yes,Yes,Yes,Fiber
3005-NFMTA,M,73,No,0,No,Yes,No,No,No,Yes,Yes,Yes,Optic
3005-TYFRD,female,54,Yes,0,Yes,No,Yes,Yes,No,Yes,Yes,Yes,Optic
3006-XIMLN,f,34,No,0,No,No,No,No,No,Yes,Yes,Yes,Fiber Optic
3007-FDPEA,female,28,No,0,NA,No,No,No,No,No,No,No,None
3009-JWMPU,male,58,No,0,No,No,No,Yes,No,Yes,Yes,Yes,Optic
3011-WQKSZ,male,41,No,3,No,No,No,No,No,No,No,No,None
3012-VFFMN,Female,61,Yes,1,NA,No,No,No,No,No,No,No,None
3014-WJKSM,Male,26,Yes,0,Yes,No,No,Yes,No,No,No,No,Fiber Optic
3016-KSVCP,Male,47,Yes,0,Yes,No,No,No,No,Yes,No,No,DSL
3018-TFTSU,male,44,No,0,No,Yes,No,Yes,No,No,No,No,Fiber Optic
3021-VLNRJ,F,25,No,2,NA,Yes,No,Yes,Yes,Yes,No,No,DSL
3022-BEXHZ,Male,19,Yes,1,Yes,No,Yes,Yes,Yes,Yes,Yes,Yes,Optic
3023-GFLBR,Female,63,Yes,0,Yes,No,No,No,No,No,Yes,Yes,Fiber Optic
3026-ATZYV,Female,32,Yes,2,NA,Yes,Yes,No,No,Yes,Yes,Yes,Cable
3027-YNWZU,Female,44,Yes,0,NA,No,No,No,No,No,No,No,None
3027-ZTDHO,M,21,No,0,NA,No,No,No,No,Yes,Yes,Yes,Fiber Optic
3030-YDNRM,male,64,No,0,NA,No,No,No,No,No,No,No,Fiber Optic
3030-YZADT,m,57,No,0,NA,No,No,No,No,No,No,No,DSL
3030-ZKIWL,male,23,No,0,No,No,No,No,No,No,No,No,None
3034-ZBEQN,Female,31,Yes,0,NA,No,Yes,Yes,No,No,No,No,DSL
3038-PQIUY,Female,39,No,0,No,Yes,Yes,Yes,No,No,No,No,DSL
3039-MJSLN,M,36,No,3,NA,No,No,No,No,No,No,No,None
3043-SUDUA,Female,35,No,0,NA,No,No,No,No,No,No,No,None
3043-TYBNO,male,43,No,0,No,No,No,No,Yes,No,Yes,Yes,DSL
3045-XETSH,f,34,No,0,No,No,Yes,Yes,No,No,Yes,Yes,Fiber Optic
3049-NDXFL,Female,30,No,0,No,No,No,No,No,No,Yes,Yes,Optic
3049-SOLAY,Female,21,Yes,0,Yes,No,No,No,No,Yes,Yes,Yes,Fiber Optic
3050-GBUSH,f,25,No,0,No,No,No,No,No,Yes,No,No,DSL
3050-RLLXC,f,51,Yes,2,Yes,Yes,Yes,Yes,Yes,Yes,No,No,Cable
3055-MJDSB,Male,24,No,0,No,No,No,No,No,No,No,No,DSL
3055-OYMSE,Female,75,No,0,No,No,Yes,No,No,No,No,No,Optic
3055-VTCGS,f,35,No,0,No,No,No,Yes,No,No,Yes,Yes,DSL 
3057-VJJQE,m,64,No,0,No,Yes,No,No,No,No,No,No,DSL 
3058-HJCUY,M,36,Yes,0,NA,No,No,Yes,Yes,Yes,Yes,Yes,Fiber Optic
3058-WQDRE,Male,37,No,0,No,No,No,No,No,No,No,No,Cable
3059-NGMXB,m,52,Yes,3,Yes,Yes,Yes,No,No,No,Yes,Yes,DSL
3061-BCKYI,m,27,No,0,No,No,No,No,No,No,No,No,None
3062-ICYZQ,Female,41,Yes,3,Yes,Yes,Yes,No,No,No,Yes,Yes,Fiber Optic
3063-QFSZL,female,37,No,0,NA,No,No,No,No,No,Yes,Yes,cable
3066-RRJIO,F,29,No,0,No,No,No,No,No,No,No,No,Fiber Optic
3067-SVMTC,Female,49,Yes,0,Yes,Yes,No,No,Yes,No,No,No,Cable
3068-OMWZA,m,77,No,0,No,No,No,Yes,No,Yes,No,No,Optic
3069-SSVSN,Female,50,No,0,No,No,No,No,No,No,No,No,DSL
3070-BDOQC,f,38,No,0,NA,No,Yes,Yes,No,Yes,Yes,Yes,Optic
3070-DVEYC,Male,78,No,0,NA,No,No,No,No,No,No,No,Optic
3070-FNFZQ,f,48,Yes,1,NA,No,No,No,No,No,No,No,None
3071-MVJCD,m,40,Yes,0,NA,Yes,Yes,Yes,Yes,Yes,No,No,cable
3071-VBYPO,m,38,Yes,2,Yes,Yes,Yes,No,No,Yes,No,No,Fiber Optic
3074-GQWYX,M,30,No,0,NA,No,No,No,No,No,No,No,Optic
3077-RSNTJ,Female,29,Yes,3,NA,No,No,No,No,No,No,No,None
3078-ZKNTS,f,45,Yes,1,Yes,No,No,No,No,No,No,No,None
3079-BCHLN,m,26,Yes,0,NA,No,No,No,No,No,No,No,None
3082-VQXNH,Male,62,Yes,0,Yes,No,Yes,No,No,No,No,No,DSL 
3082-WQRVY,m,73,Yes,0,Yes,No,No,No,No,No,No,No,None
3082-YVEKW,female,62,Yes,2,Yes,Yes,No,Yes,Yes,Yes,No,No,DSL
3084-DOWLE,female,47,Yes,0,Yes,Yes,Yes,Yes,Yes,Yes,Yes,Yes,DSL 
3085-QUOZK,F,55,No,0,No,No,No,No,No,No,No,No,cable
3086-RUCRN,F,33,No,0,No,Yes,Yes,Yes,Yes,No,Yes,Yes,Fiber Optic
3088-FVYWK,male,37,Yes,3,Yes,No,No,No,No,No,No,No,None
3088-LHEFH,f,28,No,0,NA,Yes,No,No,No,No,No,No,Optic
3090-HAWSU,m,44,No,0,No,Yes,No,Yes,Yes,Yes,Yes,Yes,Fiber
3090-LETTY,Male,54,No,2,No,Yes,Yes,No,No,No,No,No,DSL
3090-QFUVD,Female,48,No,0,No,No,No,No,No,No,No,No,None
3091-FYHKI,male,64,No,0,NA,No,No,No,No,No,Yes,Yes,DSL 
3092-IGHWF,Male,34,Yes,0,Yes,No,Yes,Yes,No,No,No,No,cable
3094-JOJAI,male,63,No,0,No,No,No,No,No,No,No,No,Fiber
3096-GKWEB,m,42,Yes,0,Yes,No,No,No,No,Yes,Yes,Yes,Fiber Optic
3096-IZETN,female,32,No,0,No,No,No,No,No,No,Yes,Yes,Optic
3096-JRDSO,female,73,Yes,0,Yes,Yes,No,No,Yes,Yes,Yes,No,Optic
3096-WPXBT,female,60,Yes,1,Yes,Yes,Yes,Yes,No,No,Yes,Yes,Optic
3096-YXENJ,f,25,Yes,0,Yes,No,Yes,Yes,Yes,Yes,Yes,Yes,Fiber
3097-FQTVJ,female,23,No,0,No,No,No,No,No,No,No,No,None
3097-IDVPU,male,51,Yes,2,Yes,No,No,No,No,No,No,No,DSL 
3097-NNSPB,Female,42,No,0,No,No,Yes,No,No,No,No,No,DSL 
3097-NQYSN,M,73,Yes,0,NA,No,No,No,No,Yes,No,No,Fiber
3097-PYWXL,female,30,Yes,2,NA,No,No,No,No,No,No,No,None
3099-OONVS,m,34,NA,1,Yes,Yes,No,No,Yes,No,No,No,DSL 
3104-OWCGK,Male,21,Yes,0,Yes,No,Yes,Yes,No,Yes,No,Yes,Fiber
3106-ULWFW,f,32,Yes,0,NA,No,No,No,No,No,Yes,Yes,Fiber
3108-PCCGG,M,75,Yes,0,Yes,Yes,Yes,Yes,No,Yes,Yes,No,cable
3113-IWHLC,m,24,No,0,NA,Yes,No,Yes,No,No,No,No,DSL
3115-CZMZD,m,24,No,0,NA,No,No,No,No,No,No,No,None
3115-JPJDD,Female,43,Yes,0,NA,Yes,No,Yes,No,No,No,No,Optic
3118-UHVVQ,Female,41,Yes,0,Yes,No,No,No,No,No,No,No,None
3120-FAZKD,m,19,Yes,2,NA,No,No,No,No,No,No,No,None
3125-RAHBV,M,24,No,0,No,No,No,No,No,No,No,No,None
3126-WQMGH,F,19,Yes,0,Yes,No,No,No,No,No,No,Yes,DSL
3128-YOVTD,female,29,Yes,2,Yes,Yes,Yes,No,No,No,No,No,Fiber
3129-AAQOU,female,50,Yes,2,NA,No,No,No,No,No,No,No,None
3130-ICDUP,Female,56,No,1,NA,Yes,No,No,No,No,No,No,Fiber
3131-NWVFJ,F,56,Yes,0,NA,No,No,No,No,No,No,No,None
3132-TVFDZ,M,70,Yes,0,NA,No,No,No,No,Yes,Yes,Yes,cable
3133-PZNSR,Male,25,Yes,3,NA,Yes,Yes,No,Yes,No,Yes,Yes,Fiber Optic
3134-DSHVC,Female,49,No,0,No,Yes,Yes,Yes,No,Yes,No,No,Optic
3137-LUPIX,female,58,No,0,No,No,No,No,Yes,Yes,No,No,cable
3137-NYQQI,Male,32,Yes,0,Yes,Yes,Yes,No,No,No,Yes,Yes,DSL 
3138-BKYAV,male,61,No,0,No,No,Yes,No,No,Yes,No,No,Fiber
3143-ILDAL,m,21,No,0,NA,No,Yes,No,Yes,No,Yes,Yes,Fiber
3143-JQEGI,f,52,Yes,0,NA,No,No,No,No,Yes,Yes,Yes,Optic
3144-AUDBS,female,59,Yes,0,NA,No,No,No,Yes,No,No,No,DSL 
3144-KMTWZ,M,40,Yes,0,Yes,No,Yes,Yes,No,No,Yes,Yes,Fiber Optic
3146-JTQHR,M,23,Yes,0,Yes,No,No,No,No,No,No,No,None
3146-MSEGF,female,71,Yes,0,Yes,Yes,Yes,Yes,Yes,Yes,Yes,Yes,DSL
3148-AOIQT,F,23,Yes,0,Yes,No,No,No,No,No,No,No,None
3148-BLQJT,Male,33,No,0,No,No,No,No,No,No,No,No,None
3154-CFSZG,M,57,Yes,1,Yes,Yes,No,Yes,No,No,Yes,Yes,Fiber
3154-HMWUU,M,28,Yes,0,Yes,No,No,No,No,No,No,No,None
3156-QLHBO,m,58,No,1,No,No,No,No,No,No,No,No,None
3158-MOERK,F,57,No,0,No,No,No,No,No,Yes,Yes,Yes,Fiber
3160-TYXLT,male,37,No,0,No,Yes,Yes,No,No,No,Yes,Yes,DSL
3161-GETRM,m,61,Yes,3,Yes,No,No,Yes,No,No,Yes,Yes,Fiber Optic
3161-ONRWK,m,35,Yes,0,Yes,Yes,Yes,Yes,Yes,No,No,No,DSL 
3162-KKZXO,Female,75,No,0,No,No,No,Yes,No,Yes,Yes,No,Fiber
3162-ZJZFU,male,25,Yes,2,NA,No,Yes,No,Yes,Yes,No,No,Fiber Optic
3164-AALRN,m,39,No,0,No,No,No,Yes,No,Yes,Yes,Yes,DSL 
3164-YAXFY,m,56,No,0,NA,Yes,No,Yes,No,Yes,Yes,Yes,DSL
3165-HDOEW,male,47,Yes,0,Yes,No,No,No,No,No,No,No,DSL 
3166-PNEOF,Female,57,No,0,No,Yes,No,Yes,Yes,Yes,Yes,Yes,cable
3167-SNQPL,m,71,Yes,1,Yes,No,Yes,No,No,Yes,Yes,No,Fiber Optic
3170-GWYKC,Female,30,No,0,No,Yes,No,Yes,Yes,Yes,Yes,Yes,Optic
3170-NMYVV,female,37,Yes,0,Yes,No,No,No,No,No,No,No,None
3173-NVMPX,f,51,Yes,3,NA,No,Yes,No,No,No,No,No,DSL 
3173-WSSUE,Female,22,Yes,2,NA,No,No,No,No,No,No,No,None
3174-AKMAS,female,61,Yes,0,Yes,No,Yes,No,Yes,Yes,No,No,DSL 
3174-RKMOW,Male,24,Yes,3,Yes,No,Yes,Yes,Yes,Yes,Yes,Yes,Fiber Optic
3177-LASXD,Female,43,No,0,No,No,No,No,No,No,No,No,cable
3178-CIFOT,female,34,No,0,No,No,No,No,No,No,No,No,None
3178-FESZO,f,45,No,0,No,No,Yes,No,No,Yes,Yes,Yes,Fiber Optic
3179-GBRWV,male,79,Yes,0,Yes,Yes,Yes,No,No,No,Yes,No,DSL 
3181-MIZBN,m,40,Yes,1,NA,No,No,No,No,No,No,No,None
3181-VTHOE,m,19,Yes,0,Yes,No,Yes,Yes,Yes,No,Yes,Yes,DSL
3186-AJIEK,Male,44,No,0,No,Yes,No,Yes,Yes,Yes,Yes,Yes,Fiber Optic
3186-BAXNB,Female,20,No,0,No,No,Yes,No,Yes,Yes,No,Yes,Fiber Optic
3190-FZATL,M,49,No,5,No,No,No,No,No,No,No,No,None
3190-ITQXP,f,42,Yes,1,Yes,No,No,No,No,No,No,No,None
3190-XFANI,male,42,No,0,NA,No,No,No,Yes,Yes,Yes,Yes,Fiber Optic
3191-CSNMG,F,57,Yes,1,Yes,No,No,No,No,Yes,No,No,Fiber
3192-LNKRK,Male,63,Yes,1,Yes,No,No,Yes,No,Yes,No,No,Fiber
3192-NQECA,Male,26,Yes,0,Yes,No,Yes,Yes,Yes,Yes,Yes,Yes,Optic
3194-ORPIK,Female,59,Yes,0,Yes,No,No,No,No,Yes,No,No,Fiber
3195-TQDZX,M,19,No,0,No,No,No,No,No,No,No,No,None
3196-NVXLZ,F,23,No,0,No,No,No,No,No,Yes,No,No,Fiber Optic
3197-ARFOY,f,67,No,0,No,Yes,Yes,No,Yes,Yes,Yes,No,Optic
3197-NNYNB,M,47,No,0,No,No,Yes,Yes,No,Yes,Yes,Yes,Fiber
3198-VELRD,F,47,Yes,0,NA,No,No,No,No,No,Yes,Yes,Fiber Optic
3199-NPKCN,F,39,Yes,0,Yes,Yes,No,Yes,Yes,Yes,Yes,Yes,Fiber Optic
3199-XGZCY,F,51,No,0,No,No,No,No,No,No,No,No,Fiber
3200-MNQTF,m,38,Yes,0,Yes,Yes,Yes,Yes,Yes,No,No,No,DSL
3205-MXZRA,Male,47,No,0,No,No,No,No,Yes,Yes,No,No,DSL 
3207-OYBWH,Male,74,Yes,0,NA,No,Yes,Yes,No,No,Yes,No,Fiber
3208-YPIOE,M,64,No,0,No,No,No,No,No,No,No,No,Fiber Optic
3209-ZPKFI,m,28,Yes,1,Yes,No,Yes,No,No,No,No,Yes,DSL
3211-AAPKX,M,26,No,0,No,No,No,No,Yes,Yes,Yes,Yes,Optic
3211-ILJTT,male,35,Yes,0,Yes,No,No,No,No,No,No,No,Optic
3212-KXOCR,m,62,No,0,No,No,No,No,No,No,No,No,None
3213-VVOLG,M,22,Yes,2,Yes,No,No,No,No,No,No,No,None
3214-IYUUQ,f,19,NA,0,Yes,Yes,Yes,No,Yes,No,Yes,Yes,Fiber
3217-FZDMN,female,66,No,0,No,No,No,Yes,No,Yes,Yes,No,Fiber
3219-JQRSL,Female,70,Yes,0,Yes,Yes,Yes,Yes,Yes,Yes,Yes,No,DSL
3221-CJMSG,male,45,No,0,No,No,No,No,Yes,No,No,No,DSL 
3223-DWFIO,m,77,No,0,NA,No,No,No,No,No,No,No,Fiber Optic
3223-WZWJM,m,36,No,0,No,No,No,No,No,No,Yes,Yes,Fiber
3224-DFQNQ,Female,59,Yes,0,Yes,Yes,Yes,No,Yes,No,No,No,Optic
3227-WLKLI,f,52,Yes,3,Yes,Yes,Yes,Yes,Yes,Yes,Yes,Yes,cable
3229-USWAR,Female,40,No,0,No,Yes,No,Yes,Yes,Yes,Yes,Yes,DSL 
3230-IUALN,Female,41,Yes,0,Yes,Yes,No,Yes,Yes,Yes,Yes,Yes,Cable
3230-JCNZS,F,43,Yes,2,Yes,Yes,Yes,Yes,No,Yes,No,No,Fiber
3230-WYKIR,Male,36,No,0,No,No,No,Yes,Yes,Yes,Yes,Yes,DSL 
3234-VKACU,Male,21,No,0,NA,No,No,No,Yes,Yes,Yes,Yes,DSL 
3235-ETOOB,male,51,Yes,0,Yes,Yes,No,No,No,No,No,No,Optic
3237-AJGEH,f,43,Yes,1,NA,No,No,No,Yes,No,No,No,DSL
3239-TPHPZ,female,60,Yes,0,Yes,No,No,No,No,No,No,No,None
3243-ZHOHY,F,35,No,0,No,No,No,No,No,No,No,No,None
3244-CQPHU,Female,77,No,0,No,Yes,Yes,No,Yes,Yes,Yes,No,Fiber
3244-DCJWY,female,27,No,0,NA,No,No,No,No,No,No,No,Fiber
3247-MHJKM,Male,27,No,0,No,No,No,No,No,No,No,No,None
3247-ZVOUO,m,77,Yes,0,NA,No,No,No,No,No,Yes,No,Optic
3249-VHRIP,f,38,No,0,No,No,Yes,Yes,No,No,Yes,Yes,Cable
3249-ZPQRG,Male,28,No,0,No,No,Yes,No,No,No,No,Yes,Optic
3251-YMVWZ,Male,34,NA,0,No,No,No,No,No,No,No,No,None
3253-HKOKL,female,31,Yes,2,Yes,Yes,No,Yes,No,Yes,Yes,Yes,Fiber
3254-YRILK,M,74,No,0,NA,No,Yes,No,No,Yes,No,No,Fiber
3255-GRXMG,m,58,No,2,NA,No,No,No,No,No,No,No,DSL
3256-EZDBI,m,71,Yes,0,NA,No,Yes,No,No,No,No,No,DSL 
3258-SANFR,m,69,No,0,No,No,No,No,No,No,No,No,DSL 
3258-SYSWS,M,75,No,0,No,Yes,Yes,Yes,Yes,Yes,Yes,No,Fiber
3258-ZKPAI,male,26,Yes,1,NA,Yes,Yes,Yes,Yes,Yes,Yes,Yes,Fiber
3259-FDWOY,Male,60,Yes,0,Yes,No,Yes,Yes,No,Yes,Yes,Yes,Fiber Optic
3259-KNMRR,M,72,No,0,No,No,Yes,Yes,No,Yes,Yes,No,DSL
3259-QMXUN,Male,38,Yes,0,Yes,Yes,Yes,Yes,No,Yes,Yes,Yes,DSL 
3261-CQXOL,F,33,Yes,2,Yes,No,No,No,No,No,No,No,None
3262-EIDHV,Female,46,Yes,1,Yes,Yes,No,Yes,Yes,Yes,Yes,Yes,DSL
3266-FTKHB,male,35,No,0,No,No,No,No,No,No,No,No,None
3269-ATYWD,m,79,No,0,No,No,No,No,No,Yes,Yes,No,Fiber
3272-VUHPV,female,24,Yes,1,Yes,No,Yes,No,Yes,No,No,No,Cable
3274-NSDWE,Female,37,No,0,No,No,No,No,No,No,No,No,None
3275-RHRNE,m,58,Yes,3,Yes,No,Yes,Yes,Yes,Yes,Yes,Yes,DSL
3276-HDUEG,f,23,No,0,No,No,No,No,No,No,No,No,Optic
3278-FSIXX,female,34,No,0,NA,No,No,No,No,No,No,No,Cable
3279-DYZQM,male,21,Yes,3,NA,No,No,No,No,No,No,No,None
3280-MRDOF,M,69,No,0,No,No,No,Yes,Yes,Yes,No,No,DSL
3280-NMUVX,male,53,Yes,0,NA,No,No,No,No,No,No,No,None
3282-ZISZV,male,56,No,0,No,No,Yes,Yes,Yes,Yes,Yes,Yes,DSL
3283-WCWXT,male,58,Yes,3,Yes,No,No,No,No,No,No,No,None
3284-SVCRO,Female,35,Yes,0,Yes,No,No,No,No,No,No,No,None
3285-UCQVC,female,31,No,0,No,No,No,No,Yes,No,No,No,DSL 
3292-PBZEJ,M,75,No,0,No,No,Yes,Yes,Yes,Yes,Yes,No,Fiber Optic
3295-YVUSR,M,73,No,0,No,No,No,No,No,No,No,No,Fiber
3296-SILRA,female,76,Yes,0,Yes,No,Yes,No,No,No,No,No,Optic
3298-QEICA,Female,27,Yes,0,Yes,Yes,No,No,Yes,No,No,No,DSL 
3301-LSLWQ,F,32,No,0,No,Yes,No,No,No,No,Yes,Yes,cable
3301-VKTGC,Male,27,Yes,1,Yes,Yes,Yes,No,No,No,No,No,Fiber Optic
3307-TLCUD,m,36,Yes,0,Yes,Yes,No,Yes,No,No,No,No,cable
3308-DGHKL,Male,54,No,0,NA,No,No,No,No,No,No,No,None
3308-JSGML,male,77,Yes,0,Yes,Yes,No,Yes,Yes,Yes,Yes,No,cable
3308-MHOOC,m,37,No,3,No,No,No,No,No,No,No,No,None
3312-UUMZW,Male,33,Yes,0,Yes,No,Yes,No,No,Yes,Yes,Yes,Fiber
3312-ZWLGF,Male,69,Yes,0,Yes,No,No,No,Yes,No,No,No,Optic
3313-QKNKB,Male,24,Yes,0,Yes,No,No,No,No,No,Yes,Yes,Fiber Optic
3315-IKYZQ,male,42,Yes,1,Yes,Yes,No,Yes,Yes,Yes,No,No,DSL 
3315-TOTBP,m,29,No,0,No,No,No,No,No,No,No,Yes,Fiber
3316-UWXUY,m,64,No,0,No,Yes,Yes,No,Yes,No,Yes,Yes,Fiber
3317-HRTNN,F,79,No,0,No,No,No,No,No,Yes,Yes,No,DSL
3317-VLGQT,f,50,Yes,0,Yes,No,No,No,No,No,Yes,Yes,Fiber
3318-ISQFQ,female,23,No,0,No,No,No,No,No,No,No,No,None
3318-NMQXL,Male,58,No,0,No,No,No,No,No,Yes,Yes,Yes,Optic
3318-OSATS,M,70,No,0,No,No,No,No,No,Yes,Yes,No,Fiber
3319-DWOEP,Male,69,Yes,0,Yes,No,No,Yes,No,Yes,Yes,No,Optic
3320-VEOYC,m,65,No,0,No,No,No,No,No,Yes,Yes,Yes,Fiber
3323-CPBWR,male,61,No,0,NA,No,No,Yes,Yes,Yes,No,No,Optic
3324-OIRTO,m,23,Yes,3,NA,Yes,Yes,Yes,No,Yes,Yes,Yes,Optic
3325-FUYCG,m,58,Yes,0,NA,Yes,Yes,No,No,Yes,Yes,Yes,Optic
3327-YBAKM,female,31,Yes,0,NA,Yes,No,No,Yes,Yes,Yes,Yes,Fiber
3329-WDIOK,Female,56,No,0,No,No,Yes,No,No,Yes,Yes,Yes,cable
3331-HQDTW,f,23,No,0,NA,Yes,Yes,Yes,No,Yes,Yes,Yes,Fiber
3334-CTHOL,F,51,No,0,No,No,No,No,No,No,No,No,Cable
3336-JORSO,Female,70,No,0,NA,No,Yes,Yes,Yes,Yes,Yes,Yes,Fiber
3338-CVVEH,M,38,No,0,No,No,No,No,No,Yes,Yes,Yes,Optic
3339-EAQNV,Male,75,Yes,0,Yes,No,Yes,No,No,Yes,Yes,Yes,Fiber Optic
3340-QBBFM,Male,65,Yes,0,NA,No,No,Yes,Yes,No,No,No,DSL
3345-JHUEO,Male,29,No,0,NA,No,No,No,No,No,No,No,None
3345-PBBFH,M,24,Yes,0,Yes,No,Yes,No,No,No,No,No,DSL
3346-BRMIS,F,70,Yes,0,NA,No,No,Yes,No,Yes,Yes,Yes,DSL
3347-YJZZE,M,60,Yes,2,Yes,No,Yes,Yes,No,Yes,Yes,Yes,DSL 
3348-CFRNX,f,47,Yes,0,Yes,Yes,No,No,No,Yes,Yes,Yes,Optic
3349-ANQNH,Female,70,No,0,NA,No,No,Yes,No,Yes,Yes,Yes,Fiber
3351-NGXYI,Female,70,No,0,No,Yes,No,No,No,No,No,No,DSL
3351-NQLDI,F,41,Yes,0,NA,Yes,No,No,Yes,No,Yes,Yes,Optic
3352-ALMCK,M,42,No,0,NA,No,Yes,Yes,No,Yes,Yes,Yes,Optic
3352-RICWQ,F,45,Yes,2,Yes,No,No,No,No,No,No,No,None
3354-OADJP,f,37,NA,0,No,Yes,No,No,Yes,No,No,No,DSL 
3359-DSRKA,f,48,Yes,3,Yes,No,No,No,No,No,No,No,None
3363-DTIVD,m,55,Yes,3,Yes,Yes,No,Yes,No,Yes,Yes,Yes,Fiber
3363-EWLGO,female,33,No,0,No,No,No,No,No,No,No,No,None
3365-SAIGS,F,60,No,0,No,No,Yes,No,No,Yes,No,No,Optic
3370-GQEAL,m,63,Yes,2,Yes,No,No,No,No,Yes,No,No,Optic
3370-HXOPH,Female,50,No,0,No,No,No,No,No,No,No,No,Fiber
3372-CDXFJ,male,31,Yes,2,Yes,No,No,No,No,No,No,No,None
3372-KWFBM,Male,76,No,0,NA,No,No,No,No,Yes,No,No,Fiber Optic
3373-DIUUN,male,58,Yes,3,Yes,No,No,No,No,No,No,No,None
3373-YZZYM,Male,57,Yes,3,Yes,No,No,No,No,No,No,No,None
3374-LXDEV,Female,42,No,0,No,No,Yes,Yes,Yes,No,No,No,Fiber
3374-PZLXD,M,31,No,0,No,No,No,No,No,No,No,No,None
3374-TTZTK,m,26,Yes,0,Yes,Yes,Yes,Yes,Yes,Yes,Yes,Yes,Fiber
3376-BMGFE,F,42,No,1,No,No,No,No,No,No,No,No,Optic
3378-AJRAO,m,44,Yes,0,Yes,No,No,No,No,No,No,No,None
3384-CTMSF,m,61,Yes,0,Yes,No,Yes,Yes,No,Yes,Yes,Yes,Fiber
3387-PLKUI,female,27,Yes,1,NA,No,No,No,No,No,No,No,None
3387-VATUS,Male,44,No,0,NA,No,No,No,No,Yes,Yes,Yes,Fiber
3389-KTRXV,Female,61,Yes,3,Yes,No,No,No,No,No,No,No,None
3389-YGYAI,female,79,No,0,No,No,Yes,Yes,No,Yes,Yes,No,Optic
3391-JSQEW,male,32,Yes,0,Yes,No,Yes,No,No,No,No,No,DSL 
3392-EHMNK,F,53,Yes,3,Yes,No,Yes,No,Yes,Yes,No,No,Fiber Optic
3393-FMZPV,F,59,No,0,No,No,Yes,No,No,Yes,Yes,Yes,Optic
3396-DKDEL,F,45,Yes,3,Yes,Yes,Yes,Yes,Yes,Yes,Yes,Yes,Fiber Optic
3397-AVTKU,Male,64,No,0,No,No,Yes,No,No,No,Yes,Yes,DSL
3398-FSHON,Female,79,No,0,No,No,Yes,No,No,Yes,No,No,Fiber
3398-GCPMU,Female,74,Yes,0,Yes,Yes,Yes,Yes,Yes,Yes,Yes,No,DSL 
3398-ZOUAA,m,76,Yes,0,NA,No,No,No,No,No,No,No,Optic
3399-BMLVW,M,40,Yes,0,Yes,Yes,Yes,No,Yes,No,No,No,DSL 
3400-ESFUW,male,28,Yes,0,NA,Yes,Yes,No,Yes,No,No,No,DSL
3401-URHDA,Male,59,No,0,No,Yes,No,No,Yes,No,No,No,Cable
3402-XRIUO,F,73,Yes,0,Yes,Yes,Yes,No,Yes,No,No,No,DSL
3404-JNXAX,female,40,Yes,2,Yes,No,No,No,Yes,No,No,No,Fiber
3407-JMJQQ,Female,22,Yes,1,NA,Yes,Yes,Yes,No,Yes,Yes,Yes,Fiber Optic
3407-QGWLG,Male,23,No,1,No,No,No,No,No,No,No,No,None
3410-MHHUM,f,40,Yes,2,Yes,No,Yes,Yes,No,No,Yes,Yes,Optic
3410-YOQBQ,female,61,No,0,No,No,Yes,Yes,Yes,Yes,Yes,Yes,DSL
3411-WLRSQ,F,80,Yes,0,NA,No,Yes,No,No,No,No,No,Fiber
3413-BMNZE,m,71,No,0,NA,No,No,No,No,No,No,No,DSL
3413-CSSTH,male,40,No,0,NA,No,No,Yes,No,No,No,No,cable
3413-DHLPB,M,57,Yes,1,NA,No,Yes,No,Yes,Yes,Yes,Yes,Optic
3415-TAILE,f,21,Yes,2,NA,No,No,No,No,Yes,Yes,Yes,DSL
3417-TSCIC,Male,19,No,0,No,No,No,No,No,No,No,No,DSL
3419-SNJJD,F,78,Yes,0,Yes,Yes,No,Yes,No,Yes,Yes,No,Fiber Optic
3420-YJLQT,female,45,No,0,No,No,Yes,No,No,No,No,No,Fiber
3420-ZDBMA,Male,78,No,0,No,No,No,No,No,No,No,No,Fiber Optic
3422-GALYP,m,20,No,0,No,No,Yes,No,No,No,No,No,Optic
3422-LYEPQ,Male,57,Yes,0,Yes,No,No,No,No,No,No,No,Fiber Optic
3422-WJOYD,m,27,Yes,0,NA,Yes,No,No,Yes,No,No,No,DSL
3423-HHXAO,Female,58,Yes,1,NA,No,No,No,No,No,No,No,None
3424-NMNBO,M,78,Yes,0,NA,Yes,Yes,Yes,No,Yes,Yes,No,Fiber Optic
3426-NIYYL,male,47,No,0,No,No,No,No,No,No,No,No,DSL 
3427-GGZZI,Female,30,Yes,0,NA,No,Yes,No,No,No,Yes,Yes,Fiber
3428-MMGUB,Male,34,No,0,No,No,No,Yes,No,Yes,No,No,Optic
3428-XZMAZ,M,64,No,0,NA,No,No,No,No,No,No,No,Optic
3429-IFLEM,Female,48,No,0,No,Yes,Yes,Yes,Yes,Yes,No,No,DSL
3439-GVUSX,Male,45,No,0,No,No,No,No,No,No,No,No,DSL
3440-JPSCL,F,26,No,0,No,No,No,Yes,Yes,Yes,Yes,Yes,Fiber
3441-CGZJH,Female,46,Yes,2,Yes,Yes,No,Yes,Yes,Yes,Yes,Yes,DSL 
3442-ZHHCC,m,60,No,0,No,Yes,Yes,Yes,No,No,Yes,Yes,cable
3445-HXXGF,m,66,Yes,0,Yes,No,Yes,Yes,No,No,Yes,No,DSL
3446-QDSZF,female,57,No,0,No,No,No,No,No,Yes,No,No,DSL
3450-WXOAT,M,36,No,0,No,No,No,No,No,No,No,No,Cable
3451-VAWLI,Female,62,Yes,2,NA,No,No,No,No,No,No,No,None
3452-ABWRL,m,70,No,0,No,No,No,No,No,Yes,No,No,Fiber Optic
3452-FLHYD,m,47,Yes,0,Yes,No,No,No,No,No,No,No,None
3452-GWUIN,Female,78,Yes,0,NA,No,No,No,No,Yes,Yes,No,Fiber Optic
3452-SRFEG,Male,39,No,0,NA,No,No,No,No,No,No,No,Fiber
3453-RTHJQ,M,59,No,0,No,No,No,No,No,No,No,No,Optic
3454-JFUBC,male,66,No,0,No,No,No,No,No,No,No,No,None
3457-PQBYH,female,35,Yes,1,Yes,No,No,No,No,No,No,No,None
3458-IDMFK,Male,29,No,0,No,No,No,No,No,No,No,No,None
3460-TJBWI,Male,58,Yes,3,Yes,No,No,No,No,No,No,No,None
3462-BJQQA,f,23,No,0,NA,No,Yes,No,No,Yes,No,No,Fiber
3466-BYAVD,Male,50,Yes,1,Yes,No,Yes,Yes,Yes,No,Yes,Yes,cable
3466-RITXD,male,34,No,0,No,Yes,Yes,No,No,Yes,No,No,Optic
3466-WAESX,male,46,No,2,NA,Yes,Yes,No,No,No,Yes,Yes,DSL 
3468-DRVQJ,Female,42,Yes,1,NA,Yes,Yes,No,No,Yes,No,No,Cable
3470-BTGQO,male,60,No,2,No,No,No,No,No,No,No,No,DSL 
3470-OBUET,F,49,Yes,2,Yes,Yes,Yes,No,Yes,Yes,No,No,cable
3472-OAOOR,m,23,Yes,1,Yes,Yes,Yes,No,No,No,No,No,cable
3472-QPRCH,m,43,Yes,1,NA,No,No,No,No,No,No,No,None
3473-XIIIT,F,61,Yes,0,NA,No,Yes,No,No,Yes,Yes,Yes,cable
3474-BAFSJ,Male,27,Yes,0,Yes,No,Yes,Yes,Yes,Yes,Yes,Yes,DSL
3481-JHUZH,Male,36,Yes,0,Yes,No,Yes,No,No,No,No,No,Fiber
3482-ABPKK,F,19,No,0,No,Yes,No,No,Yes,No,No,No,DSL
3486-HOOGQ,female,44,Yes,1,Yes,Yes,Yes,Yes,Yes,Yes,No,No,DSL
3486-KHMLI,Male,53,No,1,No,No,No,No,No,No,No,No,None
3486-NPGST,F,47,No,0,NA,No,No,No,No,No,No,No,None
3487-EARAT,f,46,Yes,0,Yes,Yes,Yes,Yes,Yes,No,Yes,Yes,DSL 
3488-PGMQJ,Male,66,No,0,No,No,Yes,No,No,No,No,No,Fiber Optic
3489-HHPFY,female,40,Yes,0,Yes,No,No,No,No,Yes,No,No,Optic
3489-VSFRD,F,32,No,0,NA,Yes,No,Yes,Yes,No,No,No,DSL 
3494-JCHRQ,m,38,No,0,No,No,No,No,No,No,No,No,Fiber Optic
3496-LFSZU,M,40,Yes,0,Yes,No,No,No,No,No,No,No,Fiber Optic
3498-LZGQZ,Male,59,Yes,3,Yes,No,No,No,No,No,No,No,None
3500-NSDOA,m,35,Yes,0,NA,No,Yes,No,Yes,No,Yes,Yes,cable
3500-RMZLT,female,76,No,0,NA,Yes,No,Yes,Yes,No,Yes,No,Fiber
3503-TYDAY,f,41,Yes,0,Yes,No,Yes,No,No,No,No,No,Fiber
3506-LCJDC,m,52,Yes,3,NA,No,No,No,No,No,No,No,None
3506-OVLKD,M,40,No,0,NA,No,No,No,No,No,No,No,None
3507-GASNP,M,49,No,2,No,No,No,No,No,No,No,No,None
3508-CFVZL,f,55,No,0,No,Yes,Yes,Yes,Yes,Yes,Yes,Yes,Optic
3508-VLHCZ,female,43,Yes,3,Yes,Yes,Yes,Yes,Yes,Yes,Yes,Yes,Cable
3509-GWQGF,m,74,No,0,No,No,No,No,No,No,No,No,Fiber Optic
3511-APPBJ,Male,21,No,0,No,Yes,No,Yes,No,Yes,Yes,Yes,Fiber Optic
3511-BFTJW,m,25,Yes,3,Yes,Yes,Yes,Yes,No,No,No,No,DSL
3512-IZIKN,female,57,Yes,0,Yes,Yes,No,Yes,Yes,No,No,No,DSL
3518-FSTWG,m,67,Yes,0,Yes,Yes,Yes,Yes,No,Yes,Yes,Yes,Fiber Optic
3518-PZXZQ,f,27,Yes,0,Yes,No,No,No,No,Yes,No,No,DSL 
3519-ZKXGG,F,61,Yes,0,Yes,No,No,No,No,No,No,No,Fiber Optic
3520-FJGCV,Male,47,Yes,1,NA,Yes,Yes,Yes,Yes,Yes,Yes,Yes,Fiber
3521-HTQTV,M,54,No,0,No,No,No,No,No,No,No,No,None
3521-MNKLV,m,25,No,0,No,No,No,Yes,No,No,No,No,DSL 
3521-SYVOR,f,26,No,0,NA,No,No,No,No,Yes,Yes,Yes,Cable
3522-CDKHF,F,21,Yes,0,Yes,Yes,No,No,No,No,No,No,Optic
3523-BRGUW,male,65,No,0,No,No,No,No,No,No,No,No,None
3523-QRQLL,Female,22,Yes,0,Yes,No,Yes,No,No,Yes,Yes,Yes,DSL
3524-WQDSG,female,29,Yes,2,Yes,No,No,Yes,No,Yes,Yes,Yes,Optic
3525-DVKFN,F,58,No,0,No,No,No,No,No,No,No,No,None
3528-HFRIQ,Male,73,Yes,0,Yes,No,Yes,Yes,No,Yes,Yes,Yes,cable
3530-CRZSB,Female,55,No,0,No,No,No,No,No,No,No,No,None
3530-VWVGU,Female,27,Yes,2,Yes,No,No,No,No,No,No,No,None
3533-UVMOM,Male,56,Yes,0,Yes,Yes,Yes,Yes,No,No,Yes,Yes,DSL
3536-IQCTX,m,76,Yes,0,Yes,No,No,No,No,No,Yes,Yes,Fiber
3537-HPKQT,f,20,Yes,0,NA,No,Yes,No,No,No,No,No,Optic
3537-RYBHH,F,78,Yes,0,Yes,Yes,Yes,Yes,No,No,No,No,DSL 
3538-WZPHD,male,46,No,0,No,No,Yes,No,No,No,No,No,Cable
3540-RZJYU,F,21,No,0,No,Yes,No,No,No,Yes,No,Yes,Fiber
3541-ZNUHK,F,51,Yes,2,Yes,Yes,Yes,No,No,No,No,No,Fiber
3544-FBCAS,f,36,Yes,1,Yes,Yes,Yes,Yes,No,Yes,Yes,Yes,DSL 
3545-CNWRG,F,52,Yes,3,Yes,No,Yes,No,No,Yes,Yes,Yes,Fiber Optic
3546-GHEAE,M,29,No,0,No,No,No,No,No,No,No,No,None
3547-LQRIK,Female,20,Yes,0,Yes,No,No,No,No,No,No,No,None
3549-ZTMNH,male,56,Yes,1,Yes,No,No,No,No,No,No,No,None
3550-SAHFP,Female,51,No,0,No,No,No,No,No,No,Yes,Yes,Fiber Optic
3551-GAEGL,male,23,Yes,0,NA,Yes,No,No,No,No,No,No,DSL
3551-HUAZH,male,68,No,0,No,No,No,No,No,No,No,No,Fiber
3552-CTCYF,M,42,Yes,3,NA,No,Yes,Yes,No,Yes,Yes,Yes,Fiber Optic
3556-BVQGL,female,21,Yes,0,NA,No,No,No,No,No,No,No,None
3557-HTYWR,f,56,No,0,No,Yes,Yes,No,Yes,No,Yes,Yes,DSL
3563-SVYLG,m,38,Yes,1,NA,Yes,Yes,Yes,Yes,No,No,No,DSL
3565-UNOCC,f,65,Yes,0,Yes,No,No,Yes,No,Yes,Yes,Yes,Fiber
3566-CAAYU,F,28,Yes,3,Yes,No,Yes,Yes,Yes,No,Yes,Yes,DSL 
3566-HJGPK,M,50,No,0,No,No,No,No,No,No,No,No,DSL
3566-VVORZ,Female,39,Yes,0,Yes,No,No,No,No,No,No,No,DSL 
3567-PQTSO,male,40,Yes,1,Yes,No,Yes,Yes,No,Yes,Yes,Yes,Fiber
3569-EDBPQ,Female,44,No,0,No,Yes,No,No,Yes,No,No,No,Optic
3569-JFODW,F,20,Yes,1,Yes,Yes,Yes,Yes,Yes,Yes,Yes,Yes,DSL 
3569-VLDHH,male,59,Yes,3,Yes,Yes,Yes,Yes,Yes,Yes,No,No,DSL
3570-YUEKJ,Female,40,No,0,No,No,Yes,No,No,No,No,No,DSL
3571-DPYUH,m,30,Yes,3,Yes,No,Yes,No,Yes,Yes,No,No,Optic
3571-RFHAR,Male,60,No,0,NA,No,Yes,Yes,Yes,Yes,Yes,Yes,Fiber Optic
3572-UOLYZ,female,28,No,2,No,No,No,Yes,Yes,No,No,No,Fiber Optic
3572-UUHRS,male,47,No,0,No,No,No,No,No,No,No,No,None
3577-AMVUX,male,59,No,0,No,No,No,Yes,Yes,No,No,No,cable
3580-GICBM,Female,56,Yes,1,NA,No,No,No,No,No,No,No,None
3580-HYCSP,Male,44,Yes,4,NA,Yes,Yes,Yes,No,Yes,Yes,Yes,Optic
3580-REOAC,M,34,No,0,NA,No,No,No,No,No,No,No,DSL 
3583-EKAPL,male,25,No,0,No,No,No,No,No,No,Yes,Yes,Cable
3583-KRKMD,Male,51,No,0,NA,No,No,No,Yes,No,No,No,Optic
3584-WKTTW,m,23,Yes,0,Yes,Yes,No,Yes,Yes,Yes,Yes,Yes,Fiber
3585-ISXZP,F,53,No,0,NA,No,No,No,No,Yes,Yes,Yes,Optic
3585-YNADK,F,25,Yes,0,Yes,No,Yes,Yes,Yes,Yes,No,No,Cable
3587-PMCOY,male,37,No,0,No,Yes,No,Yes,No,Yes,Yes,Yes,Fiber Optic
3588-WSTTJ,f,78,No,0,No,Yes,No,No,No,Yes,Yes,Yes,Fiber
3589-PPVKW,M,19,No,0,No,No,No,No,No,No,No,No,DSL
3590-TCXTB,m,50,No,0,NA,No,No,No,No,No,No,No,None
3594-BDSOA,F,44,Yes,0,Yes,No,No,No,No,No,No,No,None
3594-IVHJZ,f,31,No,0,No,No,No,No,No,No,No,No,None
3594-KADLU,m,33,Yes,0,Yes,Yes,No,No,Yes,No,No,No,cable
3594-UVONA,F,27,No,0,No,Yes,No,Yes,Yes,Yes,Yes,Yes,Cable
3597-MVHJT,F,49,No,0,No,No,No,No,No,Yes,Yes,Yes,Fiber
3597-YASZG,female,73,Yes,0,Yes,No,Yes,No,Yes,Yes,Yes,No,Fiber Optic
3604-WLABM,female,41,No,0,No,No,No,Yes,Yes,No,No,No,DSL 
3605-JISKB,male,67,Yes,0,NA,Yes,Yes,No,No,No,No,No,Cable
3606-SBKRY,Male,35,No,0,No,No,No,Yes,No,Yes,Yes,Yes,DSL 
3606-TWKGI,male,68,No,0,NA,No,Yes,Yes,No,Yes,Yes,No,Cable
3612-YUNGG,Male,53,Yes,1,Yes,No,Yes,Yes,Yes,Yes,Yes,Yes,Fiber
3612-YVGSJ,Female,59,Yes,0,Yes,No,No,No,No,No,No,No,None
3617-XLSGQ,f,61,Yes,2,NA,Yes,Yes,Yes,No,Yes,Yes,Yes,Fiber
3620-EHIMZ,Female,44,Yes,2,Yes,No,No,No,No,No,No,No,None
3620-MWJNE,m,32,No,0,NA,Yes,No,No,Yes,No,No,No,DSL 
3621-CEOVK,f,71,Yes,0,Yes,No,Yes,No,No,Yes,Yes,No,Fiber
3621-CHYVB,F,44,Yes,0,Yes,Yes,No,Yes,Yes,No,Yes,Yes,DSL 
3623-FQBOX,Male,34,No,0,NA,No,No,No,No,No,No,No,None
3627-FCRDW,f,49,No,0,No,No,No,No,No,No,No,No,Fiber Optic
3627-FHKBK,f,28,No,0,No,Yes,No,No,No,No,No,No,Optic
3629-WEAAM,female,19,No,0,No,No,No,Yes,Yes,No,Yes,Yes,DSL
3629-ZNKXA,male,77,No,0,No,No,Yes,Yes,No,Yes,Yes,No,Fiber Optic
3633-CDBUW,m,25,No,1,No,No,Yes,Yes,Yes,Yes,Yes,Yes,DSL
3635-JBPSG,female,49,No,0,No,No,Yes,No,No,No,Yes,Yes,DSL 
3635-QQRQD,male,19,No,0,No,No,No,No,No,No,No,No,None
3638-DIMPH,F,34,Yes,0,NA,No,No,No,No,No,No,No,DSL 
3638-VBZTA,male,62,No,0,No,Yes,Yes,No,Yes,Yes,Yes,Yes,DSL 
3638-WEABW,Female,25,Yes,0,Yes,No,Yes,No,Yes,No,No,No,Cable
3639-XJHKQ,Female,52,No,3,No,Yes,Yes,Yes,No,No,No,No,DSL 
3640-JQGJG,Male,25,Yes,3,Yes,No,No,No,No,No,No,No,cable
3640-PHQXK,f,54,No,0,No,No,No,Yes,No,No,Yes,Yes,Fiber
3642-BYHDO,Female,34,Yes,1,Yes,No,No,No,No,No,No,No,None
3642-GKTCT,Female,58,No,0,No,Yes,Yes,Yes,Yes,Yes,Yes,Yes,Fiber
3643-AHCFP,M,74,Yes,0,Yes,No,No,No,No,Yes,Yes,No,Cable
3644-QXEHN,M,60,Yes,1,Yes,No,No,Yes,No,Yes,Yes,Yes,Fiber
3645-DEYGF,M,29,No,1,No,No,No,No,No,No,No,No,None
3646-ITDGM,F,42,No,0,No,No,No,No,No,No,No,No,None
3647-GMGDH,M,52,Yes,0,NA,No,No,Yes,No,Yes,Yes,Yes,Optic
3648-GZPHF,M,48,Yes,3,Yes,No,No,Yes,Yes,No,No,No,DSL
3649-JPUGY,m,26,No,0,No,No,Yes,Yes,Yes,Yes,Yes,Yes,DSL
3653-NCRDJ,m,39,Yes,1,Yes,No,No,No,No,No,No,No,None
3654-ARMGP,f,60,No,0,No,No,Yes,Yes,Yes,Yes,Yes,Yes,DSL
3655-SNQYZ,F,48,Yes,0,NA,Yes,Yes,Yes,Yes,Yes,Yes,Yes,Optic
3656-TKRVZ,female,19,No,0,NA,Yes,Yes,No,No,No,No,Yes,DSL
3657-COGMW,F,76,No,0,No,Yes,Yes,Yes,No,Yes,Yes,No,Optic
3658-KIBGF,F,19,No,0,No,Yes,Yes,No,No,No,No,Yes,DSL
3658-QQJYD,male,56,No,0,No,Yes,Yes,No,No,Yes,Yes,Yes,cable
3662-FXJFO,female,44,No,0,No,No,No,No,No,No,No,No,None
3663-MITLP,Female,43,No,0,NA,No,Yes,Yes,No,Yes,Yes,Yes,Fiber Optic
3665-JATSN,Female,19,No,0,No,No,Yes,No,No,No,Yes,Yes,DSL 
3668-QPYBK,male,37,No,0,No,Yes,Yes,No,No,No,No,No,DSL
3669-LVWZB,Male,20,No,0,NA,No,Yes,No,No,Yes,Yes,Yes,DSL 
3669-OYSJI,male,47,No,0,No,No,No,No,No,No,No,No,DSL 
3669-WHAFY,female,57,Yes,0,Yes,Yes,Yes,Yes,Yes,Yes,Yes,Yes,Optic
3671-SHRSP,male,46,Yes,0,Yes,No,No,Yes,Yes,No,No,No,Fiber Optic
3672-YITQD,m,71,Yes,0,Yes,No,No,No,No,No,Yes,No,Fiber Optic
3675-EQOZA,M,40,No,0,No,No,No,No,No,No,No,No,None
3675-YDUPJ,M,29,No,0,NA,No,No,No,No,No,No,No,None
3677-IYRBF,Female,73,No,0,No,No,No,Yes,No,No,No,No,DSL 
3677-TNKIO,f,27,No,0,No,No,No,No,No,No,No,No,Fiber
3678-MNGZX,Male,45,Yes,3,NA,No,No,No,No,No,No,No,None
3679-XASPY,F,38,Yes,2,Yes,No,No,No,No,No,No,No,None
3680-CTHUH,M,22,No,0,No,Yes,Yes,Yes,Yes,Yes,Yes,Yes,Fiber
3682-YEUWS,Male,27,Yes,1,Yes,No,No,No,No,No,No,No,None
3683-QKIUE,Female,51,No,0,No,No,No,No,Yes,No,No,No,DSL 
3685-YLCMQ,Male,34,No,0,No,No,No,Yes,Yes,Yes,Yes,Yes,Fiber
3688-FTHLT,female,56,No,0,No,No,No,No,No,No,Yes,Yes,DSL
3689-MOZGR,female,30,No,0,No,No,No,No,Yes,No,No,No,Cable
3692-JHONH,female,70,Yes,0,Yes,No,Yes,Yes,No,Yes,Yes,No,Fiber Optic
3694-DELSO,Male,56,Yes,3,Yes,Yes,No,No,No,Yes,No,No,DSL
3694-GLTJM,F,62,No,0,No,No,No,No,No,No,No,No,None
3696-DFHHB,Female,50,No,0,No,No,No,No,No,No,No,No,None
3696-XRIEN,F,59,No,0,No,Yes,No,Yes,Yes,Yes,Yes,Yes,DSL
3701-SFMUH,Male,63,Yes,3,Yes,Yes,No,No,No,Yes,Yes,Yes,cable
3703-KBKZP,Male,70,No,0,No,No,No,No,No,No,No,No,Fiber
3703-TTEPD,male,28,No,0,No,Yes,No,Yes,No,Yes,No,No,DSL 
3703-VAVCL,m,51,Yes,0,Yes,No,No,Yes,Yes,No,Yes,Yes,Fiber
3704-IEAXF,female,49,Yes,3,Yes,No,Yes,No,Yes,Yes,Yes,Yes,DSL 
3705-PSNGL,M,49,No,0,NA,No,No,No,No,No,No,No,None
3705-RHRFR,female,52,Yes,0,Yes,Yes,No,No,No,Yes,Yes,Yes,Fiber Optic
3707-GNWHM,male,28,No,0,NA,No,No,No,No,No,No,No,Fiber Optic
3707-LRWZD,f,44,No,0,NA,No,No,No,No,Yes,No,No,Optic
3709-OIJEA,male,51,No,0,No,No,Yes,Yes,Yes,No,No,No,Fiber
3712-PKXZA,Male,22,Yes,0,Yes,No,No,No,No,No,No,No,None
3714-JTVOV,F,76,Yes,0,Yes,Yes,No,No,No,No,No,No,Optic
3714-NTNFO,f,49,No,0,No,No,No,No,No,No,Yes,Yes,Fiber
3714-XPXBW,f,43,No,0,NA,Yes,Yes,Yes,Yes,Yes,No,No,DSL
3716-BDVDB,m,62,No,0,No,No,No,No,No,No,No,No,Fiber
3716-LRGXK,Male,27,Yes,0,Yes,No,No,Yes,No,Yes,Yes,Yes,Fiber
3716-UVSPD,m,54,No,0,No,No,No,No,Yes,No,No,No,DSL 
3717-FDJFU,M,19,No,1,NA,No,No,No,No,No,No,No,None
3717-LNXKW,Male,36,Yes,0,Yes,Yes,No,No,No,Yes,No,No,Optic
3717-OEAUQ,M,37,No,0,No,No,No,No,No,No,No,No,Optic
3717-OFRTN,M,48,No,0,No,No,No,No,No,No,No,No,None
3719-TDVQB,female,68,Yes,0,Yes,No,No,No,No,No,No,No,None
3720-DBRWL,Male,20,Yes,0,Yes,Yes,Yes,Yes,Yes,Yes,Yes,Yes,cable
3721-CNEYS,f,45,No,0,No,No,No,No,No,No,No,No,Optic
3721-CNZHX,Male,49,No,0,No,No,No,No,No,No,No,No,None
3721-WKIIL,f,62,No,0,No,No,No,No,No,No,No,No,None
3722-WPXTK,m,23,No,0,NA,No,No,No,No,Yes,Yes,Yes,Optic
3723-BFBGR,m,74,No,0,No,No,Yes,No,No,No,No,No,Cable
3724-BSCVH,m,37,Yes,1,Yes,No,No,No,No,No,No,No,None
3724-UCSHY,male,48,Yes,3,Yes,No,No,No,No,No,No,No,None
3726-TBHQT,Male,25,NA,1,Yes,Yes,Yes,Yes,Yes,Yes,Yes,Yes,Fiber
3727-JEZTU,f,29,No,0,No,No,No,No,No,No,No,No,None
3727-OVPRY,M,32,Yes,3,Yes,No,No,No,No,No,No,No,None
3727-OWVYD,male,24,No,0,NA,Yes,Yes,Yes,No,No,No,No,DSL 
3727-RJMEO,m,34,Yes,0,NA,No,No,No,No,Yes,No,No,Fiber Optic
3729-OWRVL,m,80,No,0,No,Yes,No,Yes,Yes,Yes,Yes,No,Fiber Optic
3733-LSYCE,female,22,Yes,0,Yes,No,Yes,No,No,No,No,No,Fiber
3733-UOCWF,Male,78,Yes,0,NA,No,Yes,No,Yes,No,No,No,Fiber
3733-ZEECP,male,29,NA,2,Yes,No,No,No,Yes,No,No,No,cable
3736-BLEPA,Male,50,No,0,No,No,Yes,No,Yes,Yes,No,No,Optic
3737-GCSPV,F,60,Yes,0,Yes,Yes,No,No,Yes,Yes,No,No,Optic
3737-XBQDD,M,57,No,0,No,No,Yes,Yes,No,No,No,No,Optic
3739-YBWAB,Male,37,Yes,0,Yes,Yes,No,Yes,No,No,No,No,cable
3740-RLMVT,M,79,Yes,0,Yes,Yes,Yes,No,Yes,No,No,No,Cable
3744-ZBHON,female,64,No,0,No,No,No,No,No,No,No,No,None
3744-ZRRDZ,male,25,No,0,No,No,Yes,No,No,No,No,Yes,Optic
3745-HRPHI,m,49,Yes,3,NA,No,No,Yes,Yes,Yes,Yes,Yes,DSL 
3746-EUBYR,Male,63,Yes,0,Yes,No,No,No,No,No,No,No,Fiber Optic
3748-FVMZZ,M,33,No,0,No,No,No,No,Yes,No,Yes,Yes,DSL 
3750-CKVKH,Male,58,No,0,No,No,No,No,No,No,No,No,Fiber Optic
3750-RNQKR,f,38,No,0,NA,No,No,No,No,No,No,No,None
3750-YHRYO,m,64,Yes,0,Yes,No,No,No,No,No,No,No,None
3751-KTZEL,female,62,No,0,NA,No,No,No,No,No,Yes,Yes,DSL 
3752-CQSJI,Female,59,Yes,1,Yes,No,No,No,No,No,No,No,None
3753-TSEMP,F,21,Yes,0,Yes,No,No,No,No,Yes,Yes,Yes,Fiber
3754-DXMRT,male,78,No,0,No,No,No,No,No,No,No,No,DSL
3755-JBMNH,m,78,Yes,0,Yes,No,No,No,No,No,No,No,Optic
3756-VNWDH,male,66,Yes,0,Yes,Yes,No,No,No,Yes,Yes,No,Fiber
3757-NJYBX,m,77,Yes,0,Yes,No,Yes,Yes,No,Yes,Yes,No,Optic
3758-CKOQL,Female,20,Yes,0,NA,Yes,Yes,Yes,Yes,No,Yes,Yes,Fiber
3761-FLYZI,F,69,Yes,0,Yes,No,Yes,Yes,No,Yes,Yes,No,Optic
3763-GCZHZ,male,23,Yes,0,Yes,No,Yes,No,Yes,Yes,Yes,Yes,Optic
3764-MNMOI,M,49,No,0,No,No,No,No,No,No,No,No,None
3765-JXVKY,female,23,No,0,No,No,Yes,No,No,No,No,Yes,Fiber Optic
3766-EJLFL,Female,55,Yes,3,Yes,Yes,No,Yes,Yes,Yes,Yes,Yes,Fiber
3768-NLUBH,m,73,Yes,0,Yes,No,No,Yes,No,Yes,Yes,No,Optic
3768-VHXQO,M,19,Yes,0,Yes,No,No,No,No,No,No,No,None
3769-MHZNV,female,61,Yes,3,Yes,No,No,No,No,No,No,No,None
3771-PZOBW,m,38,No,0,NA,No,No,Yes,No,Yes,No,No,Fiber
3774-VBNXY,F,23,Yes,0,Yes,No,No,No,No,No,No,No,None
3776-EKTKM,f,79,No,0,No,No,No,No,No,Yes,No,No,Cable
3777-XROBG,female,52,Yes,2,Yes,No,No,No,No,No,No,No,None
3778-FOAQW,female,33,Yes,0,Yes,No,No,No,No,No,No,No,None
3779-OSWCF,F,38,Yes,0,Yes,Yes,Yes,Yes,Yes,Yes,Yes,Yes,cable
3780-DDGSE,m,77,Yes,1,NA,No,Yes,No,Yes,Yes,Yes,Yes,DSL 
3780-YVMFA,Female,33,Yes,1,Yes,No,No,No,Yes,Yes,Yes,Yes,Cable
3785-KTYSH,male,24,No,0,No,No,No,No,No,No,No,No,None
3785-NRHYR,male,40,No,0,No,No,No,No,No,No,No,No,None
3786-WOVKF,female,69,Yes,0,Yes,Yes,Yes,No,No,Yes,Yes,Yes,Fiber Optic
3787-TRIAL,M,23,Yes,9,Yes,No,No,No,No,No,No,No,DSL
3791-LGQCY,f,68,Yes,0,Yes,No,No,Yes,No,Yes,Yes,No,Cable
3793-MMFUH,Female,73,No,0,NA,No,No,No,No,Yes,Yes,Yes,Optic
3794-NFNCH,M,53,Yes,0,Yes,No,No,Yes,No,No,No,No,DSL
3795-CAWEX,M,21,Yes,2,Yes,Yes,Yes,Yes,Yes,Yes,Yes,Yes,Fiber Optic
3795-GWTRD,Female,58,Yes,0,Yes,Yes,Yes,Yes,Yes,Yes,No,No,Cable
3796-ENZGF,Male,52,Yes,0,Yes,No,Yes,No,Yes,No,Yes,Yes,Cable
3797-FKOGQ,m,31,No,2,No,No,No,No,No,No,Yes,Yes,Fiber
3797-VTIDR,male,55,Yes,0,Yes,No,No,No,No,No,No,No,DSL 
3798-EPWRR,F,74,No,0,No,No,No,No,No,No,No,No,DSL
3799-ISUZQ,male,49,Yes,0,Yes,No,No,No,No,No,No,No,Fiber Optic
3800-LYTRK,Female,52,No,0,No,Yes,No,No,Yes,No,No,No,DSL 
3801-HMYNL,m,44,Yes,0,Yes,No,No,No,No,Yes,Yes,Yes,Fiber Optic
3803-KMQFW,Female,25,Yes,2,Yes,No,No,No,No,No,No,No,None
3804-RVTGV,M,55,Yes,0,NA,No,Yes,Yes,No,Yes,Yes,Yes,Fiber Optic
3806-DXQOM,female,47,No,0,No,Yes,Yes,No,No,No,No,No,DSL 
3806-YAZOV,f,44,No,0,No,No,No,No,No,No,No,No,None
3807-BPOMJ,Female,59,Yes,0,Yes,Yes,No,No,No,Yes,Yes,Yes,Fiber Optic
3807-XHCJH,Female,21,Yes,3,NA,No,No,No,No,No,No,No,None
3808-HFKDE,F,35,No,0,No,No,No,No,No,No,No,No,Cable
3810-DVDQQ,Female,28,Yes,1,Yes,Yes,Yes,Yes,Yes,Yes,Yes,Yes,Fiber Optic
3810-PJUHR,m,63,Yes,1,NA,No,No,No,No,No,No,No,None
3811-VBYBZ,male,61,No,0,NA,No,Yes,No,No,Yes,Yes,Yes,Fiber
3812-LRZIR,F,51,Yes,1,Yes,No,No,No,No,No,No,No,None
3813-DHBBB,M,39,Yes,0,NA,Yes,Yes,No,Yes,No,Yes,Yes,DSL
3814-MLAXC,F,58,No,0,No,No,No,No,Yes,No,No,No,Fiber Optic
3815-SLMEF,F,26,No,0,No,Yes,No,No,Yes,No,No,No,Cable
3823-KYNQY,m,61,No,0,NA,No,No,No,No,No,No,No,None
3824-RHKVR,female,27,No,0,NA,No,No,No,No,No,No,No,None
3831-YCPUO,F,38,Yes,1,Yes,Yes,Yes,Yes,Yes,Yes,Yes,Yes,Fiber
3834-XUIFC,male,23,No,0,No,No,No,No,No,No,Yes,Yes,Fiber Optic
3836-FZSDJ,m,69,Yes,0,Yes,No,No,No,No,No,No,No,None
3838-OZURD,male,28,NA,0,Yes,No,Yes,Yes,No,Yes,Yes,Yes,Fiber Optic
3841-CONLJ,Female,33,Yes,0,Yes,No,No,No,No,No,Yes,Yes,DSL
3841-NFECX,f,69,Yes,0,Yes,Yes,Yes,Yes,Yes,No,No,No,Fiber
3842-IYKUE,Female,28,No,0,No,No,Yes,No,Yes,No,No,Yes,Fiber Optic
3842-QTGDL,male,59,Yes,0,NA,Yes,Yes,No,No,No,No,No,Fiber
3845-FXCYS,male,55,No,0,No,No,No,No,No,No,No,No,None
3845-JHAMY,Female,48,Yes,3,NA,No,No,No,No,No,Yes,Yes,Cable
3847-BAERP,female,27,No,0,No,No,No,No,No,No,No,No,None
3850-OKINF,male,42,Yes,3,Yes,Yes,No,No,No,Yes,No,No,DSL 
3853-LYGAM,male,58,No,0,No,No,No,Yes,Yes,No,Yes,Yes,Fiber
3855-ONCAR,F,35,Yes,3,NA,No,No,No,No,Yes,No,No,Fiber
3858-VOBET,m,48,No,0,No,No,No,No,No,No,No,No,Cable
3858-XHYJO,F,24,Yes,0,NA,Yes,No,Yes,No,Yes,Yes,Yes,Optic
3859-CVCET,F,47,No,0,NA,No,No,No,No,No,No,No,DSL 
3863-IUBJR,Male,27,Yes,0,Yes,No,No,No,No,No,Yes,Yes,DSL
3863-QSTYI,Male,60,No,0,NA,No,No,Yes,Yes,Yes,No,No,cable
3865-QBWSJ,Male,76,No,2,No,Yes,No,No,No,No,No,No,Fiber
3865-YIOTT,M,40,Yes,1,Yes,Yes,No,Yes,No,Yes,Yes,Yes,Optic
3865-ZFZIB,male,25,No,0,No,No,No,No,No,No,No,No,None
3865-ZYKAD,m,77,Yes,0,Yes,Yes,Yes,No,No,No,No,No,Optic
3866-MDTUB,Female,64,No,0,No,Yes,No,No,No,Yes,Yes,Yes,DSL
3870-MQAMG,f,21,Yes,0,NA,No,Yes,Yes,Yes,Yes,Yes,Yes,Fiber
3870-SPZSI,F,56,Yes,2,Yes,Yes,Yes,Yes,Yes,Yes,Yes,Yes,Fiber
3871-IKPYH,M,70,No,0,No,No,No,No,No,No,No,No,Optic
3873-NFTGI,male,54,No,0,No,No,Yes,No,No,No,No,No,DSL
3873-WOSBC,M,58,Yes,0,Yes,No,No,No,No,No,No,No,None
3874-EQOEP,Male,32,No,4,No,No,No,No,No,Yes,Yes,Yes,Cable
3877-JRJIP,M,50,No,0,NA,No,No,No,No,Yes,No,No,cable
3878-AVSOQ,f,68,No,0,No,No,No,No,No,No,No,No,Fiber
3882-IYOIJ,female,41,Yes,1,Yes,Yes,Yes,Yes,Yes,Yes,Yes,Yes,Optic
3884-HCSWG,Female,51,No,0,NA,No,No,No,No,No,No,No,Fiber Optic
3884-UEBXB,f,58,Yes,1,NA,Yes,Yes,No,No,No,No,No,DSL
3886-CERTZ,F,57,Yes,0,Yes,No,Yes,Yes,Yes,Yes,Yes,Yes,Optic
3887-PBQAO,F,48,Yes,0,Yes,No,No,No,No,No,No,No,None
3889-VWBID,m,52,Yes,1,Yes,Yes,Yes,No,Yes,Yes,Yes,Yes,DSL 
3890-RTCMS,Male,29,No,0,No,No,No,No,Yes,No,No,No,DSL
3891-NLXJB,Male,26,No,0,No,Yes,Yes,No,Yes,No,No,Yes,DSL
3891-PUQOD,female,40,No,3,NA,No,No,Yes,No,No,Yes,Yes,DSL 
3892-NXAZG,M,56,Yes,1,Yes,Yes,Yes,Yes,Yes,Yes,Yes,Yes,Fiber
3893-JRNFS,m,19,NA,0,No,No,No,Yes,No,No,Yes,Yes,DSL 
3896-RCYYE,f,61,No,0,No,No,No,Yes,Yes,Yes,Yes,Yes,DSL
3896-ZVNET,f,42,Yes,3,Yes,No,No,No,No,No,No,No,None
3898-BSJYF,F,23,No,1,No,Yes,No,Yes,Yes,No,Yes,Yes,cable
3898-GUYTS,Female,71,No,0,NA,Yes,Yes,No,Yes,Yes,No,No,Optic
3900-AQPHZ,f,45,No,0,No,No,No,No,No,No,No,No,None
3902-FOIGH,m,66,Yes,0,Yes,No,Yes,No,No,Yes,Yes,No,Optic
3902-MIVLE,Male,35,Yes,0,Yes,Yes,No,Yes,Yes,No,Yes,Yes,DSL 
3904-UKFRE,Male,27,No,0,No,Yes,No,No,No,No,No,No,Fiber
3908-BLSYF,F,40,No,0,No,No,No,Yes,No,No,Yes,Yes,Fiber Optic
3908-MKIMJ,M,79,Yes,0,Yes,Yes,Yes,Yes,No,No,No,No,Cable
3910-MRQOY,f,28,Yes,0,NA,No,No,No,No,No,No,No,None
3911-RSNHI,female,46,Yes,0,NA,No,Yes,Yes,Yes,Yes,Yes,Yes,DSL
3913-FCUUW,female,52,Yes,1,NA,Yes,Yes,Yes,Yes,No,No,No,DSL
3913-RDSJZ,f,40,Yes,0,Yes,No,No,No,No,No,No,No,None
3914-FDRHP,male,25,No,0,No,No,No,No,Yes,Yes,No,No,Optic
3915-ODIYG,M,72,No,0,No,Yes,Yes,No,No,No,Yes,Yes,DSL 
3916-NRPAP,M,21,No,0,No,No,No,Yes,No,No,Yes,Yes,Optic
3920-HIHMQ,F,53,No,1,No,No,No,No,No,No,No,No,DSL 
3923-CSIHK,F,69,Yes,0,NA,No,No,No,No,No,No,No,cable
3926-CUQZX,male,27,No,0,No,No,No,No,No,No,No,Yes,DSL 
3926-YZVVX,F,62,No,0,NA,No,No,No,Yes,No,No,No,cable
3927-NLNRY,M,48,Yes,0,NA,No,Yes,No,No,Yes,Yes,Yes,Fiber Optic
3930-ZGWVE,Male,45,No,0,No,No,No,No,No,No,No,No,None
3932-CMDTD,female,29,No,0,No,No,Yes,Yes,Yes,Yes,Yes,Yes,Fiber Optic
3932-IJWDZ,m,51,No,0,NA,No,No,Yes,Yes,Yes,Yes,Yes,Fiber
3933-DQPWX,Female,48,No,0,No,No,Yes,Yes,Yes,No,No,No,DSL
3934-HXCFZ,male,33,Yes,0,Yes,Yes,Yes,Yes,No,Yes,No,No,Fiber Optic
3935-TBRZZ,male,54,Yes,0,Yes,No,No,No,No,No,No,No,None
3936-QQFLL,Male,58,No,0,No,No,No,No,No,No,No,No,None
3938-YFPXD,Male,55,No,0,No,Yes,No,Yes,Yes,Yes,Yes,Yes,DSL 
3941-XTSKM,m,32,Yes,0,NA,No,Yes,Yes,No,No,Yes,Yes,DSL 
3943-KDREE,female,48,No,0,No,No,No,No,No,No,No,No,Optic
3945-GFWQL,Female,33,No,1,NA,No,No,No,No,No,No,No,DSL
3946-JEWRQ,m,21,Yes,0,Yes,No,No,No,No,Yes,Yes,Yes,Optic
3946-MHCZW,M,50,No,0,No,No,No,Yes,No,No,No,No,DSL 
3948-FVVRP,m,43,Yes,2,NA,No,Yes,No,Yes,No,No,No,DSL
3948-KXDUF,male,64,No,0,No,Yes,Yes,Yes,Yes,No,No,No,Cable
3948-XHGNA,m,35,No,0,No,Yes,No,No,No,No,No,No,DSL 
3950-VPYJB,Male,37,Yes,3,Yes,Yes,Yes,No,Yes,No,No,No,DSL
3951-NJCVI,f,76,Yes,0,NA,No,No,No,No,Yes,Yes,No,Fiber Optic
3955-JBZZM,male,45,No,0,No,No,No,No,No,Yes,No,No,Optic
3956-CJUST,F,67,No,0,NA,Yes,No,No,No,No,No,No,Fiber Optic
3956-MGXOG,female,62,No,0,No,No,No,No,No,No,Yes,Yes,Fiber
3957-HHLMR,female,50,Yes,0,NA,Yes,No,No,No,No,Yes,Yes,DSL 
3957-LXOLK,f,75,No,0,No,No,Yes,Yes,No,Yes,Yes,No,Fiber Optic
3957-SQXML,Female,61,Yes,0,Yes,No,No,No,No,No,No,No,None
3961-SXAXY,m,49,No,0,NA,No,No,No,No,No,No,No,cable
3963-RYFNS,f,25,No,0,No,Yes,Yes,Yes,Yes,Yes,Yes,Yes,Fiber
3966-HRMZA,Female,74,No,0,No,No,No,Yes,No,No,No,No,Optic
3967-KXAPS,Male,42,Yes,0,NA,Yes,Yes,Yes,Yes,Yes,Yes,Yes,DSL
3967-VQOGC,Female,54,Yes,1,Yes,No,No,No,No,No,No,No,None
3969-GYXEL,Female,46,NA,0,No,Yes,No,No,No,No,No,No,Fiber
3969-JQABI,F,47,Yes,0,Yes,Yes,Yes,No,No,Yes,No,No,DSL
3970-XGJDU,F,45,No,0,No,No,No,No,No,No,No,No,None
3973-SKMLN,M,49,No,0,No,No,No,No,No,No,No,No,None
3976-BWUCK,f,63,Yes,0,Yes,No,Yes,No,Yes,Yes,No,No,Fiber
3976-HXHCE,M,57,No,0,No,No,No,No,No,No,No,No,None
3976-NLDEZ,Male,55,No,0,No,No,No,No,No,No,No,No,None
3977-QCRSL,f,30,No,0,NA,No,No,No,No,No,No,No,None
3978-YNKDD,M,62,No,2,No,No,No,No,No,No,No,No,None
3981-QSVQI,Male,28,No,0,No,No,No,No,No,No,No,No,None
3982-DQLUS,Male,78,Yes,1,Yes,Yes,Yes,No,No,No,No,No,Fiber Optic
3982-JGSFD,m,37,No,0,NA,No,No,No,No,No,No,No,None
3982-XWFZQ,Female,30,Yes,0,NA,No,No,No,No,No,No,No,Cable
3985-HOYPM,M,29,No,0,No,No,No,No,No,No,No,No,None
3987-KQDDU,m,58,No,0,No,Yes,No,No,No,No,No,No,Optic
3988-RQIXO,F,68,No,0,NA,No,No,No,No,Yes,Yes,Yes,Optic
3990-QYKBE,M,74,Yes,0,Yes,No,No,No,No,Yes,Yes,Yes,Fiber
3992-YWPKO,Female,55,No,0,NA,No,Yes,Yes,Yes,Yes,Yes,Yes,Optic
3995-WFCSM,F,28,No,0,No,No,No,Yes,No,No,Yes,Yes,DSL
3996-ZNWYK,m,77,Yes,1,NA,No,No,No,No,No,No,No,None
3999-QGRJH,M,80,No,0,NA,No,No,No,No,No,No,No,Fiber Optic
3999-WRNGR,female,39,Yes,3,Yes,No,Yes,No,No,Yes,Yes,Yes,Cable
4000-VGMQP,m,56,Yes,3,Yes,No,Yes,Yes,No,Yes,Yes,Yes,Cable
4001-TSBTV,f,49,Yes,2,Yes,No,Yes,Yes,No,Yes,No,No,Optic
4002-BQWPQ,male,59,No,0,NA,Yes,Yes,Yes,Yes,No,Yes,Yes,cable
4003-FUSHP,m,62,No,0,No,No,No,No,Yes,Yes,No,No,cable
4003-OCTMP,f,55,Yes,0,Yes,Yes,No,No,Yes,No,Yes,Yes,cable
4006-HKYHO,male,24,NA,0,No,Yes,Yes,Yes,Yes,Yes,Yes,Yes,DSL
4007-NHVHI,F,69,No,0,No,Yes,Yes,No,No,No,Yes,Yes,Fiber
4009-ALQFH,f,35,No,0,NA,No,Yes,Yes,No,Yes,Yes,Yes,Fiber
4010-YLMVT,Female,25,No,0,NA,Yes,Yes,No,No,Yes,Yes,Yes,Optic
4011-ARPHK,Male,59,No,0,No,Yes,No,No,No,No,No,No,DSL 
4012-YCFAI,m,45,Yes,0,Yes,Yes,Yes,No,Yes,No,No,No,DSL
4012-ZTHBR,F,33,Yes,2,Yes,No,No,No,No,No,No,No,cable
4013-GUXND,Male,37,No,0,No,No,No,No,No,No,No,No,None
4013-TLDHQ,male,59,No,0,No,No,Yes,Yes,No,No,No,No,Fiber
4013-UBXWQ,female,33,No,0,No,No,No,No,Yes,Yes,Yes,Yes,Cable
4016-BJKTZ,Female,20,No,0,No,No,Yes,Yes,Yes,Yes,Yes,Yes,Fiber
4018-KJYUY,male,43,No,2,NA,No,No,No,No,No,No,No,None
4018-PPNDW,female,23,Yes,0,NA,No,No,No,No,No,No,No,None
4020-KIUDI,Male,54,Yes,2,Yes,No,No,No,No,No,No,No,None
4021-RQSNY,Male,75,Yes,0,Yes,No,No,Yes,No,Yes,Yes,Yes,Fiber Optic
4023-RTIQM,F,72,Yes,0,Yes,Yes,Yes,Yes,No,No,Yes,No,DSL 
4024-CSNBY,Female,39,Yes,0,Yes,Yes,Yes,Yes,Yes,No,No,No,Optic
4026-SKKHW,M,35,No,0,No,No,No,No,Yes,No,No,No,cable
4029-HPFVY,M,35,No,0,No,No,No,No,No,No,No,No,Fiber Optic
4030-VPZBD,f,53,No,0,No,No,No,No,Yes,No,No,No,DSL 
4032-RMHCI,Female,37,Yes,2,Yes,Yes,No,Yes,No,No,No,No,Cable
4039-HEUNW,male,77,NA,0,Yes,No,Yes,No,No,Yes,Yes,No,Optic
4039-PIMHX,male,74,Yes,0,Yes,No,Yes,No,No,No,No,No,DSL 
4043-MKDTV,Male,54,Yes,0,Yes,No,Yes,Yes,Yes,Yes,Yes,Yes,Fiber Optic
4049-ZPALD,F,35,Yes,0,Yes,Yes,No,Yes,No,Yes,Yes,Yes,Fiber
4054-CUMIA,f,29,Yes,1,NA,No,No,No,No,No,No,No,None
4056-QHXHZ,f,49,Yes,2,NA,Yes,No,Yes,Yes,Yes,Yes,Yes,Fiber Optic
4057-FKCZK,Male,40,Yes,2,Yes,No,No,No,No,Yes,No,No,Fiber Optic
4059-IIEBK,f,51,No,0,No,No,Yes,No,No,No,No,No,Fiber
4060-LDNLU,M,22,No,0,No,No,No,No,No,Yes,Yes,Yes,Fiber Optic
4061-UKJWL,M,35,No,0,No,No,No,No,No,No,No,No,Cable
4062-HBMOS,m,33,No,0,No,No,Yes,Yes,No,Yes,Yes,Yes,Optic
4063-EIKNQ,male,33,Yes,2,Yes,No,No,No,No,No,No,No,None
4065-JJAVA,Female,56,No,0,No,No,Yes,No,No,No,No,No,DSL
4067-HLYQI,F,43,No,0,No,No,No,No,No,No,No,No,Fiber Optic
4070-OKWVH,F,60,Yes,0,Yes,No,Yes,Yes,No,Yes,No,No,Fiber
4072-IPYLT,Female,32,Yes,2,Yes,Yes,No,No,No,No,No,No,DSL
4074-SJFFA,female,44,No,0,No,No,No,No,No,No,Yes,Yes,DSL 
4075-JFPGR,female,27,Yes,0,Yes,Yes,Yes,Yes,No,Yes,No,No,Fiber Optic
4075-WKNIU,female,25,Yes,3,NA,No,Yes,Yes,Yes,Yes,No,No,DSL 
4077-CROMM,female,51,Yes,0,Yes,No,No,Yes,Yes,Yes,Yes,Yes,Fiber Optic
4077-HWUYD,male,59,Yes,3,Yes,Yes,Yes,Yes,Yes,Yes,Yes,Yes,DSL
4078-SAYYN,Female,45,No,0,No,No,No,Yes,No,Yes,Yes,Yes,Fiber Optic
4079-ULGFR,Male,22,No,0,No,No,No,No,No,No,No,No,None
4079-VTGLK,m,77,Yes,0,Yes,No,No,Yes,No,Yes,Yes,No,DSL 
4079-WWQQQ,Male,45,No,0,No,Yes,Yes,Yes,Yes,Yes,Yes,Yes,Cable
4080-IIARD,F,42,Yes,0,NA,Yes,Yes,No,Yes,Yes,No,No,DSL 
4080-OGPJL,female,53,No,0,No,Yes,No,No,Yes,No,Yes,Yes,DSL 
4081-DYXAV,F,27,No,0,No,No,No,No,No,Yes,Yes,Yes,DSL 
4083-BFNYK,f,74,Yes,0,Yes,Yes,Yes,No,No,No,Yes,Yes,Optic
4083-EUGRJ,M,37,No,0,NA,No,No,No,No,No,No,No,None
4086-ATNFV,Female,34,Yes,1,NA,Yes,Yes,Yes,No,No,No,No,Cable
4086-WITJG,Male,53,Yes,1,NA,No,No,No,No,No,No,No,None
4086-YQSNZ,F,74,Yes,0,Yes,No,No,No,No,Yes,No,No,Optic
4088-YLDSU,male,21,Yes,0,Yes,No,No,Yes,Yes,Yes,Yes,Yes,Fiber Optic
4090-KPJIP,Female,42,No,0,NA,No,No,No,No,No,No,No,Fiber Optic
4091-TVOCN,M,51,No,0,No,Yes,No,Yes,No,Yes,Yes,Yes,cable
4092-OFQZS,M,27,Yes,0,NA,No,No,No,No,No,No,No,None
4094-NSEDU,F,79,No,0,No,No,No,No,No,Yes,Yes,No,Optic
4097-YODCF,Male,35,No,1,No,Yes,Yes,No,No,Yes,Yes,Yes,Fiber
4098-NAUKP,m,70,Yes,1,Yes,No,Yes,Yes,No,No,No,No,Optic
4102-HLENU,female,51,Yes,0,Yes,Yes,Yes,Yes,No,No,No,No,cable
4102-OQUPX,male,67,Yes,0,NA,No,No,No,No,No,No,No,Fiber
4104-PVRPS,male,56,Yes,0,NA,Yes,No,No,Yes,No,No,No,cable
4106-HADHQ,male,42,Yes,0,NA,Yes,No,Yes,Yes,Yes,Yes,Yes,DSL 
4109-CYRBD,Male,77,Yes,0,Yes,No,No,No,No,No,No,No,DSL
4110-PFEUZ,f,54,No,0,No,No,No,No,No,No,No,No,Fiber Optic
4111-BNXIF,female,19,Yes,0,Yes,No,Yes,Yes,Yes,Yes,Yes,Yes,DSL 
4112-LUEIZ,m,55,No,0,No,No,No,No,No,Yes,Yes,Yes,Fiber Optic
4114-QMKVN,female,25,Yes,1,Yes,Yes,Yes,No,No,No,Yes,Yes,DSL 
4115-BNPJY,Male,60,Yes,0,NA,No,No,Yes,Yes,Yes,Yes,Yes,DSL
4115-NZRKS,f,72,No,0,No,No,No,No,No,Yes,Yes,No,Fiber Optic
4115-UMJFQ,m,37,No,0,No,No,Yes,Yes,No,No,No,No,DSL 
4116-IQRFR,m,55,Yes,2,Yes,No,No,No,No,No,No,No,None
4116-TZAQJ,female,23,No,0,NA,Yes,No,No,No,No,No,Yes,Fiber
4118-CEVPF,female,74,No,0,No,Yes,Yes,Yes,Yes,Yes,Yes,Yes,Fiber
4119-ZYPZY,Male,67,No,0,NA,No,Yes,No,Yes,Yes,Yes,No,Fiber
4121-AGSIN,female,44,Yes,0,Yes,No,No,No,No,No,No,No,None
4123-DVHPH,m,49,Yes,0,Yes,Yes,No,No,No,No,Yes,Yes,Fiber
4123-FCVCB,f,23,No,0,NA,No,No,No,Yes,Yes,Yes,Yes,DSL
4124-MMETB,M,52,No,0,No,No,No,No,No,Yes,Yes,Yes,Fiber
4128-ETESU,female,73,Yes,0,NA,No,No,Yes,No,Yes,Yes,Yes,Fiber
4129-LYCOI,Female,28,No,1,No,No,Yes,No,Yes,Yes,Yes,Yes,Fiber
4130-MZLCC,f,24,No,0,NA,No,Yes,No,No,No,No,No,DSL
4132-KALRO,F,31,NA,0,No,No,No,No,Yes,Yes,Yes,Yes,Fiber
4132-POCZS,Male,47,Yes,0,Yes,Yes,No,No,No,No,Yes,Yes,DSL 
4134-BSXLX,Male,32,Yes,0,Yes,Yes,Yes,No,Yes,No,No,No,Cable
4135-FRWKJ,female,66,Yes,1,NA,Yes,No,Yes,Yes,Yes,No,No,cable
4137-BTIKL,M,55,No,0,No,Yes,No,No,No,No,Yes,Yes,Fiber
4137-JOPHL,female,63,No,0,No,No,No,Yes,Yes,No,Yes,Yes,Optic
4138-NAXED,m,54,No,0,No,No,Yes,No,No,No,No,No,Fiber Optic
4139-DETXS,F,53,Yes,0,Yes,Yes,Yes,Yes,Yes,Yes,Yes,Yes,DSL
4139-JPIAM,male,31,No,0,No,Yes,No,No,Yes,No,Yes,Yes,DSL 
4139-SUGLD,male,41,Yes,3,NA,Yes,No,No,Yes,No,No,No,DSL 
4140-MUHUG,female,73,No,0,No,No,No,Yes,No,Yes,No,No,Fiber
4140-WJAWW,F,57,No,0,No,No,No,No,No,No,No,No,None
4143-HHPMK,m,46,No,0,NA,No,Yes,No,No,No,Yes,Yes,Optic
4143-OOBWZ,M,33,Yes,0,Yes,No,Yes,No,No,No,No,No,Fiber
4145-UQXUQ,Female,71,No,0,No,No,No,Yes,No,Yes,Yes,No,Fiber
4146-SVFUD,m,45,No,0,No,No,No,No,No,No,No,No,DSL 
4154-AQUGT,male,76,Yes,0,Yes,No,Yes,No,Yes,No,Yes,No,Fiber
4159-NAAIX,female,24,No,0,NA,No,Yes,No,No,Yes,Yes,Yes,Fiber Optic
4160-AMJTL,Female,74,No,0,No,No,No,No,No,No,No,No,None
4163-HFTUK,m,34,No,0,No,No,No,No,No,No,No,No,None
4163-KIUHY,M,21,No,0,No,No,No,No,No,No,No,No,None
4163-NCJAK,Female,55,Yes,0,Yes,No,No,No,No,No,No,No,None
4174-LPGTI,Female,49,Yes,0,Yes,No,Yes,No,Yes,No,Yes,Yes,DSL 
4176-FXYBO,Male,35,Yes,0,Yes,Yes,Yes,Yes,No,Yes,Yes,Yes,Fiber Optic
4176-RELJR,M,73,No,0,No,No,No,No,No,No,No,No,None
4177-JPDFU,male,35,No,0,No,No,Yes,No,Yes,No,No,No,cable
4178-EGMON,m,30,Yes,0,NA,Yes,Yes,No,Yes,No,No,No,Fiber
4182-BGSIQ,f,46,Yes,1,NA,No,No,No,No,No,No,No,None
4183-MYFRB,female,30,No,0,No,No,Yes,Yes,No,No,Yes,Yes,Fiber
4183-WCSEP,M,46,No,0,No,No,Yes,No,Yes,No,No,No,Fiber
4184-TJFAN,F,68,Yes,0,Yes,Yes,No,No,Yes,Yes,No,No,Fiber Optic
4184-VODJZ,M,62,Yes,2,Yes,No,Yes,No,No,No,Yes,Yes,Fiber
4186-ZBUEW,female,55,No,0,NA,No,Yes,No,Yes,No,Yes,Yes,DSL 
4187-CINZD,Female,73,No,0,No,No,Yes,No,No,Yes,Yes,No,Fiber
4188-FRABG,male,36,Yes,0,Yes,Yes,Yes,Yes,Yes,Yes,No,No,Fiber
4188-PCPIG,female,32,Yes,0,Yes,Yes,Yes,No,Yes,Yes,No,No,Cable
4189-NAKJS,M,29,No,0,No,No,No,No,No,No,No,No,cable
4190-MFLUW,F,21,Yes,0,Yes,No,No,Yes,Yes,No,No,No,cable
4191-XOVOM,m,25,No,0,No,No,Yes,No,Yes,Yes,Yes,Yes,Optic
4192-GORJT,m,43,Yes,0,Yes,No,No,Yes,No,Yes,Yes,Yes,Fiber
4193-IBKSW,M,27,Yes,1,Yes,No,No,No,No,No,No,No,None
4193-ORFCL,Female,80,No,0,No,No,No,No,No,No,No,No,DSL
4194-FJARJ,Female,22,Yes,3,Yes,Yes,No,No,Yes,No,No,No,Cable
4194-WHFCB,f,35,Yes,5,Yes,No,Yes,No,Yes,No,Yes,Yes,Fiber Optic
4195-NZGTA,Female,40,No,0,No,No,No,No,No,No,No,No,Cable
4195-PNGZS,m,23,Yes,3,Yes,No,No,No,No,No,No,No,None
4195-SMMNX,Male,62,No,0,No,No,No,No,No,No,No,No,None
4198-VFOEA,Female,58,No,0,NA,Yes,No,No,Yes,No,No,No,DSL
4199-QHJNM,m,72,Yes,0,Yes,No,Yes,No,Yes,Yes,Yes,Yes,Fiber
4201-JMNGR,F,66,No,0,No,Yes,No,Yes,No,No,No,No,cable
4203-QGNZA,female,27,No,3,No,No,No,No,No,No,No,No,None
4208-UFFGW,M,80,No,0,No,No,No,No,No,No,No,No,DSL
4210-QFJMF,f,41,No,0,No,No,No,No,No,No,Yes,Yes,Fiber Optic
4211-MMAZN,Male,41,No,0,No,No,No,No,No,No,No,No,None
4213-HKBJO,female,60,No,0,No,No,No,No,No,No,No,No,None
4220-TINQT,f,41,Yes,0,Yes,No,No,Yes,Yes,Yes,Yes,Yes,Fiber Optic
4223-BKEOR,female,55,No,0,No,Yes,No,Yes,No,No,Yes,Yes,DSL
4223-WOZCM,m,71,No,0,No,No,No,Yes,No,No,No,No,DSL
4226-KKDON,Male,41,No,0,No,No,Yes,No,Yes,Yes,No,No,DSL
4227-OJHAL,F,47,Yes,2,NA,Yes,Yes,Yes,No,Yes,No,No,DSL 
4228-ZGYUW,m,42,No,0,No,No,Yes,No,No,No,Yes,Yes,Fiber Optic
4229-CZMLL,Male,49,No,0,No,No,No,No,No,No,No,No,Optic
4231-LZUYM,F,37,Yes,0,Yes,No,No,No,No,No,No,No,None
4232-JGKIY,M,22,No,0,NA,No,No,No,No,No,No,No,None
4234-XTNEA,M,25,No,0,No,No,No,No,No,Yes,No,No,Fiber Optic
4236-UJPWO,female,34,No,0,No,No,No,No,No,No,No,No,DSL
4236-XPXAV,f,45,Yes,0,Yes,No,Yes,No,Yes,Yes,Yes,Yes,Fiber Optic
4237-CLSMM,Male,45,Yes,0,Yes,No,No,No,No,No,No,No,None
4237-RLAQD,Male,58,No,0,No,No,No,No,No,No,No,No,cable
4238-HFHSN,male,66,Yes,0,NA,No,Yes,No,No,No,No,No,Fiber
4238-JSSWH,Female,70,NA,0,Yes,No,No,Yes,No,Yes,Yes,Yes,Fiber
4248-HCETZ,male,77,Yes,0,Yes,No,Yes,Yes,No,No,No,No,Fiber
4248-QPAVC,f,80,Yes,0,Yes,Yes,No,Yes,No,No,No,No,Fiber
4250-FDVOU,female,44,No,0,No,Yes,Yes,No,No,No,No,No,DSL
4250-WAROZ,male,70,Yes,3,Yes,Yes,Yes,No,No,No,Yes,No,Optic
4250-ZBWLV,Male,24,No,0,No,No,Yes,Yes,Yes,Yes,Yes,Yes,Fiber Optic
4254-QPEDE,F,22,Yes,0,Yes,Yes,Yes,Yes,Yes,Yes,Yes,Yes,DSL
4255-DDUOU,female,47,Yes,3,Yes,No,No,No,No,No,No,No,None
4256-ZWTZI,F,22,No,1,No,No,No,No,Yes,No,No,No,DSL
4257-GAESD,Female,25,No,0,No,No,No,No,No,Yes,Yes,Yes,Cable
4273-MBHYA,Female,38,No,1,No,No,No,No,No,Yes,Yes,Yes,Fiber
4274-DRSQT,female,33,No,0,No,No,Yes,No,No,Yes,No,No,Optic
4274-OWWYO,M,56,No,0,No,No,Yes,No,No,No,No,No,Fiber Optic
4277-BWBML,m,48,Yes,2,Yes,No,No,No,No,No,No,No,None
4277-PVRAN,F,34,No,0,NA,No,No,No,No,Yes,No,No,Fiber Optic
4277-UDIEF,Male,51,Yes,3,NA,Yes,No,No,Yes,Yes,Yes,Yes,Cable
4280-DLSHD,Male,36,Yes,0,Yes,No,Yes,Yes,No,No,No,No,cable
4282-ACRXS,male,69,Yes,0,NA,No,No,No,No,No,No,No,cable
4282-MSACW,male,39,No,0,No,Yes,Yes,Yes,Yes,Yes,Yes,Yes,Optic
4282-YMKNA,F,55,No,0,No,No,No,No,No,No,No,No,Fiber Optic
4283-FUTGF,Male,67,NA,0,No,No,No,Yes,No,No,No,No,Fiber Optic
4283-IVYCI,Male,40,No,0,No,Yes,No,No,Yes,No,Yes,Yes,cable
4285-GYRQC,F,63,Yes,0,Yes,No,No,Yes,No,Yes,No,No,Optic
4289-DTDKW,M,54,Yes,0,Yes,No,Yes,No,No,Yes,Yes,Yes,Cable
4290-BSXUX,m,33,Yes,0,Yes,No,No,No,Yes,No,No,No,Optic
4291-HPAXL,m,63,No,2,NA,No,No,No,No,No,No,No,None
4291-HYEBC,female,76,Yes,3,Yes,No,Yes,No,No,No,Yes,Yes,DSL 
4291-SHSBH,Male,25,No,0,NA,No,No,No,No,No,No,No,Optic
4291-TPNFG,M,56,Yes,0,Yes,Yes,Yes,Yes,Yes,No,Yes,Yes,DSL 
4291-YZODP,female,56,No,3,No,No,No,No,No,No,No,No,None
4293-ETKAP,female,42,Yes,1,NA,No,Yes,No,Yes,Yes,Yes,Yes,cable
4295-YURET,f,78,Yes,1,NA,Yes,No,No,Yes,Yes,Yes,No,DSL 
4298-OYIFC,M,59,Yes,0,Yes,No,No,Yes,Yes,Yes,Yes,Yes,Optic
4299-OPXEJ,f,57,No,0,No,No,No,No,No,No,No,No,None
4299-SIMNS,m,43,No,0,NA,Yes,No,No,No,No,No,No,Optic
4301-VVZKA,M,25,Yes,0,Yes,No,No,No,No,No,No,No,Fiber Optic
4302-ZYFEL,M,23,Yes,2,Yes,No,No,No,No,No,No,No,None
4304-TSPVK,female,46,Yes,0,Yes,Yes,Yes,Yes,Yes,Yes,Yes,Yes,Optic
4304-XUMGI,M,74,Yes,2,NA,Yes,Yes,Yes,No,No,Yes,Yes,DSL 
4307-KTUMW,m,27,Yes,0,Yes,Yes,No,Yes,No,No,Yes,Yes,Fiber
4307-KWMXE,Male,53,No,0,No,No,Yes,No,Yes,No,No,No,DSL 
4310-KEDTB,f,24,No,2,No,No,No,Yes,No,No,No,No,DSL
4311-QTTAI,F,63,No,0,No,No,No,No,No,No,No,No,None
4312-GVYNH,F,46,Yes,0,Yes,Yes,No,Yes,Yes,No,Yes,Yes,cable
4312-KFRXN,Male,61,Yes,0,Yes,No,No,No,No,No,No,No,None
4315-MURBD,Female,64,No,0,No,Yes,No,No,Yes,Yes,Yes,Yes,cable
4316-XCSLJ,m,35,No,3,No,Yes,No,No,No,No,No,No,DSL 
4317-VTEOA,M,61,No,0,No,No,Yes,No,No,No,No,No,DSL 
4318-RAJVY,female,57,No,0,No,No,No,No,No,No,No,No,None
4320-QMLLA,m,57,No,0,No,No,No,No,No,Yes,No,No,DSL 
4322-RCYMT,male,63,Yes,0,Yes,No,Yes,Yes,Yes,No,Yes,Yes,DSL
4323-ELYYB,male,54,Yes,2,NA,No,No,No,No,No,No,No,None
4323-OHFOW,female,72,Yes,0,Yes,No,Yes,No,Yes,Yes,Yes,No,Optic
4323-SADQS,M,61,Yes,6,Yes,Yes,No,No,Yes,No,No,No,Cable
4324-AHJKS,female,42,No,0,No,Yes,No,Yes,No,No,No,No,DSL 
4324-BZCKL,female,30,Yes,2,Yes,No,Yes,Yes,No,No,No,No,DSL
4325-NFSKC,Male,68,No,0,NA,Yes,No,No,No,Yes,No,No,Fiber Optic
4328-VUFWD,f,62,No,0,No,No,No,No,Yes,No,Yes,Yes,DSL
4329-YPDDQ,m,40,No,0,No,Yes,Yes,Yes,Yes,Yes,Yes,Yes,Optic
4332-MUOEZ,male,78,Yes,0,Yes,Yes,No,Yes,Yes,No,Yes,No,Fiber
4334-HOWRP,m,70,Yes,0,Yes,Yes,Yes,Yes,Yes,Yes,Yes,No,DSL 
4335-BSMJS,female,55,No,0,NA,No,No,No,No,No,No,No,None
4335-UPJSI,F,57,No,1,NA,No,No,No,No,No,No,No,None
4338-EYCER,m,57,Yes,0,Yes,No,No,No,No,Yes,No,No,DSL 
4342-HENTK,female,67,No,0,No,No,No,No,No,No,No,No,Fiber Optic
4342-HFXWS,female,19,Yes,1,Yes,Yes,No,Yes,Yes,Yes,No,No,DSL
4343-EJVQB,m,48,No,0,NA,Yes,No,No,No,No,No,No,Optic
4349-GFQHK,m,30,No,0,NA,No,No,Yes,No,No,No,No,DSL
4350-ZTLPI,f,36,Yes,0,Yes,No,Yes,Yes,Yes,Yes,Yes,Yes,Optic
4351-QLCSU,Female,47,No,0,No,No,No,No,No,Yes,No,No,DSL
4353-HYOJD,f,37,Yes,5,Yes,No,Yes,No,No,No,No,No,DSL 
4355-CVPVS,f,49,Yes,1,Yes,No,No,No,No,Yes,Yes,Yes,Optic
4355-HBJHH,Male,49,Yes,0,NA,Yes,No,Yes,No,Yes,Yes,Yes,DSL
4359-INNWN,female,63,No,0,No,No,No,No,No,No,No,No,None
4360-PNRQB,m,27,No,0,NA,No,No,No,No,No,No,No,Fiber Optic
4360-QRAVE,Male,75,No,0,No,No,Yes,Yes,No,No,No,No,DSL 
4361-BKAXE,female,23,No,0,NA,Yes,Yes,Yes,Yes,Yes,Yes,Yes,Fiber
4361-FEBGN,Male,41,No,0,No,No,No,No,No,No,No,No,None
4361-JEIVL,M,29,No,3,No,No,No,No,No,No,No,Yes,DSL 
4365-MSDYN,M,38,Yes,0,Yes,No,No,No,No,No,No,No,None
4366-CTOUZ,female,36,No,0,No,No,Yes,No,Yes,Yes,Yes,Yes,Fiber Optic
4367-NHWMM,Female,37,No,0,No,No,No,No,No,No,No,No,Cable
4367-NUYAO,Male,39,Yes,1,NA,No,No,No,No,No,No,No,None
4369-HTUIF,Male,73,No,0,No,Yes,No,No,No,Yes,No,No,Optic
4369-NYSCF,male,61,No,0,NA,No,Yes,No,Yes,Yes,Yes,Yes,DSL
4373-MAVJG,f,64,Yes,0,Yes,No,Yes,No,No,No,Yes,Yes,Optic
4373-VVHQL,Male,37,No,0,No,No,No,No,No,No,No,No,DSL
4374-YMUSQ,m,64,No,0,No,Yes,Yes,Yes,Yes,Yes,Yes,Yes,Fiber
4376-KFVRS,Male,52,Yes,0,Yes,Yes,Yes,Yes,Yes,Yes,Yes,Yes,Optic
4377-VDHYI,m,29,Yes,3,Yes,Yes,Yes,No,No,No,Yes,Yes,Fiber Optic
4378-BZYFP,M,41,No,0,No,No,No,No,No,No,No,No,None
4378-MYPGO,m,41,Yes,2,Yes,Yes,Yes,Yes,No,Yes,Yes,Yes,Fiber
4381-MHQDC,f,38,No,0,No,Yes,No,Yes,Yes,No,No,No,DSL
4385-GZQXV,Female,68,No,0,No,No,No,No,Yes,Yes,Yes,Yes,Optic
4385-ZKVNW,male,58,Yes,3,NA,No,Yes,No,Yes,No,No,No,DSL
4389-UEFCZ,Female,25,NA,0,Yes,Yes,No,Yes,No,Yes,Yes,Yes,Fiber Optic
4390-KYULV,Male,41,Yes,0,Yes,No,No,No,No,No,No,No,None
4391-LNRXK,Male,37,No,0,No,No,Yes,Yes,Yes,No,Yes,Yes,Fiber
4391-RESHN,m,49,No,0,No,No,No,Yes,Yes,Yes,Yes,Yes,Fiber
4393-GEADV,M,54,Yes,3,Yes,Yes,Yes,Yes,Yes,Yes,Yes,Yes,Fiber Optic
4393-OBCRR,f,60,No,0,NA,No,No,No,No,No,No,No,None
4393-RYCRE,Male,25,No,0,NA,Yes,Yes,Yes,No,Yes,Yes,Yes,Optic
4395-PZMSN,M,67,No,0,NA,No,Yes,No,No,No,Yes,Yes,Fiber
4396-KLSEH,Male,26,No,0,NA,No,No,No,No,No,No,No,None
4397-FRLTA,female,35,No,0,No,No,No,No,No,No,No,No,None
4398-HSCJH,female,57,No,0,No,No,No,No,Yes,Yes,No,No,DSL 
4402-FTBXC,Male,55,No,0,No,Yes,No,Yes,No,Yes,No,No,Fiber
4403-BWPAY,m,40,No,0,NA,No,No,No,No,No,No,No,None
4404-HIBDJ,Female,48,No,0,No,Yes,Yes,Yes,Yes,Yes,No,No,DSL
4412-YLTKF,female,72,No,1,No,No,No,Yes,No,No,No,No,Fiber Optic
4415-IJZTP,female,33,No,0,No,No,No,No,No,No,No,No,Optic
4415-WNGVR,F,73,Yes,0,Yes,Yes,No,Yes,Yes,Yes,Yes,Yes,DSL 
4418-LZMSV,Male,56,Yes,3,Yes,No,Yes,Yes,Yes,No,No,No,Cable
4419-UJMUS,m,55,Yes,1,Yes,No,No,No,Yes,Yes,Yes,Yes,Fiber Optic
4422-QVIJA,f,52,No,1,No,No,No,No,No,No,No,No,DSL 
4423-JWZJN,male,57,Yes,2,Yes,No,No,Yes,No,No,Yes,Yes,Optic
4423-YLHDV,female,22,Yes,0,NA,Yes,No,Yes,No,Yes,Yes,Yes,Fiber Optic
4424-TKOPW,male,70,No,0,No,No,No,No,No,Yes,Yes,No,Optic
4425-OWHWB,Female,32,No,0,No,No,No,No,No,No,No,No,None
4429-WYGFR,Male,36,No,0,No,No,No,No,Yes,No,No,No,DSL 
4430-UZIPO,M,44,No,0,No,No,Yes,No,Yes,No,No,No,DSL 
4430-YHXGG,f,20,No,3,No,No,No,No,No,No,No,No,None
4431-EDMIQ,Female,47,Yes,3,Yes,Yes,Yes,Yes,Yes,Yes,No,No,DSL
4432-ADRLB,M,46,No,0,No,No,No,No,No,No,No,No,DSL
4433-JCGCG,male,80,Yes,0,Yes,No,No,Yes,No,Yes,Yes,No,Optic
4439-JMPMT,F,38,Yes,0,Yes,No,No,No,Yes,Yes,No,No,Optic
4439-YRNVD,F,33,No,0,NA,No,Yes,No,Yes,No,No,No,DSL
4441-NIHPT,Female,73,No,0,NA,No,No,Yes,No,No,No,No,Optic
4443-EMBNA,female,55,Yes,0,Yes,No,No,No,No,No,No,No,None
4445-KWOKW,f,23,No,0,No,Yes,Yes,No,No,No,No,Yes,Cable
4445-ZJNMU,male,30,No,0,NA,No,Yes,No,No,Yes,Yes,Yes,Optic
4446-BZKHU,male,44,Yes,0,NA,No,Yes,Yes,No,Yes,Yes,Yes,Optic
4450-DLLMH,m,53,No,0,No,No,No,No,No,No,No,No,Optic
4450-MDZFX,male,50,Yes,4,Yes,No,No,No,No,No,No,No,Optic
4450-YOOHP,Female,56,No,0,No,No,No,Yes,No,Yes,Yes,Yes,DSL 
4451-RWASJ,M,35,Yes,3,Yes,No,No,No,No,No,No,No,None
4452-QIIEB,M,41,No,0,No,No,No,No,No,No,No,No,DSL
4452-ROHMO,Female,64,No,0,No,No,No,No,No,No,No,No,None
4455-BFSPD,F,35,Yes,0,NA,No,No,No,Yes,Yes,Yes,Yes,Fiber Optic
4456-RHSNB,Female,43,Yes,1,Yes,No,No,Yes,No,No,No,No,DSL
4458-KVRBJ,male,25,NA,0,No,No,No,No,No,No,No,No,None
4459-BBGHE,male,61,No,1,No,No,No,No,No,Yes,Yes,Yes,DSL
4462-CYWMH,m,65,Yes,0,NA,No,Yes,No,No,No,Yes,Yes,Optic
4464-JCOLN,m,40,Yes,0,Yes,No,No,No,No,No,No,No,None
4465-VDKIQ,female,61,No,0,NA,No,Yes,Yes,No,No,No,No,Fiber
4468-KAZHE,female,70,Yes,0,Yes,No,Yes,No,No,No,Yes,No,DSL
4468-YDOVK,Male,57,No,2,No,No,No,No,Yes,No,No,No,DSL
4471-KXAUH,F,58,Yes,0,NA,No,No,Yes,Yes,No,No,No,Fiber Optic
4472-LVYGI,F,43,Yes,0,Yes,Yes,No,Yes,Yes,Yes,No,No,Cable
4472-VESGY,female,41,Yes,1,NA,Yes,Yes,Yes,No,No,Yes,Yes,Fiber Optic
4475-NVTLU,Male,21,Yes,1,Yes,No,No,No,No,No,No,No,None
4476-OSWTN,m,73,Yes,0,Yes,Yes,No,Yes,Yes,Yes,Yes,No,Fiber
4480-MBMLB,F,52,No,0,No,No,Yes,Yes,No,Yes,Yes,Yes,Optic
4480-QQRHC,F,72,No,0,No,No,No,Yes,No,No,No,No,Optic
4482-EWFMI,Female,54,No,0,NA,No,No,No,No,No,No,No,Fiber
4482-FTFFX,Male,23,No,0,No,No,No,Yes,Yes,No,No,No,DSL 
4484-CGXFK,F,45,No,0,No,No,No,No,No,No,Yes,Yes,DSL
4484-GLZOU,f,20,Yes,0,NA,No,Yes,Yes,No,Yes,Yes,Yes,Fiber Optic
4486-EFAEB,M,56,No,0,No,No,No,No,No,No,No,No,None
4487-ZYJZK,female,60,Yes,2,Yes,No,No,No,No,No,No,No,None
4488-KQFDT,f,21,No,0,No,No,Yes,Yes,No,Yes,Yes,Yes,Fiber
4488-PSYCG,Male,24,No,0,No,No,No,No,No,No,No,No,None
4489-SNOJF,Female,28,Yes,2,NA,Yes,No,Yes,Yes,Yes,No,No,DSL
4495-LHSSK,female,25,No,2,No,Yes,No,No,No,No,No,No,DSL 
4500-HKANN,M,33,Yes,0,Yes,No,Yes,No,Yes,No,No,No,cable
4501-EQDRN,female,64,No,0,No,No,No,No,No,No,No,No,Fiber Optic
4501-UYKBC,female,65,No,0,No,No,No,Yes,Yes,No,Yes,Yes,DSL
4501-VCPFK,M,25,No,0,No,No,No,Yes,Yes,No,No,No,cable
4503-BDXBD,male,41,No,0,No,No,Yes,No,No,No,No,No,Fiber
4504-YOULA,F,42,Yes,3,NA,Yes,Yes,No,No,No,No,No,DSL
4505-EXZHB,f,75,No,0,NA,No,No,Yes,No,No,No,No,Fiber
4508-OEBEY,male,41,NA,0,Yes,Yes,Yes,Yes,Yes,No,Yes,Yes,DSL 
4510-HIMLV,m,50,No,0,No,No,No,No,No,No,No,No,Fiber
4510-PYUSH,female,67,No,0,No,Yes,Yes,No,No,No,No,No,DSL
4512-ZUIYL,female,31,No,0,No,No,No,No,No,No,No,No,Optic
4513-CXYIX,f,73,Yes,0,Yes,Yes,No,No,No,No,No,No,Optic
4514-GFCFI,Female,76,No,0,No,No,No,No,No,Yes,No,No,Fiber
4518-FZBSX,M,57,Yes,2,Yes,No,No,No,No,No,No,No,None
4521-WFJAI,M,52,No,0,No,No,No,No,No,No,No,No,None
4521-YEEHE,female,23,Yes,0,Yes,No,No,No,Yes,Yes,No,Yes,Fiber Optic
4522-AKYLR,female,68,No,0,No,No,Yes,Yes,No,No,No,No,DSL 
4522-XRWWI,m,30,Yes,0,Yes,Yes,No,No,Yes,Yes,Yes,Yes,Cable
4523-WXCEF,F,21,Yes,0,Yes,No,Yes,No,No,Yes,Yes,Yes,Fiber Optic
4524-QCSSM,M,39,No,0,NA,Yes,Yes,No,No,No,Yes,Yes,DSL
4525-VZCZG,m,58,No,1,No,Yes,Yes,No,Yes,Yes,Yes,Yes,Fiber
4526-EXKKN,m,27,No,0,No,No,No,No,No,No,No,No,None
4526-RMTLL,m,32,Yes,1,Yes,Yes,Yes,No,Yes,No,Yes,Yes,DSL 
4526-ZJJTM,F,72,Yes,0,NA,No,Yes,Yes,No,No,Yes,Yes,Fiber Optic
4529-CKBCL,female,51,No,0,No,No,No,No,No,Yes,No,No,Fiber
4530-NDRKU,female,31,Yes,3,Yes,No,No,No,No,No,No,No,None
4531-AUZNK,F,21,Yes,1,NA,Yes,No,No,Yes,Yes,No,Yes,Fiber Optic
4534-WGCIR,f,56,Yes,2,Yes,No,No,No,No,No,No,No,None
4536-PLEQY,m,44,Yes,0,Yes,No,Yes,No,No,No,Yes,Yes,Fiber Optic
4537-CIBHB,Female,59,Yes,3,Yes,No,No,No,No,No,No,No,None
4537-DKTAL,F,26,No,0,No,No,No,No,No,No,No,No,DSL 
4538-WNTMJ,F,39,Yes,0,Yes,No,No,No,No,No,No,No,None
4541-RMRLG,m,53,No,0,NA,No,No,No,No,No,No,No,None
4544-RXFMG,Male,48,Yes,2,NA,No,No,No,No,No,No,No,DSL 
4546-FOKWR,female,35,No,0,No,No,No,No,No,No,No,No,Fiber Optic
4547-FZJWE,m,24,Yes,0,Yes,Yes,No,No,No,No,Yes,Yes,DSL
4547-KQRTM,F,60,No,0,No,No,Yes,No,No,No,No,No,Fiber
4547-LYTDD,female,35,No,0,No,No,No,No,No,No,No,No,Fiber Optic
4548-SDBKE,F,26,No,0,No,No,No,No,No,Yes,No,Yes,Fiber
4549-ZDQYY,f,35,No,0,No,Yes,No,Yes,Yes,No,No,No,DSL 
4550-EVXNY,F,52,No,0,No,No,No,No,No,No,No,No,Fiber Optic
4550-VBOFE,male,69,Yes,0,Yes,No,Yes,Yes,No,Yes,Yes,No,Fiber
4553-DVPZG,F,30,Yes,0,Yes,No,No,Yes,No,Yes,Yes,Yes,Optic
4554-YGZIH,m,75,Yes,0,Yes,No,Yes,No,No,No,Yes,No,Fiber Optic
4558-CGYCZ,male,20,No,0,No,No,No,No,No,No,No,No,None
4558-FANTW,female,30,Yes,0,Yes,Yes,No,No,Yes,Yes,No,No,Fiber
4559-UWIHT,m,37,Yes,0,Yes,No,Yes,Yes,No,No,No,No,Optic
4560-WQAQW,F,62,No,0,NA,Yes,No,No,Yes,No,Yes,Yes,DSL
4565-EVZMJ,F,55,No,0,NA,Yes,Yes,No,Yes,No,No,No,cable
4565-NLZBV,f,33,Yes,0,Yes,No,No,No,No,No,No,No,None
4566-GOLUK,male,43,Yes,0,NA,No,No,Yes,Yes,Yes,Yes,Yes,Optic
4566-NECEV,male,40,No,0,No,No,Yes,Yes,No,No,Yes,Yes,Fiber Optic
4566-QVRRW,f,41,Yes,0,Yes,No,No,No,No,No,No,No,DSL
4567-AKPIA,female,28,Yes,2,Yes,No,Yes,Yes,Yes,Yes,Yes,Yes,Optic
4568-KNYWR,Male,56,No,0,No,Yes,Yes,No,No,Yes,No,No,cable
4568-TTZRT,male,36,No,0,No,No,No,No,No,No,No,No,None
4570-QHXHL,Female,48,No,0,No,No,No,No,No,No,No,No,DSL 
4572-DVCGN,f,40,No,0,NA,No,No,No,No,No,Yes,Yes,Fiber
4573-JKNAE,M,44,No,3,NA,No,No,No,No,No,No,No,None
4576-CSAJH,m,22,No,0,No,No,Yes,No,Yes,No,No,No,DSL 
4578-PHJYZ,M,45,Yes,2,Yes,No,Yes,Yes,Yes,Yes,No,No,cable
4580-TMHJU,female,57,NA,0,Yes,No,No,No,No,Yes,No,No,DSL 
4581-LNWUM,f,47,No,0,No,No,No,Yes,No,Yes,Yes,Yes,DSL
4581-SSPWD,F,63,No,0,No,No,No,No,No,No,No,No,Fiber
4583-PARNH,M,66,Yes,0,Yes,No,No,Yes,Yes,No,Yes,Yes,Fiber
4584-LBNMK,male,79,Yes,0,Yes,No,No,No,No,No,No,No,None
4585-HETAI,f,25,Yes,0,Yes,No,No,Yes,No,No,No,Yes,Fiber
4587-NUKOX,Female,60,No,0,NA,Yes,Yes,No,No,No,No,No,Optic
4587-VVTOX,Female,23,Yes,0,Yes,No,Yes,Yes,No,Yes,Yes,Yes,Optic
4588-YBNIB,F,24,No,0,No,No,No,No,No,No,No,No,None
4589-IUAJB,male,36,Yes,0,Yes,No,No,No,No,No,No,No,None
4592-IWTJI,F,46,Yes,2,Yes,Yes,No,No,No,No,No,No,Cable
4597-ELFTS,male,57,No,0,NA,No,No,No,No,No,No,No,None
4597-NUCQV,M,65,No,0,No,No,Yes,No,No,Yes,Yes,Yes,Fiber Optic
4598-XLKNJ,Female,78,Yes,1,Yes,No,Yes,Yes,No,Yes,Yes,No,Fiber
4598-ZADCK,f,34,No,0,NA,Yes,Yes,Yes,Yes,Yes,No,No,DSL 
4603-JANFB,m,51,No,0,NA,No,No,No,No,No,No,No,Fiber
4607-CHPCA,m,63,Yes,0,Yes,No,No,No,No,Yes,Yes,Yes,Optic
4608-LCIMN,Male,45,Yes,3,Yes,No,No,No,No,No,No,No,DSL 
4609-KNNWG,female,36,Yes,3,Yes,No,No,No,No,No,No,No,None
4611-ANLQC,female,31,Yes,0,Yes,Yes,Yes,Yes,No,No,Yes,Yes,cable
4612-SSVHJ,F,74,No,0,No,No,No,No,No,No,Yes,Yes,Fiber Optic
4612-THJBS,female,68,No,0,No,No,Yes,Yes,No,Yes,Yes,No,Optic
4614-NUVZD,female,53,No,0,No,No,No,No,No,No,Yes,Yes,Optic
4615-PIVVU,female,33,No,0,No,No,No,Yes,Yes,No,Yes,Yes,Cable
4616-EWBNJ,f,23,No,0,No,No,No,No,No,No,No,No,None
4616-ULAOA,F,33,Yes,2,Yes,No,Yes,Yes,Yes,Yes,Yes,Yes,Optic
4619-EVPHY,Female,65,Yes,0,Yes,No,No,No,No,Yes,Yes,Yes,Fiber Optic
4622-YNKIJ,m,59,No,0,No,Yes,No,No,Yes,Yes,No,No,Optic
4623-ZKHLY,M,43,Yes,0,Yes,No,No,No,No,No,No,No,None
4625-EWPTF,Male,55,No,0,NA,Yes,No,No,No,No,No,No,Cable
4625-LAMOB,m,36,No,0,NA,No,No,No,No,No,No,No,None
4625-XMOYM,Female,37,Yes,1,Yes,No,No,No,No,No,No,No,None
4626-GYCZP,M,60,No,0,No,No,No,No,No,Yes,Yes,Yes,Fiber Optic
4626-OZDTJ,F,35,Yes,0,Yes,No,Yes,No,Yes,Yes,Yes,Yes,DSL
4627-MIHJH,F,72,No,0,No,Yes,No,Yes,Yes,Yes,Yes,Yes,Fiber
4628-CTTLA,male,23,No,0,NA,No,Yes,No,No,Yes,No,Yes,DSL 
4628-WQCQQ,M,37,No,0,No,No,No,Yes,No,Yes,No,No,Fiber Optic
4629-NRXKX,Female,47,Yes,0,NA,No,No,No,No,No,No,No,Optic
4631-OACRM,male,78,No,0,No,No,No,No,No,No,Yes,No,Optic
4632-PAOYU,M,37,Yes,1,Yes,No,No,No,No,No,No,No,None
4632-XJMEX,Male,20,No,2,No,Yes,Yes,No,Yes,No,No,No,cable
4633-MKHYU,f,23,No,0,NA,No,No,No,No,Yes,Yes,Yes,Fiber Optic
4634-JLRJT,female,30,No,0,No,No,No,No,No,No,No,No,None
4635-EJYPD,male,39,Yes,1,Yes,No,No,No,No,No,No,No,None
4636-JGAAI,M,28,Yes,0,Yes,No,Yes,No,No,No,Yes,Yes,Fiber Optic
4636-OLWOE,m,20,No,2,No,No,Yes,Yes,Yes,No,No,No,cable
4636-QRJKY,F,64,Yes,0,NA,No,No,No,Yes,No,No,No,Fiber Optic
4636-TVXVG,male,28,Yes,2,Yes,No,No,No,No,No,No,No,None
4640-UHDOS,f,60,Yes,0,Yes,No,No,No,No,No,Yes,Yes,DSL
4641-FROLU,Female,49,Yes,1,NA,No,No,No,No,No,No,No,None
4644-OBGFZ,M,43,Yes,3,Yes,No,No,No,No,No,No,No,None
4644-PIZRT,M,36,Yes,3,Yes,Yes,No,Yes,No,Yes,No,No,DSL 
4646-QZXTF,f,38,Yes,0,NA,Yes,No,Yes,Yes,Yes,Yes,Yes,DSL 
4647-MUZON,Female,56,Yes,0,Yes,No,No,Yes,No,Yes,Yes,Yes,Fiber Optic
4647-XXZAM,f,41,Yes,1,NA,No,No,No,No,No,No,No,DSL 
4648-YPBTM,male,35,No,0,No,No,Yes,Yes,Yes,No,Yes,Yes,DSL 
4652-NNHNY,M,32,Yes,0,Yes,No,No,No,No,No,No,No,Fiber Optic
4652-ODEVH,M,43,Yes,3,Yes,No,No,No,No,No,No,No,None
4654-DLAMQ,Female,69,Yes,0,Yes,Yes,Yes,Yes,No,No,Yes,No,Fiber Optic
4654-GGUII,female,28,No,0,No,Yes,Yes,No,Yes,No,No,No,DSL
4654-ULTTN,M,34,Yes,0,NA,Yes,No,Yes,Yes,No,Yes,Yes,DSL 
4656-CAURT,male,57,No,0,No,No,No,No,No,No,No,No,None
4657-FWVFY,f,51,Yes,2,Yes,No,Yes,Yes,No,Yes,No,No,Fiber Optic
4658-HCOHW,Female,52,Yes,0,Yes,No,Yes,Yes,Yes,Yes,Yes,Yes,Fiber
4659-NZRUF,f,64,No,0,NA,Yes,Yes,No,No,No,Yes,Yes,Fiber
4660-IRIBM,M,32,Yes,1,NA,Yes,No,Yes,No,Yes,No,No,Optic
4661-NJEUX,male,42,No,0,No,No,No,No,No,No,No,No,None
4662-EKDPQ,M,44,No,0,NA,No,No,No,No,No,Yes,Yes,cable
4664-NJCMS,f,52,Yes,0,Yes,Yes,No,Yes,Yes,Yes,Yes,Yes,DSL 
4667-OHGKG,m,61,No,0,NA,No,No,No,No,No,No,No,None
4667-QONEA,F,72,Yes,0,Yes,Yes,Yes,Yes,Yes,No,Yes,No,cable
4670-TABXH,male,53,Yes,0,Yes,No,Yes,Yes,Yes,Yes,Yes,Yes,Fiber
4671-LXRDQ,M,44,No,0,No,No,No,No,No,No,No,No,Cable
4671-VJLCL,female,36,No,0,No,Yes,Yes,Yes,Yes,Yes,No,No,DSL
4672-FOTSD,M,54,No,0,NA,Yes,Yes,No,Yes,No,No,No,DSL
4673-KKSLS,f,56,No,0,NA,Yes,No,Yes,Yes,No,No,No,Fiber
4674-HGNUA,M,57,Yes,3,Yes,Yes,Yes,Yes,Yes,Yes,Yes,Yes,Cable
4676-MQUEA,male,80,Yes,0,Yes,Yes,Yes,Yes,No,Yes,No,No,Fiber
4676-WLUHT,M,51,No,0,No,Yes,Yes,No,No,No,Yes,Yes,DSL
4678-DVQEO,f,41,No,0,No,No,No,No,Yes,No,No,No,DSL
4680-KUTAJ,F,73,No,0,No,Yes,No,No,No,No,No,No,DSL
4682-BLBUC,m,19,Yes,0,Yes,No,Yes,Yes,Yes,Yes,No,No,DSL
4683-WYDOU,male,54,Yes,0,NA,No,No,Yes,Yes,Yes,Yes,Yes,Fiber
4685-ERGHK,M,45,No,0,No,No,No,No,No,Yes,No,No,Fiber Optic
4685-TFLLS,m,39,Yes,3,NA,No,No,No,No,No,No,No,None
4686-GEFRM,M,23,Yes,0,Yes,No,Yes,Yes,Yes,No,Yes,Yes,Fiber
4686-UXDML,Female,24,No,0,No,No,Yes,No,No,Yes,Yes,Yes,Fiber
4690-LLKUA,m,68,No,0,No,No,No,No,No,No,No,No,DSL 
4690-PKDQG,f,66,Yes,0,NA,No,Yes,Yes,No,Yes,No,No,Fiber Optic
4692-NNQRU,Female,49,Yes,0,Yes,No,No,Yes,Yes,No,No,No,Fiber Optic
4693-VWVBO,Female,60,No,0,No,No,No,No,No,No,No,No,None
4694-PHWFW,Female,26,No,3,No,No,No,No,No,No,No,No,None
4695-VADHF,male,53,Yes,0,NA,No,No,Yes,No,No,Yes,Yes,DSL 
4695-WJZUE,f,68,No,0,NA,No,No,Yes,No,No,Yes,Yes,Optic
4697-LUPSU,male,22,Yes,0,Yes,No,No,No,No,No,No,No,None
4698-KVLLG,F,66,No,0,No,No,No,No,No,No,No,No,None
4700-UBQMV,M,42,Yes,3,Yes,Yes,No,No,No,Yes,Yes,Yes,DSL
4701-AHWMW,male,30,Yes,0,Yes,No,No,Yes,Yes,Yes,Yes,Yes,DSL 
4701-LKOZD,Female,64,No,0,NA,Yes,Yes,Yes,Yes,Yes,Yes,Yes,cable
4701-MLJPN,m,60,No,0,No,No,No,Yes,Yes,No,No,No,DSL
4702-HDRKD,Male,30,No,0,No,Yes,No,Yes,Yes,Yes,No,No,cable
4702-IOQDC,f,58,No,0,No,No,No,No,No,No,No,No,Fiber Optic
4703-MQYKT,Male,43,No,0,NA,No,No,No,No,No,No,No,None
4704-ERYFC,F,19,Yes,0,Yes,No,No,No,No,No,No,No,Fiber Optic
4706-AXVKM,female,78,No,0,NA,No,No,No,No,No,Yes,No,Fiber Optic
4706-DGAHW,Male,73,No,0,No,No,No,No,No,No,No,No,DSL
4707-MAXGU,Male,36,NA,0,Yes,No,No,No,No,No,No,No,None
4707-YNOQA,f,57,Yes,1,Yes,No,No,No,No,No,No,No,None
4709-LKHYG,F,23,Yes,0,NA,No,No,No,No,No,No,No,None
4710-FDUIZ,m,50,Yes,0,NA,No,Yes,No,No,Yes,Yes,Yes,Fiber
4710-NKCAW,M,42,Yes,2,Yes,Yes,Yes,No,Yes,No,No,No,DSL
4712-AUQZO,Male,53,No,0,No,Yes,No,Yes,No,No,No,No,DSL
4712-UYOOI,female,21,Yes,3,Yes,No,No,No,No,No,No,No,None
4713-LZDRV,f,80,No,0,NA,No,No,No,No,No,Yes,No,Cable
4713-ZBURT,m,33,No,2,No,No,No,Yes,No,Yes,Yes,Yes,Fiber
4716-HHKQH,male,68,Yes,0,Yes,No,Yes,No,Yes,Yes,Yes,No,Fiber
4716-MRVEN,f,30,No,0,No,No,No,No,No,No,No,No,None
4717-GHADL,f,39,No,0,No,No,Yes,No,Yes,Yes,Yes,Yes,DSL 
4718-DHSMV,female,22,No,0,No,No,No,No,No,Yes,No,No,DSL 
4718-WXBGI,Male,21,Yes,1,NA,Yes,Yes,Yes,Yes,Yes,Yes,Yes,Cable
4719-UMSIY,male,52,No,2,No,No,No,No,No,No,No,No,None
4720-VSTSI,F,54,No,0,No,No,Yes,Yes,No,No,No,No,Fiber
4723-BEGSG,Male,35,Yes,0,Yes,Yes,No,Yes,Yes,Yes,Yes,Yes,cable
4724-WXVWF,male,28,No,0,No,Yes,No,No,Yes,No,Yes,Yes,Optic
4726-DLWQN,Male,69,No,0,NA,Yes,Yes,No,No,Yes,No,No,DSL
4727-MCYZG,M,23,No,0,No,No,No,No,No,No,Yes,Yes,DSL 
4729-XKASR,M,56,No,3,No,No,No,No,No,No,No,No,DSL 
4730-AWNAU,Male,59,Yes,0,Yes,Yes,No,Yes,Yes,Yes,Yes,Yes,DSL 
4732-RRJZC,M,31,Yes,1,Yes,No,No,No,No,No,No,No,None
4735-ASGMA,m,55,No,0,NA,No,No,Yes,No,Yes,Yes,Yes,Fiber Optic
4735-BJKOU,F,33,No,0,No,No,No,No,No,No,No,No,None
4737-AQCPU,m,39,Yes,0,NA,Yes,Yes,Yes,Yes,No,No,No,DSL 
4737-HOBAX,M,51,Yes,0,Yes,No,No,Yes,Yes,Yes,Yes,Yes,cable
4741-WWJQZ,F,49,Yes,0,NA,Yes,No,No,Yes,No,No,No,Fiber Optic
4742-DRORA,Male,59,Yes,0,Yes,Yes,No,Yes,No,Yes,No,No,Optic
4742-TXUEX,Female,24,Yes,3,Yes,No,No,No,No,No,No,No,None
4745-LSPLO,m,22,No,0,No,No,No,No,No,No,No,No,None
4747-LCAQL,M,28,No,0,No,Yes,Yes,No,Yes,Yes,Yes,Yes,DSL 
4749-OJKQU,f,36,No,0,NA,No,No,No,No,No,No,No,Fiber Optic
4749-VFKVB,f,47,No,0,No,No,No,No,No,No,No,No,DSL
4750-UKWJK,f,77,Yes,0,Yes,No,No,No,No,No,No,No,None
4750-ZRXIU,female,68,No,0,No,No,No,No,No,No,Yes,No,cable
4751-ERMAN,m,43,Yes,0,Yes,No,Yes,Yes,No,Yes,Yes,Yes,cable
4753-PADAS,female,23,Yes,0,Yes,No,Yes,Yes,No,Yes,Yes,Yes,Fiber
4759-PXTAN,f,34,Yes,0,NA,No,Yes,No,Yes,Yes,Yes,Yes,DSL
4759-TRPLW,male,40,No,0,No,No,No,No,No,No,No,No,Optic
4760-THGOT,female,33,Yes,0,Yes,Yes,Yes,No,No,No,Yes,Yes,Fiber
4760-XOHVN,Female,54,Yes,2,NA,No,No,No,No,No,No,No,None
4763-PGDPO,Female,19,No,0,No,No,No,No,No,No,No,Yes,Fiber
4765-OXPPD,f,20,Yes,0,Yes,Yes,Yes,Yes,Yes,No,No,No,Cable
4767-HZZHQ,Male,32,Yes,3,Yes,No,Yes,Yes,No,No,No,No,Fiber Optic
4770-QAZXN,f,42,No,0,No,No,No,No,No,No,No,No,None
4770-UEZOX,Male,19,No,0,NA,No,Yes,No,No,No,No,No,Fiber
4774-HHGGS,M,64,Yes,0,Yes,No,No,No,No,No,No,No,None
4776-XSKYQ,Female,48,Yes,1,NA,No,No,No,Yes,No,No,No,DSL 
4778-IZARL,m,46,Yes,0,Yes,Yes,Yes,Yes,Yes,Yes,Yes,Yes,Optic
4779-ZGICK,M,39,Yes,1,Yes,No,No,No,No,No,No,No,None
4781-ZXYGU,male,25,Yes,2,NA,No,No,No,No,No,No,No,None
4782-OSFXZ,Female,72,Yes,0,NA,Yes,Yes,Yes,Yes,No,Yes,Yes,DSL 
4785-FCIFB,female,20,Yes,0,Yes,No,No,No,No,No,No,No,None
4785-NKHCX,M,65,No,0,NA,No,No,No,No,No,No,No,None
4785-QRJHC,M,80,Yes,0,NA,No,Yes,Yes,Yes,Yes,Yes,No,DSL 
4786-UKSNZ,Male,45,No,0,NA,No,No,No,No,No,No,No,None
4789-KWMXN,M,42,Yes,0,Yes,Yes,No,Yes,Yes,Yes,Yes,Yes,Optic
4791-QRGMF,M,33,Yes,0,NA,No,No,Yes,No,Yes,Yes,Yes,Fiber
4795-KTRTH,Female,68,Yes,0,Yes,No,Yes,No,No,No,No,No,Fiber Optic
4795-UXVCJ,M,63,No,0,No,No,No,No,No,No,No,No,None
4795-WRNVT,Female,32,No,0,No,Yes,Yes,No,No,Yes,No,No,DSL
4797-AXPXK,f,64,No,2,No,Yes,Yes,No,Yes,No,No,No,DSL
4797-MIWUM,Male,22,Yes,3,NA,No,No,No,No,No,No,No,None
4800-CZMPC,F,24,Yes,0,Yes,Yes,Yes,No,No,Yes,Yes,Yes,Fiber
4800-VHZKI,f,59,No,0,No,No,No,No,No,No,No,No,None
4801-JZAZL,f,32,Yes,2,Yes,Yes,No,No,No,No,No,No,DSL
4801-KFYKL,male,28,No,3,NA,No,No,No,No,No,No,No,None
4803-AXVYP,Female,75,No,0,No,No,No,No,Yes,Yes,Yes,No,Optic
4803-LBYPN,m,44,Yes,1,Yes,No,No,No,No,No,No,No,None
4804-NCPET,male,32,Yes,3,Yes,No,No,No,No,No,No,No,None
4806-DXQCE,female,77,Yes,0,Yes,Yes,Yes,Yes,Yes,Yes,Yes,No,Optic
4806-HIPDW,Female,64,Yes,0,Yes,No,No,No,No,No,No,No,Fiber Optic
4806-KEXQR,M,27,No,0,NA,No,No,No,No,No,Yes,Yes,Fiber Optic
4807-IZYOZ,female,25,No,0,NA,No,No,No,No,No,No,No,None
4808-YNLEU,F,51,Yes,0,NA,Yes,No,No,No,Yes,No,No,DSL
4811-JBUVU,male,62,No,0,No,No,No,No,Yes,No,Yes,Yes,Fiber Optic
4813-HQMGZ,f,54,Yes,0,Yes,No,No,No,Yes,No,Yes,Yes,Fiber Optic
4815-GBTCD,f,55,Yes,0,NA,No,No,No,No,No,No,No,DSL 
4815-TUMEQ,Female,25,No,0,No,No,No,No,No,No,No,No,None
4815-YOSUK,m,22,Yes,2,NA,Yes,Yes,Yes,Yes,No,Yes,Yes,Fiber
4816-JBHOV,m,72,No,0,No,No,No,No,No,No,No,No,cable
4816-LXZYW,F,51,No,0,NA,No,Yes,No,No,No,No,No,Optic
4816-OKWNX,male,38,Yes,1,NA,No,Yes,Yes,Yes,Yes,Yes,Yes,Optic
4817-KEQSP,female,43,Yes,2,Yes,No,No,No,No,No,No,No,None
4817-QRJSX,f,46,No,0,No,No,Yes,No,No,No,No,No,Fiber Optic
4817-VYYWS,Female,21,No,0,NA,No,Yes,No,No,Yes,Yes,Yes,Optic
4818-DRBQT,male,29,Yes,0,Yes,No,Yes,No,No,No,No,No,Fiber
4818-QIUFN,f,69,No,0,No,Yes,No,No,No,No,No,No,Fiber
4819-HJPIW,male,32,No,0,No,No,No,No,No,No,No,No,DSL
4821-SJHJV,F,25,Yes,3,NA,Yes,No,No,No,Yes,No,No,Fiber Optic
4821-WQOYN,F,25,Yes,2,NA,No,No,No,No,No,No,No,None
4822-LPTYJ,male,38,Yes,0,NA,No,Yes,Yes,No,Yes,Yes,Yes,Optic
4822-NGOCH,F,60,No,0,No,No,Yes,Yes,No,No,No,No,Fiber
4822-RVYBB,male,75,No,0,No,No,No,Yes,No,Yes,Yes,No,Fiber Optic
4822-YCXMX,Male,64,No,0,NA,No,No,No,No,No,Yes,Yes,Fiber
4824-GUCBY,F,77,NA,0,No,Yes,Yes,No,No,No,No,No,Fiber
4825-FUREZ,Male,49,Yes,0,Yes,No,No,No,No,No,No,No,None
4825-XJGDM,Female,59,No,0,No,Yes,Yes,Yes,Yes,No,No,No,DSL
4826-DXMUP,M,23,No,2,No,No,No,No,Yes,Yes,Yes,Yes,DSL 
4826-TZEVA,female,50,No,0,NA,No,Yes,No,No,No,No,No,Optic
4826-XTSOH,M,66,Yes,0,NA,No,No,No,No,Yes,No,No,Optic
4827-DPADN,Female,28,Yes,3,NA,Yes,No,Yes,Yes,Yes,Yes,Yes,cable
4827-LTQRJ,female,70,Yes,2,Yes,Yes,Yes,No,Yes,Yes,Yes,No,Fiber Optic
4827-USJHP,M,45,No,0,No,No,Yes,No,No,No,No,No,DSL 
4828-FAZPK,f,30,Yes,2,Yes,No,Yes,No,No,No,No,No,Fiber Optic
4829-AUOAX,f,57,No,0,No,No,No,No,No,Yes,Yes,Yes,cable
4829-ZLJTK,female,80,Yes,0,Yes,Yes,Yes,Yes,No,Yes,Yes,No,Fiber Optic
4830-FAXFM,male,62,No,2,No,No,No,No,No,No,No,No,None
4831-EOBFE,male,43,Yes,0,NA,Yes,No,No,No,Yes,Yes,Yes,Fiber Optic
4832-VRBMR,m,65,Yes,0,NA,No,Yes,Yes,No,Yes,Yes,Yes,Optic
4833-QTJNO,m,66,Yes,0,NA,Yes,Yes,No,No,No,No,No,Fiber
4835-YSJMR,M,59,No,0,NA,No,No,No,Yes,No,No,No,DSL 
4836-WNFNO,f,56,Yes,0,Yes,No,No,No,No,No,No,No,None
4837-PZTIC,F,54,No,0,No,Yes,No,Yes,Yes,No,No,No,cable
4837-QUSFT,female,35,Yes,0,NA,Yes,Yes,No,Yes,Yes,No,No,Fiber Optic
4840-ORQXB,female,67,No,0,No,No,Yes,Yes,No,Yes,Yes,No,Fiber Optic
4844-JJWUY,F,65,No,0,No,No,Yes,No,No,No,Yes,Yes,Fiber Optic
4846-WHAFZ,f,80,Yes,1,NA,No,No,No,No,No,No,No,Fiber
4847-QNOKA,Female,30,No,0,No,No,No,No,No,No,No,No,DSL 
4847-TAJYI,f,77,No,0,No,No,No,No,No,Yes,Yes,No,Fiber Optic
4849-PYRLQ,f,80,No,0,NA,Yes,No,Yes,Yes,No,Yes,No,DSL
4851-BQDNX,M,56,Yes,1,Yes,No,No,Yes,No,Yes,No,No,Optic
4853-OITSN,M,33,Yes,0,NA,Yes,No,No,No,No,Yes,Yes,Fiber
4853-RULSV,Male,25,No,0,No,Yes,No,No,Yes,Yes,Yes,Yes,Fiber
4854-CIDCF,f,74,No,0,No,No,No,Yes,No,No,No,No,Fiber Optic
4854-SSLTN,Male,49,Yes,4,NA,Yes,Yes,No,Yes,No,No,No,DSL
4855-SNKMY,F,31,No,0,No,No,No,No,No,No,No,No,DSL 
4859-ZSRDZ,Female,58,Yes,0,Yes,No,No,Yes,Yes,Yes,Yes,Yes,cable
4860-IJUDE,male,34,No,0,No,Yes,No,No,No,No,No,No,Fiber Optic
4860-YZGZM,m,27,No,0,No,No,No,No,No,No,No,No,None
4868-AADLV,M,77,Yes,2,Yes,Yes,Yes,Yes,Yes,Yes,Yes,No,Fiber Optic
4869-EPIUS,Male,37,Yes,0,Yes,No,No,No,No,No,Yes,Yes,Optic
4871-JTKJF,F,70,NA,0,No,No,No,No,No,No,No,No,Fiber
4872-JCVCA,female,44,Yes,0,Yes,Yes,Yes,Yes,Yes,No,No,No,DSL 
4872-VXRIL,male,22,No,0,No,Yes,Yes,No,Yes,No,No,No,DSL
4873-ILOLJ,M,64,No,0,No,No,No,No,No,Yes,Yes,Yes,Optic
4877-EVATK,Male,30,No,0,No,No,No,No,No,No,No,No,None
4877-TSOFF,Female,41,Yes,3,Yes,Yes,Yes,No,Yes,No,Yes,Yes,DSL
4878-BUNFV,M,59,Yes,1,NA,No,No,No,No,No,No,No,None
4879-GZLFH,F,33,Yes,3,Yes,No,No,Yes,No,Yes,Yes,Yes,Fiber Optic
4881-GQJTW,male,64,No,0,No,No,No,No,No,No,No,No,None
4881-JVQOD,m,73,Yes,3,Yes,No,No,No,No,No,Yes,No,cable
4883-KCPZJ,Female,30,NA,3,Yes,No,No,No,No,No,No,No,None
4883-QICIH,M,37,NA,0,Yes,No,No,No,No,No,No,No,Fiber Optic
4884-LEVMQ,male,39,Yes,0,Yes,No,No,No,No,No,No,No,None
4884-TVUQF,female,80,No,0,No,Yes,No,Yes,Yes,No,Yes,Yes,Optic
4884-ZTHVF,F,80,No,0,No,No,Yes,No,No,Yes,No,No,Optic
4890-VMUAV,male,46,No,0,No,Yes,Yes,Yes,Yes,No,No,No,DSL 
4891-NLUBA,f,46,Yes,3,NA,No,Yes,Yes,Yes,Yes,Yes,Yes,DSL
4892-VLANZ,Male,40,No,0,No,No,No,No,No,No,No,No,None
4893-GYUJU,female,29,No,0,No,No,No,No,No,No,No,No,None
4895-TMWIR,m,79,Yes,0,Yes,No,No,No,No,No,No,No,None
4896-CPRPF,m,38,Yes,3,Yes,No,No,No,No,No,No,No,None
4897-QSUYC,f,42,No,0,No,No,No,No,No,No,No,No,None
4900-MSOMT,f,39,Yes,3,NA,Yes,Yes,Yes,Yes,Yes,No,No,DSL 
4902-OHLSK,F,76,No,0,No,No,No,No,Yes,Yes,Yes,No,Optic
4903-CNOZC,m,25,No,0,NA,No,Yes,Yes,No,No,Yes,Yes,DSL 
4903-UYAVB,male,53,Yes,0,NA,No,No,No,No,No,No,No,None
4905-JEFDW,m,39,No,0,No,No,No,Yes,No,Yes,No,No,DSL
4906-ZHGPK,M,49,Yes,0,Yes,No,Yes,No,Yes,Yes,No,No,DSL
4908-XAXAY,f,70,No,0,NA,No,Yes,Yes,No,No,Yes,No,Fiber
4909-JOUPP,m,76,Yes,0,Yes,No,Yes,Yes,Yes,Yes,Yes,Yes,Fiber
4910-AQFFX,Male,30,Yes,0,Yes,No,No,Yes,No,No,No,No,Cable
4910-GMJOT,female,56,No,0,No,No,No,No,No,Yes,Yes,Yes,Fiber Optic
4911-BANWH,f,44,No,0,No,No,No,No,No,Yes,No,No,Fiber
4912-PIGUY,female,44,No,0,No,No,No,No,No,Yes,No,No,Optic
4913-EHYUI,m,80,Yes,0,Yes,Yes,No,Yes,No,Yes,Yes,No,Fiber
4915-BFSXL,male,49,Yes,1,NA,Yes,No,Yes,No,Yes,No,No,DSL
4918-FYJNT,Female,68,Yes,0,NA,No,Yes,Yes,Yes,No,No,No,Fiber Optic
4918-QLLIW,M,23,No,0,No,No,No,No,No,Yes,No,Yes,DSL 
4919-IKATY,M,64,Yes,0,NA,Yes,No,Yes,No,No,No,No,Fiber
4919-MOAVT,m,53,No,0,NA,No,No,No,No,No,No,No,Fiber
4922-CVPDX,f,23,Yes,0,Yes,No,Yes,Yes,No,Yes,Yes,Yes,DSL 
4923-ADWXJ,female,33,No,0,No,No,Yes,No,Yes,No,Yes,Yes,DSL 
4925-LMHOK,m,29,No,0,No,No,Yes,No,Yes,No,No,No,DSL
4926-UMJZD,f,51,Yes,0,Yes,No,No,No,Yes,No,No,No,DSL
4927-WWOOZ,m,39,Yes,0,Yes,No,No,Yes,No,Yes,No,No,Fiber
4929-BSTRX,f,61,No,0,No,No,No,No,No,Yes,No,No,Cable
4929-ROART,male,47,No,0,No,Yes,No,No,No,No,No,No,cable
4929-XIHVW,m,79,Yes,0,Yes,No,No,Yes,No,Yes,Yes,No,Optic
4931-TRZWN,Female,54,No,0,No,Yes,No,No,No,Yes,Yes,Yes,DSL
4933-BSAIP,female,39,Yes,0,Yes,No,No,No,No,No,No,No,None
4933-IKULF,f,71,No,0,NA,No,No,No,No,No,No,No,None
4936-YPJNK,Female,56,No,0,No,No,No,No,No,No,No,No,None
4937-QPZPO,male,62,Yes,3,Yes,No,No,Yes,No,Yes,Yes,Yes,Optic
4939-KYYPY,male,55,No,0,No,No,No,Yes,Yes,No,No,No,cable
4940-KHCWD,female,61,Yes,0,Yes,Yes,Yes,No,Yes,No,No,No,Cable
4942-VZZOM,M,40,Yes,0,Yes,Yes,No,No,No,Yes,No,No,DSL
4945-RVMTE,female,57,No,0,No,No,No,Yes,No,Yes,No,No,cable
4946-EDSEW,f,35,Yes,3,Yes,No,No,No,No,No,No,No,None
4947-DSMXK,M,28,Yes,2,Yes,No,Yes,No,No,Yes,Yes,Yes,Fiber
4948-WBBKL,Female,80,No,0,No,No,No,No,No,No,No,No,Fiber
4950-BDEUX,Male,47,No,0,NA,No,No,Yes,No,Yes,Yes,Yes,DSL 
4950-HKQTE,female,47,No,0,No,No,No,No,No,No,No,No,None
4951-UKAAQ,Female,30,No,0,No,No,Yes,No,No,No,Yes,Yes,Optic
4952-YSOGZ,female,48,Yes,0,Yes,No,No,No,No,No,Yes,Yes,Fiber Optic
4955-VCWBI,F,51,Yes,2,Yes,No,No,No,No,No,No,No,None
4957-SREEC,Male,38,Yes,1,Yes,No,No,No,No,No,No,No,None
4957-TIALW,Female,26,No,0,No,Yes,Yes,Yes,Yes,No,No,Yes,cable
4957-TREIR,M,37,No,0,No,Yes,No,No,Yes,Yes,No,No,DSL
4958-GZWIY,M,61,Yes,0,Yes,No,No,Yes,No,No,No,No,DSL 
4958-XCBDQ,Male,68,No,0,No,No,No,Yes,No,Yes,Yes,No,Fiber Optic
4959-JOSRX,f,41,NA,0,Yes,No,No,No,No,No,No,No,Cable
4962-CHQPW,Male,54,No,3,No,No,No,No,No,No,No,No,None
4967-WPNCF,male,36,No,0,No,Yes,Yes,Yes,Yes,Yes,Yes,Yes,Cable
4971-PUYQO,f,48,No,0,NA,No,No,No,No,Yes,Yes,Yes,Fiber Optic
4973-MGTON,Female,33,Yes,0,Yes,Yes,Yes,Yes,Yes,Yes,Yes,Yes,DSL 
4973-RLZVI,Female,52,No,0,NA,Yes,Yes,Yes,Yes,Yes,No,No,DSL 
4976-LNFVV,m,65,Yes,0,NA,No,Yes,Yes,No,No,No,No,DSL
4979-HPRFL,Male,54,Yes,2,Yes,No,No,No,No,No,No,No,None
4980-URKXC,Male,26,Yes,0,Yes,No,No,No,No,No,No,No,None
4981-FLTMF,f,35,Yes,1,Yes,Yes,Yes,No,Yes,No,No,No,DSL 
4983-CCWMC,Male,43,No,0,No,No,No,No,No,No,No,No,Optic
4983-CLMLV,female,30,Yes,0,NA,No,Yes,No,Yes,Yes,Yes,Yes,Fiber Optic
4986-MXSFP,f,40,No,0,No,No,No,No,No,No,No,No,None
4987-GQWPO,M,48,No,0,NA,No,No,No,No,No,No,No,DSL
4988-IQIGL,M,80,No,0,NA,No,No,No,No,No,No,No,Fiber
4989-LIXVT,Male,66,No,0,No,No,Yes,Yes,No,No,Yes,No,Optic
4990-ALDGW,M,37,No,0,NA,No,No,No,No,No,No,No,None
4992-LTJNE,male,40,Yes,0,Yes,Yes,No,No,No,No,No,No,DSL
4993-JCRGJ,m,62,No,0,NA,No,No,Yes,Yes,No,No,No,Optic
4994-OBRSZ,m,24,No,3,NA,Yes,Yes,Yes,Yes,No,Yes,Yes,Cable
4998-IKFSE,f,27,No,0,No,No,No,Yes,No,Yes,Yes,Yes,Optic
4999-IEZLT,Male,45,No,0,No,No,No,No,Yes,No,No,No,cable
5002-GCQFH,M,30,Yes,0,Yes,Yes,Yes,No,No,Yes,No,No,Fiber
5003-OKNNK,Female,44,Yes,3,Yes,No,No,No,No,No,No,No,None
5003-XZWWO,m,32,Yes,0,Yes,No,Yes,Yes,Yes,Yes,Yes,Yes,DSL 
5006-MXVRN,F,23,No,0,No,No,No,No,No,No,No,No,None
5010-IPEAQ,f,29,Yes,2,Yes,Yes,Yes,Yes,Yes,Yes,No,No,cable
5012-YSPJJ,M,20,Yes,1,Yes,No,No,Yes,Yes,No,No,No,DSL 
5013-SBUIH,f,63,No,0,No,Yes,Yes,No,Yes,Yes,Yes,Yes,Optic
5014-GSOUQ,m,59,No,0,No,No,No,No,No,No,No,No,None
5014-WUQMG,male,23,Yes,2,Yes,Yes,Yes,Yes,No,No,Yes,Yes,Fiber Optic
5016-ETTFF,Male,46,No,0,No,No,No,Yes,No,No,No,No,DSL 
5016-IBERQ,M,28,Yes,0,Yes,No,Yes,Yes,No,No,No,No,Optic
5016-LIPDW,M,45,Yes,2,Yes,No,No,No,No,No,No,No,None
5018-GWURO,Female,25,Yes,0,Yes,No,No,No,No,Yes,No,No,Optic
5018-HEKFO,f,51,No,0,No,No,No,No,No,No,No,No,None
5018-LXQQG,female,47,Yes,2,NA,Yes,No,No,Yes,No,Yes,Yes,DSL 
5019-GQVCR,male,74,No,0,NA,No,No,No,No,Yes,No,No,Optic
5020-ZSTTY,female,70,No,0,NA,Yes,Yes,No,Yes,Yes,Yes,Yes,DSL
5022-JNQEQ,Female,39,Yes,1,Yes,No,No,No,Yes,No,No,No,Fiber Optic
5022-KVDQT,male,20,No,0,No,No,No,Yes,No,No,No,No,Fiber
5025-GOOKI,f,46,No,0,No,No,No,No,No,No,No,No,None
5027-QPKTE,Male,39,Yes,0,NA,No,No,No,No,No,No,No,Fiber
5027-XWQHA,male,35,No,0,No,No,No,No,No,No,No,No,Cable
5027-YOCXN,M,23,Yes,0,Yes,Yes,Yes,No,Yes,Yes,Yes,Yes,Fiber Optic
5028-GZLDO,m,21,No,0,No,No,No,No,No,No,No,No,Optic
5028-HTLJB,male,69,No,0,No,No,No,No,No,No,No,No,None
5032-MIYKT,female,19,No,0,No,No,No,No,No,No,No,Yes,Fiber Optic
5032-USPKF,female,57,No,0,No,Yes,Yes,Yes,No,Yes,Yes,Yes,DSL
5035-BVCXS,m,20,No,0,No,No,Yes,No,No,No,No,No,Optic
5035-PGZXH,Female,49,No,0,No,No,Yes,Yes,No,Yes,Yes,Yes,Fiber
5038-ETMLM,Female,35,Yes,0,NA,Yes,Yes,Yes,Yes,Yes,Yes,Yes,Fiber Optic
5039-LZRQT,Female,52,No,0,NA,No,No,No,No,No,No,No,None
5043-TRZWM,female,32,No,0,NA,No,No,Yes,No,No,No,No,Fiber Optic
5044-LRQAQ,F,19,Yes,0,Yes,No,No,No,No,No,No,No,Fiber
5044-XDPYX,f,59,Yes,0,Yes,No,No,No,No,No,No,No,None
5046-NUHWD,female,69,Yes,0,Yes,Yes,No,Yes,No,No,Yes,No,cable
5047-LHVLY,male,68,No,0,NA,No,No,Yes,No,No,No,No,cable
5049-GLYVG,m,56,No,0,No,No,No,No,No,No,No,No,None
5049-MUBWG,Male,24,No,0,NA,Yes,No,No,Yes,Yes,Yes,Yes,DSL 
5052-PNLOS,M,50,No,0,No,No,Yes,Yes,No,Yes,Yes,Yes,Fiber
5054-IEXZT,M,41,No,0,No,No,Yes,No,No,No,No,No,Optic
5055-BRMNE,f,35,Yes,2,Yes,Yes,No,No,Yes,Yes,Yes,Yes,Fiber
5055-MGMGF,female,35,Yes,0,Yes,Yes,No,Yes,No,Yes,Yes,Yes,Optic
5056-FIMPT,F,47,No,2,No,Yes,Yes,No,Yes,Yes,Yes,Yes,Optic
5057-LCOUI,f,35,No,0,No,No,No,Yes,No,Yes,Yes,Yes,DSL
5057-RKGLH,female,22,Yes,1,Yes,No,No,No,No,No,No,No,None
5060-TQUQN,Male,19,Yes,1,NA,No,Yes,No,Yes,No,No,Yes,Fiber Optic
5061-PBXFW,Female,49,Yes,1,Yes,Yes,Yes,No,Yes,No,No,No,DSL
5062-CJJKH,m,63,Yes,3,Yes,No,Yes,Yes,No,No,No,No,DSL
5063-IUOKK,m,56,No,0,No,No,No,No,No,No,No,No,None
5066-GFJMM,F,55,Yes,0,Yes,No,No,No,No,No,No,No,None
5067-DGXLL,m,35,No,0,No,No,No,No,No,No,No,No,None
5067-WJEUN,Male,42,Yes,2,Yes,Yes,Yes,No,No,No,No,No,cable
5067-XJQFU,M,77,Yes,0,Yes,No,Yes,Yes,Yes,Yes,Yes,No,Fiber Optic
5071-FBJFS,female,61,Yes,1,Yes,Yes,No,No,No,No,No,No,Cable
5073-RZGBK,F,50,Yes,3,Yes,Yes,Yes,Yes,Yes,No,Yes,Yes,DSL 
5073-WXOYN,female,58,No,0,NA,No,Yes,No,No,Yes,Yes,Yes,Cable
5074-FBGHB,m,47,No,0,No,No,No,Yes,Yes,Yes,Yes,Yes,Optic
5075-JSDKI,f,64,No,0,No,No,No,No,No,No,No,No,None
5076-YVXCM,M,55,No,0,No,No,No,No,No,No,Yes,Yes,Optic
5077-DXTCG,female,37,No,0,No,No,No,No,No,No,No,No,cable
5081-NWSUP,f,54,No,0,NA,No,Yes,No,Yes,No,Yes,Yes,DSL
5084-OOVCJ,F,25,Yes,3,Yes,Yes,No,No,Yes,No,No,No,DSL 
5087-SUURX,f,46,Yes,0,Yes,No,No,Yes,No,Yes,No,No,cable
5088-QZLRL,M,50,No,0,NA,No,No,No,No,No,No,No,None
5089-IFSDP,Female,39,Yes,0,NA,Yes,Yes,Yes,No,Yes,Yes,Yes,Optic
5090-EMGTC,f,32,Yes,0,Yes,No,Yes,No,Yes,Yes,Yes,Yes,Fiber Optic
5091-HFAZW,F,36,No,0,No,Yes,Yes,No,No,Yes,No,No,Optic
5092-STPKP,female,45,No,0,No,Yes,No,No,Yes,No,No,No,DSL
5093-FEGLU,F,21,Yes,0,Yes,No,No,No,No,No,No,No,None
5095-AESKG,f,33,Yes,0,NA,No,Yes,No,No,No,Yes,Yes,Optic
5095-ETBRJ,f,28,NA,0,Yes,Yes,Yes,No,Yes,No,No,No,DSL
5099-BAILX,M,77,Yes,0,Yes,No,Yes,Yes,Yes,Yes,Yes,No,Fiber
5103-MHMHY,F,49,No,1,No,No,No,No,No,No,No,No,Cable
5108-ADXWO,m,30,No,0,No,Yes,No,No,No,No,No,No,Fiber
5110-CHOPY,Female,61,No,0,No,Yes,No,Yes,No,Yes,Yes,Yes,cable
5115-GZDEL,Male,20,No,3,No,Yes,Yes,Yes,Yes,Yes,Yes,Yes,Cable
5115-SQAAU,f,55,Yes,1,Yes,No,No,No,No,No,No,No,None
5117-IFGPS,Male,73,Yes,0,Yes,No,No,No,No,No,Yes,Yes,Fiber Optic
5117-ZSMHQ,F,22,Yes,1,Yes,Yes,Yes,Yes,Yes,Yes,Yes,Yes,DSL 
5118-MUEYH,female,22,Yes,0,Yes,No,Yes,No,Yes,Yes,Yes,Yes,Optic
5119-KEPFY,Male,50,Yes,0,Yes,No,No,No,No,Yes,Yes,Yes,Fiber Optic
5119-NZPTV,M,70,Yes,0,NA,No,No,No,No,No,No,No,Optic
5120-ZBLAI,female,40,Yes,0,NA,No,No,Yes,No,Yes,Yes,Yes,DSL 
5122-CYFXA,female,53,No,0,No,No,Yes,No,Yes,Yes,Yes,Yes,DSL 
5124-EOGYE,m,59,No,0,NA,No,No,No,No,No,No,No,None
5125-CNDSP,M,48,No,0,No,Yes,Yes,No,Yes,No,No,No,DSL 
5126-RCXYW,Male,41,Yes,1,Yes,No,No,Yes,Yes,No,Yes,Yes,DSL
5127-BZENZ,F,62,Yes,0,Yes,Yes,No,No,No,Yes,No,No,DSL
5129-HHMZC,F,64,Yes,0,Yes,Yes,Yes,No,Yes,Yes,Yes,Yes,Cable
5129-JLPIS,M,27,No,0,NA,Yes,No,Yes,Yes,Yes,Yes,Yes,Fiber Optic
5130-IEKQT,m,73,No,0,No,No,Yes,Yes,No,Yes,Yes,No,Optic
5130-YPIRV,f,22,Yes,0,Yes,Yes,Yes,Yes,No,Yes,No,No,cable
5131-PONJI,M,62,Yes,3,Yes,No,Yes,Yes,No,Yes,No,No,Optic
5133-POWUA,m,34,No,0,No,No,No,No,No,No,No,No,cable
5133-VRSAB,m,47,No,0,NA,Yes,No,No,No,No,No,No,cable
5134-IKDAY,f,34,Yes,0,Yes,No,No,No,No,No,No,No,Fiber Optic
5135-GRQJV,Male,75,Yes,0,Yes,Yes,Yes,Yes,Yes,Yes,Yes,Yes,Fiber Optic
5135-RDDQL,F,37,Yes,1,Yes,Yes,No,No,No,No,No,No,DSL 
5136-GFPMB,Male,44,No,0,No,No,No,Yes,No,No,Yes,Yes,Fiber
5136-KCKGI,F,22,Yes,0,Yes,Yes,No,Yes,No,Yes,Yes,Yes,Fiber
5136-RGMZO,m,39,No,0,No,No,Yes,No,Yes,Yes,No,No,cable
5138-WVKYJ,m,51,No,0,NA,Yes,No,No,No,Yes,Yes,Yes,Optic
5140-FOMCQ,f,52,Yes,0,Yes,Yes,Yes,Yes,No,Yes,Yes,Yes,Fiber Optic
5141-ZUVBH,Female,46,No,1,NA,Yes,No,Yes,Yes,No,Yes,Yes,Optic
5143-EGQFK,female,76,No,0,NA,No,No,No,Yes,No,No,No,Cable
5143-WMWOG,male,62,No,0,No,No,No,No,No,No,No,No,None
5144-PQCDZ,male,55,No,0,No,No,No,No,No,No,No,No,None
5144-TVGLP,m,68,No,0,No,No,No,No,No,Yes,Yes,No,Fiber
5146-CBVOE,Female,44,No,0,No,No,Yes,No,No,No,No,No,Fiber Optic
5146-YYFRZ,male,32,No,0,No,No,No,No,No,No,No,No,None
5148-HKFIR,F,49,No,0,No,No,No,No,No,No,No,No,None
5148-ORICT,F,23,Yes,0,NA,Yes,Yes,Yes,Yes,No,Yes,Yes,cable
5149-CUZUJ,m,35,Yes,0,NA,No,Yes,Yes,Yes,Yes,No,No,Optic
5149-QYTTU,Female,35,Yes,1,Yes,Yes,Yes,Yes,Yes,No,No,No,Optic
5149-TGWDZ,female,48,No,0,NA,No,Yes,Yes,Yes,Yes,Yes,Yes,Optic
5150-ITWWB,Male,65,No,0,No,No,No,No,No,Yes,Yes,Yes,Fiber Optic
5150-LJNSR,m,27,Yes,3,Yes,Yes,No,Yes,No,Yes,No,No,Fiber
5151-HQRDG,male,57,Yes,0,Yes,Yes,No,No,No,No,No,No,DSL
5153-LXKDT,M,51,NA,3,Yes,Yes,Yes,Yes,No,Yes,Yes,Yes,Fiber
5153-RTHKF,F,26,No,0,No,No,No,No,No,Yes,No,No,Optic
5154-VEKBL,female,30,No,0,NA,Yes,No,Yes,Yes,Yes,Yes,Yes,Cable
5155-AZQPB,female,33,Yes,1,Yes,No,No,No,No,No,No,No,DSL
5156-UMKOW,F,44,No,3,No,No,Yes,No,No,No,No,No,DSL 
5158-RIVOP,f,32,Yes,1,Yes,No,No,No,No,No,No,No,None
5159-YFPKQ,f,37,No,0,No,No,No,Yes,No,No,No,No,Fiber
5160-UXJED,M,27,No,0,No,No,No,No,No,No,No,No,Cable
5161-UBZXI,M,38,Yes,2,Yes,Yes,Yes,No,Yes,Yes,Yes,Yes,Fiber Optic
5161-XEUVX,M,23,Yes,0,Yes,No,No,Yes,Yes,Yes,No,No,Optic
5167-GBFRE,M,73,No,0,No,No,No,No,No,No,No,No,DSL
5167-ZFFMM,m,64,No,0,No,No,Yes,No,No,No,Yes,Yes,Optic
5168-MQQCA,female,50,Yes,0,Yes,No,Yes,Yes,Yes,Yes,Yes,Yes,Fiber Optic
5168-MSWXT,Male,26,Yes,3,Yes,No,No,Yes,No,Yes,Yes,Yes,Optic
5170-PTRKA,F,19,Yes,0,NA,Yes,No,No,Yes,No,No,No,cable
5171-EPLKN,male,27,No,0,No,No,No,No,No,No,No,No,None
5172-MIGPM,Male,22,No,0,No,No,No,No,Yes,No,Yes,Yes,Cable
5172-RKOCB,M,28,Yes,0,Yes,Yes,Yes,No,Yes,Yes,Yes,Yes,Fiber Optic
5173-WXOQV,M,38,Yes,0,Yes,No,Yes,No,Yes,No,Yes,Yes,DSL 
5173-ZXXXL,male,47,No,0,NA,No,No,No,No,No,No,No,None
5174-ITUMV,Male,37,Yes,2,Yes,No,Yes,Yes,No,Yes,Yes,Yes,Optic
5174-RNGBH,Female,27,No,0,No,No,Yes,No,Yes,Yes,No,No,Cable
5175-AOBHI,female,48,No,0,No,No,No,No,No,No,No,No,cable
5175-WLYXL,m,56,No,0,NA,No,Yes,No,No,No,No,No,Optic
5176-LDKUH,Female,64,No,0,No,No,Yes,No,No,No,No,No,Fiber Optic
5176-LMJXE,Female,34,No,0,No,No,No,No,No,No,No,No,None
5176-OLSKT,female,49,Yes,0,Yes,Yes,Yes,Yes,No,No,No,No,DSL
5177-RVZNU,Female,28,No,3,No,No,No,No,No,No,No,No,None
5178-LMXOP,male,71,Yes,0,Yes,No,No,No,No,Yes,Yes,No,Fiber
5180-UCIIQ,male,80,Yes,2,Yes,Yes,No,No,No,No,Yes,No,cable
5181-OABFK,F,59,Yes,3,Yes,Yes,Yes,Yes,No,No,No,No,cable
5183-KLYEM,female,30,No,0,No,Yes,Yes,Yes,Yes,Yes,Yes,Yes,Fiber
5183-SNMJQ,m,32,No,0,No,No,No,No,Yes,Yes,Yes,Yes,Fiber
5186-EJEGL,M,24,No,0,No,Yes,No,Yes,Yes,Yes,No,Yes,DSL 
5186-PEIZU,F,31,No,0,NA,No,No,No,No,No,No,No,None
5186-SAMNZ,m,75,No,0,No,No,No,No,No,No,No,No,Fiber
5188-HGMLP,M,73,Yes,0,NA,No,No,No,No,No,No,No,Fiber Optic
5192-EBGOV,f,68,No,0,No,No,No,No,No,Yes,No,No,Optic
5193-QLVZB,Male,52,No,0,NA,No,Yes,Yes,No,Yes,Yes,Yes,Fiber
5195-KPUNQ,F,72,No,0,No,Yes,Yes,No,Yes,No,Yes,Yes,Optic
5196-SGOAK,female,39,No,0,NA,No,Yes,No,No,No,No,No,Fiber Optic
5196-WPYOW,M,43,Yes,2,Yes,Yes,Yes,No,Yes,No,No,No,Cable
5197-LQXXH,F,56,Yes,0,Yes,No,Yes,Yes,Yes,Yes,Yes,Yes,DSL 
5197-PYEPU,female,21,Yes,3,Yes,Yes,Yes,No,No,Yes,No,No,Optic
5197-YPYBZ,f,39,Yes,2,Yes,No,No,No,No,No,No,No,None
5198-EFNBM,Male,66,Yes,0,Yes,No,Yes,Yes,No,Yes,No,No,Fiber Optic
5198-HQAEN,m,50,Yes,3,Yes,No,Yes,No,Yes,Yes,No,No,Optic
5199-FPUSP,male,64,No,2,No,Yes,No,No,Yes,No,No,No,cable
5201-CBWYG,M,60,Yes,1,Yes,No,No,No,No,No,No,No,None
5201-FRKKS,m,53,No,0,No,Yes,No,No,No,No,No,No,Fiber
5201-USSQZ,F,56,Yes,0,Yes,No,No,No,Yes,No,Yes,Yes,Fiber
5202-IVJNU,female,56,No,2,No,No,No,Yes,No,No,No,No,DSL
5203-XEHAX,female,55,No,0,No,Yes,Yes,No,No,No,Yes,Yes,DSL
5204-HMGYF,f,32,Yes,2,Yes,Yes,Yes,Yes,Yes,Yes,Yes,Yes,DSL 
5204-QZXPU,m,50,No,0,No,No,No,Yes,No,Yes,No,No,DSL
5206-HPJKM,Male,64,No,0,No,Yes,Yes,No,No,No,No,No,DSL
5206-XZZQI,M,56,No,0,NA,No,Yes,No,Yes,No,No,No,Optic
5207-PLSTK,Male,32,Yes,2,Yes,Yes,No,No,No,No,No,No,DSL
5208-FVQKB,m,41,Yes,0,Yes,Yes,Yes,No,Yes,No,Yes,Yes,DSL
5208-HFSBT,Female,47,No,0,No,No,Yes,No,Yes,No,No,No,DSL
5213-TWWJU,Male,26,No,0,No,No,No,Yes,Yes,No,Yes,Yes,Fiber
5214-CHIWJ,male,44,No,0,NA,No,No,No,No,No,No,No,None
5214-NLTIT,Male,22,Yes,1,Yes,No,No,Yes,No,No,Yes,Yes,Fiber
5215-LNLDJ,Female,20,Yes,2,NA,No,No,No,No,No,No,Yes,DSL
5216-WASFJ,Female,68,Yes,0,Yes,No,No,No,No,No,Yes,Yes,Optic
5219-YIPTK,female,46,Yes,0,NA,No,Yes,Yes,No,Yes,Yes,Yes,Optic
5220-AGAAX,m,60,Yes,1,NA,No,No,No,No,No,No,No,None
5222-IMUKT,m,40,No,0,NA,No,No,No,No,Yes,Yes,Yes,Fiber Optic
5222-JCXZT,M,31,No,0,No,No,No,No,No,No,No,No,None
5223-UZAVK,Male,51,No,0,No,Yes,Yes,No,No,Yes,Yes,Yes,Optic
5226-NOZFC,M,48,No,0,No,No,Yes,No,No,Yes,No,No,Fiber Optic
5227-JSCFE,Male,74,Yes,0,Yes,Yes,Yes,Yes,Yes,No,No,No,DSL 
5228-EXCET,male,40,No,0,No,No,No,No,No,No,Yes,Yes,Optic
5229-DTFYB,female,64,No,0,No,No,Yes,No,Yes,Yes,Yes,Yes,Optic
5229-PRWKT,m,47,No,0,NA,No,No,No,No,No,Yes,Yes,Fiber
5231-FIQPA,F,53,No,0,NA,No,No,No,No,No,No,No,None
5232-NXPAY,F,33,No,0,No,No,No,Yes,Yes,Yes,Yes,Yes,DSL 
5233-AOZUF,F,62,Yes,0,Yes,No,No,No,No,No,No,No,Fiber Optic
5233-GEEAX,M,65,No,0,No,No,No,Yes,No,No,No,No,DSL
5236-PERKL,f,38,No,0,No,Yes,Yes,Yes,No,Yes,Yes,Yes,Optic
5236-XMZJY,Female,27,No,0,No,Yes,Yes,Yes,No,No,No,No,cable
5240-CAOYT,Female,30,No,0,No,Yes,Yes,No,Yes,No,No,No,Optic
5240-IJOQT,Male,69,No,0,No,No,No,No,No,No,No,No,Optic
5242-UOWHD,Male,24,Yes,2,NA,No,No,No,No,No,No,No,None
5243-SAOTC,M,36,No,0,No,No,Yes,No,No,No,No,No,Fiber Optic
5244-IRFIH,m,72,Yes,0,Yes,No,No,No,No,Yes,Yes,No,Fiber Optic
5245-VDBUR,F,58,Yes,0,Yes,Yes,No,Yes,No,No,No,No,DSL
5248-KWLAR,Male,31,Yes,0,Yes,Yes,Yes,Yes,Yes,Yes,Yes,Yes,DSL
5248-RPYWW,f,78,Yes,1,Yes,Yes,Yes,Yes,Yes,Yes,Yes,No,Cable
5248-YGIJN,M,36,Yes,0,Yes,Yes,Yes,Yes,Yes,Yes,Yes,Yes,DSL 
5249-QYHEX,Female,27,Yes,2,Yes,No,No,No,No,No,No,No,None
5256-SKJGO,F,48,Yes,0,NA,No,Yes,No,Yes,Yes,Yes,Yes,DSL
5260-UMPWX,F,41,Yes,1,Yes,No,No,No,No,No,No,No,None
5261-QSHQM,f,31,No,0,No,No,No,No,No,No,No,No,DSL
5266-PFRQK,m,47,Yes,3,NA,No,No,No,No,No,No,No,None
5268-DSMNQ,f,65,Yes,0,Yes,No,Yes,Yes,No,Yes,No,No,Fiber
5269-NRGDP,Male,54,Yes,2,Yes,No,No,Yes,Yes,Yes,Yes,Yes,DSL
5271-DBYSJ,M,80,No,0,No,No,No,No,No,No,Yes,Yes,Fiber
5271-YNWVR,M,48,Yes,0,NA,Yes,Yes,Yes,Yes,Yes,Yes,Yes,Fiber
5274-XHAKY,Female,19,Yes,2,Yes,Yes,Yes,No,No,Yes,No,No,Fiber Optic
5275-PMFUT,Male,52,Yes,0,Yes,Yes,Yes,Yes,Yes,Yes,Yes,Yes,DSL 
5275-SQEIZ,Male,64,No,0,NA,No,No,No,No,No,Yes,Yes,Fiber
5276-KQWHG,female,74,No,0,No,No,No,No,No,No,No,No,Optic
5277-ZLOOR,F,78,No,0,NA,No,No,No,No,Yes,No,No,Optic
5278-PNYOX,Female,49,No,0,No,No,No,Yes,Yes,Yes,Yes,Yes,Fiber Optic
5281-BUZGT,M,69,No,0,No,Yes,No,No,No,Yes,No,No,Fiber Optic
5285-MVEHD,Female,35,Yes,0,Yes,Yes,Yes,Yes,No,Yes,Yes,Yes,Optic
5286-YHCVC,male,58,Yes,0,Yes,No,Yes,Yes,No,Yes,Yes,Yes,Optic
5287-QWLKY,Male,79,Yes,0,Yes,Yes,Yes,No,No,Yes,Yes,Yes,Optic
5288-AHOUP,male,71,No,0,NA,No,No,No,No,No,Yes,Yes,Fiber
5293-WXJAK,female,73,Yes,0,Yes,No,No,Yes,Yes,Yes,Yes,No,Fiber Optic
5294-CDGWY,M,51,Yes,0,Yes,Yes,Yes,Yes,No,Yes,Yes,Yes,DSL
5294-DMSFH,F,32,Yes,2,Yes,No,No,No,No,Yes,Yes,Yes,Optic
5294-IMHHT,m,44,Yes,0,Yes,No,Yes,No,Yes,No,Yes,Yes,Fiber Optic
5295-PCJOO,male,44,No,2,No,Yes,No,No,No,No,No,No,Cable
5296-BFCYD,Male,35,Yes,2,Yes,No,No,No,No,No,No,No,None
5296-PSYVW,Female,41,Yes,0,Yes,No,No,No,No,No,No,No,None
5297-MDOIR,f,20,Yes,0,Yes,Yes,No,Yes,No,No,No,Yes,Fiber
5298-GSTLM,female,74,No,0,No,Yes,No,No,No,Yes,Yes,No,Fiber
5299-RULOA,female,62,Yes,2,Yes,Yes,No,No,No,Yes,Yes,Yes,Fiber Optic
5299-SJCZT,M,57,No,0,NA,No,No,Yes,No,Yes,Yes,Yes,Fiber
5301-GAUUY,male,31,No,0,No,No,Yes,No,No,No,No,No,Optic
5302-BDJNT,M,27,No,0,No,No,No,Yes,Yes,Yes,No,No,Fiber Optic
5304-EFJLP,m,72,Yes,0,NA,No,Yes,Yes,Yes,Yes,Yes,Yes,Fiber
5306-BVTKJ,m,20,Yes,1,Yes,No,Yes,Yes,No,No,No,Yes,DSL 
5307-DZCVC,f,78,Yes,0,Yes,No,No,No,No,Yes,No,No,Optic
5307-UVGNB,F,40,Yes,3,Yes,Yes,Yes,Yes,No,No,Yes,Yes,cable
5309-TAIKL,f,42,No,0,No,No,No,Yes,Yes,No,Yes,Yes,DSL 
5310-NOOVA,M,51,No,0,NA,No,No,No,No,No,No,No,None
5311-IHLEI,M,45,No,0,No,Yes,Yes,No,Yes,Yes,No,No,DSL
5312-IRCFR,Female,21,Yes,3,Yes,No,Yes,Yes,No,No,Yes,Yes,Fiber Optic
5312-TSZVC,f,36,No,0,No,No,No,No,No,No,No,No,None
5312-UXESG,f,43,No,0,No,No,No,Yes,No,Yes,Yes,Yes,Optic
5313-FPXWG,Male,58,No,0,No,No,No,No,No,No,No,No,None
5315-CKEQK,M,73,Yes,2,Yes,No,No,No,No,No,No,No,DSL
5317-FLPJF,Female,25,No,0,No,Yes,No,Yes,Yes,Yes,Yes,Yes,DSL 
5318-IXUZF,f,50,No,0,No,No,Yes,No,No,Yes,No,No,Fiber
5318-YKDPV,m,62,Yes,0,Yes,Yes,No,Yes,Yes,Yes,Yes,Yes,DSL
5320-BRKGK,F,28,Yes,2,Yes,Yes,No,Yes,Yes,Yes,No,No,DSL 
5321-NTRKC,m,25,Yes,1,NA,No,Yes,Yes,No,Yes,Yes,Yes,DSL
5322-TEUJK,female,45,Yes,3,Yes,Yes,Yes,Yes,Yes,Yes,Yes,Yes,Optic
5322-ZSMZY,Male,26,Yes,3,Yes,No,No,No,No,No,No,No,None
5324-KTGCG,male,55,Yes,0,NA,No,No,No,No,No,No,No,None
5325-UWTWJ,M,47,Yes,0,Yes,Yes,Yes,No,Yes,No,No,No,Fiber
5327-CNLUQ,M,33,Yes,0,Yes,Yes,Yes,Yes,No,Yes,No,No,Fiber
5327-XOKKY,m,79,Yes,0,Yes,No,No,Yes,No,Yes,Yes,Yes,cable
5329-KRDTM,m,73,Yes,0,Yes,No,Yes,Yes,Yes,Yes,No,No,DSL
5331-RGMTT,m,67,Yes,0,Yes,No,No,Yes,No,Yes,Yes,No,Fiber
5334-AFQJB,M,66,No,0,No,No,No,No,No,No,No,No,None
5334-JLAXU,female,44,Yes,0,Yes,Yes,Yes,No,No,No,Yes,Yes,Fiber Optic
5336-UFNZP,female,65,Yes,3,Yes,No,Yes,Yes,No,Yes,Yes,Yes,Optic
5337-IIWKZ,male,35,Yes,3,Yes,No,No,Yes,Yes,Yes,No,No,DSL 
5338-YHWYT,Male,45,No,1,No,Yes,Yes,No,Yes,No,No,No,Cable
5339-PXDVH,Male,43,No,0,No,Yes,No,No,No,Yes,No,No,Fiber
5339-TJFEK,male,22,Yes,1,NA,Yes,Yes,No,No,Yes,Yes,Yes,Fiber
5343-SGUBI,female,43,No,0,No,No,Yes,No,No,No,No,No,Fiber Optic
5345-BMKWB,male,29,Yes,0,Yes,No,No,No,No,No,No,No,None
5346-BZCHP,female,19,Yes,2,Yes,No,No,No,No,No,No,No,None
5348-CAGXB,M,60,No,0,No,No,No,Yes,No,Yes,No,No,Fiber Optic
5349-AZPEW,f,40,Yes,3,Yes,No,No,No,No,No,No,No,DSL 
5349-IECLD,male,61,No,0,No,No,No,Yes,No,Yes,Yes,Yes,Fiber Optic
5351-QESIO,M,64,No,2,NA,No,No,No,No,No,No,No,cable
5353-WILCI,female,51,No,0,No,Yes,Yes,No,No,No,No,No,cable
5356-CSVSQ,female,20,No,0,No,No,No,No,Yes,Yes,No,No,Cable
5356-KZCKT,m,42,No,0,No,No,No,No,No,No,No,No,None
5356-RHIPP,male,38,No,0,No,No,No,No,No,No,No,No,None
5357-TZHPP,Male,67,No,0,No,No,No,No,No,No,Yes,No,Fiber Optic
5360-LJCNJ,Female,37,Yes,0,Yes,No,Yes,Yes,No,Yes,Yes,Yes,Optic
5360-XGYAZ,male,32,Yes,1,NA,Yes,Yes,Yes,Yes,Yes,Yes,Yes,DSL 
5364-EVNIB,m,61,No,0,No,No,Yes,Yes,No,No,No,No,Optic
5364-XYIRR,male,44,Yes,0,Yes,No,No,No,No,Yes,Yes,Yes,Fiber
5365-LLFYV,f,43,No,0,No,No,No,No,No,No,No,No,DSL 
5366-IJEQJ,Male,20,No,0,No,No,No,Yes,No,Yes,No,No,Fiber Optic
5366-OBVMR,female,42,Yes,0,Yes,No,No,No,Yes,No,No,No,DSL
5370-IIVVL,male,26,No,0,No,No,Yes,No,Yes,Yes,Yes,Yes,Optic
5371-VYLSX,female,65,No,0,No,Yes,Yes,No,No,No,No,No,Fiber
5372-FBKBN,F,38,No,2,No,No,No,No,No,No,No,No,None
5373-SFODM,Male,65,Yes,0,Yes,No,No,No,No,No,Yes,Yes,Fiber
5375-XLDOF,m,24,Yes,3,Yes,Yes,Yes,Yes,Yes,Yes,Yes,Yes,Fiber Optic
5376-DEQCP,Female,48,No,0,No,No,No,No,No,No,No,No,Fiber Optic
5376-PCKNB,m,35,Yes,1,NA,No,Yes,Yes,No,Yes,Yes,Yes,Optic
5377-NDTOU,female,26,Yes,0,Yes,Yes,Yes,Yes,Yes,Yes,Yes,Yes,Cable
5378-IKEEG,F,47,No,0,No,No,No,No,No,Yes,No,No,cable
5380-AFSSK,f,44,No,0,No,No,No,No,No,Yes,Yes,Yes,Fiber Optic
5380-WJKOV,male,51,No,1,No,No,Yes,Yes,No,Yes,Yes,Yes,Fiber Optic
5380-XPJNZ,F,22,No,0,NA,No,No,No,No,No,No,No,None
5382-SOYZL,m,39,No,0,No,No,No,No,No,Yes,Yes,Yes,Fiber
5382-TEMLV,Male,45,No,0,No,Yes,No,No,No,No,No,No,DSL 
5383-MMTWC,Female,75,Yes,0,Yes,No,No,No,No,No,Yes,No,Fiber
5384-ZTTWP,Female,49,Yes,1,Yes,No,No,No,No,No,No,No,None
5385-SUIRI,m,69,Yes,0,NA,Yes,No,Yes,No,Yes,Yes,Yes,Fiber
5386-THSLQ,female,65,Yes,0,Yes,No,Yes,Yes,No,Yes,No,No,Cable
5387-ASZNZ,f,72,No,0,NA,Yes,Yes,No,Yes,No,No,No,DSL 
5389-FFVKB,M,71,Yes,0,Yes,No,No,No,No,No,Yes,Yes,Fiber
5392-AKEMH,f,50,No,0,No,No,No,No,No,No,No,No,DSL 
5393-HJZSM,F,54,Yes,1,Yes,Yes,Yes,Yes,Yes,No,Yes,Yes,Cable
5393-RXQSZ,M,40,No,0,No,No,No,No,No,No,Yes,Yes,Fiber Optic
5394-MEITZ,female,26,Yes,0,NA,No,Yes,Yes,Yes,Yes,Yes,Yes,cable
5394-SVGJV,Male,27,No,0,No,No,No,No,Yes,Yes,Yes,Yes,Fiber Optic
5396-IZEPB,Male,37,No,0,No,No,No,No,No,No,No,No,None
5397-NSKQG,Male,39,Yes,2,Yes,Yes,No,No,No,Yes,Yes,Yes,DSL 
5397-TUPSH,male,76,Yes,0,NA,No,No,No,No,No,No,No,Optic
5399-ZIMKF,male,58,No,0,No,No,Yes,No,No,No,No,No,Fiber Optic
5402-HTOTQ,m,43,No,0,NA,No,Yes,No,No,No,No,No,DSL 
5404-GGUKR,Male,39,No,0,NA,No,Yes,No,No,No,No,No,DSL
5405-ZMYXQ,f,21,No,0,No,No,No,No,No,No,No,No,Fiber Optic
5406-KGRMX,Female,30,No,0,No,No,No,No,No,No,No,No,None
5414-OFQCB,Male,34,No,0,No,No,No,No,Yes,Yes,No,No,Optic
5419-CONWX,female,65,No,0,No,No,Yes,Yes,No,Yes,Yes,Yes,Fiber
5419-JKZNQ,m,65,Yes,0,Yes,No,No,No,No,No,No,No,Fiber
5419-JPRRN,male,32,No,0,NA,No,No,Yes,No,Yes,Yes,Yes,Optic
5419-KLXBN,f,36,Yes,0,Yes,No,Yes,Yes,No,Yes,No,No,Fiber Optic
5423-BHIXO,Female,42,No,0,NA,No,Yes,No,No,No,No,No,DSL 
5424-RLQLC,M,36,No,0,No,No,Yes,No,No,Yes,No,No,DSL
5429-LWCMV,Female,52,No,0,No,No,Yes,No,No,No,Yes,Yes,Optic
5433-KYGHE,female,53,No,1,No,Yes,No,No,Yes,No,No,No,Fiber
5438-QMDDL,female,20,Yes,0,Yes,No,Yes,No,No,No,Yes,Yes,DSL 
5439-WIKXB,male,65,Yes,0,NA,No,Yes,No,No,Yes,Yes,Yes,Optic
5440-FLBQG,m,69,Yes,0,Yes,No,Yes,Yes,Yes,Yes,Yes,No,Fiber Optic
5440-VHLUL,m,48,No,0,No,No,Yes,No,Yes,Yes,Yes,Yes,Fiber Optic
5442-BHQNG,f,32,No,0,No,No,No,No,No,No,No,No,Fiber Optic
5442-BXVND,Female,49,Yes,2,Yes,No,No,No,No,No,No,No,None
5442-PPTJY,m,44,Yes,3,Yes,No,No,No,No,No,No,No,None
5442-UTCVD,M,53,No,0,No,No,No,Yes,No,No,Yes,Yes,Fiber
5442-XSDCW,M,61,Yes,0,Yes,No,No,No,No,Yes,No,No,Fiber
5443-SCMKX,female,49,Yes,0,Yes,No,Yes,Yes,No,No,Yes,Yes,Fiber
5445-GLVOT,f,64,No,0,No,Yes,No,No,No,No,No,No,Cable
5445-PZWGX,M,63,No,0,No,Yes,Yes,No,Yes,No,Yes,Yes,Fiber Optic
5445-UTODQ,f,35,Yes,0,Yes,No,No,No,No,Yes,No,No,Fiber
5446-DKWYW,F,74,Yes,1,Yes,No,No,Yes,No,Yes,No,No,DSL 
5447-VYTKW,M,53,No,0,NA,Yes,No,No,Yes,No,No,No,Cable
5447-WZAFP,f,22,No,0,No,No,Yes,Yes,No,Yes,Yes,Yes,Optic
5448-VWNAM,female,49,No,3,No,Yes,Yes,No,Yes,Yes,No,No,DSL 
5449-FIBXJ,M,34,Yes,0,Yes,No,No,Yes,Yes,Yes,Yes,Yes,Fiber
5451-MHQOF,M,64,Yes,0,Yes,No,No,No,No,No,No,No,None
5451-YHYPW,Female,75,Yes,0,NA,Yes,Yes,Yes,Yes,Yes,Yes,No,Fiber Optic
5453-AXEPF,m,31,Yes,0,Yes,No,Yes,No,No,No,No,No,Fiber
5453-YBTWV,male,52,Yes,2,Yes,Yes,Yes,Yes,Yes,Yes,No,No,Fiber
5456-ITGIC,M,76,Yes,0,NA,Yes,Yes,Yes,Yes,Yes,Yes,Yes,DSL 
5457-COLHT,male,48,Yes,3,Yes,Yes,Yes,No,Yes,Yes,Yes,Yes,Cable
5458-CQJTA,male,56,Yes,0,Yes,Yes,No,No,Yes,Yes,Yes,Yes,DSL
5461-QKNTN,m,71,Yes,0,Yes,No,Yes,No,Yes,Yes,No,No,Optic
5465-BUBFA,F,34,Yes,1,Yes,No,No,No,No,No,No,No,None
5468-BPMMO,male,59,Yes,0,Yes,No,No,No,No,No,No,No,None
5469-CTCWN,Male,52,Yes,0,Yes,Yes,Yes,No,No,Yes,Yes,Yes,Cable
5469-NUJUR,male,58,No,0,No,No,No,No,No,No,No,No,None
5472-CVMDX,f,21,No,0,No,Yes,No,Yes,Yes,No,No,No,DSL
5473-KHBPS,f,53,Yes,3,NA,No,Yes,Yes,No,Yes,No,No,Optic
5474-LAMUQ,Male,56,Yes,0,Yes,No,No,No,No,No,No,No,None
5478-JJVZK,F,38,No,0,No,Yes,Yes,No,No,No,No,No,DSL 
5480-HPRRX,F,80,No,0,No,No,No,No,No,No,No,No,DSL
5480-TBGPH,f,63,Yes,0,NA,No,Yes,Yes,No,Yes,Yes,Yes,Fiber Optic
5480-XTFFL,female,60,Yes,3,Yes,No,No,No,No,No,No,No,None
5481-NTDOH,Female,67,Yes,0,NA,Yes,No,Yes,No,Yes,Yes,No,Optic
5482-NUPNA,Female,28,No,0,NA,Yes,Yes,No,Yes,No,No,No,cable
5482-PLVPE,Female,79,No,0,NA,No,No,No,No,No,No,No,DSL 
5482-VXSXJ,male,50,No,0,No,No,Yes,No,No,Yes,Yes,Yes,Fiber Optic
5485-ITNPC,Male,42,Yes,0,Yes,Yes,Yes,Yes,Yes,Yes,Yes,Yes,DSL
5485-WUYWF,m,73,No,0,No,Yes,No,Yes,No,Yes,No,No,Cable
5493-SDRDQ,Male,19,No,0,No,Yes,No,Yes,No,No,No,No,Cable
5494-HECPR,Female,34,No,0,No,No,No,No,No,Yes,No,No,Optic
5494-WOZRZ,F,40,Yes,0,Yes,Yes,No,Yes,Yes,Yes,Yes,Yes,DSL 
5495-GPSRW,male,62,No,0,No,No,No,No,No,No,No,No,None
5498-IBWPI,female,34,Yes,2,Yes,No,No,No,Yes,No,No,No,cable
5498-TXHLF,f,39,Yes,0,NA,No,No,Yes,No,Yes,No,No,Fiber
5499-ECUTN,female,49,Yes,0,Yes,Yes,No,Yes,No,Yes,No,No,DSL 
5501-TVMGM,Male,21,No,0,No,No,No,No,No,No,Yes,Yes,DSL
5502-RLUYV,f,42,Yes,0,Yes,No,Yes,Yes,No,Yes,Yes,Yes,Fiber
5504-WSIUR,female,38,No,0,No,No,Yes,Yes,Yes,No,No,No,Fiber
5505-OVWQW,Female,35,No,0,No,No,No,No,No,No,No,No,None
5510-BOIUJ,Male,35,No,7,No,No,No,No,No,No,No,No,None
5512-IDZEI,Male,56,Yes,0,Yes,No,No,No,No,No,No,No,None
5514-YQENT,m,29,No,3,No,Yes,Yes,Yes,Yes,Yes,Yes,Yes,Optic
5515-AKOAJ,F,38,No,0,NA,No,No,No,Yes,Yes,Yes,Yes,Fiber
5515-IDEJJ,M,46,Yes,1,Yes,No,No,No,No,No,No,No,None
5515-RUGKN,male,63,No,0,No,No,No,No,No,No,Yes,Yes,DSL
5519-NPHVG,Female,53,No,0,No,No,No,No,No,Yes,Yes,Yes,Fiber
5519-TEEUH,M,51,No,3,No,No,No,No,No,No,No,No,None
5519-YLDGW,Female,57,Yes,0,Yes,Yes,No,Yes,No,Yes,Yes,Yes,Fiber
5520-FVEWJ,Female,28,Yes,0,Yes,No,Yes,Yes,No,No,No,Yes,Fiber
5522-JBWMO,Male,62,No,2,No,No,No,No,No,No,No,No,DSL
5522-NYKPB,m,26,Yes,3,NA,No,No,No,Yes,Yes,No,No,Fiber Optic
5524-KHNJP,M,35,Yes,0,Yes,Yes,No,Yes,No,Yes,Yes,Yes,Cable
5527-ACHSO,F,38,No,0,No,No,No,No,Yes,Yes,Yes,Yes,DSL 
5529-GIBVH,f,57,No,0,NA,No,No,No,No,No,No,No,None
5533-NHFRF,M,75,No,0,No,No,Yes,No,Yes,No,Yes,No,DSL 
5533-RJFTJ,Male,22,No,0,No,No,No,Yes,No,No,No,No,cable
5536-RTPWK,m,54,Yes,0,NA,No,Yes,No,No,Yes,Yes,Yes,Optic
5536-SLHPM,female,38,Yes,0,Yes,No,No,Yes,No,No,No,No,Optic
5537-UXXVS,Female,49,Yes,0,Yes,No,No,No,No,No,No,No,None
5539-HIVAK,Female,79,Yes,0,Yes,No,No,No,No,No,No,No,None
5539-TMZLF,M,69,No,0,No,No,No,No,No,No,No,No,Fiber
5542-DHSXL,F,36,Yes,0,Yes,Yes,Yes,No,No,No,No,No,Cable
5542-NKVRU,Female,24,No,0,No,No,No,No,No,No,No,No,None
5542-TBBWB,M,46,No,0,No,No,No,No,No,No,No,No,Fiber Optic
5543-QDCRY,m,38,No,0,No,No,No,No,No,Yes,No,No,DSL 
5546-BYZSM,F,52,No,0,NA,No,No,No,No,No,No,No,None
5546-QUERU,Male,42,No,0,NA,No,No,No,No,No,No,No,None
5549-ZGHFB,Male,33,Yes,1,Yes,No,No,No,No,No,No,No,None
5550-VFRLC,Female,70,No,0,No,No,No,No,No,No,No,No,Optic
5552-ZNFSJ,male,49,No,0,No,No,No,No,No,No,No,No,DSL 
5553-AOINX,Female,67,Yes,1,Yes,No,Yes,Yes,No,Yes,Yes,Yes,Optic
5555-RNPGT,M,61,No,3,No,No,No,No,No,No,No,No,None
5561-NWEVX,female,78,Yes,0,Yes,No,No,Yes,No,No,No,No,Fiber
5562-BETPV,Male,21,Yes,0,Yes,No,No,No,No,No,No,No,None
5562-YJQGT,f,57,No,0,No,No,No,No,No,No,No,No,None
5564-NEMQO,f,80,No,0,No,No,No,Yes,No,No,No,No,Fiber
5565-FILXA,Female,76,No,0,No,No,No,No,No,Yes,Yes,No,Fiber
5566-SOEZD,m,47,Yes,3,Yes,Yes,Yes,No,No,No,No,No,Fiber Optic
5567-GZKQY,Male,58,No,0,No,No,No,No,No,No,No,No,None
5567-WSELE,m,70,Yes,0,Yes,No,No,No,No,Yes,Yes,No,Optic
5568-DMXZS,female,36,No,0,No,No,Yes,No,Yes,Yes,No,No,Cable
5569-IDSEY,m,52,Yes,0,Yes,No,Yes,Yes,No,Yes,Yes,Yes,Fiber Optic
5569-KGJHX,Female,63,Yes,0,Yes,No,No,No,No,Yes,No,No,Fiber
5569-OUICF,female,67,Yes,0,Yes,No,No,No,Yes,Yes,Yes,No,Optic
5570-PTWEH,Female,33,Yes,0,NA,No,No,No,No,No,No,No,Fiber Optic
5572-ZDXHY,female,25,No,0,NA,No,Yes,No,No,No,Yes,Yes,Fiber Optic
5574-NXZIU,Male,36,No,0,NA,Yes,Yes,Yes,Yes,Yes,Yes,Yes,Optic
5575-GNVDE,Male,46,No,0,No,Yes,No,Yes,No,No,No,No,DSL 
5575-TPIZQ,Male,21,No,0,No,Yes,No,No,No,Yes,No,No,Optic
5577-OTWWW,female,54,No,0,No,No,No,No,No,No,No,No,None
5578-NKCXI,F,20,Yes,2,Yes,Yes,Yes,No,No,Yes,Yes,Yes,Fiber
5583-EJXRD,male,19,Yes,2,Yes,Yes,Yes,Yes,Yes,No,Yes,Yes,Cable
5583-SXDAG,M,41,Yes,0,Yes,No,No,No,No,No,No,No,Optic
5590-BYNII,M,51,No,0,No,Yes,No,No,No,Yes,Yes,Yes,Fiber Optic
5590-YRFJT,Female,44,Yes,0,Yes,No,No,No,No,No,No,No,DSL 
5590-ZSKRV,F,62,Yes,1,Yes,Yes,Yes,No,No,No,No,No,DSL
5593-SUAOO,female,60,Yes,3,NA,No,Yes,Yes,No,No,No,No,Fiber Optic
5597-GLBUC,f,48,No,0,No,No,No,Yes,No,Yes,No,No,Fiber
5598-IKHQQ,F,39,No,0,No,No,No,No,No,No,No,No,None
5599-HVLTW,female,73,No,0,No,No,No,Yes,No,No,No,No,Optic
5600-KTXFM,male,48,Yes,2,Yes,No,No,No,No,No,No,No,Fiber
5600-PDUJF,Male,60,No,0,No,No,No,No,Yes,No,No,No,DSL
5602-BVFMK,female,58,No,0,No,No,No,No,No,No,No,No,None
5605-IYGFG,Female,61,No,0,No,No,No,No,No,No,No,No,Fiber
5605-XNWEN,Male,77,Yes,0,Yes,No,No,No,No,No,No,No,None
5606-AMZBO,F,23,Yes,0,Yes,Yes,No,No,No,No,No,No,Fiber
5609-CEBID,f,77,No,0,NA,No,Yes,Yes,No,No,Yes,No,Optic
5609-IMCGG,Female,44,No,0,No,Yes,No,Yes,No,No,No,No,Optic
5614-DNZCE,f,56,No,0,NA,Yes,Yes,Yes,Yes,No,No,No,DSL
5616-PRTNT,m,30,No,3,No,No,No,No,No,No,No,No,None
5619-PTMIK,F,25,Yes,0,Yes,Yes,No,No,No,No,No,Yes,DSL
5619-XZZKR,Male,47,No,0,NA,No,No,No,No,No,No,No,None
5622-UEJFI,F,53,Yes,1,Yes,No,No,No,No,No,No,No,None
5624-BQSSA,F,19,No,0,No,No,No,No,No,No,No,No,None
5624-RYAMH,F,43,No,0,NA,No,No,No,No,No,No,No,None
5626-MGTUK,Female,50,No,0,No,Yes,No,No,No,Yes,No,No,Fiber
5627-TVBPP,Female,44,No,1,No,No,No,No,No,No,No,No,None
5628-FCGYG,m,46,No,0,No,No,No,No,No,No,Yes,Yes,Fiber
5628-RKIFK,female,76,No,0,No,Yes,No,No,No,Yes,Yes,Yes,Optic
5630-AHZIL,Female,51,No,3,No,Yes,No,No,Yes,No,Yes,Yes,DSL
5630-IXDXV,f,51,No,0,No,No,Yes,Yes,No,Yes,Yes,Yes,Fiber
5639-NTUPK,M,28,No,1,No,Yes,No,No,No,No,No,Yes,cable
5640-CAXOA,f,23,No,0,No,No,No,No,Yes,No,Yes,Yes,Cable
5641-DMBFJ,f,29,Yes,0,NA,Yes,No,Yes,Yes,Yes,Yes,Yes,DSL
5642-MHDQT,F,60,Yes,0,Yes,No,No,No,No,No,No,No,None
5644-PDMZC,f,69,No,0,NA,No,Yes,No,No,No,Yes,Yes,Fiber Optic
5647-FXOTP,F,71,Yes,0,NA,No,Yes,Yes,No,Yes,Yes,Yes,Fiber Optic
5647-URDKA,M,27,Yes,1,Yes,No,No,No,No,No,No,No,None
5649-ANRML,Male,76,No,0,No,No,Yes,Yes,Yes,No,Yes,No,Fiber Optic
5649-RXQTV,Male,34,No,0,No,No,Yes,Yes,No,Yes,Yes,Yes,Optic
5649-TJHOV,Male,68,Yes,0,NA,No,No,No,No,No,Yes,No,DSL
5649-VUKMC,f,61,No,0,No,No,No,Yes,No,Yes,Yes,Yes,Fiber Optic
5650-VDUDS,f,48,No,0,NA,No,No,No,No,No,No,No,cable
5650-YLIBA,M,60,No,0,NA,No,Yes,No,No,No,No,No,Fiber Optic
5651-CPDND,M,45,No,0,No,No,No,No,No,No,No,No,DSL 
5651-CRHKQ,f,53,Yes,0,NA,No,Yes,Yes,Yes,No,No,No,Fiber
5651-WYIPH,female,69,No,0,NA,No,Yes,No,No,No,No,No,Cable
5651-YLPRD,Female,45,Yes,3,Yes,No,Yes,No,No,Yes,No,No,Fiber Optic
5652-MSDEY,female,37,No,0,NA,No,No,No,No,No,No,No,Fiber Optic
5655-JSMZM,Male,66,No,0,No,No,No,No,No,Yes,Yes,No,Optic
5656-JAMLX,male,29,No,0,No,No,No,No,No,No,No,No,None
5656-MJEFC,Male,48,Yes,0,Yes,Yes,No,Yes,Yes,Yes,No,No,cable
5663-QBGIS,male,65,Yes,0,Yes,No,Yes,No,No,Yes,Yes,Yes,Fiber
5666-CYCYZ,Female,21,No,0,No,No,No,No,Yes,No,Yes,Yes,Fiber Optic
5666-MBJPT,m,22,No,0,No,No,No,No,No,No,No,No,None
5668-MEISB,Female,57,Yes,1,NA,Yes,Yes,Yes,Yes,Yes,No,No,Fiber
5669-SRAIP,female,55,No,0,NA,No,No,Yes,No,No,Yes,Yes,DSL 
5671-RQRLP,Female,72,Yes,0,Yes,No,No,No,No,No,No,No,Fiber
5671-UUNXD,F,79,Yes,0,NA,No,No,No,Yes,Yes,Yes,Yes,Optic
5673-FSSMF,Female,19,No,0,NA,No,No,No,No,No,Yes,Yes,cable
5673-TIYIB,m,34,No,0,No,No,Yes,Yes,Yes,No,No,No,DSL
5676-CFLYY,Male,30,Yes,0,Yes,No,Yes,No,Yes,Yes,Yes,Yes,cable
5678-VFNEQ,F,19,Yes,0,NA,Yes,No,Yes,No,Yes,Yes,Yes,Optic
5680-LQOGP,f,21,No,0,No,Yes,Yes,Yes,Yes,Yes,Yes,Yes,cable
5681-LLOEI,M,59,Yes,1,Yes,Yes,No,Yes,Yes,No,No,No,Fiber Optic
5684-FJVYR,Female,41,Yes,0,Yes,Yes,Yes,No,Yes,No,No,No,Optic
5685-IIXLY,f,54,Yes,0,Yes,No,Yes,No,No,No,Yes,Yes,Fiber
5686-CMAWK,m,41,No,0,NA,No,No,Yes,Yes,No,No,No,Fiber Optic
5687-DKDTV,Female,35,No,0,NA,No,No,No,No,No,No,No,None
5688-KZTSN,m,59,Yes,3,NA,No,No,No,No,No,No,No,None
5692-FPTAH,f,32,No,0,No,No,No,No,No,No,No,No,Cable
5692-ICXLW,m,75,No,0,No,No,Yes,No,No,Yes,No,No,Fiber Optic
5693-PIPCS,m,29,No,0,No,No,Yes,No,Yes,Yes,Yes,Yes,Optic
5696-CEIQJ,Male,31,Yes,3,Yes,No,Yes,Yes,Yes,Yes,Yes,Yes,Optic
5696-EXCYS,m,50,NA,0,No,No,No,No,No,No,No,No,None
5696-JVVQY,f,56,Yes,3,Yes,Yes,Yes,Yes,No,No,Yes,Yes,DSL
5696-QURRL,m,31,No,0,No,No,No,No,No,No,No,No,DSL
5697-GOMBF,Female,75,Yes,3,Yes,No,No,No,No,Yes,No,No,DSL
5698-BQJOH,Female,41,No,2,No,No,No,No,No,Yes,Yes,Yes,Optic
5699-BNCAS,male,79,No,0,No,No,No,No,No,No,No,No,None
5701-GUXDC,female,24,Yes,0,NA,Yes,No,Yes,No,No,No,No,DSL
5701-SVCWR,f,45,No,1,No,No,No,No,No,No,No,No,None
5701-YVSVF,Female,68,Yes,0,NA,No,No,No,Yes,Yes,No,No,Optic
5701-ZIKJE,Male,28,No,0,No,No,No,No,Yes,No,No,Yes,DSL
5702-KVQRD,Male,34,Yes,0,Yes,Yes,No,Yes,Yes,Yes,Yes,Yes,DSL
5702-SKUOB,Female,34,Yes,0,NA,No,No,No,No,No,No,No,None
5707-ORNDZ,Male,79,No,0,No,Yes,No,No,No,No,No,No,DSL
5707-ZMDJP,M,61,Yes,2,NA,Yes,Yes,No,Yes,Yes,No,No,DSL
5708-EVONK,f,37,Yes,0,Yes,Yes,Yes,No,No,No,Yes,Yes,Fiber Optic
5709-LVOEQ,F,40,Yes,0,Yes,Yes,Yes,Yes,No,Yes,Yes,Yes,DSL
5712-AHQNN,F,36,No,0,No,No,Yes,Yes,No,Yes,No,No,Fiber
5712-PTIWW,male,46,No,0,NA,No,No,Yes,Yes,No,No,No,Fiber Optic
5712-VBOXD,F,53,No,0,No,No,No,No,No,No,No,No,None
5716-EZXZN,Female,56,Yes,0,Yes,Yes,Yes,No,Yes,Yes,No,No,Fiber
5716-LIBJC,F,29,No,2,No,No,Yes,Yes,No,Yes,Yes,Yes,Fiber Optic
5724-BIDBU,Male,29,Yes,0,Yes,Yes,No,No,No,No,No,No,cable
5726-CVNYA,f,44,Yes,0,Yes,No,No,No,No,No,No,No,None
5727-MYATE,M,64,Yes,2,NA,Yes,Yes,Yes,Yes,Yes,Yes,Yes,DSL 
5729-KLZAR,Female,22,Yes,0,Yes,No,No,No,No,No,Yes,Yes,Fiber Optic
5730-DBDSI,m,50,No,0,No,No,No,No,No,No,No,No,None
5730-RIITO,f,73,No,0,No,Yes,Yes,No,No,No,No,No,DSL
5732-IKGQH,Male,79,Yes,0,Yes,Yes,No,Yes,Yes,Yes,Yes,No,Fiber
5734-EJKXG,f,25,No,0,No,Yes,Yes,Yes,Yes,Yes,Yes,Yes,Optic
5736-YEJAX,Male,23,No,0,No,Yes,Yes,Yes,Yes,Yes,No,No,DSL
5740-YHGTW,Male,62,Yes,3,Yes,Yes,Yes,No,No,Yes,No,No,Fiber Optic
5743-KHMNA,m,43,No,0,No,No,No,No,No,No,No,No,None
5747-PMBSQ,male,72,Yes,0,NA,No,Yes,Yes,Yes,Yes,No,No,Fiber Optic
5748-RNCJT,M,58,No,0,No,No,No,Yes,Yes,Yes,Yes,Yes,Fiber
5751-USDBL,male,37,Yes,1,Yes,Yes,No,Yes,Yes,Yes,Yes,Yes,Cable
5753-QQWPW,F,57,No,0,No,Yes,Yes,No,Yes,No,No,No,DSL 
5756-JYOJT,f,55,No,0,NA,No,No,Yes,Yes,No,Yes,Yes,cable
5756-OZRIO,m,73,Yes,0,Yes,No,Yes,No,No,No,Yes,Yes,DSL
5759-RCVCB,Female,20,No,0,No,No,No,No,No,Yes,No,No,DSL 
5760-FXFVO,M,55,No,0,No,Yes,Yes,No,No,No,No,No,Fiber Optic
5760-IFJOZ,male,57,No,0,NA,No,Yes,Yes,No,Yes,Yes,Yes,Optic
5760-WRAHC,F,78,No,0,No,Yes,No,Yes,Yes,No,Yes,Yes,DSL 
5762-TJXGK,F,40,No,0,No,Yes,Yes,Yes,No,Yes,Yes,Yes,DSL
5766-FTRTS,m,35,Yes,0,Yes,Yes,Yes,Yes,Yes,Yes,Yes,Yes,DSL
5766-XQXMQ,f,45,No,0,NA,Yes,Yes,Yes,No,No,Yes,Yes,DSL
5766-ZJYBB,m,52,No,0,No,No,No,No,No,No,No,No,None
5774-QPLTF,male,40,Yes,2,Yes,No,No,No,No,No,No,No,None
5774-XZTQC,female,30,Yes,1,Yes,No,No,No,No,No,No,No,None
5777-KJIRB,Female,61,No,0,No,No,No,Yes,No,No,No,No,cable
5777-ZPQNC,female,35,No,0,No,No,No,No,No,No,No,No,None
5778-BVOFB,F,33,No,0,No,No,No,No,Yes,Yes,No,No,cable
5780-INQIK,F,52,No,0,No,No,No,No,Yes,No,No,No,DSL
5781-BKHOP,f,48,Yes,0,Yes,Yes,Yes,Yes,No,Yes,No,No,Fiber
5781-RFZRP,male,34,Yes,0,Yes,Yes,Yes,No,Yes,Yes,No,No,DSL
5787-KXGIY,male,54,Yes,0,Yes,No,No,No,No,No,No,No,None
5788-YPOEG,F,41,Yes,2,Yes,Yes,Yes,Yes,Yes,Yes,Yes,Yes,DSL 
5789-LDFXO,Male,60,No,0,No,No,No,No,No,No,No,No,None
5791-KAJFD,F,58,Yes,0,Yes,Yes,No,Yes,No,No,Yes,Yes,DSL 
5792-JALQC,Female,78,No,0,No,Yes,No,Yes,No,No,No,No,DSL 
5793-YOLJN,F,53,Yes,3,NA,No,No,No,No,No,No,No,None
5795-BKOYE,F,47,Yes,1,Yes,No,Yes,Yes,Yes,No,No,No,DSL 
5795-KTGUD,Female,61,Yes,0,Yes,Yes,Yes,Yes,No,Yes,Yes,Yes,Optic
5797-APWZC,female,41,No,0,No,No,No,No,No,Yes,Yes,Yes,Fiber
5799-JRCZO,Female,48,No,1,No,No,No,No,No,No,No,No,None
5802-ADBRC,f,57,Yes,0,Yes,Yes,No,Yes,No,Yes,Yes,Yes,Fiber Optic
5803-NQJZO,Male,46,Yes,0,Yes,Yes,Yes,Yes,Yes,No,No,No,cable
5804-HYIEZ,male,40,Yes,1,Yes,Yes,Yes,No,No,Yes,Yes,Yes,Fiber
5804-JMYIO,f,40,Yes,3,Yes,No,No,No,No,No,No,No,None
5804-LEPIM,f,74,No,0,NA,No,No,No,No,No,No,No,Fiber Optic
5808-TOTXO,f,37,No,2,No,No,No,No,No,No,No,No,None
5811-IWXYM,F,20,Yes,1,Yes,No,No,Yes,No,Yes,Yes,Yes,Fiber Optic
5813-UECBU,M,78,No,0,No,No,Yes,Yes,No,No,No,No,Fiber
5815-HGGHV,m,45,Yes,0,Yes,Yes,No,No,Yes,No,Yes,Yes,DSL 
5816-JMLGY,F,28,Yes,0,Yes,No,Yes,Yes,Yes,Yes,Yes,Yes,DSL
5816-QVHRX,F,26,No,0,No,No,No,No,Yes,Yes,Yes,Yes,Fiber Optic
5816-SCGFC,Female,73,No,0,No,No,Yes,No,No,No,No,No,cable
5820-PTRYM,Female,75,NA,0,Yes,Yes,Yes,Yes,Yes,No,No,No,Cable
5821-MMEIL,F,43,Yes,0,NA,No,No,No,No,No,No,No,None
5825-XJOCM,male,39,No,3,No,Yes,Yes,Yes,No,No,No,No,cable
5827-MWCZK,M,39,Yes,3,Yes,No,Yes,No,Yes,Yes,No,No,Fiber Optic
5828-AVIPD,m,29,Yes,0,Yes,No,No,No,Yes,Yes,Yes,Yes,Fiber
5828-DWPIL,M,68,Yes,0,NA,Yes,Yes,Yes,No,No,No,No,Fiber Optic
5829-NVSQN,F,38,Yes,0,NA,Yes,No,Yes,Yes,No,Yes,Yes,DSL
5832-EXGTT,M,28,Yes,3,Yes,Yes,No,No,No,No,Yes,Yes,DSL 
5832-TRLPB,m,30,No,0,No,No,No,Yes,Yes,Yes,Yes,Yes,Cable
5832-XKAES,m,56,No,0,No,No,No,No,No,No,No,No,Fiber Optic
5834-ASPWA,Male,55,No,0,No,No,No,No,No,No,No,No,Fiber Optic
5835-BEQEU,male,44,NA,0,No,No,No,No,No,No,No,No,Fiber Optic
5837-LXSDN,F,63,Yes,3,Yes,No,Yes,No,No,Yes,No,No,Cable
5839-SUYVZ,male,21,No,0,No,No,No,No,Yes,No,No,No,Fiber
5840-NVDCG,female,32,Yes,1,NA,Yes,Yes,No,Yes,No,Yes,Yes,Cable
5842-POCOP,F,37,Yes,0,Yes,Yes,No,Yes,No,No,Yes,Yes,Cable
5843-TTHGI,female,30,No,0,No,No,No,Yes,No,No,No,No,DSL 
5844-QVTAT,F,24,Yes,0,Yes,Yes,Yes,Yes,No,No,No,No,cable
5845-BZZIB,male,37,Yes,3,Yes,No,No,No,No,No,No,No,None
5846-ABOBJ,m,24,Yes,0,Yes,No,No,No,No,No,No,No,None
5846-NEQVZ,M,19,Yes,0,Yes,Yes,No,Yes,Yes,No,Yes,Yes,Cable
5846-QFDFI,female,21,Yes,1,NA,No,Yes,Yes,Yes,No,No,Yes,Fiber Optic
5847-MXBEO,m,42,No,0,No,No,No,No,No,No,No,No,None
5848-FHRFC,f,49,No,0,No,No,No,No,No,No,No,No,None
5849-ASHZJ,M,26,No,3,No,No,No,No,No,No,No,No,None
5850-BDWCY,Female,64,No,0,No,No,No,No,No,No,No,No,None
5854-KSRBJ,m,31,Yes,1,Yes,No,No,No,No,No,No,No,None
5855-EIBDE,female,35,Yes,0,NA,Yes,Yes,Yes,Yes,No,Yes,Yes,Optic
5857-TYBCJ,male,72,Yes,0,Yes,No,No,Yes,No,Yes,No,No,Optic
5857-XRECV,F,44,No,3,No,No,No,No,No,No,No,No,None
5858-EAFCZ,m,45,No,0,NA,No,No,No,No,No,No,No,DSL 
5859-HZYLF,M,45,Yes,2,Yes,No,No,No,No,No,No,No,None
5862-BRIXZ,M,33,No,0,No,Yes,No,Yes,Yes,Yes,Yes,Yes,DSL 
5863-OOKCL,female,60,No,0,No,No,No,No,No,No,No,No,None
5868-CZJDR,Male,41,No,0,No,No,Yes,No,No,No,No,No,DSL 
5868-YTYKS,m,21,No,2,NA,No,No,No,No,No,No,No,None
5868-YWPDW,M,76,NA,0,Yes,No,Yes,No,No,No,Yes,No,Optic
5871-DGTXZ,Male,55,No,0,No,No,No,No,No,No,No,No,None
5872-OEQNH,female,29,No,0,NA,Yes,No,Yes,No,No,Yes,Yes,DSL 
5875-YPQFJ,m,51,No,0,NA,No,No,No,No,No,No,No,Fiber Optic
5876-HZVZM,f,55,Yes,3,Yes,Yes,Yes,No,No,No,No,No,cable
5876-QMYLD,Female,44,Yes,0,Yes,No,No,No,No,No,No,No,None
5879-HMFFH,female,49,Yes,0,NA,Yes,Yes,Yes,Yes,Yes,Yes,Yes,DSL 
5879-SESNB,F,34,No,0,NA,No,No,No,No,No,No,No,Fiber
5882-CMAZQ,F,52,Yes,2,Yes,No,Yes,No,Yes,No,No,No,DSL 
5883-GTGVD,m,54,No,0,No,No,Yes,No,No,Yes,Yes,Yes,Fiber
5884-FBCTL,female,43,Yes,2,Yes,No,No,No,No,No,No,No,None
5884-GCYMI,M,62,No,0,NA,No,No,No,No,No,No,No,Optic
5886-VLQVU,Male,30,Yes,0,Yes,No,No,No,Yes,No,Yes,Yes,Fiber Optic
5887-IKKYO,m,54,Yes,2,Yes,No,No,Yes,Yes,No,Yes,Yes,Optic
5889-JTMUL,F,67,Yes,0,Yes,No,Yes,Yes,No,Yes,No,No,Fiber
5889-LFOLL,f,27,NA,0,No,No,No,No,No,No,Yes,Yes,Optic
5893-KCLGT,Female,56,No,2,NA,No,No,No,No,No,No,No,None
5893-PYOLZ,Male,55,No,0,No,No,Yes,Yes,Yes,Yes,Yes,Yes,DSL
5895-QSXOD,Male,42,No,0,No,No,No,No,No,No,No,No,Fiber Optic
5896-NPFWW,M,23,Yes,0,Yes,No,No,Yes,No,No,No,No,Cable
5897-ZYEKH,F,74,Yes,0,Yes,Yes,Yes,No,No,Yes,Yes,Yes,Fiber
5898-IGSLP,Male,37,Yes,3,Yes,Yes,No,Yes,Yes,No,No,No,Fiber
5899-MQZZL,F,25,No,0,NA,No,No,No,No,No,No,Yes,Optic
5899-OUVKV,m,56,No,0,No,No,Yes,No,No,Yes,Yes,Yes,Optic
5902-WBLSE,f,32,Yes,1,Yes,No,No,No,No,No,No,No,None
5906-BFOZT,male,54,No,0,NA,No,No,No,No,No,No,No,None
5906-CVLHP,female,60,Yes,0,Yes,No,Yes,No,Yes,No,No,No,cable
5906-DVAPM,F,27,Yes,2,Yes,Yes,Yes,No,Yes,Yes,No,No,DSL
5908-QMGOE,M,74,No,0,No,No,No,No,No,No,No,No,Fiber
5909-ECHUI,female,49,No,0,No,No,No,No,No,No,Yes,Yes,DSL 
5913-INRQV,m,71,Yes,0,Yes,Yes,No,No,Yes,Yes,No,No,Fiber
5914-DVBWJ,F,80,No,0,No,No,Yes,No,Yes,No,No,No,Optic
5914-GXMDA,F,42,Yes,0,Yes,No,No,No,No,No,No,No,None
5914-XRFQB,m,58,Yes,0,Yes,Yes,Yes,Yes,Yes,Yes,Yes,Yes,Fiber Optic
5915-ANOEI,m,40,Yes,0,NA,Yes,Yes,Yes,Yes,Yes,No,No,DSL 
5915-DGNVC,Female,47,Yes,0,Yes,Yes,Yes,Yes,No,No,Yes,Yes,DSL 
5916-QEWPT,female,61,Yes,0,Yes,No,No,Yes,No,Yes,Yes,Yes,cable
5917-HBSDW,F,20,Yes,2,Yes,No,No,No,No,No,No,No,None
5917-RYRMG,male,79,No,0,No,No,No,No,No,No,No,No,None
5918-VUKWP,F,61,No,0,No,No,No,No,No,No,No,No,None
5919-TMRGD,female,32,No,3,No,No,No,No,No,Yes,No,No,Fiber Optic
5919-VCZYM,M,19,No,0,No,No,No,No,No,No,No,No,None
5921-NGYRH,Male,40,Yes,0,Yes,Yes,No,No,No,No,No,No,Optic
5922-ABDVO,F,20,Yes,0,Yes,No,No,Yes,No,No,Yes,Yes,Fiber
5923-GXUOC,male,37,No,0,NA,Yes,Yes,Yes,No,Yes,Yes,Yes,Fiber
5924-IFQTT,M,33,Yes,2,Yes,No,Yes,Yes,Yes,Yes,No,No,DSL
5924-SNGKP,female,39,No,0,No,No,No,No,No,No,No,No,None
5928-QLDHB,male,48,No,0,NA,No,No,No,No,No,No,No,Fiber Optic
5930-GBIWP,M,46,No,0,No,Yes,Yes,Yes,Yes,No,Yes,Yes,Cable
5931-FLJJF,Male,75,Yes,0,Yes,No,No,No,No,No,No,No,Fiber Optic
5934-RMPOV,F,32,No,2,No,No,No,No,No,No,Yes,Yes,Fiber
5934-TSSAU,F,51,Yes,3,NA,No,No,Yes,No,No,No,No,Fiber
5935-FCCNB,Female,79,No,0,No,No,No,No,No,Yes,Yes,Yes,Fiber Optic
5937-EORGB,M,79,Yes,0,Yes,Yes,No,Yes,No,Yes,No,No,Fiber
5939-SXWHM,Male,59,Yes,3,Yes,No,No,No,No,No,No,No,None
5939-XAIXZ,Female,54,No,0,NA,No,No,Yes,No,No,No,No,DSL 
5940-AHUHD,M,30,No,0,No,No,No,No,No,No,No,No,Fiber Optic
5940-NFXKV,Male,59,Yes,0,Yes,No,No,No,No,No,Yes,Yes,Fiber
5944-UGLLK,male,62,No,0,No,No,No,Yes,Yes,Yes,Yes,Yes,cable
5945-AZYHT,m,53,Yes,0,Yes,Yes,Yes,Yes,No,Yes,Yes,Yes,Optic
5947-SGKCL,Female,19,Yes,3,Yes,No,Yes,Yes,No,Yes,Yes,Yes,Fiber Optic
5948-UJZLF,M,22,No,0,No,No,Yes,No,No,No,No,No,DSL
5949-EBSQK,Male,44,Yes,1,Yes,No,No,No,Yes,No,Yes,Yes,DSL
5949-HGVJL,female,35,Yes,0,NA,No,Yes,No,Yes,Yes,Yes,Yes,DSL
5949-XIKAE,f,32,Yes,0,Yes,No,Yes,No,No,Yes,No,No,Cable
5950-AAAGJ,Male,19,No,0,No,No,No,No,No,Yes,No,No,Optic
5951-AOFIH,male,19,No,0,No,No,Yes,Yes,No,Yes,No,Yes,cable
5954-BDFSG,Female,40,NA,0,No,No,No,Yes,Yes,Yes,Yes,Yes,Optic
5955-EPOAZ,Female,40,No,0,No,No,No,No,No,No,No,No,None
5955-ERIHD,M,53,Yes,0,Yes,No,No,No,No,Yes,Yes,Yes,Optic
5956-VKDTT,f,72,Yes,0,Yes,No,No,No,No,No,No,No,Fiber Optic
5956-YHHRX,M,75,No,0,No,No,Yes,Yes,No,Yes,Yes,Yes,Optic
5959-BELXA,M,67,No,0,No,No,No,No,No,Yes,Yes,No,Fiber
5960-MVTUK,Male,58,No,0,NA,No,No,No,Yes,No,No,No,DSL
5960-WPXQM,male,24,No,0,No,No,No,No,No,Yes,No,Yes,Fiber
5961-VUSRV,f,53,No,0,No,No,No,No,No,No,No,No,None
5965-GGPRW,male,41,Yes,2,Yes,Yes,No,Yes,No,Yes,Yes,Yes,Fiber
5966-EMAZU,M,27,Yes,0,NA,Yes,No,Yes,Yes,Yes,Yes,Yes,Fiber Optic
5968-HYJRZ,m,28,Yes,2,Yes,No,No,No,No,No,No,No,None
5968-VXZLG,m,45,No,0,No,No,No,No,No,No,No,No,DSL
5968-XQIVE,M,32,Yes,0,Yes,No,Yes,No,No,Yes,No,No,Optic
5970-GHJAW,m,40,Yes,2,Yes,No,No,No,No,No,No,No,None
5973-EJGDP,Male,21,No,0,No,No,Yes,Yes,Yes,No,No,No,Fiber Optic
5975-BAICR,male,36,Yes,2,NA,Yes,No,Yes,No,No,Yes,Yes,DSL 
5976-JCJRH,m,36,Yes,0,Yes,No,No,No,No,No,No,No,Optic
5977-CKHON,female,59,NA,3,Yes,No,No,Yes,No,No,Yes,Yes,Fiber
5980-BDHPY,M,48,Yes,0,Yes,Yes,Yes,Yes,Yes,Yes,Yes,Yes,cable
5980-NOPLP,f,19,Yes,0,Yes,No,No,No,No,Yes,Yes,Yes,Fiber
5981-ITEMU,Male,58,Yes,0,Yes,No,No,No,No,Yes,Yes,Yes,Fiber Optic
5981-ZVXOT,F,72,No,0,No,Yes,Yes,Yes,No,Yes,Yes,Yes,Fiber
5982-FPVQN,Female,40,Yes,1,Yes,No,Yes,Yes,No,No,Yes,Yes,Fiber Optic
5982-PSMKW,Female,20,Yes,2,NA,Yes,Yes,Yes,Yes,Yes,Yes,Yes,Cable
5982-XMDEX,f,42,No,0,NA,No,No,No,No,No,No,No,None
5985-BEHZK,Female,78,Yes,0,NA,No,Yes,Yes,No,Yes,Yes,No,Optic
5985-TBABQ,f,45,No,0,No,Yes,No,No,No,Yes,Yes,Yes,DSL 
5986-WWXDV,Male,42,No,0,NA,No,No,No,No,No,No,No,None
5989-AXPUC,Female,27,Yes,0,NA,Yes,Yes,Yes,Yes,Yes,Yes,Yes,Fiber Optic
5989-OMNJE,female,42,Yes,0,Yes,Yes,Yes,Yes,No,Yes,Yes,Yes,DSL 
5989-PGKJB,F,40,No,0,No,No,Yes,No,No,No,Yes,Yes,Optic
5993-BQHEA,m,42,No,0,No,No,No,No,No,No,No,No,None
5993-JSUWV,f,25,No,0,No,Yes,Yes,Yes,No,No,No,No,DSL 
5995-LFTLE,m,39,No,0,No,No,No,No,No,No,No,No,None
5995-OIGLP,Male,42,No,0,No,Yes,No,No,Yes,No,No,No,cable
5995-SNNEW,M,80,Yes,0,NA,No,Yes,Yes,No,Yes,Yes,Yes,Fiber
5995-WWKKG,F,62,No,0,No,No,No,No,No,No,No,No,None
5996-DAOQL,Male,28,No,0,No,No,No,No,No,No,No,No,None
5996-EBTKM,f,46,Yes,1,Yes,No,No,Yes,Yes,No,Yes,Yes,DSL
5996-NRVXR,m,68,Yes,0,Yes,Yes,Yes,Yes,Yes,Yes,No,No,Fiber
5997-OPVFA,M,39,Yes,0,Yes,Yes,Yes,Yes,Yes,Yes,Yes,Yes,Cable
5998-DZLYR,F,55,Yes,0,NA,No,Yes,No,Yes,No,Yes,Yes,Fiber
5998-VVEJY,m,34,No,0,No,No,No,No,Yes,No,No,No,Fiber
5999-LCXAO,female,42,No,0,No,Yes,No,No,No,No,No,No,DSL 
6000-APYLU,m,39,No,0,NA,No,No,No,No,No,Yes,Yes,Fiber
6000-UKLWI,m,46,No,0,No,No,No,No,No,No,No,No,None
6005-OBZPH,F,68,No,0,No,No,Yes,No,No,Yes,No,No,Optic
6007-TCTST,Female,57,Yes,2,Yes,Yes,Yes,Yes,Yes,Yes,Yes,Yes,Fiber Optic
6008-NAIXK,m,72,No,0,No,No,Yes,Yes,No,Yes,Yes,Yes,DSL
6010-DDPPW,male,61,Yes,0,Yes,No,No,No,No,No,No,No,None
6013-BHCAW,M,27,Yes,3,Yes,No,No,Yes,Yes,Yes,Yes,Yes,DSL 
6015-VVHHE,female,68,No,0,No,No,No,No,No,Yes,No,No,Fiber
6016-LVTJQ,Female,39,Yes,1,Yes,No,No,No,No,No,No,No,None
6016-NXBNJ,male,53,No,0,No,No,No,No,No,No,No,No,None
6017-PPLPX,Male,47,Yes,0,Yes,No,No,No,No,No,No,No,Fiber
6022-KOUQO,f,51,Yes,2,Yes,No,No,No,Yes,No,No,No,Cable
6022-UGGSO,f,70,No,0,No,No,Yes,No,No,No,No,No,Optic
6023-GSSXW,Female,27,Yes,0,NA,No,Yes,No,No,No,Yes,Yes,DSL
6023-YEBUP,male,32,No,0,No,No,No,Yes,No,Yes,Yes,Yes,Cable
6024-RUGGH,male,22,Yes,2,NA,No,No,No,No,No,No,No,None
6029-CSMJE,male,63,No,0,No,No,No,No,No,No,No,No,Cable
6029-WTIPC,male,73,No,0,No,No,No,Yes,No,Yes,Yes,No,Fiber Optic
6030-REHUX,Female,76,Yes,0,Yes,No,Yes,Yes,Yes,Yes,Yes,No,Optic
6032-IGALN,female,35,No,0,No,No,No,No,No,No,No,No,cable
6032-KRXXO,m,33,No,0,No,No,No,No,No,Yes,Yes,Yes,Fiber
6034-YMTOB,Female,62,No,0,No,No,No,No,Yes,No,No,No,Fiber
6034-ZRYCV,Female,51,Yes,0,NA,No,Yes,Yes,No,Yes,Yes,Yes,Cable
6035-BXTTY,F,69,No,0,NA,No,Yes,No,Yes,No,No,No,DSL
6035-RIIOM,F,39,No,0,NA,No,Yes,No,No,Yes,Yes,Yes,Fiber
6036-TTFYU,Female,48,Yes,0,Yes,No,No,No,No,No,No,No,None
6038-GCYEC,f,25,No,0,No,No,Yes,Yes,No,Yes,Yes,Yes,DSL 
6040-CGACY,Female,48,No,0,NA,No,No,No,No,No,No,No,None
6047-SUHPR,M,60,Yes,2,Yes,Yes,Yes,Yes,No,No,No,No,DSL
6047-YHPVI,Male,56,No,3,NA,No,No,No,No,No,No,No,Fiber Optic
6048-NJXHX,male,21,Yes,0,Yes,No,No,No,No,No,No,No,None
6048-QBXKL,f,68,No,0,No,No,Yes,No,No,No,No,No,DSL
6048-UWKAL,female,73,Yes,0,Yes,No,Yes,No,Yes,Yes,Yes,Yes,Fiber
6050-FFXES,Female,51,Yes,0,Yes,No,No,Yes,Yes,Yes,Yes,Yes,Fiber Optic
6050-IJRHS,female,47,Yes,1,NA,No,Yes,Yes,No,Yes,Yes,Yes,Optic
6051-PTVNS,female,31,Yes,1,Yes,No,No,No,No,No,No,No,None
6060-DRTNL,f,66,No,0,No,No,No,Yes,No,Yes,No,No,Fiber
6060-QBMGV,male,30,Yes,0,Yes,No,No,No,No,No,No,No,None
6061-GWWAV,M,44,No,1,No,Yes,Yes,Yes,No,Yes,No,No,cable
6061-PQHMK,F,50,No,0,No,No,No,No,No,No,No,No,None
6064-PUPMC,M,59,Yes,2,Yes,Yes,No,No,Yes,No,No,No,DSL
6064-ZATLR,F,44,No,0,No,Yes,Yes,No,No,No,No,No,DSL
6067-NGCEU,f,50,No,0,NA,Yes,Yes,Yes,No,Yes,Yes,Yes,Optic
6072-NUQCB,M,50,Yes,2,Yes,No,No,No,No,No,No,No,None
6075-QMNRR,f,33,No,0,No,Yes,No,No,No,No,No,No,DSL 
6075-SLNIL,m,47,No,0,No,No,Yes,Yes,No,No,Yes,Yes,Optic
6077-BDPXA,Female,56,No,0,No,No,No,No,No,No,No,No,Optic
6078-VESFR,Male,78,Yes,0,NA,No,No,No,No,No,No,No,Fiber
6080-LNESI,male,63,No,0,No,No,No,No,No,No,No,No,None
6080-TCMYC,Male,55,Yes,3,NA,No,No,Yes,No,No,No,No,Fiber
6082-GLJIX,M,50,No,0,No,No,No,No,No,No,No,No,None
6082-OQFBA,Male,62,Yes,0,Yes,No,No,No,No,No,No,No,None
6086-ESGRL,female,53,No,0,No,No,No,No,No,No,Yes,Yes,Fiber Optic
6087-MVHJH,Female,44,No,0,NA,No,No,Yes,No,No,Yes,Yes,Optic
6087-YPWHO,Male,56,Yes,0,NA,Yes,Yes,Yes,Yes,No,No,No,DSL 
6088-BXMRG,female,59,Yes,1,Yes,No,Yes,No,No,Yes,Yes,Yes,Fiber
6092-QZVPP,Male,27,No,0,No,Yes,No,Yes,Yes,Yes,Yes,Yes,cable
6094-ZIVKX,Female,45,No,0,No,Yes,No,Yes,No,No,No,No,cable
6096-EGVTU,female,50,Yes,1,Yes,No,No,No,No,No,No,No,None
6097-EQISJ,female,41,Yes,0,Yes,No,Yes,Yes,No,Yes,Yes,Yes,Optic
6100-FJZDG,male,49,Yes,0,Yes,No,No,No,No,No,No,No,None
6100-QQHEB,m,42,Yes,0,NA,No,No,No,No,Yes,Yes,Yes,Fiber Optic
6101-IMRMM,m,53,No,0,No,No,No,Yes,No,Yes,Yes,Yes,Fiber
6103-BOCOU,f,37,No,0,No,No,No,Yes,No,No,No,No,Fiber
6103-LIANB,male,49,Yes,1,NA,No,No,Yes,No,Yes,Yes,Yes,Optic
6103-QCKFX,f,36,Yes,3,NA,Yes,No,No,Yes,No,No,No,DSL 
6108-OQZDQ,F,21,Yes,0,Yes,No,Yes,No,No,Yes,Yes,Yes,Fiber Optic
6110-OHIHY,Male,33,No,0,NA,No,No,No,No,Yes,No,No,Fiber Optic
6112-KTHFQ,F,50,No,0,NA,No,No,No,No,No,No,No,None
6114-TCFID,f,47,No,0,No,Yes,Yes,No,Yes,No,No,No,cable
6115-ZTBFQ,F,56,Yes,0,Yes,Yes,Yes,Yes,Yes,Yes,Yes,Yes,DSL
6116-RFVHN,female,20,Yes,0,Yes,No,No,Yes,No,Yes,Yes,Yes,Fiber Optic
6119-SPUDB,male,40,No,0,No,Yes,No,Yes,Yes,No,No,No,DSL 
6120-RJKLU,F,69,Yes,0,NA,Yes,No,Yes,Yes,Yes,Yes,No,DSL
6121-TNHBO,f,71,No,0,No,Yes,Yes,Yes,Yes,Yes,No,No,DSL 
6121-VZNQB,Female,35,No,0,NA,No,No,No,No,No,No,No,None
6122-EFVKN,M,44,No,0,NA,Yes,No,No,Yes,No,No,No,cable
6122-LJADA,m,31,Yes,1,Yes,Yes,Yes,Yes,Yes,Yes,Yes,Yes,Cable
6124-ACRHJ,f,59,No,0,No,No,No,No,No,No,No,No,None
6127-ISGTU,F,34,Yes,0,Yes,No,No,No,No,Yes,No,No,Optic
6127-IYJOZ,male,71,No,0,No,No,No,No,No,No,No,No,DSL 
6128-AQBMT,m,65,Yes,0,Yes,No,Yes,Yes,No,Yes,Yes,Yes,cable
6128-CZOMY,f,43,No,0,No,No,No,No,No,No,No,No,cable
6128-DAFVY,female,58,No,0,No,No,No,No,No,Yes,Yes,Yes,DSL
6131-FOYAS,M,48,No,0,No,Yes,No,Yes,No,No,No,No,DSL
6131-IUNXN,F,47,Yes,2,Yes,No,No,No,No,No,No,No,None
6131-JLWZM,f,27,No,0,No,No,No,No,No,No,No,No,None
6133-OZILE,female,45,No,0,No,No,No,Yes,Yes,No,No,No,DSL
6134-KWTBV,Male,43,No,0,No,No,No,No,No,No,No,No,None
6135-OZQVA,f,46,No,0,NA,Yes,No,No,No,No,No,No,cable
6137-MFAJN,Female,62,No,0,No,Yes,Yes,No,No,Yes,No,No,cable
6137-NICCO,F,39,Yes,2,Yes,No,Yes,Yes,No,Yes,No,No,Fiber Optic
6139-ZZRBQ,M,79,No,0,No,No,No,No,No,No,No,No,None
6140-QNRQQ,Male,42,No,0,NA,No,No,No,No,No,No,No,Fiber
6141-OOXUQ,male,43,No,0,NA,No,No,No,No,No,No,No,None
6142-VSJQO,Female,27,Yes,3,Yes,No,No,No,No,No,No,No,cable
6143-JQKEA,male,34,No,0,No,No,No,No,No,No,No,No,Cable
6145-NNPNO,f,45,No,0,No,No,No,No,No,No,No,No,cable
6147-CBCRA,f,34,Yes,0,NA,No,No,No,No,No,No,No,None
6152-ONASV,f,49,Yes,0,Yes,Yes,No,No,Yes,No,No,No,DSL 
6156-UZDLF,female,19,No,0,No,Yes,No,Yes,Yes,No,No,No,Fiber Optic
6158-DWPZT,m,53,Yes,0,Yes,No,No,No,No,No,No,No,DSL 
6158-HDPXZ,m,31,No,0,No,No,No,No,No,No,No,No,DSL 
6161-ERDGD,m,57,Yes,3,Yes,Yes,No,Yes,Yes,Yes,Yes,Yes,DSL 
6161-UUUTA,Male,77,No,0,NA,No,No,No,No,Yes,No,No,Fiber Optic
6164-HAQTX,m,46,No,0,No,Yes,Yes,Yes,Yes,Yes,No,No,DSL 
6164-HXUGH,Female,40,Yes,1,Yes,No,No,No,No,No,No,No,None
6166-ILMNY,F,46,No,0,NA,No,No,No,No,No,No,No,Optic
6166-YIPFO,male,33,Yes,0,Yes,Yes,Yes,Yes,Yes,Yes,Yes,Yes,DSL
6168-WFVVF,f,69,No,0,NA,No,No,No,No,No,No,No,Optic
6168-YBYNP,M,19,No,0,No,No,Yes,Yes,Yes,Yes,Yes,Yes,Fiber Optic
6169-PGNCD,Female,61,No,0,NA,Yes,Yes,Yes,Yes,Yes,No,No,DSL
6169-PPETC,male,42,Yes,1,NA,No,No,No,No,No,No,No,None
6171-ZTVYB,male,42,Yes,0,Yes,Yes,Yes,No,Yes,No,No,No,DSL 
6172-FECYY,M,55,Yes,0,Yes,No,No,No,No,Yes,No,No,Fiber
6173-GOLSU,male,79,Yes,0,NA,No,No,No,No,Yes,Yes,No,Fiber Optic
6173-ITPWD,Male,26,Yes,0,Yes,No,Yes,Yes,No,No,No,Yes,Fiber
6174-NRBTZ,m,44,No,0,NA,Yes,No,No,No,No,No,No,Cable
6175-IRFIT,male,32,No,0,NA,No,No,No,No,No,Yes,Yes,Fiber
6176-YJWAS,male,43,Yes,0,NA,Yes,Yes,Yes,No,Yes,No,No,Fiber Optic
6177-PEVRA,female,58,No,0,No,Yes,Yes,No,No,No,No,No,DSL 
6178-KFNHS,F,34,No,0,NA,Yes,No,No,No,No,No,No,Optic
6179-GJPSO,F,67,No,0,No,Yes,Yes,No,Yes,Yes,Yes,No,Optic
6180-YBIQI,M,35,No,0,No,No,No,No,No,No,No,No,DSL 
6181-AXXYF,m,54,Yes,2,NA,No,No,No,No,No,No,No,None
6184-DYUOB,female,28,Yes,0,Yes,No,No,No,No,No,No,No,None
6185-TASNN,M,71,No,0,NA,No,No,No,No,No,No,No,DSL
6188-UXBBR,f,47,Yes,0,Yes,No,No,No,No,No,No,No,None
6194-HBGQN,male,22,No,0,NA,Yes,Yes,Yes,Yes,Yes,No,No,Cable
6195-MELTI,Male,57,No,0,NA,No,Yes,No,Yes,No,No,No,DSL 
6196-HBOBZ,Male,31,Yes,0,Yes,Yes,Yes,Yes,No,Yes,No,No,Fiber
6198-PNNSZ,female,54,Yes,0,Yes,Yes,Yes,Yes,No,Yes,Yes,Yes,Optic
6198-RTPMF,female,46,Yes,0,Yes,No,No,No,No,Yes,Yes,Yes,Fiber
6198-ZFIOJ,f,50,No,0,No,No,No,No,No,No,No,No,Optic
6199-IPCAO,Female,62,Yes,2,Yes,No,No,No,No,No,No,No,None
6199-IWKGC,female,71,Yes,0,Yes,No,No,No,Yes,Yes,Yes,No,Fiber
6202-DYYFX,Female,64,No,0,No,No,No,No,No,No,No,No,Fiber
6202-JVYEU,m,28,No,0,No,No,No,No,No,No,No,No,None
6203-HBZPA,Male,57,No,0,No,Yes,Yes,Yes,Yes,Yes,Yes,Yes,DSL 
6204-IEUXJ,Female,30,No,0,No,No,No,Yes,Yes,No,No,No,Optic
6207-WIOLX,female,27,Yes,0,Yes,Yes,Yes,Yes,No,Yes,Yes,Yes,DSL
6210-KBBPI,m,67,No,0,No,No,Yes,No,No,Yes,Yes,No,Fiber
6211-WHMYA,f,77,No,0,No,No,Yes,No,Yes,Yes,No,No,DSL 
6211-WWLTF,Male,46,Yes,0,Yes,Yes,No,Yes,No,Yes,Yes,Yes,Fiber Optic
6212-ATMLK,f,42,No,0,NA,No,No,No,No,Yes,Yes,Yes,Optic
6214-EDAKZ,F,32,Yes,1,NA,No,Yes,No,Yes,No,No,No,DSL
6215-NQCPY,M,53,No,0,No,Yes,No,No,No,Yes,Yes,Yes,Optic
6217-KDYWC,male,58,No,0,No,No,No,No,No,No,No,No,None
6217-TOWGS,female,29,Yes,0,NA,No,Yes,No,No,Yes,Yes,Yes,DSL
6218-KNUBD,m,58,No,0,No,No,Yes,No,No,Yes,No,No,Cable
6221-AVQYL,M,37,No,0,No,No,No,No,No,No,No,No,Fiber Optic
6223-DHJGV,Female,56,No,0,No,No,No,No,No,No,No,No,None
6227-FBDXH,M,50,Yes,0,Yes,No,No,Yes,No,Yes,Yes,Yes,Fiber
6227-HWPWX,F,40,No,0,No,No,No,No,No,No,No,No,Fiber
6229-LSCKB,M,69,No,0,No,No,No,No,No,Yes,No,No,Fiber Optic
6229-UOLQL,Male,24,Yes,2,NA,Yes,Yes,No,Yes,Yes,No,No,Cable
6230-BSUXY,Female,71,No,0,NA,No,No,Yes,No,No,Yes,No,Fiber Optic
6231-WFGFH,m,39,Yes,2,Yes,No,No,No,No,No,No,No,None
6233-HXJMX,Female,42,No,0,No,No,No,Yes,No,No,Yes,Yes,Fiber Optic
6234-PFPXL,Male,42,Yes,0,Yes,Yes,No,No,Yes,Yes,No,No,Fiber Optic
6234-RAAPL,female,60,Yes,0,Yes,Yes,Yes,No,Yes,Yes,No,No,Optic
6235-VDHOM,f,77,No,0,No,No,Yes,No,No,No,No,No,DSL
6240-EURKS,f,27,No,0,No,No,No,No,No,No,Yes,Yes,DSL 
6242-FEGFD,M,43,Yes,0,Yes,Yes,Yes,Yes,Yes,No,No,No,Optic
6242-MBHPK,f,67,Yes,0,Yes,Yes,No,No,No,Yes,Yes,Yes,Fiber
6242-SGYTS,Male,19,Yes,3,Yes,Yes,Yes,No,No,Yes,No,Yes,Optic
6243-OZGFH,Female,47,No,0,NA,No,No,No,No,Yes,Yes,Yes,DSL
6244-BESBM,m,61,Yes,1,Yes,No,No,No,Yes,Yes,Yes,Yes,Fiber
6248-BSHKG,m,42,Yes,3,NA,No,No,No,No,No,No,No,None
6248-TKCQV,female,37,Yes,0,Yes,Yes,No,No,Yes,Yes,Yes,Yes,DSL
6250-CGGUN,M,41,No,0,No,Yes,No,Yes,Yes,No,No,No,Fiber
6252-DFGTK,f,64,Yes,0,NA,Yes,No,Yes,Yes,No,No,No,DSL 
6253-GNHWH,f,63,Yes,3,NA,Yes,Yes,Yes,Yes,No,No,No,DSL
6253-WRFHY,M,59,Yes,1,Yes,No,No,No,No,Yes,Yes,Yes,DSL
6257-DTAYD,m,27,Yes,0,Yes,No,Yes,No,Yes,Yes,Yes,Yes,Fiber Optic
6257-RJOHI,m,58,No,0,No,No,No,No,Yes,No,No,No,DSL 
6258-NGCNG,m,54,No,0,No,No,No,No,No,No,No,No,None
6258-PVZWJ,Male,38,Yes,0,Yes,Yes,Yes,Yes,Yes,Yes,Yes,Yes,DSL
6259-WJQLC,Male,77,No,0,No,No,No,Yes,No,No,No,No,Optic
6260-ONULR,m,55,No,0,No,No,No,No,No,Yes,Yes,Yes,Cable
6260-XLACS,Male,49,No,0,No,No,No,No,No,No,No,No,None
6261-LHRTG,Female,27,No,0,No,No,Yes,Yes,No,No,No,No,Cable
6261-RCVNS,Female,22,No,0,No,Yes,Yes,Yes,Yes,No,Yes,Yes,DSL 
6265-FRMTQ,male,56,No,0,NA,No,No,No,No,No,No,No,None
6265-SXWBU,M,35,Yes,2,Yes,No,Yes,Yes,No,Yes,No,No,Fiber
6266-QHOJZ,Female,47,No,0,NA,Yes,Yes,No,Yes,No,No,No,Optic
6267-DCFFZ,f,68,Yes,0,Yes,No,Yes,No,No,Yes,No,No,Fiber Optic
6270-OMFIW,Male,33,Yes,0,Yes,No,Yes,No,No,Yes,Yes,Yes,cable
6275-YDUVO,female,62,No,0,No,No,No,Yes,No,No,Yes,Yes,Optic
6278-FEPBZ,female,57,No,0,NA,No,No,No,No,No,No,No,None
6281-FKEWS,female,58,No,0,No,No,No,Yes,No,Yes,Yes,Yes,Cable
6283-GITPX,M,20,No,3,NA,Yes,Yes,Yes,Yes,Yes,No,No,DSL 
6284-AHOOQ,male,71,No,0,NA,No,No,No,Yes,Yes,No,No,Optic
6284-KMNUF,female,33,Yes,0,NA,Yes,No,No,No,Yes,Yes,Yes,Optic
6285-FTQBF,Male,53,Yes,3,Yes,No,No,No,No,No,No,No,None
6286-SUUWT,m,44,No,0,No,No,No,No,No,No,No,No,None
6286-ZHAOK,Female,47,Yes,7,Yes,No,No,No,No,No,No,No,None
6288-CHQJB,f,21,Yes,0,Yes,Yes,No,Yes,Yes,No,Yes,Yes,DSL 
6288-LBEAR,f,22,No,0,No,No,Yes,No,Yes,No,No,No,Fiber
6289-CPNLD,male,33,NA,0,Yes,No,No,Yes,Yes,Yes,Yes,Yes,DSL 
6292-TOSSS,M,64,No,0,NA,No,No,No,No,No,No,No,None
6295-OSINB,male,20,Yes,0,Yes,Yes,Yes,Yes,No,Yes,Yes,Yes,Fiber
6296-DDOOR,F,19,No,0,No,No,Yes,No,No,Yes,No,No,cable
6297-NOOPG,Female,41,Yes,0,Yes,No,Yes,Yes,Yes,Yes,Yes,Yes,Fiber
6298-QDFNH,male,48,No,0,No,No,Yes,No,No,No,No,No,Optic
6300-BWMJX,f,45,Yes,0,Yes,No,No,Yes,Yes,Yes,No,No,Optic
6302-JGYRJ,M,37,No,0,NA,No,Yes,No,Yes,Yes,Yes,Yes,DSL 
6303-KFWSL,Female,28,No,0,No,No,Yes,No,No,No,No,No,DSL 
6304-IJFSQ,M,63,No,0,No,No,Yes,No,No,No,No,No,cable
6305-YLBMM,m,50,No,0,No,No,Yes,Yes,Yes,Yes,Yes,Yes,Fiber Optic
6308-CQRBU,female,32,Yes,0,Yes,No,Yes,Yes,Yes,Yes,Yes,Yes,Optic
6311-UEUME,Female,37,No,0,No,No,No,No,No,Yes,No,No,Optic
6313-GIDIT,Male,73,No,0,NA,No,Yes,Yes,No,Yes,Yes,No,DSL
6317-YPKDH,Female,54,No,0,No,No,Yes,No,No,No,No,No,DSL
6319-IEJWJ,M,63,Yes,0,Yes,No,No,No,No,Yes,Yes,Yes,Fiber Optic
6319-QSUSR,Female,57,NA,1,No,No,No,No,No,No,No,No,None
6322-HRPFA,M,42,Yes,2,Yes,Yes,Yes,No,Yes,No,No,No,cable
6322-PJJDJ,male,58,Yes,0,NA,No,Yes,No,No,Yes,Yes,Yes,Fiber
6323-AYBRX,male,51,No,0,No,No,No,No,No,No,No,No,None
6326-MTTXK,male,56,No,0,No,No,Yes,No,No,Yes,Yes,Yes,Fiber
6328-ZPBGN,Female,67,No,0,No,No,No,No,No,Yes,Yes,Yes,Fiber
6330-JKLPC,Male,42,Yes,0,NA,No,Yes,No,No,No,No,No,Fiber
6331-EWIEB,male,49,No,0,No,No,No,No,No,Yes,No,No,Optic
6331-LWDTQ,male,49,No,0,No,No,No,No,No,Yes,Yes,Yes,DSL
6332-FBZRI,male,39,Yes,1,Yes,Yes,Yes,Yes,Yes,No,No,No,DSL 
6333-YDVLT,Male,61,No,0,No,Yes,No,Yes,Yes,Yes,Yes,Yes,Fiber Optic
6338-AVWCY,M,19,No,0,No,No,No,Yes,No,Yes,No,No,DSL
6339-DKLMK,female,27,No,0,No,No,Yes,No,No,No,No,No,DSL 
6339-RZCBJ,M,45,No,0,NA,No,Yes,Yes,Yes,Yes,Yes,Yes,DSL
6339-TBELP,M,53,No,0,No,No,No,Yes,Yes,No,No,No,Fiber Optic
6339-YPSAH,male,54,No,0,NA,No,No,Yes,No,No,No,No,Fiber Optic
6340-DACFT,F,37,Yes,3,Yes,No,No,No,No,No,No,No,None
6341-AEVKX,f,37,Yes,0,NA,Yes,No,Yes,Yes,Yes,Yes,Yes,Optic
6341-JVQGF,Female,26,Yes,0,Yes,Yes,No,Yes,Yes,Yes,Yes,Yes,DSL 
6344-SFJVH,Female,41,No,0,No,No,No,No,No,No,No,No,DSL
6345-FZOQH,Male,40,Yes,0,Yes,No,No,No,No,No,No,No,None
6345-HOVES,male,59,No,0,NA,No,No,No,No,No,No,No,Cable
6345-ULYRW,M,68,Yes,0,Yes,No,Yes,No,No,No,Yes,Yes,Cable
6347-DCUIK,m,28,No,0,No,No,No,No,No,No,No,Yes,Fiber Optic
6348-SNFUS,m,30,Yes,0,NA,Yes,Yes,Yes,Yes,No,Yes,Yes,Cable
6349-JDHQP,Female,62,No,0,No,No,No,No,No,No,No,No,None
6350-XFYGW,male,80,No,0,No,No,No,Yes,No,Yes,Yes,Yes,Fiber Optic
6351-SCJKT,male,32,No,0,No,Yes,No,Yes,Yes,No,No,No,Cable
6352-GIGGQ,m,19,No,0,No,Yes,Yes,Yes,Yes,Yes,Yes,Yes,DSL 
6352-TWCAU,female,32,No,0,NA,No,No,No,No,Yes,No,No,Fiber Optic
6353-BRMMA,Female,62,Yes,3,Yes,Yes,Yes,No,No,Yes,Yes,Yes,Fiber
6356-ELRKD,F,29,No,0,No,Yes,No,No,No,Yes,Yes,Yes,Optic
6357-JJPQT,female,48,No,0,No,No,No,No,No,Yes,No,No,Fiber Optic
6358-LYNGM,M,26,No,0,No,No,No,No,No,No,No,Yes,Optic
6360-SVNWV,f,72,No,0,No,Yes,No,No,No,No,No,No,Optic
6362-QHAFM,male,53,Yes,0,Yes,No,No,Yes,Yes,Yes,Yes,Yes,Fiber Optic
6365-HITVU,F,24,Yes,2,Yes,Yes,Yes,Yes,Yes,Yes,Yes,Yes,Cable
6365-MTGZX,m,44,No,0,No,No,No,No,Yes,Yes,Yes,Yes,Fiber Optic
6366-XIVKZ,Female,40,Yes,3,NA,Yes,No,Yes,No,No,Yes,Yes,cable
6366-ZGQGL,male,60,No,0,No,No,No,No,No,No,No,No,Cable
6368-NWMCE,f,61,No,0,NA,No,Yes,No,Yes,No,Yes,Yes,DSL
6368-TZZDT,Male,62,Yes,2,Yes,No,No,No,No,No,No,No,None
6369-MCAKO,F,50,Yes,1,Yes,Yes,Yes,Yes,Yes,Yes,Yes,Yes,DSL 
6370-ZVHDV,f,52,Yes,0,Yes,No,No,No,No,No,No,No,None
6371-NZYEG,Male,38,Yes,0,NA,Yes,No,Yes,No,Yes,No,No,DSL
6372-RFVNS,F,55,Yes,0,NA,No,No,No,No,Yes,No,No,Fiber
6374-AFWOX,m,23,Yes,0,Yes,Yes,Yes,Yes,Yes,No,No,No,Cable
6374-NTQLP,Male,67,Yes,2,Yes,Yes,No,Yes,Yes,Yes,Yes,No,Optic
6376-GAHQE,male,48,No,0,No,No,No,No,No,Yes,No,No,Fiber
6377-KSLXC,male,31,No,0,No,No,No,No,No,No,No,No,None
6377-WHAOX,female,48,Yes,0,Yes,No,Yes,Yes,No,Yes,Yes,Yes,Optic
6379-RXJRQ,male,42,Yes,0,Yes,No,No,No,No,No,No,No,Fiber
6380-ARCEH,Male,19,No,0,No,No,No,No,No,No,No,No,None
6383-ZTSIW,f,77,Yes,0,Yes,Yes,Yes,No,No,Yes,Yes,No,Optic
6384-VMJHP,Female,23,No,0,No,Yes,Yes,Yes,Yes,No,Yes,Yes,cable
6386-SZZKH,Female,38,Yes,0,Yes,No,Yes,Yes,Yes,Yes,Yes,Yes,Fiber Optic
6388-TABGU,M,48,No,0,No,Yes,Yes,No,No,No,No,No,DSL
6390-DSAZX,female,21,No,0,No,Yes,No,No,No,No,No,Yes,Fiber
6393-WRYZE,F,35,Yes,0,NA,No,No,No,No,Yes,Yes,Yes,Fiber Optic
6394-HHHZM,M,27,No,0,NA,No,No,No,No,No,No,No,None
6394-MFYNG,female,20,No,0,NA,No,Yes,Yes,No,Yes,Yes,Yes,Fiber Optic
6397-JNZZG,female,70,Yes,0,Yes,No,Yes,Yes,No,Yes,Yes,No,DSL 
6400-BWQKW,f,51,No,0,No,Yes,No,No,No,No,No,No,Fiber
6402-EJMWF,m,33,No,0,No,No,No,No,No,No,Yes,Yes,DSL
6402-SSEJG,f,31,No,0,NA,Yes,Yes,Yes,No,Yes,Yes,Yes,DSL 
6402-ZFPPI,F,75,No,0,No,Yes,Yes,No,No,Yes,Yes,No,Fiber
6407-GSJNL,female,56,No,0,No,No,No,No,No,No,No,No,None
6407-UTSLV,F,76,No,0,NA,No,Yes,No,No,Yes,No,No,Fiber Optic
6408-OTUBZ,Female,44,No,0,NA,Yes,Yes,Yes,Yes,Yes,No,No,Fiber Optic
6408-WHTEF,male,45,Yes,2,NA,Yes,Yes,Yes,Yes,Yes,Yes,Yes,DSL
6410-LEFEN,Female,38,No,0,No,No,No,No,No,No,No,No,DSL 
6413-XKKPU,Male,54,Yes,0,NA,Yes,No,Yes,No,Yes,No,No,Fiber
6416-JNVRK,female,50,No,0,NA,No,No,No,No,No,Yes,Yes,cable
6416-TVAIH,M,39,Yes,0,NA,No,No,No,No,No,No,No,Optic
6416-YJTTB,male,20,No,0,NA,Yes,No,Yes,No,No,No,No,Optic
6418-HNFED,m,33,Yes,0,NA,Yes,Yes,Yes,Yes,Yes,Yes,Yes,DSL
6418-PIQSP,F,49,Yes,0,Yes,Yes,No,Yes,Yes,Yes,Yes,Yes,cable
6419-ZTTLE,male,69,Yes,0,Yes,No,No,No,No,No,No,No,None
6421-SZVEM,f,30,Yes,1,Yes,Yes,No,No,No,No,Yes,Yes,Optic
6424-ELEYH,Female,39,Yes,0,Yes,No,No,No,No,No,No,No,Fiber
6425-JWTDV,m,43,Yes,0,Yes,No,No,No,No,No,No,No,None
6425-YQLLO,Female,68,Yes,0,NA,No,No,Yes,Yes,Yes,Yes,No,Optic
6427-FEFIG,f,63,Yes,3,Yes,Yes,No,Yes,No,Yes,Yes,Yes,DSL
6429-SHBCB,Male,54,No,0,NA,No,No,No,No,Yes,Yes,Yes,DSL
6432-TWQLB,male,51,Yes,0,NA,No,Yes,No,Yes,No,No,No,Fiber
6434-TTGJP,male,49,Yes,2,NA,Yes,Yes,Yes,Yes,No,Yes,Yes,Cable
6435-SRWBJ,f,21,No,0,No,No,No,Yes,Yes,No,No,No,Optic
6435-VWCCY,Male,71,Yes,0,Yes,Yes,Yes,No,No,Yes,No,No,Fiber
6437-UDQJM,F,72,Yes,0,NA,Yes,Yes,Yes,No,Yes,Yes,Yes,DSL
6437-UKHMV,f,31,No,0,No,No,No,No,No,Yes,No,No,Fiber Optic
6439-GTPCA,f,29,No,0,No,No,No,Yes,Yes,No,No,No,Cable
6439-LAJXL,male,47,Yes,0,Yes,Yes,Yes,No,Yes,Yes,No,No,DSL 
6439-PKTRR,Female,50,Yes,2,NA,Yes,Yes,Yes,Yes,Yes,No,No,Cable
6440-DKQGE,m,52,No,0,No,No,Yes,Yes,No,Yes,No,No,cable
6445-TNRXS,M,61,Yes,1,Yes,Yes,Yes,Yes,Yes,Yes,Yes,Yes,Fiber Optic
6447-EGDIV,F,23,No,0,No,No,No,No,No,No,No,No,None
6447-GORXK,Male,20,No,3,No,No,No,No,No,No,No,No,cable
6457-GIRWB,m,57,No,0,NA,No,No,No,No,No,No,No,Fiber
6457-USBER,M,34,No,0,No,No,No,No,No,No,Yes,Yes,Fiber Optic
6458-CYIDZ,F,72,No,0,No,Yes,Yes,No,No,No,No,No,Optic
6461-PPAXN,F,20,Yes,0,Yes,Yes,No,No,Yes,No,No,No,cable
6461-SZMCV,Female,46,Yes,0,Yes,Yes,Yes,Yes,Yes,Yes,Yes,Yes,DSL 
6463-HHXJR,Female,61,Yes,2,Yes,Yes,Yes,Yes,No,Yes,No,No,Fiber Optic
6463-MVYRY,F,67,No,0,No,Yes,No,Yes,Yes,Yes,No,No,DSL
6464-KEXXH,Male,55,No,0,No,No,No,No,No,No,No,No,Cable
6465-GSRCL,F,19,No,2,NA,No,Yes,No,Yes,Yes,Yes,Yes,Fiber
6467-CHFZW,Male,61,Yes,1,Yes,No,Yes,No,No,Yes,Yes,Yes,Fiber
6469-MRVET,m,32,Yes,0,Yes,No,No,No,No,No,No,No,None
6469-QJKZW,F,35,Yes,0,Yes,No,No,No,No,No,No,No,None
6473-ULUHT,male,22,Yes,2,Yes,Yes,Yes,No,Yes,Yes,Yes,Yes,DSL 
6474-FVJLC,male,61,No,0,No,No,No,No,No,No,Yes,Yes,Optic
6475-VHUIZ,f,47,Yes,0,Yes,No,No,Yes,Yes,No,No,No,cable
6476-EPYZR,m,57,Yes,1,Yes,No,No,No,No,No,No,No,None
6476-YHMGA,f,63,Yes,1,NA,No,Yes,Yes,Yes,Yes,Yes,Yes,DSL
6478-HRRCZ,male,47,Yes,0,NA,Yes,Yes,No,Yes,No,Yes,Yes,DSL 
6479-OAUSD,M,41,No,0,No,No,No,No,No,No,No,No,None
6479-SZPLM,Male,26,Yes,2,Yes,No,No,No,No,No,No,No,None
6479-VDGRK,female,46,NA,1,Yes,Yes,Yes,Yes,Yes,Yes,Yes,Yes,Cable
6480-YAGIY,m,57,No,0,No,Yes,Yes,Yes,Yes,Yes,Yes,Yes,Fiber Optic
6481-ESCNL,female,33,No,0,No,No,No,Yes,No,Yes,Yes,Yes,Fiber
6481-LXPWL,Male,61,Yes,1,NA,No,Yes,Yes,No,No,No,No,DSL 
6481-OGDOO,Male,31,Yes,0,Yes,Yes,Yes,No,No,No,Yes,Yes,Fiber
6483-OATDN,M,47,Yes,1,NA,Yes,No,No,No,No,No,No,DSL 
6484-LATFU,M,20,No,0,No,No,No,No,No,No,No,No,None
6485-QXWWE,female,51,No,3,NA,No,No,No,No,No,No,No,None
6486-LHTMA,f,67,Yes,0,NA,No,No,Yes,No,Yes,No,No,Fiber
6490-FGZAT,Male,33,No,0,NA,No,No,No,No,No,No,No,None
6496-JDSSB,F,24,No,0,NA,No,No,No,No,Yes,No,No,Optic
6496-SLWHQ,Male,68,No,0,NA,No,Yes,Yes,No,Yes,Yes,No,Optic
6497-TILVL,Female,20,Yes,2,Yes,Yes,No,No,No,No,No,No,DSL 
6500-JVEGC,M,56,No,0,NA,Yes,Yes,Yes,No,Yes,No,No,Fiber Optic
6502-HCJTI,Male,78,Yes,0,Yes,Yes,Yes,No,No,No,Yes,Yes,Optic
6502-KUGLL,female,29,Yes,2,Yes,Yes,Yes,No,Yes,No,No,No,DSL
6502-MJQAE,m,27,No,0,No,No,No,No,No,No,No,Yes,Fiber
6504-VBLFL,m,38,Yes,0,NA,Yes,Yes,Yes,No,No,No,No,DSL
6505-OZNPG,female,21,No,0,No,Yes,Yes,Yes,Yes,Yes,Yes,Yes,cable
6506-EYCNH,f,27,Yes,3,NA,No,No,No,No,No,No,No,None
6507-DTJZV,Male,50,No,1,No,No,No,No,No,Yes,Yes,Yes,DSL
6507-ZJSUR,M,76,Yes,0,Yes,No,No,No,No,Yes,Yes,No,Fiber
6508-NJYRO,M,36,Yes,0,Yes,No,No,No,No,No,No,No,None
6509-TSGWN,f,42,Yes,2,Yes,No,No,No,No,No,No,No,None
6510-UPNKS,F,21,No,0,No,No,No,No,No,No,No,No,None
6513-EECDB,Male,75,Yes,0,Yes,No,No,No,No,No,No,No,Fiber Optic
6516-NKQBO,m,28,Yes,0,Yes,Yes,No,Yes,Yes,Yes,Yes,Yes,cable
6518-KZXCB,m,61,No,0,No,No,No,No,No,No,No,No,None
6518-LGAOV,female,60,Yes,0,Yes,No,No,Yes,Yes,Yes,Yes,Yes,Fiber Optic
6518-PPLMZ,Male,38,Yes,3,Yes,No,No,No,No,No,No,No,None
6519-CFDBX,F,31,No,0,No,No,No,No,No,No,No,No,cable
6519-ZHPXP,f,51,Yes,2,Yes,Yes,Yes,Yes,Yes,Yes,Yes,Yes,Fiber Optic
6521-YYTYI,Male,59,No,0,No,No,No,No,No,Yes,Yes,Yes,Optic
6522-OIQSX,Female,60,Yes,3,Yes,No,Yes,Yes,No,Yes,Yes,Yes,cable
6522-YRBXD,m,68,Yes,0,Yes,Yes,Yes,No,No,No,Yes,No,Fiber
6527-PZFPV,m,19,Yes,2,Yes,No,No,No,No,No,No,No,None
6532-YLWSI,f,25,NA,0,Yes,No,No,No,No,No,No,No,None
6537-OTKMY,M,52,No,0,NA,No,No,Yes,No,Yes,Yes,Yes,DSL
6537-QLGEX,F,34,No,0,No,Yes,No,No,No,Yes,No,No,DSL
6538-POCHL,m,59,No,0,No,No,Yes,Yes,No,No,No,No,Optic
6542-LWGXJ,male,46,Yes,0,NA,No,No,No,No,No,No,No,DSL
6543-CPZMK,m,32,Yes,0,Yes,No,Yes,No,No,No,No,No,DSL
6543-JXSOO,Female,30,Yes,0,Yes,Yes,Yes,No,Yes,No,No,No,DSL
6543-XRMYR,f,73,No,0,No,No,Yes,No,No,Yes,Yes,No,Fiber
6546-OPBBH,Male,40,Yes,3,Yes,No,No,No,No,No,No,No,None
6549-BTYPG,female,19,Yes,0,NA,No,Yes,Yes,Yes,Yes,Yes,Yes,DSL 
6549-NNDYT,Female,59,No,0,No,Yes,No,No,No,No,No,No,Cable
6549-YMFAW,M,70,Yes,0,Yes,No,No,No,No,No,No,No,None
6551-GNYDG,female,33,Yes,1,Yes,No,No,No,No,No,Yes,Yes,Fiber Optic
6551-VLJMV,male,44,Yes,0,NA,No,No,No,No,No,No,No,None
6551-ZCOTS,M,73,No,0,No,No,No,No,No,No,No,No,None
6556-DBKZF,F,38,Yes,1,Yes,No,No,Yes,No,No,No,No,Fiber
6557-BZXLQ,Male,66,No,0,No,No,No,No,No,No,No,No,Fiber Optic
6559-ILWKJ,male,44,Yes,0,Yes,No,Yes,No,No,Yes,Yes,Yes,cable
6559-PDZLR,Male,26,No,0,NA,No,No,Yes,Yes,Yes,Yes,Yes,Fiber
6559-RAKOZ,male,61,Yes,1,Yes,No,No,No,Yes,Yes,Yes,Yes,Fiber Optic
6563-VNPMN,F,80,No,0,No,Yes,Yes,No,Yes,No,No,No,Fiber
6563-VRERX,m,63,Yes,0,Yes,No,No,No,No,No,No,No,None
6567-HOOPW,Female,69,No,0,No,No,No,No,No,Yes,No,No,Optic
6568-POCUI,F,51,Yes,0,NA,No,No,No,Yes,Yes,Yes,Yes,Fiber Optic
6569-KTMDU,f,28,No,0,No,No,No,No,No,No,No,No,None
6572-ADKRS,Female,19,No,0,No,No,No,Yes,No,No,No,No,Optic
6574-MCOEH,female,47,Yes,2,Yes,No,No,Yes,Yes,Yes,Yes,Yes,Cable
6575-SUVOI,Female,65,Yes,0,Yes,Yes,No,No,Yes,Yes,No,No,DSL 
6576-FBXOJ,m,29,Yes,0,Yes,No,No,Yes,Yes,Yes,Yes,Yes,DSL
6578-KRMAW,Male,22,No,0,NA,Yes,Yes,Yes,No,No,Yes,Yes,Optic
6579-JPICP,male,31,No,0,No,No,No,No,No,No,No,No,None
6581-NQCBA,female,36,Yes,0,Yes,No,No,No,Yes,Yes,Yes,Yes,DSL 
6582-OIVSP,f,25,No,0,No,No,No,No,No,No,No,No,cable
6582-PLFUU,male,40,Yes,1,NA,No,No,No,No,No,No,No,None
6583-KQJLK,f,66,Yes,0,Yes,No,Yes,No,No,Yes,Yes,Yes,Fiber
6583-QGCSI,F,79,Yes,0,NA,No,Yes,No,No,Yes,No,No,Optic
6583-SZVGP,m,59,No,0,No,No,Yes,Yes,No,Yes,Yes,Yes,Fiber Optic
6584-VQMYT,Male,19,No,2,No,Yes,Yes,No,No,No,No,No,DSL 
6585-WCEWR,M,24,Yes,1,Yes,No,No,No,No,No,No,No,None
6586-MYGKD,Male,46,Yes,0,Yes,Yes,No,No,Yes,Yes,Yes,Yes,DSL 
6586-PSJOX,M,62,No,2,No,No,No,Yes,Yes,No,No,No,DSL
6591-QGOYB,male,29,No,0,No,Yes,Yes,Yes,Yes,Yes,No,No,Optic
6595-COKXZ,female,63,No,0,NA,No,No,No,No,No,No,No,Cable
6595-YGXIT,male,71,No,0,NA,No,Yes,No,No,Yes,No,No,Fiber
6598-KELSS,M,40,No,3,No,Yes,Yes,No,No,Yes,No,No,DSL 
6598-RFFVI,male,56,No,0,No,No,No,No,No,No,No,No,None
6599-CEBNN,Female,63,No,0,No,No,Yes,No,No,No,No,No,Optic
6599-GZWCM,F,39,No,0,No,No,Yes,No,No,No,No,No,Optic
6599-RCLCJ,male,54,Yes,0,NA,No,Yes,Yes,Yes,Yes,Yes,Yes,Fiber
6599-SFQVE,female,27,No,0,No,No,No,No,No,No,Yes,Yes,Cable
6603-QWSPR,Female,20,No,0,No,No,Yes,Yes,Yes,Yes,Yes,Yes,Optic
6603-YRDCJ,Male,19,Yes,0,Yes,Yes,Yes,No,Yes,No,No,No,DSL 
6608-QQLVK,M,35,No,0,NA,No,No,Yes,No,No,No,No,DSL 
6609-MXJHJ,f,39,Yes,2,NA,No,No,No,No,No,No,No,None
6614-FHDBO,m,49,No,0,No,No,Yes,Yes,Yes,Yes,Yes,Yes,Optic
6614-VBEGU,Female,23,Yes,0,NA,No,Yes,No,No,Yes,Yes,Yes,DSL 
6614-YOLAC,Female,31,Yes,0,NA,Yes,Yes,No,Yes,Yes,Yes,Yes,cable
6614-YWYSC,Male,68,Yes,0,Yes,No,No,No,No,No,No,No,None
6615-NGGZJ,Male,56,No,0,No,No,Yes,No,No,Yes,Yes,Yes,Fiber
6615-ZGEDR,M,42,No,0,No,No,No,No,No,No,No,No,None
6616-AALSR,f,23,Yes,1,Yes,Yes,No,Yes,No,Yes,Yes,Yes,Fiber Optic
6617-WLBQC,f,51,Yes,3,Yes,Yes,No,No,No,No,No,No,Optic
6618-RYATB,Female,56,No,0,No,No,No,Yes,No,No,No,No,Optic
6619-RPLQZ,female,24,Yes,1,Yes,No,No,No,No,No,No,No,None
6620-HVDUJ,M,50,No,0,No,Yes,Yes,No,Yes,No,No,No,DSL 
6620-JDYNW,female,64,NA,0,No,Yes,No,Yes,No,No,No,No,DSL
6621-NRZAK,F,40,Yes,2,NA,No,No,No,No,No,No,No,None
6621-YOBKI,male,46,No,0,No,No,No,No,No,No,No,No,None
6624-JDRDS,F,22,No,0,NA,Yes,No,No,No,No,No,No,Cable
6625-FLENO,m,31,Yes,0,Yes,No,No,No,No,No,No,No,None
6625-IUTTT,M,29,No,0,No,Yes,No,Yes,No,No,Yes,Yes,Cable
6625-UTXEW,Female,26,Yes,0,NA,No,Yes,No,No,No,No,No,cable
6627-CFOSN,f,54,No,0,No,Yes,Yes,Yes,No,No,Yes,Yes,Fiber
6629-CZTTH,m,62,No,0,No,No,No,No,No,No,Yes,Yes,Cable
6629-LADHQ,F,42,No,0,No,Yes,No,No,No,No,No,No,DSL
6630-UJZMY,f,73,Yes,0,Yes,No,No,No,No,Yes,No,No,Fiber Optic
6631-HMANX,M,39,Yes,0,Yes,No,Yes,Yes,Yes,Yes,Yes,Yes,Cable
6633-MPWBS,M,47,No,0,No,No,No,No,Yes,No,No,No,DSL
6633-SYEUS,f,23,No,0,NA,No,Yes,Yes,Yes,No,No,No,Optic
6635-CPNUN,M,25,Yes,0,Yes,No,Yes,Yes,No,Yes,No,No,Fiber
6635-MYYYZ,F,59,No,0,No,Yes,Yes,Yes,Yes,Yes,Yes,Yes,Cable
6637-KYRCV,f,22,Yes,1,NA,No,Yes,No,No,No,No,No,DSL 
6641-XRPSU,F,61,No,0,NA,No,No,No,No,No,No,No,Fiber Optic
6645-MXQJT,Male,40,Yes,1,Yes,Yes,No,No,No,Yes,Yes,Yes,Optic
6646-JPPHA,F,76,NA,0,No,Yes,Yes,No,No,No,No,No,Fiber
6646-QVXLR,m,77,Yes,0,Yes,No,Yes,Yes,No,Yes,Yes,Yes,Optic
6646-VRFOL,Male,74,Yes,0,Yes,No,Yes,Yes,No,Yes,Yes,No,Fiber Optic
6647-ZEDXT,f,19,No,0,No,No,Yes,Yes,Yes,Yes,Yes,Yes,Fiber
6648-INWPS,male,30,Yes,3,Yes,No,No,No,No,No,No,No,None
6650-BWFRT,F,43,Yes,0,Yes,Yes,Yes,Yes,Yes,Yes,Yes,Yes,Optic
6650-VJONK,M,54,No,0,NA,No,No,No,No,No,No,No,cable
6651-AZVTJ,Male,27,Yes,0,Yes,No,No,Yes,No,Yes,Yes,Yes,Fiber
6651-RLGGM,Male,54,Yes,2,Yes,No,No,No,No,No,No,No,None
6652-YFFJO,female,42,No,0,NA,No,No,No,No,Yes,Yes,Yes,Cable
6653-CBBOM,F,57,No,0,No,No,No,No,No,No,No,No,Optic
6654-QGBZZ,female,21,No,0,No,No,No,No,No,No,No,No,None
6655-LHBYW,m,46,No,0,No,Yes,Yes,Yes,Yes,Yes,Yes,Yes,Fiber Optic
6656-GULJQ,Male,25,Yes,2,Yes,Yes,No,Yes,Yes,Yes,Yes,Yes,DSL 
6656-JWRQX,female,60,No,0,No,No,No,No,Yes,No,No,No,DSL 
6661-EIPZC,Female,38,Yes,1,Yes,No,No,No,Yes,No,No,No,DSL
6661-HBGWL,F,69,No,0,NA,No,Yes,Yes,No,Yes,Yes,No,Optic
6663-JOCQO,M,55,Yes,0,Yes,Yes,Yes,No,Yes,No,Yes,Yes,DSL 
6664-FPDAC,F,77,No,0,No,No,Yes,Yes,Yes,Yes,Yes,No,Optic
6668-CNMFP,F,24,Yes,3,Yes,No,No,No,Yes,No,Yes,Yes,Fiber
6670-MFRPK,Male,53,Yes,1,Yes,No,No,Yes,No,No,No,No,Optic
6671-NGWON,F,43,No,0,No,No,No,No,No,No,No,No,None
6674-KVJHG,F,50,NA,0,No,No,No,No,No,No,No,No,None
6680-NENYN,F,24,No,0,No,No,Yes,Yes,No,Yes,Yes,Yes,Optic
6680-WKXRZ,female,32,No,0,No,No,No,No,No,No,No,No,Fiber
6681-ZSEXG,M,34,Yes,0,Yes,No,Yes,Yes,No,No,No,No,DSL
6682-QJDGB,m,20,No,1,NA,Yes,Yes,No,No,No,No,No,DSL
6682-VCIXC,f,61,Yes,0,Yes,Yes,Yes,No,Yes,Yes,No,No,cable
6683-VLCTZ,male,73,No,0,No,No,No,Yes,No,Yes,Yes,No,Fiber Optic
6685-GBWJZ,M,59,Yes,0,Yes,Yes,Yes,No,Yes,Yes,No,No,Cable
6685-XSHHU,male,45,Yes,2,Yes,No,No,No,No,No,No,No,None
6686-YPGHK,m,65,No,0,NA,Yes,No,No,No,No,Yes,Yes,Optic
6688-UZPWD,female,36,Yes,0,Yes,No,Yes,No,No,Yes,Yes,Yes,Optic
6689-KXGBO,female,36,No,0,No,No,Yes,No,No,No,No,No,DSL 
6689-TCZHQ,female,70,No,0,No,No,No,No,No,No,Yes,No,Fiber
6689-VRRTK,F,71,No,0,No,Yes,Yes,Yes,No,Yes,Yes,No,Optic
6691-CCIHA,Female,46,Yes,0,NA,Yes,Yes,No,Yes,Yes,Yes,Yes,Cable
6692-UDPJC,Female,61,Yes,1,Yes,No,No,No,Yes,Yes,No,No,Optic
6692-YQHXC,m,43,No,0,No,No,No,No,No,No,No,No,Optic
6693-DJWTY,f,46,No,3,No,Yes,Yes,No,No,No,No,No,DSL 
6693-FRIRW,m,61,No,0,No,No,Yes,Yes,No,Yes,Yes,Yes,Fiber
6695-AMZUF,female,31,Yes,0,Yes,Yes,Yes,Yes,Yes,Yes,Yes,Yes,DSL 
6695-FRVEC,Male,60,Yes,0,Yes,Yes,No,Yes,Yes,No,No,No,Cable
6696-YDAYZ,M,30,Yes,2,Yes,No,No,No,No,No,No,No,None
6698-OXETB,M,60,No,0,No,No,No,No,No,No,No,No,None
6701-DHKWQ,Female,38,Yes,0,Yes,No,Yes,Yes,Yes,Yes,No,No,DSL 
6701-YVNQG,M,63,Yes,0,NA,Yes,Yes,Yes,Yes,Yes,Yes,Yes,DSL 
6702-OHFWR,m,75,No,0,No,No,Yes,Yes,No,No,Yes,No,DSL 
6704-UTUKK,M,43,Yes,0,Yes,No,No,No,No,Yes,Yes,Yes,DSL
6705-LNMDD,m,38,No,0,No,No,No,No,Yes,No,No,No,DSL 
6705-LXORM,female,79,Yes,0,Yes,No,No,No,No,No,No,No,Fiber Optic
6710-HSJRD,m,48,Yes,0,Yes,No,Yes,Yes,Yes,Yes,Yes,Yes,Fiber Optic
6711-FLDFB,Female,62,No,0,No,No,No,No,No,No,No,No,Optic
6711-VTNRE,female,42,No,0,No,No,No,Yes,Yes,No,Yes,Yes,Optic
6712-OAWRH,female,79,No,0,No,No,No,No,No,Yes,Yes,No,Fiber Optic
6713-OKOMC,Female,42,No,0,No,Yes,No,No,No,No,No,No,DSL 
6715-OFDBP,M,52,No,0,No,No,No,Yes,No,Yes,Yes,Yes,DSL 
6718-BDGHG,Female,64,Yes,0,Yes,No,No,No,Yes,Yes,No,No,DSL
6719-FGEDO,Female,27,Yes,0,NA,Yes,Yes,Yes,Yes,No,No,No,Fiber Optic
6719-OXYBR,Male,41,No,0,No,No,No,Yes,No,Yes,No,No,Fiber
6723-CEGQI,Female,33,No,2,No,No,Yes,No,Yes,Yes,No,No,DSL
6723-WSNTY,f,73,Yes,0,Yes,No,Yes,Yes,Yes,Yes,Yes,Yes,Fiber
6725-TPKJO,Male,28,No,0,No,No,No,No,No,No,No,No,None
6726-NNFWD,f,74,Yes,0,Yes,No,Yes,Yes,No,No,Yes,No,Fiber Optic
6726-WEXXK,M,72,Yes,0,Yes,Yes,No,Yes,No,No,No,No,Fiber
6727-IOTLZ,male,48,Yes,0,Yes,No,Yes,Yes,Yes,Yes,Yes,Yes,cable
6728-CZFEI,f,28,No,0,No,No,No,No,No,Yes,No,No,DSL 
6728-DKUCO,f,25,Yes,0,Yes,Yes,Yes,No,No,Yes,Yes,Yes,Optic
6728-VOIFY,female,20,Yes,0,Yes,No,Yes,No,No,Yes,Yes,Yes,Optic
6728-WYQBC,Male,52,No,0,No,No,No,No,No,No,No,No,None
6729-FZWSY,male,45,No,0,No,No,No,No,No,No,No,No,None
6729-GDNGC,Female,71,No,0,No,No,No,No,No,Yes,No,No,Fiber Optic
6732-FZUGP,F,30,No,0,No,Yes,No,Yes,No,Yes,No,No,Fiber
6732-VAILE,M,33,Yes,0,Yes,No,Yes,Yes,Yes,Yes,Yes,Yes,Cable
6733-LRIZX,m,42,No,0,No,Yes,No,Yes,Yes,Yes,Yes,Yes,Fiber
6734-CKRSM,f,38,No,0,No,No,No,No,No,No,No,No,None
6734-FQAJX,male,65,No,0,No,Yes,Yes,No,Yes,Yes,Yes,Yes,Fiber
6734-GMPVK,Male,34,No,0,NA,No,Yes,Yes,No,Yes,Yes,Yes,Fiber Optic
6734-JDTTV,Male,55,Yes,1,Yes,No,No,No,No,No,No,No,None
6734-PSBAW,Male,46,Yes,0,Yes,No,No,No,No,No,No,No,None
6736-DHUQI,Female,64,Yes,3,NA,Yes,Yes,Yes,No,No,No,No,Fiber
6738-ISCBM,Male,55,No,0,No,Yes,No,Yes,No,Yes,Yes,Yes,cable
6741-EGCBI,male,69,No,0,NA,Yes,No,No,No,No,Yes,No,Fiber
6741-QRLUP,F,50,No,0,NA,Yes,Yes,Yes,Yes,No,Yes,Yes,DSL
6743-HHQPF,Male,26,Yes,0,Yes,No,No,No,No,No,No,Yes,DSL
6745-JEFZB,Male,64,Yes,0,Yes,No,No,No,Yes,Yes,No,No,Fiber Optic
6746-WAUWT,Male,62,No,0,No,No,No,No,No,No,No,No,None
6749-UTDVX,m,64,No,0,No,No,Yes,Yes,No,Yes,Yes,Yes,Optic
6752-APNJL,male,30,Yes,1,Yes,Yes,Yes,No,No,No,No,No,DSL 
6754-LZUKA,m,29,Yes,0,Yes,No,Yes,Yes,No,Yes,Yes,Yes,DSL
6754-WKSHP,male,61,No,2,No,No,No,No,No,No,No,No,None
6762-NSODU,F,46,Yes,3,Yes,No,No,No,No,No,No,No,None
6762-QVYJO,Female,25,Yes,3,Yes,Yes,No,Yes,Yes,Yes,Yes,Yes,DSL
6765-MBQNU,F,56,Yes,0,Yes,No,No,No,No,No,No,No,None
6766-HFKLA,f,60,Yes,0,Yes,No,No,Yes,Yes,Yes,Yes,Yes,Fiber
6769-DCQLI,M,21,No,0,No,No,Yes,Yes,Yes,Yes,Yes,Yes,Fiber Optic
6769-DYBQN,m,77,No,0,No,Yes,No,No,No,No,Yes,Yes,Optic
6770-UAYGJ,Female,23,Yes,2,Yes,No,No,No,No,No,No,No,None
6770-XUAGN,f,30,Yes,0,Yes,No,No,No,No,No,No,No,None
6771-XWBDM,female,47,Yes,0,Yes,No,Yes,Yes,No,Yes,Yes,Yes,Fiber Optic
6772-KSATR,Male,31,No,0,No,Yes,No,No,No,No,No,No,Optic
6772-WFQRD,m,58,No,3,No,No,No,No,No,No,No,No,None
6773-LQTVT,female,67,Yes,1,Yes,No,Yes,Yes,No,No,No,No,DSL
6776-TLWOI,Male,29,No,0,No,No,No,No,No,No,No,No,None
6777-TGHTM,female,44,No,0,No,Yes,No,Yes,No,Yes,Yes,Yes,Optic
6778-EICRF,M,57,Yes,1,Yes,Yes,No,No,No,Yes,Yes,Yes,cable
6778-JFCMK,Male,28,No,0,No,Yes,No,No,No,Yes,Yes,Yes,DSL
6778-YSNIH,Female,63,No,0,No,No,Yes,No,No,Yes,No,No,Cable
6784-XYJAE,f,38,No,0,No,No,No,Yes,No,No,No,No,DSL
6786-OBWQR,f,20,Yes,2,Yes,No,No,No,No,Yes,No,No,Optic
6789-HJBWG,F,20,No,0,No,No,Yes,No,No,No,No,No,DSL
6791-YBNAK,M,26,Yes,2,Yes,No,No,No,No,No,No,No,DSL
6794-HKIAJ,M,44,No,0,No,Yes,Yes,Yes,No,No,No,No,Fiber Optic
6797-LNAQX,M,34,Yes,0,Yes,No,Yes,No,No,Yes,Yes,Yes,Optic
6797-UCJHZ,F,74,Yes,0,NA,No,Yes,Yes,No,Yes,Yes,No,Fiber
6804-GDMOI,f,39,No,0,No,No,No,Yes,Yes,Yes,Yes,Yes,Fiber
6806-YDEUL,f,67,No,0,No,No,No,No,No,No,No,No,None
6807-SIWJI,M,47,No,0,No,Yes,Yes,No,No,Yes,Yes,Yes,Fiber Optic
6810-VCAEX,f,57,No,0,No,Yes,Yes,No,Yes,No,No,No,DSL
6813-GZQCG,F,21,Yes,1,NA,No,No,No,No,No,No,No,None
6814-ZPWFQ,Male,67,No,0,No,No,No,No,No,No,No,No,None
6815-ABQFQ,Male,53,Yes,0,Yes,No,Yes,No,Yes,Yes,Yes,Yes,Fiber Optic
6817-WTYHE,Male,56,No,0,No,No,No,No,No,No,No,No,DSL 
6818-DJXAA,f,43,No,3,No,No,No,Yes,Yes,Yes,No,No,Fiber
6818-WOBHJ,Female,70,Yes,0,Yes,No,Yes,No,No,No,Yes,No,Optic
6821-BUXUX,female,28,No,0,No,Yes,Yes,No,No,Yes,No,No,Optic
6821-JPCDC,Female,29,Yes,0,Yes,No,Yes,Yes,No,Yes,Yes,Yes,Fiber
6823-SIDFQ,M,58,No,0,No,No,No,No,No,No,No,No,None
6825-UYPFK,f,47,No,0,No,No,No,No,No,No,No,No,Fiber Optic
6827-IEAUQ,F,46,Yes,0,NA,Yes,Yes,Yes,Yes,No,No,No,DSL
6828-HMKWP,M,24,Yes,1,Yes,No,No,No,No,No,No,No,None
6833-JMZYP,Female,54,No,0,NA,No,No,Yes,No,Yes,Yes,Yes,Fiber
6834-NXDCA,female,30,No,0,No,No,No,No,No,No,No,No,DSL 
6837-BJYDQ,m,42,No,0,No,No,No,No,No,No,No,No,None
6837-HAEVO,m,47,Yes,2,Yes,No,Yes,Yes,No,Yes,Yes,Yes,Fiber Optic
6838-HVLXG,f,26,No,0,No,No,No,No,No,No,No,No,None
6838-YAUVY,f,26,No,0,NA,No,No,Yes,Yes,No,Yes,Yes,Fiber
6839-ITVZJ,female,35,Yes,0,NA,No,Yes,No,Yes,No,No,No,DSL
6840-RESVB,Male,38,Yes,2,NA,Yes,No,Yes,Yes,Yes,Yes,Yes,Cable
6844-DZKRF,M,61,No,0,NA,No,No,No,Yes,No,No,No,Cable
6845-RGTYS,f,29,Yes,0,NA,Yes,Yes,Yes,No,Yes,No,Yes,Fiber
6847-KJLTS,female,72,Yes,0,Yes,No,No,No,Yes,Yes,Yes,Yes,Fiber Optic
6848-HJTXY,f,41,Yes,0,Yes,No,No,No,No,No,No,No,None
6848-YLDFR,male,54,Yes,2,Yes,No,Yes,No,Yes,Yes,Yes,Yes,DSL 
6849-OYAMU,Male,56,Yes,0,NA,No,Yes,No,Yes,Yes,Yes,Yes,Fiber Optic
6849-WLEYG,male,43,No,3,No,No,No,No,No,No,No,No,None
6851-WEFYX,m,73,Yes,0,Yes,No,No,Yes,No,Yes,Yes,No,Optic
6854-EXGSF,Female,37,No,0,No,Yes,Yes,Yes,No,No,No,No,DSL 
6855-VLGOS,M,51,Yes,1,Yes,No,No,No,No,No,No,No,None
6856-RAURS,f,50,No,0,No,No,No,No,No,No,No,No,Fiber Optic
6857-TKDJV,M,60,Yes,2,Yes,No,No,No,No,No,No,No,None
6857-VWJDT,Female,45,No,0,No,No,No,No,No,Yes,Yes,Yes,Fiber Optic
6859-QNXIQ,F,43,Yes,5,NA,Yes,Yes,Yes,Yes,Yes,Yes,Yes,Fiber
6859-RKMZJ,m,38,Yes,0,Yes,No,No,No,No,Yes,No,No,DSL 
6860-YRJZP,m,66,No,0,NA,No,No,No,No,No,No,No,Fiber
6861-OKBCE,Female,62,No,3,NA,No,No,No,No,No,No,No,None
6861-XWTWQ,M,71,Yes,0,Yes,No,No,Yes,No,Yes,Yes,Yes,Fiber
6862-CQUMB,male,28,No,0,No,No,Yes,No,No,Yes,Yes,Yes,Optic
6865-JZNKO,f,25,No,0,No,Yes,Yes,No,No,No,No,No,Cable
6867-ACCZI,female,34,Yes,3,Yes,Yes,Yes,Yes,Yes,No,Yes,Yes,DSL
6869-FGJJC,M,50,No,0,No,No,Yes,Yes,No,No,No,No,Fiber Optic
6870-ECSHE,f,23,No,0,No,No,No,No,No,No,No,No,None
6870-ZWMNX,M,55,Yes,0,Yes,No,Yes,Yes,Yes,Yes,No,No,DSL
6872-HXFNF,Female,27,Yes,0,Yes,No,No,Yes,Yes,No,No,No,DSL 
6873-UDNLD,m,28,No,0,No,Yes,No,Yes,No,No,Yes,Yes,DSL 
6874-SGLHU,M,44,No,0,No,No,Yes,No,No,Yes,Yes,Yes,Fiber
6876-ADESB,M,22,No,2,No,No,No,Yes,No,No,No,Yes,Cable
6877-LGWXO,M,66,Yes,0,Yes,No,No,No,No,No,Yes,No,Fiber Optic
6877-TJMBR,Male,21,Yes,0,Yes,No,No,No,Yes,Yes,No,No,Optic
6878-GGDWG,female,57,Yes,0,Yes,No,No,No,No,No,No,No,None
6885-PKOAM,F,59,Yes,0,Yes,Yes,Yes,Yes,Yes,Yes,Yes,Yes,cable
6888-SBYAI,M,56,No,0,NA,Yes,No,No,No,No,No,No,Cable
6890-PFRQX,male,56,No,0,No,Yes,No,Yes,No,Yes,No,No,DSL 
6891-JPYFF,F,57,Yes,3,Yes,Yes,Yes,No,No,Yes,Yes,Yes,Fiber Optic
6892-BOGQE,female,44,Yes,0,Yes,No,No,No,No,No,No,No,None
6892-EZDTG,F,55,Yes,0,Yes,No,Yes,No,No,Yes,No,No,Fiber
6892-XPFPU,Male,70,Yes,0,NA,No,Yes,Yes,No,Yes,Yes,Yes,Fiber Optic
6893-ODYYE,m,34,No,0,No,Yes,Yes,Yes,Yes,No,No,No,Fiber Optic
6894-LFHLY,male,79,No,0,No,No,No,No,No,No,No,No,Optic
6896-SRVYQ,m,69,No,0,No,No,No,Yes,No,No,No,No,Fiber Optic
6897-RWMUB,M,23,Yes,2,Yes,Yes,Yes,Yes,Yes,No,No,No,DSL 
6897-UUBNU,Male,39,No,0,No,No,Yes,No,Yes,Yes,No,No,Optic
6898-MDLZW,M,53,No,0,NA,No,Yes,No,Yes,No,No,No,DSL 
6898-RBTLU,Female,47,Yes,1,Yes,No,Yes,No,Yes,Yes,Yes,Yes,DSL 
6899-PPEEA,Female,66,No,0,No,No,No,No,No,Yes,Yes,No,Optic
6900-PXRMS,Male,72,Yes,0,Yes,No,Yes,Yes,No,Yes,Yes,Yes,Fiber Optic
6900-RBKER,male,32,No,0,NA,No,No,Yes,No,No,Yes,Yes,Fiber Optic
6901-GOGZG,m,28,No,1,No,Yes,No,Yes,Yes,Yes,Yes,Yes,DSL
6904-JLBGY,f,78,No,0,NA,Yes,Yes,Yes,Yes,Yes,Yes,Yes,Optic
6905-NIQIN,m,26,No,0,No,No,Yes,No,No,No,No,Yes,DSL 
6906-ANDWJ,Male,39,Yes,0,Yes,No,No,No,No,No,No,No,Optic
6906-MPARY,M,30,No,0,No,No,Yes,No,Yes,No,Yes,Yes,Optic
6907-CQGPN,M,40,No,0,No,No,Yes,No,Yes,No,No,No,DSL 
6907-FLBER,m,62,No,0,No,No,Yes,No,No,No,No,No,DSL
6907-NZZIJ,female,54,No,0,No,No,Yes,No,No,Yes,Yes,Yes,Optic
6908-VVYHM,m,52,Yes,0,Yes,No,Yes,No,No,No,Yes,Yes,Fiber
6910-HADCM,Female,63,No,0,No,No,No,Yes,No,No,No,No,cable
6916-HIJSE,f,57,No,0,No,Yes,Yes,Yes,Yes,Yes,Yes,Yes,Cable
6917-FIJHC,Female,60,Yes,0,NA,No,No,No,No,No,No,No,None
6917-IAYHD,Male,44,No,1,No,No,Yes,No,Yes,No,No,No,Cable
6917-YACBP,F,80,No,0,No,Yes,Yes,Yes,No,No,No,No,Fiber
6918-UMQCG,F,25,No,0,No,No,No,No,No,Yes,No,No,Fiber
6919-ELBGL,M,75,Yes,0,Yes,Yes,Yes,Yes,Yes,Yes,Yes,No,Fiber Optic
6921-OZMFH,m,38,Yes,1,Yes,No,No,No,Yes,No,No,No,cable
6922-NCEDI,male,38,No,0,No,No,No,No,No,No,No,No,None
6923-AQONU,m,32,Yes,1,Yes,No,No,No,No,No,No,No,None
6923-EFPNL,m,39,No,0,No,No,No,No,No,No,No,No,DSL 
6923-JHPMP,Female,35,No,0,No,Yes,No,Yes,No,No,No,No,Fiber Optic
6924-TDGMT,Male,34,Yes,0,Yes,No,No,No,No,No,No,No,None
6925-BAYGL,Female,79,Yes,0,Yes,No,No,No,No,No,No,No,None
6927-WTFIV,Male,78,No,0,No,No,No,No,No,No,No,No,Fiber Optic
6928-ONTRW,female,53,Yes,1,Yes,No,No,No,No,No,No,No,None
6933-FHBZC,Female,30,No,0,No,No,Yes,Yes,No,No,No,No,cable
6933-VLYFX,M,64,Yes,2,Yes,Yes,No,Yes,Yes,Yes,Yes,Yes,cable
6937-GCDGQ,male,59,Yes,1,Yes,Yes,No,No,No,No,No,No,cable
6941-KXRRV,female,65,Yes,0,Yes,No,Yes,No,No,No,Yes,Yes,DSL
6941-PMGEP,f,26,No,0,No,No,No,No,No,No,Yes,Yes,Optic
6942-LBFDP,F,30,No,0,No,No,No,No,No,No,No,No,None
6946-LMSQS,male,80,Yes,0,Yes,Yes,No,No,No,No,Yes,No,Optic
6950-TWMYB,Male,31,Yes,8,Yes,No,Yes,No,Yes,No,No,No,Fiber
6952-OMNWB,Male,75,Yes,0,Yes,No,No,Yes,No,No,No,No,Fiber Optic
6953-PBDIN,male,50,Yes,0,Yes,No,Yes,Yes,Yes,Yes,No,No,DSL 
6954-OOYZZ,Male,41,Yes,0,Yes,No,No,No,No,No,No,No,DSL 
6956-SMUCM,f,29,No,0,No,Yes,No,Yes,No,Yes,Yes,Yes,Fiber
6959-GQEGV,male,61,No,0,No,Yes,No,Yes,No,Yes,Yes,Yes,DSL
6959-UWKHF,Male,47,No,0,No,No,No,No,No,No,No,No,Cable
6960-HVYXR,Female,20,No,0,NA,No,No,No,No,No,No,No,Fiber Optic
6961-MJKBO,Male,27,No,0,No,No,No,No,No,No,No,No,None
6961-VCPMC,male,71,Yes,0,Yes,No,No,No,No,No,Yes,No,Fiber
6963-EZQEE,Male,69,Yes,0,Yes,Yes,Yes,Yes,Yes,Yes,Yes,No,DSL 
6963-KQYQB,female,24,Yes,2,Yes,No,No,No,No,No,No,No,None
6967-PEJLL,M,23,Yes,2,Yes,Yes,No,Yes,Yes,No,No,No,Cable
6967-QIQRV,Male,23,Yes,1,NA,Yes,No,No,Yes,Yes,Yes,Yes,Fiber Optic
6968-GMKPR,F,39,No,0,No,No,Yes,Yes,No,No,No,No,Optic
6968-MHOMU,m,53,Yes,0,NA,No,No,No,No,Yes,Yes,Yes,cable
6968-URWQU,m,50,Yes,0,Yes,No,No,No,No,Yes,No,No,DSL
6969-MVBAI,F,66,No,0,No,No,No,Yes,No,Yes,No,No,Fiber
6972-SNKKW,Female,60,No,0,No,No,No,No,No,No,No,No,None
6974-DAFLI,f,54,Yes,0,NA,No,No,No,No,No,No,No,None
6976-BWGLQ,F,64,Yes,3,NA,No,No,No,No,No,No,No,None
6979-TNDEU,F,42,No,0,No,No,No,No,No,No,No,No,None
6979-ZNSFF,female,48,No,0,No,No,No,No,No,Yes,No,No,Optic
6980-CDGFC,female,57,Yes,0,NA,No,No,No,No,No,No,No,None
6980-IMXXE,Female,28,Yes,2,Yes,No,No,No,No,No,No,No,None
6981-TDRFT,male,25,Yes,1,Yes,No,No,Yes,Yes,Yes,Yes,Yes,DSL
6982-SSHFK,Male,45,No,0,No,No,No,No,No,No,No,No,DSL 
6982-UQZLY,female,80,Yes,0,Yes,No,No,No,No,No,No,No,None
6985-HAYWX,female,50,Yes,0,Yes,No,Yes,No,No,No,No,No,Fiber
6986-IJDHX,male,29,Yes,0,NA,No,Yes,No,No,Yes,No,No,Fiber Optic
6986-IXNDM,m,47,No,0,No,No,No,No,No,Yes,Yes,Yes,Fiber Optic
6987-XQSJT,F,68,No,0,NA,No,Yes,No,No,No,No,No,Optic
6988-CJEYV,male,56,No,0,No,No,Yes,No,No,Yes,Yes,Yes,Fiber
6990-YNRIO,m,53,Yes,0,Yes,Yes,No,Yes,Yes,Yes,Yes,Yes,Optic
6992-TKNYO,male,34,Yes,0,Yes,No,No,Yes,Yes,No,Yes,Yes,DSL
6993-OHLXR,Female,26,No,0,No,No,No,No,No,No,No,Yes,Fiber Optic
6993-YCOBK,male,48,Yes,3,Yes,Yes,No,Yes,Yes,Yes,Yes,Yes,Optic
6993-YGFJV,m,29,Yes,0,Yes,Yes,Yes,Yes,Yes,Yes,Yes,Yes,Optic
6994-FGRHH,M,37,Yes,3,NA,No,Yes,Yes,Yes,Yes,Yes,Yes,Fiber
6994-KERXL,M,51,No,0,No,No,No,No,No,No,Yes,Yes,DSL
6994-ORCWG,f,33,No,0,No,No,Yes,No,No,No,No,No,DSL 
6996-KNSML,female,26,No,0,No,No,No,Yes,No,No,No,No,Fiber Optic
6997-UVGOX,M,35,Yes,3,NA,Yes,Yes,Yes,Yes,Yes,Yes,Yes,DSL
6999-CHVCF,Male,40,No,0,No,Yes,Yes,Yes,No,No,Yes,Yes,Optic
7000-WCEVQ,Female,67,No,0,No,No,No,No,No,No,Yes,No,DSL
7005-CCBKV,male,53,No,0,No,No,Yes,No,No,No,Yes,Yes,Fiber
7005-CYUIL,F,78,Yes,0,Yes,Yes,Yes,Yes,Yes,Yes,No,No,Optic
7008-LZVOZ,Male,59,Yes,3,Yes,No,No,No,No,No,No,No,None
7009-LGECI,Female,24,No,0,No,Yes,No,No,No,No,No,No,DSL
7009-PCARS,Male,53,No,2,No,No,No,No,No,No,No,No,None
7010-BRBUU,m,48,Yes,1,Yes,No,No,No,No,No,No,No,None
7010-ZMVBF,f,39,Yes,2,NA,No,No,No,No,No,No,No,None
7011-CVEUC,male,51,Yes,0,NA,No,No,No,Yes,Yes,Yes,Yes,Optic
7013-PSXHK,female,41,No,0,No,No,No,Yes,Yes,Yes,Yes,Yes,DSL 
7014-ZZXAW,f,30,Yes,0,NA,No,No,No,No,No,No,No,None
7016-BPGEU,f,53,No,0,No,No,No,No,No,No,No,No,Cable
7016-NVRIC,male,73,Yes,0,Yes,Yes,No,Yes,No,No,Yes,Yes,Fiber Optic
7017-VFHAY,female,42,Yes,1,NA,Yes,Yes,Yes,Yes,Yes,Yes,Yes,Fiber
7017-VFULY,Female,38,Yes,0,Yes,No,No,No,No,No,No,No,None
7018-FPXHH,male,45,Yes,2,Yes,Yes,Yes,Yes,No,No,No,No,DSL
7018-WBJNK,M,55,No,3,No,No,No,No,No,Yes,No,No,Fiber
7020-OZKXZ,F,65,No,0,NA,No,No,Yes,No,No,No,No,Optic
7021-XSNYE,male,46,Yes,2,NA,Yes,No,Yes,Yes,No,Yes,Yes,DSL
7024-OHCCK,f,77,No,0,No,No,No,No,No,Yes,Yes,No,Optic
7025-IWFHT,M,62,No,0,NA,No,Yes,No,Yes,Yes,No,No,Fiber Optic
7025-WCBNE,male,74,No,0,No,No,Yes,No,Yes,No,No,No,DSL 
7026-YMSBE,Male,62,No,0,No,No,No,No,No,No,No,No,None
7028-DVOIQ,m,71,No,0,No,No,No,Yes,No,Yes,Yes,No,Fiber
7029-IJEJK,f,52,No,0,No,Yes,No,No,Yes,No,Yes,Yes,DSL
7029-RPUAV,m,74,Yes,0,NA,No,No,Yes,No,Yes,Yes,No,Cable
7030-FZTFM,M,31,Yes,1,Yes,No,Yes,Yes,Yes,Yes,Yes,Yes,Optic
7030-NJVDP,Male,36,Yes,0,NA,Yes,No,No,Yes,No,Yes,Yes,Fiber Optic
7032-LMBHI,F,42,No,0,No,Yes,No,No,No,Yes,No,No,Cable
7033-CLAMM,Female,60,Yes,2,Yes,No,No,No,No,No,No,No,None
7036-TYDEC,Female,44,No,0,NA,No,No,Yes,Yes,Yes,Yes,Yes,Optic
7036-ZZKBD,Male,56,Yes,0,Yes,No,No,Yes,Yes,No,Yes,Yes,cable
7037-MTYVW,M,26,Yes,2,Yes,Yes,No,Yes,Yes,Yes,Yes,Yes,DSL
7041-TXQJH,Female,64,No,0,No,No,No,Yes,No,No,Yes,Yes,Cable
7044-YAACC,M,70,Yes,0,Yes,No,No,No,No,No,No,No,Optic
7047-FWEYA,F,41,Yes,0,NA,No,Yes,No,Yes,Yes,Yes,Yes,Optic
7047-YXDMZ,m,59,No,0,No,No,No,No,No,No,No,No,None
7048-GXDAY,Male,55,No,0,No,Yes,Yes,No,No,Yes,Yes,Yes,Optic
7049-GKVZY,Female,45,No,0,NA,Yes,Yes,No,Yes,Yes,Yes,Yes,cable
7054-DMVAS,M,47,No,0,No,Yes,Yes,No,No,Yes,No,No,DSL 
7054-ENNGU,female,19,Yes,0,Yes,No,Yes,No,No,No,No,No,cable
7054-LGEQW,F,23,No,0,No,No,No,No,No,No,No,Yes,DSL
7055-HNEOJ,male,34,Yes,0,NA,No,No,Yes,Yes,No,No,No,Cable
7055-JCGNI,f,60,No,0,No,Yes,Yes,Yes,Yes,Yes,Yes,Yes,Optic
7055-VKGDA,M,31,No,0,No,Yes,Yes,No,Yes,Yes,Yes,Yes,Fiber Optic
7056-IMHCC,Male,69,Yes,0,Yes,No,Yes,No,No,Yes,Yes,No,Fiber
7061-OVMIM,Female,57,Yes,0,Yes,No,No,No,No,No,No,No,None
7064-FRRSW,m,71,No,0,NA,No,Yes,No,No,Yes,Yes,No,Optic
7064-JHXCE,M,64,Yes,1,Yes,No,No,No,No,No,No,No,None
7065-YUNRY,F,28,No,0,No,No,No,No,No,No,No,Yes,cable
7067-KSAZT,F,66,Yes,0,Yes,No,Yes,Yes,No,Yes,Yes,No,Fiber Optic
7072-MBHEV,f,77,Yes,2,Yes,No,No,Yes,No,No,No,No,Fiber Optic
7073-QETQY,male,59,Yes,0,Yes,No,No,No,No,No,No,No,None
7074-IEVOJ,f,75,No,0,No,No,Yes,No,No,No,No,No,Fiber
7074-STDCN,M,25,No,0,No,No,No,No,Yes,No,Yes,Yes,Cable
7075-BNDVQ,f,46,No,0,No,Yes,No,Yes,No,No,No,No,DSL 
7077-XJMET,m,63,Yes,0,Yes,No,No,Yes,Yes,Yes,Yes,Yes,DSL 
7078-NVFAM,f,57,Yes,1,Yes,Yes,Yes,No,No,No,No,No,cable
7079-QRCBC,F,35,No,0,No,No,No,Yes,No,Yes,Yes,Yes,Optic
7080-TNUWP,male,48,Yes,0,NA,No,Yes,Yes,No,Yes,No,No,Fiber Optic
7083-MIOPC,F,62,No,0,No,No,No,No,No,No,No,No,None
7083-YNSKY,female,22,No,0,No,No,No,No,No,No,No,No,None
7088-FBAWU,F,22,Yes,2,Yes,Yes,Yes,No,No,Yes,Yes,Yes,DSL
7089-IVVAZ,Female,26,No,0,NA,Yes,No,No,Yes,Yes,Yes,Yes,Optic
7089-RKVSZ,male,43,Yes,0,Yes,No,No,No,No,No,No,No,None
7089-XXAYG,Male,37,Yes,0,Yes,No,No,Yes,No,Yes,No,No,cable
7094-MSZAO,male,55,Yes,3,Yes,No,No,No,No,No,No,No,None
7096-UCLNH,m,30,No,0,No,No,No,No,No,No,No,No,None
7096-ZNBZI,f,21,Yes,0,NA,No,No,No,No,No,No,No,None
7100-FQPRV,Male,24,Yes,0,Yes,Yes,No,No,Yes,No,Yes,Yes,DSL 
7101-HRBLJ,female,25,Yes,0,NA,Yes,Yes,Yes,Yes,Yes,Yes,Yes,cable
7102-JJVTX,F,31,Yes,0,Yes,Yes,No,No,No,No,No,No,DSL 
7103-IPXPJ,M,44,Yes,0,Yes,No,No,No,Yes,Yes,Yes,Yes,Fiber
7103-ZGVNT,F,59,Yes,3,Yes,Yes,Yes,No,Yes,Yes,No,No,Cable
7105-BENQF,male,31,No,3,NA,Yes,No,Yes,No,No,Yes,Yes,DSL
7105-MXJLL,female,76,NA,0,Yes,No,No,Yes,No,No,Yes,No,Cable
7107-UBYKY,f,62,Yes,1,NA,No,No,No,No,No,No,No,None
7108-DGVUU,f,73,Yes,0,Yes,No,Yes,Yes,No,No,Yes,No,DSL
7109-CQYUZ,m,34,No,0,No,Yes,Yes,Yes,Yes,Yes,Yes,Yes,DSL
7109-MFBYV,m,28,No,0,No,No,No,No,No,No,No,No,cable
7110-BDTWG,female,59,Yes,0,Yes,No,No,Yes,Yes,No,Yes,Yes,Cable
7112-OPOTK,Male,37,No,0,No,No,No,No,No,No,No,No,Optic
7113-HIPFI,Male,59,Yes,2,Yes,Yes,Yes,Yes,Yes,No,No,No,Cable
7114-AEOZE,f,53,No,0,No,No,No,No,No,No,No,No,None
7115-IRDHS,F,64,Yes,0,Yes,No,No,No,No,No,No,No,None
7120-RFMVS,male,31,No,0,No,No,No,No,No,Yes,No,No,Optic
7123-WQUHX,m,34,No,0,NA,No,No,Yes,Yes,Yes,No,No,Fiber
7124-UGSUR,Female,77,Yes,0,NA,No,Yes,Yes,No,Yes,Yes,No,Fiber Optic
7126-RBHSD,female,53,Yes,0,Yes,Yes,No,No,No,No,No,No,Fiber Optic
7128-GGCNO,male,38,No,0,No,No,No,No,No,No,No,No,Optic
7129-ACFOG,F,56,No,0,No,Yes,No,No,No,No,No,No,Cable
7129-AZJDE,male,59,Yes,1,Yes,No,No,No,No,No,Yes,Yes,Optic
7129-CAKJW,f,62,No,0,NA,No,No,Yes,No,No,No,No,Fiber Optic
7130-CTCUS,m,79,Yes,0,Yes,Yes,Yes,No,No,No,No,No,DSL
7130-VTEWQ,f,74,No,0,No,No,No,No,No,No,No,No,Fiber
7130-YXBRO,m,28,Yes,0,Yes,Yes,Yes,Yes,No,Yes,Yes,Yes,Fiber Optic
7131-ZQZNK,f,46,Yes,0,NA,Yes,No,Yes,Yes,Yes,Yes,Yes,DSL
7133-VBDCG,f,54,No,0,No,Yes,Yes,No,No,No,No,No,Fiber Optic
7134-HBPBS,female,65,No,0,NA,No,Yes,Yes,Yes,Yes,Yes,Yes,Fiber
7134-MJPDY,Female,69,No,0,No,No,No,Yes,Yes,Yes,Yes,No,Fiber Optic
7136-IHZJA,female,30,Yes,2,Yes,Yes,Yes,No,Yes,No,Yes,Yes,DSL 
7136-RVDTZ,Male,79,No,0,No,No,No,No,No,Yes,Yes,No,DSL 
7137-NAXML,m,63,No,0,No,No,No,No,No,No,No,No,None
7137-RYLPP,M,75,Yes,0,NA,No,No,No,No,Yes,No,No,Fiber Optic
7138-GIRSH,M,63,No,0,No,No,No,Yes,Yes,No,Yes,Yes,DSL
7139-JZFVG,M,37,Yes,2,Yes,Yes,Yes,Yes,No,No,No,No,DSL 
7140-ADSMJ,M,23,No,0,No,No,No,No,No,No,No,No,None
7142-HVGBG,male,73,Yes,0,NA,No,Yes,Yes,No,Yes,Yes,No,Fiber
7143-BQIBA,male,32,No,0,No,Yes,No,No,Yes,Yes,No,No,DSL 
7145-FEJWU,female,62,No,2,NA,No,Yes,Yes,No,Yes,Yes,Yes,Fiber Optic
7147-AYBAA,M,62,No,0,No,No,No,No,No,No,No,No,Fiber Optic
7148-XZPHA,male,43,Yes,3,NA,No,Yes,No,Yes,No,No,No,Fiber Optic
7153-CHRBV,female,54,Yes,1,Yes,Yes,No,Yes,Yes,No,No,No,Cable
7153-OANIO,male,48,No,0,NA,No,No,No,No,No,No,No,Fiber Optic
7156-MHUGY,M,68,No,0,No,No,No,No,No,Yes,Yes,Yes,Optic
7156-MXBJE,Female,29,No,0,No,No,Yes,Yes,Yes,Yes,Yes,Yes,DSL
7157-SMCFK,male,32,No,2,NA,No,No,No,No,No,No,No,None
7159-FVYPK,f,23,Yes,3,Yes,No,Yes,Yes,No,Yes,No,No,DSL 
7159-NOKYQ,Male,42,Yes,0,Yes,No,Yes,Yes,No,No,Yes,Yes,Optic
7161-DFHUF,F,55,Yes,0,Yes,No,No,No,No,No,No,No,None
7162-WPHPM,M,44,Yes,3,NA,Yes,Yes,Yes,Yes,No,No,No,DSL 
7163-OCEQI,male,64,Yes,2,Yes,No,No,Yes,Yes,Yes,Yes,Yes,DSL
7164-BPTUT,Male,55,No,2,NA,Yes,Yes,Yes,Yes,Yes,Yes,Yes,cable
7167-PCEYD,Male,31,No,0,No,No,No,No,No,No,No,No,None
7168-HDQHG,female,56,Yes,2,Yes,No,No,No,No,No,No,No,None
7169-YWAMK,m,52,Yes,1,Yes,Yes,Yes,No,Yes,Yes,No,No,DSL
7173-TETGO,female,66,Yes,0,Yes,Yes,No,No,No,No,No,No,Fiber
7175-NTIXE,Female,26,No,0,No,Yes,No,No,Yes,Yes,Yes,Yes,DSL 
7176-WIONM,F,24,Yes,0,Yes,No,No,Yes,No,Yes,Yes,Yes,Cable
7176-WRTNX,male,51,No,0,No,Yes,Yes,Yes,Yes,Yes,Yes,Yes,Fiber Optic
7180-PISOG,M,41,Yes,0,Yes,No,No,No,No,No,No,No,Fiber Optic
7181-BQYBV,F,52,Yes,0,Yes,Yes,No,Yes,No,Yes,Yes,Yes,Optic
7181-OQCUT,Male,60,No,0,No,Yes,No,Yes,No,Yes,Yes,Yes,Fiber Optic
7182-OVLBJ,f,32,Yes,3,Yes,Yes,No,No,No,Yes,Yes,Yes,Optic
7184-LRUUR,Female,22,No,0,NA,No,Yes,Yes,No,Yes,No,No,DSL
7188-CBBBA,Female,59,No,0,No,No,Yes,Yes,No,Yes,No,No,Fiber Optic
7190-XHTWJ,Female,48,No,0,No,No,No,No,No,No,No,No,None
7191-ADRGF,Male,63,Yes,0,Yes,No,Yes,Yes,No,Yes,Yes,Yes,Cable
7196-LIWRH,f,61,No,0,NA,No,No,No,No,No,No,No,None
7197-VOJMM,M,59,Yes,0,Yes,Yes,Yes,No,Yes,No,Yes,Yes,DSL 
7198-GLXTC,male,33,No,0,No,No,No,No,No,Yes,No,No,Fiber Optic
7203-OYKCT,Male,45,No,0,No,No,Yes,Yes,No,Yes,Yes,Yes,Fiber
7205-BAIAD,F,42,No,0,NA,No,No,No,No,No,No,No,None
7206-GZCDC,Female,75,No,0,No,No,No,No,No,No,No,No,cable
7206-PQBBZ,M,76,Yes,0,Yes,No,No,No,No,No,No,No,Fiber
7207-RMRDB,f,20,Yes,0,NA,No,Yes,Yes,No,Yes,Yes,Yes,Fiber Optic
7208-PSIHR,Female,50,Yes,0,Yes,No,No,Yes,Yes,Yes,Yes,Yes,Optic
7209-JCUDS,m,25,No,0,NA,No,No,Yes,No,Yes,Yes,Yes,Optic
7216-EWTRS,female,78,Yes,0,NA,No,No,Yes,No,Yes,Yes,No,Optic
7216-KAOID,Male,27,Yes,1,Yes,No,No,No,No,No,No,No,None
7217-JYHOQ,male,30,Yes,2,NA,Yes,Yes,No,Yes,No,Yes,Yes,cable
7218-HKQFK,m,49,Yes,0,Yes,No,No,No,Yes,Yes,Yes,Yes,Fiber Optic
7219-TLZHO,f,27,Yes,1,Yes,No,No,No,No,No,No,No,None
7225-CBZPL,male,79,Yes,0,Yes,No,No,No,No,Yes,Yes,No,Optic
7225-IILWY,Male,36,Yes,1,Yes,No,No,No,No,No,No,No,None
7228-OMTPN,M,32,No,0,No,No,No,No,No,Yes,Yes,Yes,Optic
7228-PAQPD,Female,19,No,0,No,No,No,No,Yes,No,Yes,Yes,Cable
7233-DRTRF,Male,47,Yes,0,Yes,No,Yes,Yes,No,Yes,Yes,Yes,Fiber
7233-IOQNP,Female,34,Yes,0,NA,Yes,No,No,Yes,No,No,No,Cable
7233-PAHHL,M,57,Yes,0,Yes,Yes,No,Yes,Yes,Yes,Yes,Yes,DSL 
7234-FECYN,female,78,No,0,No,No,No,Yes,No,Yes,Yes,No,Optic
7234-KMNRQ,m,21,No,0,No,No,No,No,No,No,No,No,None
7235-NXZCP,m,79,No,0,No,No,No,No,No,No,No,No,Fiber Optic
7239-HZZCX,m,21,No,0,NA,No,No,No,No,No,No,No,None
7240-ETPTR,Female,51,Yes,0,NA,No,No,Yes,No,Yes,Yes,Yes,DSL
7240-FQLHE,Female,68,Yes,0,Yes,No,No,No,Yes,Yes,Yes,No,Fiber
7241-AJHFS,m,53,No,0,No,Yes,No,No,Yes,No,No,No,Fiber Optic
7242-EDTYC,male,48,No,2,No,No,No,No,No,No,No,No,None
7242-QZLXF,m,20,No,3,No,No,No,No,No,No,No,No,cable
7243-LCGGZ,female,28,No,0,No,No,No,No,No,No,No,No,None
7244-KXYZN,f,25,No,0,No,No,No,No,No,No,No,No,None
7244-QWYHG,male,20,Yes,0,NA,Yes,No,No,Yes,Yes,No,No,DSL 
7245-JMTTQ,Female,19,No,0,NA,No,Yes,Yes,Yes,Yes,Yes,Yes,Fiber Optic
7245-NIIWQ,Female,53,No,0,No,No,No,No,No,No,No,No,Optic
7246-ZGQDF,F,63,No,3,NA,Yes,No,No,Yes,No,No,No,DSL 
7247-XOZPB,Male,52,Yes,0,Yes,Yes,No,Yes,Yes,Yes,No,No,DSL 
7248-VZQLC,Female,78,No,0,NA,No,Yes,Yes,No,No,No,No,Fiber
7249-WBIYX,male,63,Yes,0,Yes,No,No,No,No,Yes,No,No,cable
7250-EQKIY,female,47,Yes,2,NA,No,No,Yes,No,No,No,No,DSL
7251-LJBQN,f,74,No,0,No,No,No,Yes,Yes,Yes,Yes,No,Fiber Optic
7251-XFOIL,Female,60,No,0,No,No,No,Yes,No,No,Yes,Yes,Fiber
7252-NTGSS,Female,43,No,0,No,No,No,No,No,No,No,No,DSL
7253-UVNDW,female,52,No,0,No,No,No,Yes,Yes,No,No,No,DSL 
7254-IQWOZ,Male,30,No,0,No,No,No,No,No,No,No,No,Fiber Optic
7255-SSFBC,M,42,Yes,3,NA,No,Yes,Yes,Yes,Yes,Yes,Yes,Fiber
7266-GSSJX,male,43,Yes,2,Yes,No,No,No,No,No,No,No,None
7267-FRMJW,F,25,Yes,3,NA,No,No,No,No,No,No,No,None
7268-IGMFD,M,75,No,0,No,No,No,Yes,Yes,Yes,No,No,Fiber
7268-WNTCP,Male,45,Yes,2,Yes,No,No,No,No,No,No,No,None
7269-JISCY,Female,48,NA,0,No,No,No,No,No,No,No,No,DSL 
7270-BDIOA,f,60,No,0,No,No,No,No,Yes,Yes,No,No,Fiber Optic
7271-AJDTL,Female,64,Yes,0,Yes,No,Yes,Yes,No,Yes,No,No,Optic
7272-QDCKA,M,31,No,0,NA,No,Yes,No,No,Yes,Yes,Yes,Fiber Optic
7273-TEFQD,male,67,No,0,No,No,No,Yes,No,No,Yes,Yes,DSL
7274-CGTOD,male,21,No,0,NA,Yes,Yes,Yes,Yes,No,No,No,DSL
7274-RTAPZ,male,20,No,0,No,No,No,No,No,Yes,Yes,Yes,Fiber
7277-KAMWT,male,23,No,0,No,No,No,No,No,No,No,No,None
7277-OZCGZ,f,40,No,0,No,Yes,No,No,Yes,No,Yes,Yes,Optic
7278-CKDNC,m,76,No,0,No,No,Yes,No,No,No,No,No,Fiber Optic
7279-BUYWN,F,66,No,0,NA,Yes,Yes,Yes,No,Yes,Yes,Yes,Fiber Optic
7279-NMVJC,f,38,NA,0,No,No,No,No,No,No,No,No,None
7284-BUYEC,female,46,No,0,No,No,Yes,No,No,Yes,Yes,Yes,Cable
7284-ZZLOH,Male,37,Yes,0,NA,Yes,No,Yes,No,No,No,No,DSL
7285-KLOTR,Female,46,Yes,0,Yes,Yes,No,Yes,No,Yes,Yes,Yes,Cable
7291-CDTMJ,Male,40,No,0,No,No,No,No,No,No,No,No,None
7293-LSCDV,F,32,Yes,3,Yes,No,No,No,No,No,No,No,None
7294-TMAOP,f,30,No,0,No,No,No,No,No,Yes,Yes,Yes,Fiber Optic
7295-JOMMD,F,34,No,0,No,No,No,Yes,Yes,Yes,Yes,Yes,Fiber Optic
7296-PIXQY,F,60,Yes,2,NA,No,No,No,No,No,No,No,Fiber Optic
7297-DVYGA,F,61,No,0,No,No,No,No,No,No,No,No,None
7298-IZWLY,Female,43,No,0,No,No,No,No,No,No,No,No,None
7299-GNVPL,female,19,Yes,2,Yes,Yes,Yes,No,Yes,No,No,No,Fiber
7301-ABVAD,F,37,No,0,No,No,Yes,Yes,Yes,Yes,Yes,Yes,cable
7302-ZHMHP,f,35,No,0,No,No,No,No,No,No,No,No,None
7305-ZWMAJ,m,45,Yes,0,Yes,No,No,No,No,No,No,No,None
7306-YDSOI,Male,32,Yes,1,Yes,Yes,Yes,Yes,No,No,No,No,DSL 
7310-EGVHZ,male,35,No,0,No,No,No,No,No,No,No,No,None
7311-MQJCH,female,54,No,0,No,No,No,No,No,No,No,No,None
7312-XSBAT,Male,47,No,0,NA,Yes,No,No,No,No,No,No,DSL
7314-OXENN,Male,42,No,0,No,No,Yes,No,No,No,No,No,Fiber Optic
7315-WYOAW,male,29,No,0,No,No,No,No,Yes,Yes,Yes,Yes,Fiber Optic
7317-GGVPB,M,57,Yes,0,Yes,No,Yes,Yes,Yes,Yes,Yes,Yes,Fiber Optic
7318-EIVKO,M,38,No,0,No,No,No,No,No,Yes,No,No,DSL 
7319-VENRZ,m,19,No,0,NA,No,No,Yes,Yes,Yes,No,No,Cable
7319-ZNRTR,Male,43,Yes,2,Yes,No,No,No,No,No,No,No,None
7321-KKSDU,Male,38,No,2,No,No,No,No,No,No,No,No,None
7321-PKUYW,female,46,No,0,No,No,No,No,Yes,Yes,No,No,cable
7321-VGNKU,F,45,Yes,0,Yes,No,No,No,No,No,No,No,Fiber
7321-ZNSLA,Male,58,Yes,3,Yes,Yes,Yes,No,Yes,No,No,No,DSL 
7322-OCWHC,M,73,Yes,0,Yes,Yes,Yes,Yes,Yes,No,No,No,Fiber
7325-ENZFI,female,37,No,0,No,Yes,Yes,No,Yes,No,No,No,DSL 
7326-RIGQZ,m,48,Yes,3,Yes,No,No,No,No,No,No,No,Fiber
7328-OWMOM,F,63,No,0,No,No,No,No,No,No,No,No,None
7328-ZJAJO,F,19,Yes,2,Yes,No,No,No,No,No,No,No,None
7330-WZLNC,F,25,No,0,No,No,Yes,No,No,Yes,No,Yes,Fiber Optic
7336-RLLRH,male,42,Yes,0,Yes,Yes,No,No,Yes,Yes,Yes,Yes,DSL
7337-CINUD,f,48,Yes,3,Yes,No,No,No,No,No,No,No,None
7338-ERIVA,m,40,No,0,No,Yes,No,No,Yes,Yes,No,No,DSL 
7339-POGZN,Female,24,No,0,No,No,No,No,No,No,No,No,DSL
7340-KEFQE,f,23,Yes,2,Yes,Yes,No,No,Yes,No,No,Yes,Cable
7341-LXCAF,Male,24,Yes,0,Yes,No,No,No,No,No,No,No,Fiber Optic
7343-EOBEU,male,19,Yes,0,NA,No,No,No,No,No,No,No,None
7346-MEDWM,Female,48,No,0,No,No,Yes,Yes,No,No,No,No,Optic
7349-ALMUX,m,35,No,0,No,Yes,Yes,Yes,Yes,No,No,No,cable
7351-KYHQH,Female,67,No,0,No,No,Yes,Yes,No,Yes,No,No,Cable
7351-MHQVU,f,43,No,0,No,Yes,Yes,No,Yes,No,Yes,Yes,Cable
7353-YOWFP,Female,41,No,0,No,No,No,No,No,No,No,No,None
7354-OIJLX,male,52,NA,0,No,No,No,No,No,No,No,No,Fiber Optic
7356-AYNJP,female,33,No,0,NA,No,No,No,No,No,No,No,None
7356-IWLFW,m,43,Yes,1,Yes,No,Yes,No,No,No,No,No,Fiber Optic
7359-PTSXY,Male,36,No,0,No,No,No,No,No,No,No,No,DSL 
7359-SSBJK,Female,80,No,0,No,Yes,Yes,No,Yes,Yes,No,No,DSL
7359-WWYJV,m,53,Yes,0,NA,Yes,Yes,Yes,Yes,Yes,Yes,Yes,Optic
7361-YPXFS,f,67,No,0,No,No,Yes,Yes,Yes,No,No,No,Cable
7363-QTBIW,f,24,Yes,0,Yes,No,No,No,No,No,Yes,Yes,Optic
7365-BVCJH,male,40,No,0,No,No,No,No,No,No,No,No,DSL 
7369-TRPFD,male,62,No,0,No,No,No,No,No,No,No,No,None
7375-WMVMT,Male,75,Yes,0,Yes,No,Yes,Yes,Yes,No,Yes,No,Fiber
7377-DMMRI,M,35,No,0,No,Yes,No,No,No,No,No,No,DSL 
7379-FNIUJ,M,49,No,0,NA,Yes,Yes,No,No,Yes,Yes,Yes,Fiber
7379-POKDZ,M,31,Yes,0,Yes,No,No,No,No,No,No,No,Fiber Optic
7382-DFJTU,male,63,No,0,No,No,No,Yes,Yes,No,No,No,DSL 
7384-GHBPI,Male,61,Yes,0,Yes,No,No,No,No,No,Yes,Yes,Cable
7389-KBFIT,f,31,Yes,2,NA,No,Yes,No,No,No,No,No,DSL
7392-YYPYJ,m,26,No,0,NA,No,Yes,No,No,Yes,Yes,Yes,Optic
7394-FKDNK,f,62,Yes,0,Yes,No,No,No,No,Yes,Yes,Yes,Fiber
7394-LWLYN,female,57,No,0,No,No,No,No,No,No,No,No,Fiber Optic
7395-IGJOS,M,70,Yes,0,Yes,No,No,No,No,No,Yes,No,Fiber
7395-XWZOY,Male,45,No,0,No,Yes,Yes,Yes,Yes,Yes,No,No,DSL
7396-VJUZB,Male,33,Yes,2,NA,No,No,No,No,No,No,No,DSL 
7398-HPYZQ,Male,30,Yes,0,Yes,Yes,Yes,Yes,Yes,Yes,Yes,Yes,Cable
7398-LXGYX,m,53,Yes,0,Yes,Yes,No,Yes,No,No,No,No,Fiber
7398-SKNQZ,Female,51,Yes,0,Yes,No,No,No,No,Yes,Yes,Yes,Fiber Optic
7399-QHBJS,F,56,Yes,3,Yes,Yes,Yes,No,Yes,No,No,No,Cable
7401-JIXNM,female,27,Yes,0,Yes,Yes,Yes,Yes,Yes,Yes,Yes,Yes,Cable
7401-RUBNK,Female,25,Yes,0,Yes,Yes,No,No,No,No,No,No,Fiber
7402-EYFXX,M,65,No,0,No,No,No,No,No,Yes,Yes,Yes,Fiber Optic
7402-PWYJJ,female,21,Yes,0,Yes,No,No,No,Yes,No,Yes,Yes,Optic
7404-JLKQG,f,21,No,0,No,No,No,Yes,No,Yes,No,No,Cable
7407-SUJIZ,M,33,No,0,NA,No,No,No,No,No,No,No,None
7408-OFWXJ,F,23,Yes,0,Yes,Yes,Yes,Yes,Yes,Yes,Yes,Yes,DSL 
7409-JURKQ,f,29,Yes,0,Yes,No,Yes,Yes,Yes,Yes,Yes,Yes,Fiber
7409-KIUTL,F,80,No,0,No,No,No,No,No,No,No,No,Fiber
7410-KTVFV,Male,53,Yes,0,Yes,No,No,Yes,No,No,No,No,DSL 
7410-OIEDU,Male,29,No,0,No,Yes,No,Yes,No,No,No,No,Fiber Optic
7410-YTJIK,F,35,No,0,No,No,No,No,No,No,No,No,Fiber Optic
7416-CKTEP,female,54,Yes,0,Yes,No,No,No,No,No,No,No,None
7421-ZLUPA,female,57,No,0,No,No,Yes,No,No,No,No,No,DSL
7422-WNBTY,male,35,Yes,0,Yes,No,Yes,Yes,No,No,Yes,Yes,Optic
7426-GSWPO,m,78,No,0,No,Yes,Yes,No,No,Yes,Yes,Yes,Optic
7426-RHZGU,m,41,No,0,No,No,No,No,Yes,Yes,Yes,Yes,Optic
7426-WEIJX,Male,71,Yes,1,Yes,Yes,No,No,No,No,No,No,Fiber Optic
7427-AUFPY,m,27,No,0,No,No,No,No,No,No,No,No,None
7432-FFVAR,F,23,Yes,3,Yes,No,No,Yes,Yes,No,Yes,Yes,Fiber
7434-SHXLS,female,21,No,0,No,No,No,No,No,No,No,No,None
7435-ZNUYY,M,24,No,0,No,No,No,No,No,No,No,No,None
7439-DKZTW,Male,49,No,0,No,No,No,No,No,Yes,No,No,Fiber Optic
7442-YGZFK,Male,31,No,0,No,No,No,No,No,No,No,No,DSL 
7445-WMRBW,female,49,No,0,NA,No,Yes,Yes,Yes,Yes,No,No,DSL 
7446-KQISO,M,62,Yes,3,Yes,No,Yes,Yes,Yes,Yes,Yes,Yes,Fiber Optic
7446-SFAOA,f,54,Yes,0,Yes,No,No,No,No,No,No,No,None
7446-YPODE,male,75,No,0,No,Yes,Yes,No,No,No,No,No,DSL 
7449-HVPIV,Male,38,Yes,3,Yes,No,No,Yes,No,Yes,No,No,Fiber Optic
7450-NWRTR,male,76,No,0,No,No,No,Yes,No,Yes,Yes,No,Optic
7452-FOLON,m,45,No,2,No,No,No,No,No,No,No,No,None
7459-IMVYU,m,51,No,0,No,Yes,Yes,Yes,Yes,No,No,No,DSL
7459-RRWQZ,Female,51,No,0,No,Yes,No,No,No,No,Yes,Yes,DSL
7460-ITWWP,Female,67,Yes,0,Yes,No,No,Yes,No,No,Yes,No,Fiber Optic
7463-IFMQU,f,44,Yes,0,Yes,No,No,No,No,No,No,No,None
7465-ZZRVX,M,63,No,0,No,No,No,No,No,No,No,No,Fiber
7469-LKBCI,m,21,No,0,No,No,No,No,No,No,No,No,None
7470-DYNOE,m,37,No,0,NA,No,No,Yes,No,No,Yes,Yes,DSL 
7470-MCQTK,Female,42,Yes,0,Yes,No,No,Yes,No,Yes,Yes,Yes,DSL 
7471-MQPOS,male,74,Yes,3,Yes,No,Yes,Yes,Yes,No,Yes,No,DSL 
7471-WNSUF,M,23,Yes,0,NA,No,No,No,No,No,No,No,None
7472-EQOAV,M,76,Yes,2,Yes,Yes,Yes,Yes,No,No,No,No,Optic
7473-ZBDSN,female,38,Yes,3,Yes,No,No,No,No,No,No,No,None
7479-NITWS,male,35,No,0,No,No,No,Yes,No,Yes,No,No,Fiber
7480-QNVZJ,M,65,No,0,No,No,No,No,No,Yes,Yes,Yes,Fiber Optic
7480-SPLEF,male,63,Yes,2,Yes,No,No,No,No,No,No,No,None
7481-ATQQS,female,76,No,0,NA,No,No,Yes,No,No,Yes,No,Optic
7483-IQWIB,male,33,Yes,1,NA,No,Yes,Yes,No,Yes,No,No,Optic
7486-KSRVI,M,56,No,0,No,No,No,No,Yes,Yes,Yes,Yes,Fiber
7488-MXJIV,Female,63,No,0,No,No,No,No,No,Yes,No,No,Fiber Optic
7492-TAFJD,male,26,Yes,0,Yes,Yes,Yes,Yes,No,No,No,No,Cable
7493-GVFIO,m,56,No,0,No,No,No,No,No,No,No,No,None
7493-TPUWZ,m,64,No,0,NA,No,Yes,No,No,No,No,No,Optic
7495-OOKFY,female,74,Yes,1,Yes,No,Yes,No,No,No,No,No,Fiber
7501-IWUNG,f,57,Yes,0,Yes,No,No,Yes,Yes,Yes,Yes,Yes,DSL
7501-VTYLJ,f,21,No,1,No,No,Yes,No,No,No,No,No,DSL 
7502-BNYGS,Female,29,Yes,0,Yes,No,Yes,No,No,Yes,Yes,Yes,DSL
7503-EPSZW,F,45,Yes,3,Yes,No,No,No,No,No,No,No,None
7503-MIOGA,Female,68,Yes,0,NA,Yes,Yes,Yes,Yes,Yes,Yes,No,Cable
7503-QQRVF,m,74,Yes,0,Yes,No,Yes,No,No,No,No,No,Optic
7503-ZGUZJ,m,25,No,0,NA,No,No,No,No,Yes,No,No,Fiber Optic
7504-UWHNB,M,42,No,0,No,No,No,No,No,No,No,No,Fiber
7508-DQAKK,female,21,No,0,No,Yes,Yes,Yes,Yes,Yes,Yes,Yes,DSL 
7508-KBIMB,male,33,Yes,3,Yes,Yes,No,Yes,No,No,No,No,cable
7508-MYBOG,male,20,Yes,0,Yes,No,No,No,No,Yes,No,No,Fiber Optic
7508-SMHXL,f,72,No,0,No,No,Yes,No,No,Yes,No,No,Optic
7511-YMXVQ,Male,54,No,0,No,No,No,No,No,Yes,Yes,Yes,cable
7515-LODFU,M,67,NA,0,No,No,No,No,No,No,No,No,None
7516-GMHUV,male,77,Yes,0,Yes,Yes,No,Yes,No,Yes,Yes,Yes,Optic
7517-LDMPS,F,31,No,0,No,No,Yes,No,No,No,Yes,Yes,Fiber Optic
7517-SAWMO,Female,31,Yes,0,Yes,Yes,No,No,No,No,No,No,Optic
7519-JTWQH,Female,30,No,0,No,No,Yes,Yes,Yes,Yes,Yes,Yes,Fiber
7520-HQWJU,f,22,Yes,1,Yes,Yes,Yes,Yes,No,No,No,No,DSL
7521-AFHAB,female,45,Yes,2,Yes,No,No,No,No,No,No,No,Cable
7521-YXVZY,m,38,No,3,No,No,No,No,No,No,No,No,None
7524-VRLPL,M,71,No,0,No,Yes,No,Yes,Yes,No,Yes,Yes,cable
7526-BEZQB,Male,39,No,0,No,No,No,No,No,Yes,Yes,Yes,cable
7526-IVLYU,m,46,No,0,No,No,No,No,No,No,No,No,None
7527-QNRUS,M,33,Yes,3,NA,No,No,No,No,No,No,No,None
7529-ZDFXI,m,79,Yes,0,NA,No,Yes,No,No,No,Yes,No,Optic
7530-HDYDS,f,26,No,0,No,No,Yes,Yes,Yes,No,No,Yes,Optic
7531-GQHME,M,34,No,0,No,No,No,No,No,No,No,No,None
7534-BFESC,Male,69,No,0,No,No,No,No,No,No,No,No,Fiber Optic
7537-CBQUZ,m,68,No,0,NA,Yes,Yes,Yes,No,Yes,Yes,Yes,Fiber
7537-RBWEA,F,19,No,0,No,No,No,No,No,No,No,No,Cable
7538-GWHML,female,52,No,0,NA,No,No,No,No,No,No,No,Fiber
7541-YLXCL,male,25,No,0,No,No,Yes,No,Yes,No,Yes,Yes,Cable
7542-CYDDM,male,61,No,0,No,No,No,No,No,No,No,No,None
7544-ZVIKX,m,33,Yes,2,Yes,No,No,Yes,Yes,Yes,Yes,Yes,Fiber Optic
7547-EKNFS,m,37,Yes,0,NA,No,Yes,Yes,No,Yes,No,No,Optic
7548-SEPYI,f,62,No,0,No,No,Yes,No,No,Yes,Yes,Yes,Fiber Optic
7549-MYGPK,F,48,Yes,0,Yes,Yes,Yes,Yes,No,Yes,No,No,Optic
7550-WIQVA,M,34,Yes,1,Yes,Yes,Yes,Yes,No,Yes,Yes,Yes,Fiber Optic
7551-DACSP,Male,49,Yes,1,Yes,No,Yes,Yes,No,No,No,No,DSL 
7551-JOHTI,F,54,No,0,No,No,No,No,No,No,No,No,None
7552-KEYGT,Male,53,Yes,0,Yes,No,No,No,No,No,No,No,None
7554-AKDQF,female,27,Yes,0,Yes,No,No,No,No,No,No,No,DSL 
7554-NEWDD,M,44,No,0,No,No,No,No,No,No,No,No,None
7558-IMLMT,male,48,Yes,2,Yes,No,No,No,No,No,No,No,None
7560-QJAVJ,Female,60,No,0,No,Yes,No,Yes,Yes,Yes,Yes,Yes,DSL
7560-QRBXH,Female,32,No,0,No,No,No,No,No,No,No,No,None
7562-GSUHK,f,40,No,0,NA,No,Yes,Yes,No,No,Yes,Yes,Fiber
7562-UXTPG,F,40,No,0,No,No,No,No,No,No,No,No,Fiber Optic
7563-BIUPC,Male,30,No,0,No,No,No,No,No,Yes,No,No,Optic
7564-GHCVB,female,27,Yes,0,Yes,Yes,No,No,No,No,No,No,Fiber
7566-DSRLQ,Female,54,Yes,0,Yes,No,Yes,Yes,Yes,Yes,Yes,Yes,Fiber Optic
7567-ECMCM,Male,23,No,0,No,No,No,No,No,No,Yes,Yes,Fiber
7568-PODML,Male,34,No,0,No,No,No,No,No,Yes,Yes,Yes,DSL 
7569-NMZYQ,Female,33,Yes,3,NA,Yes,Yes,Yes,Yes,Yes,Yes,Yes,Optic
7570-WELNY,Female,52,Yes,0,Yes,Yes,Yes,No,No,No,No,No,Optic
7571-YXDAD,f,37,No,0,No,No,No,No,No,No,No,No,Optic
7572-KPVKK,M,44,No,1,NA,No,No,Yes,Yes,Yes,Yes,Yes,Fiber Optic
7576-ASEJU,F,38,Yes,0,Yes,Yes,No,No,Yes,Yes,Yes,Yes,DSL
7576-JMYWV,female,76,Yes,1,Yes,Yes,Yes,No,Yes,Yes,Yes,No,Fiber Optic
7576-OYWBN,Male,71,No,0,No,No,No,No,No,No,No,No,Fiber
7577-SWIFR,male,49,No,0,NA,No,No,No,No,Yes,Yes,Yes,Fiber Optic
7579-KKLOE,Male,59,Yes,0,Yes,Yes,Yes,Yes,Yes,Yes,Yes,Yes,DSL 
7579-OOPEC,F,75,Yes,0,Yes,No,Yes,No,No,No,No,No,DSL
7580-UGXNC,f,73,No,0,No,Yes,Yes,No,No,No,No,No,DSL
7581-EBBOU,Female,49,No,0,No,No,Yes,Yes,Yes,Yes,No,No,DSL
7586-ZATGZ,Male,59,No,0,No,No,No,No,No,Yes,No,No,Optic
7587-AOVVU,M,39,Yes,1,NA,Yes,Yes,No,Yes,Yes,No,No,Fiber
7587-RZNME,m,23,No,0,No,No,No,No,No,No,No,Yes,DSL 
7590-VHVEG,F,36,Yes,0,Yes,No,Yes,No,No,No,No,No,DSL 
7593-JNWRU,male,61,Yes,1,Yes,No,No,No,No,No,No,No,DSL 
7593-XFKDI,M,39,No,0,No,No,No,No,No,No,No,No,DSL 
7594-LZNWR,male,67,No,0,No,No,No,No,No,No,No,No,Optic
7594-RQHXR,F,20,No,0,NA,No,No,No,No,No,Yes,Yes,Optic
7595-EHCDL,male,48,Yes,2,NA,No,No,Yes,No,Yes,Yes,Yes,DSL
7595-EUIVN,female,53,No,0,No,No,Yes,No,No,No,No,No,Fiber
7596-IIWYC,female,62,No,0,No,No,No,No,No,No,No,No,None
7596-LDUXP,female,61,No,0,No,Yes,No,No,No,Yes,No,No,Fiber
7596-ZYWBB,F,19,No,0,NA,Yes,Yes,No,Yes,No,No,No,DSL 
7598-UAASY,Male,19,Yes,0,NA,No,No,Yes,No,No,No,No,Fiber
7599-FKVXZ,Male,54,Yes,0,Yes,No,No,Yes,Yes,Yes,Yes,Yes,Fiber Optic
7599-NTMDP,female,32,Yes,2,Yes,Yes,Yes,No,Yes,Yes,No,No,Cable
7601-DHFWZ,F,54,No,0,NA,No,No,No,No,No,No,No,None
7601-GNDYK,m,52,Yes,3,Yes,No,No,No,No,No,No,No,None
7601-WFVZV,Male,35,No,0,No,No,No,No,No,No,No,No,None
7602-DBTOU,Female,46,Yes,0,Yes,No,No,No,No,No,No,No,None
7602-MVRMB,f,62,Yes,1,NA,Yes,No,Yes,Yes,Yes,Yes,Yes,Fiber Optic
7603-USHJS,m,27,No,1,No,No,No,No,No,No,No,Yes,Fiber
7605-BDWDC,F,35,No,0,NA,Yes,Yes,No,Yes,No,Yes,Yes,DSL
7605-SNLQG,Female,42,Yes,0,Yes,No,No,Yes,No,No,No,No,DSL 
7606-BPHHN,Male,39,No,0,No,No,No,No,No,No,No,No,None
7607-QKKTJ,M,25,Yes,2,Yes,No,Yes,Yes,No,No,Yes,Yes,Fiber Optic
7608-RGIRO,male,62,No,1,No,No,No,No,No,No,No,No,None
7609-NRNCA,Female,21,No,0,No,No,No,No,No,No,No,No,None
7609-YBPXG,m,60,No,0,No,Yes,No,Yes,Yes,Yes,Yes,Yes,DSL
7610-TVOPG,male,48,No,0,No,No,No,No,No,No,No,No,None
7611-YKYTC,m,50,Yes,2,Yes,Yes,No,No,No,No,No,No,Optic
7613-LLQFO,male,41,No,0,No,No,No,No,No,Yes,No,No,Optic
7614-QVWQL,M,57,Yes,0,Yes,No,Yes,No,No,Yes,Yes,Yes,DSL 
7615-ESMYF,Female,23,Yes,0,Yes,No,No,No,No,Yes,Yes,Yes,cable
7617-EYGLW,m,62,No,0,No,No,No,No,No,No,No,No,None
7619-ODSGN,male,63,Yes,2,Yes,Yes,No,No,No,No,No,No,DSL 
7619-PLRLP,f,41,Yes,0,Yes,Yes,Yes,Yes,No,No,Yes,Yes,cable
7621-VPNET,f,60,Yes,0,NA,No,No,Yes,Yes,No,No,No,Optic
7622-FWGEW,Male,71,Yes,0,Yes,Yes,Yes,Yes,Yes,Yes,Yes,No,DSL
7622-NXQZR,M,29,No,0,No,No,No,No,Yes,No,No,No,DSL
7623-HKYRK,male,46,No,1,No,No,No,No,No,No,No,No,None
7623-TRNQN,M,34,No,1,No,No,No,No,Yes,No,No,No,DSL 
7625-XCQRH,F,48,No,0,No,No,No,No,No,No,No,No,Optic
7627-JKIAZ,Female,62,Yes,0,Yes,No,No,Yes,No,No,No,No,Optic
7629-WFGLW,f,80,Yes,0,Yes,Yes,Yes,Yes,Yes,No,No,No,Fiber Optic
7629-WIXZF,female,32,No,0,No,Yes,No,No,No,No,Yes,Yes,DSL
7632-MNYOY,Male,69,No,0,No,No,Yes,Yes,Yes,Yes,Yes,No,Optic
7632-YUTXB,female,52,Yes,2,Yes,No,No,No,No,No,No,No,None
7633-MVPUY,M,50,Yes,0,Yes,Yes,Yes,No,Yes,No,No,No,cable
7634-HLQJR,Female,52,Yes,1,Yes,No,No,No,No,No,No,No,None
7634-WSWDB,female,22,No,1,No,Yes,No,No,No,No,Yes,Yes,DSL
7636-OWBPG,Male,79,No,0,NA,No,Yes,No,No,No,No,No,DSL 
7636-PEPNS,female,44,Yes,3,NA,No,No,No,No,No,No,No,Cable
7636-XUHWW,Male,56,No,0,No,No,No,No,No,No,No,No,None
7638-QVMVY,female,63,No,0,NA,No,No,No,No,Yes,No,No,Optic
7639-LIAYI,Male,23,No,0,No,Yes,No,No,Yes,Yes,Yes,Yes,cable
7639-OPLNG,male,56,Yes,0,NA,Yes,Yes,Yes,Yes,Yes,No,No,Cable
7639-SUPCW,F,32,No,0,No,Yes,No,No,No,No,No,No,DSL 
7641-EUYET,male,76,Yes,0,NA,Yes,Yes,Yes,No,Yes,No,No,Fiber
7641-TQFHN,male,21,No,1,No,No,No,No,Yes,Yes,Yes,Yes,Fiber
7643-RCHXS,female,31,Yes,3,Yes,No,No,No,No,No,No,No,None
7644-OMVMY,male,56,Yes,1,Yes,No,No,No,No,No,No,No,None
7647-GYYKX,f,48,Yes,4,Yes,No,No,No,No,No,No,No,None
7649-PHJVR,m,22,No,0,No,No,No,No,No,No,No,No,None
7649-SIJJF,Male,36,Yes,0,Yes,Yes,Yes,Yes,Yes,No,Yes,Yes,DSL 
7654-YWJUF,male,61,Yes,0,Yes,Yes,No,Yes,Yes,No,No,No,Fiber Optic
7657-DYEPJ,M,73,No,0,No,No,Yes,Yes,Yes,Yes,No,No,Cable
7658-UYUQS,M,71,Yes,0,Yes,No,No,Yes,No,Yes,No,No,Optic
7660-HDPJV,f,51,No,0,NA,No,No,No,No,No,No,No,Fiber
7661-CPURM,Male,49,No,0,No,No,No,No,Yes,No,Yes,Yes,Optic
7663-CUXZB,Male,34,Yes,0,NA,Yes,Yes,Yes,Yes,Yes,Yes,Yes,Optic
7663-RGWBC,m,44,No,0,No,No,No,No,No,No,No,No,DSL 
7663-YJHSN,F,33,Yes,0,Yes,Yes,Yes,Yes,Yes,Yes,No,No,Optic
7663-ZTEGJ,M,46,No,0,No,No,Yes,Yes,Yes,No,Yes,Yes,Fiber
7665-NKLAV,Female,19,Yes,3,Yes,Yes,No,Yes,Yes,No,No,No,Cable
7665-TOALD,F,25,No,0,No,No,No,No,No,No,No,Yes,Fiber Optic
7665-VIGUD,Male,40,No,0,No,No,No,No,No,No,No,No,None
7666-WKRON,female,39,No,0,No,No,No,Yes,Yes,No,No,No,Fiber
7668-XCFYV,female,77,Yes,0,Yes,No,No,No,No,Yes,Yes,No,Fiber
7669-LCRSD,Male,49,Yes,2,Yes,No,No,No,No,Yes,No,No,Cable
7670-ZBPOQ,female,59,Yes,0,Yes,Yes,No,No,Yes,No,No,No,DSL
7672-VFMXZ,M,31,Yes,0,NA,Yes,No,No,Yes,No,No,No,Cable
7673-BQGKU,f,64,Yes,3,Yes,No,No,No,No,No,No,No,None
7673-LPRNY,F,43,No,0,NA,Yes,No,Yes,No,Yes,Yes,Yes,DSL
7674-YTAFD,F,64,No,0,NA,No,Yes,No,Yes,No,No,No,Fiber
7675-OZCZG,f,76,No,0,NA,No,No,No,No,No,No,No,DSL 
7677-SJJJK,male,26,Yes,0,Yes,No,No,No,No,No,No,No,None
7682-AZNDK,M,25,Yes,3,Yes,No,Yes,Yes,No,Yes,No,No,Optic
7683-CBDKJ,Male,42,Yes,1,Yes,Yes,Yes,No,No,Yes,No,No,cable
7684-XSZIY,Male,53,Yes,3,Yes,No,No,No,No,No,No,No,None
7688-AWMDX,Male,21,Yes,0,Yes,Yes,No,No,Yes,No,No,No,DSL
7690-KPNCU,m,20,Yes,0,Yes,Yes,No,Yes,No,Yes,Yes,Yes,DSL
7691-KGKGP,M,31,Yes,1,NA,No,Yes,No,Yes,Yes,No,No,DSL
7691-XVTZH,Female,30,Yes,0,Yes,No,No,Yes,No,Yes,No,No,Optic
7693-LCKZL,Male,57,Yes,1,Yes,No,Yes,No,No,No,No,No,Fiber
7693-QPEFS,m,75,No,0,No,No,No,No,No,No,No,No,Fiber Optic
7694-VLBWQ,Male,61,NA,0,Yes,No,Yes,Yes,No,Yes,Yes,Yes,Fiber Optic
7695-PKLCZ,F,32,No,0,No,No,No,No,No,No,No,No,None
7696-AMHOD,f,23,Yes,1,Yes,No,Yes,Yes,No,Yes,Yes,Yes,DSL
7696-CFTAT,M,24,Yes,3,Yes,No,No,No,No,No,No,No,None
7698-YFGEZ,male,55,NA,0,No,No,No,No,No,No,No,No,None
7703-ZEKEF,Male,47,No,0,No,No,No,Yes,No,No,No,No,Optic
7706-DZNKK,m,63,No,0,No,No,No,No,No,No,No,No,None
7706-YLMQA,f,30,No,0,NA,No,No,No,No,No,No,No,None
7707-PYBBH,M,49,No,0,No,Yes,Yes,No,Yes,No,No,No,DSL
7710-JSYOA,f,59,Yes,1,Yes,No,Yes,No,Yes,No,Yes,Yes,Fiber Optic
7711-GQBZC,Female,42,Yes,1,Yes,No,No,No,No,No,No,No,None
7711-YIJWC,m,21,Yes,2,NA,Yes,Yes,Yes,Yes,Yes,Yes,Yes,cable
7714-YXSMB,F,60,No,0,No,No,No,Yes,No,Yes,Yes,Yes,Fiber
7716-YTYHG,female,41,Yes,0,Yes,No,No,No,No,No,Yes,Yes,Fiber
7717-BICXI,Male,37,Yes,3,NA,No,No,No,No,No,No,No,None
7718-RXDGG,m,54,Yes,0,NA,No,No,No,No,No,No,No,Fiber
7718-UPSKJ,F,59,Yes,0,NA,Yes,Yes,No,Yes,Yes,Yes,Yes,Fiber Optic
7721-DVEKZ,F,42,No,0,No,No,No,No,No,No,No,No,None
7721-JXEAW,M,23,Yes,0,Yes,No,Yes,No,No,No,Yes,Yes,DSL
7722-CVFXN,m,50,Yes,3,Yes,No,Yes,No,Yes,Yes,Yes,Yes,Fiber Optic
7722-VJRQD,m,38,Yes,0,Yes,Yes,No,Yes,Yes,Yes,Yes,Yes,cable
7727-SHVZV,F,56,No,0,No,No,No,No,No,No,No,No,None
7729-JTEEC,m,33,Yes,1,NA,No,No,No,No,No,No,No,DSL
7729-XBTWX,male,62,Yes,2,Yes,No,No,No,No,No,No,No,None
7730-CLDSV,female,61,Yes,2,Yes,No,Yes,Yes,Yes,No,Yes,Yes,Optic
7730-IUTDZ,M,63,No,0,No,Yes,No,No,No,No,No,No,Optic
7733-UDMTP,F,65,No,0,No,No,Yes,Yes,No,Yes,Yes,Yes,DSL 
7734-DBOAI,f,42,Yes,2,Yes,No,No,No,Yes,Yes,No,No,DSL
7739-LAXOG,F,51,Yes,0,Yes,No,No,Yes,No,No,Yes,Yes,Fiber
7740-BTPUX,Male,72,Yes,0,Yes,No,Yes,Yes,Yes,Yes,Yes,No,Fiber Optic
7740-KKCXF,m,61,Yes,0,NA,No,Yes,No,No,No,No,No,DSL 
7742-MYPGI,female,39,Yes,2,Yes,No,No,No,Yes,No,No,No,DSL
7743-EXURX,M,47,Yes,1,Yes,No,No,Yes,No,No,No,No,DSL
7746-AWNQW,f,62,No,0,No,No,No,Yes,Yes,No,No,No,DSL
7746-QYVCO,m,57,Yes,0,Yes,Yes,Yes,No,No,No,No,No,cable
7748-UMTRK,f,80,No,1,No,No,No,No,Yes,Yes,Yes,Yes,Fiber
7750-EYXWZ,Female,62,No,0,No,No,Yes,Yes,Yes,Yes,Yes,Yes,cable
7752-XUSCI,f,20,No,0,No,No,Yes,Yes,No,Yes,Yes,Yes,Optic
7753-USQYQ,m,47,No,0,No,No,Yes,No,Yes,No,Yes,Yes,Cable
7754-IXRMC,F,39,No,0,No,No,No,No,No,No,No,No,DSL
7758-UJWYS,Male,31,Yes,1,NA,No,No,No,Yes,Yes,No,No,DSL 
7758-XKCBS,m,56,No,0,No,No,No,No,Yes,No,No,No,DSL
7760-OYPDY,F,32,No,2,No,No,No,No,No,Yes,No,No,Fiber
7762-ONLJY,Female,62,Yes,3,Yes,No,No,No,No,No,No,No,None
7762-URZQH,M,30,Yes,0,Yes,Yes,No,Yes,No,Yes,Yes,Yes,Fiber Optic
7764-BDPEE,M,50,No,3,No,No,No,No,No,No,No,No,None
7765-LWVVH,female,39,Yes,2,NA,Yes,Yes,No,No,Yes,No,No,Optic
7766-CLTIC,F,58,No,0,No,No,No,No,Yes,No,Yes,Yes,cable
7767-UXAGJ,Male,37,No,0,No,No,No,No,No,No,No,No,cable
7771-CFQRQ,female,32,Yes,3,NA,No,Yes,No,Yes,No,Yes,Yes,DSL 
7771-ZONAT,Male,62,No,0,No,No,No,Yes,Yes,Yes,Yes,Yes,DSL
7774-OJSXI,male,53,No,0,No,No,Yes,Yes,No,Yes,Yes,Yes,Fiber
7776-QGYJC,Female,64,Yes,5,Yes,No,No,Yes,Yes,No,No,No,Optic
7776-QWNFX,M,71,Yes,0,Yes,No,Yes,No,No,No,No,No,DSL 
7777-UNYHB,f,43,Yes,1,NA,No,No,No,No,No,No,No,None
7779-LGOVN,m,74,Yes,0,Yes,No,No,No,No,No,Yes,No,cable
7779-ORAEL,m,77,Yes,0,Yes,Yes,No,Yes,Yes,No,Yes,No,DSL
7780-OTDSO,Male,51,Yes,0,Yes,Yes,No,No,No,Yes,Yes,Yes,Fiber Optic
7781-EWARA,M,19,Yes,3,Yes,No,Yes,Yes,Yes,Yes,Yes,Yes,Cable
7781-HVGMK,f,56,Yes,0,Yes,Yes,Yes,Yes,Yes,Yes,Yes,Yes,DSL
7783-YKGDV,F,49,No,0,No,Yes,Yes,Yes,No,No,Yes,Yes,Fiber
7785-RDVIG,f,53,Yes,2,Yes,No,No,No,No,No,No,No,None
7786-WBJYI,Female,31,No,0,No,No,Yes,No,No,No,No,No,Fiber Optic
7787-BNTZM,m,56,No,0,No,No,No,No,No,No,No,No,None
7789-CRUVC,female,77,Yes,0,Yes,Yes,Yes,Yes,Yes,No,No,No,Fiber Optic
7789-HKSBS,f,79,Yes,0,Yes,Yes,No,Yes,No,Yes,Yes,Yes,Fiber
7794-JASDG,M,37,No,0,No,Yes,No,No,No,No,No,No,DSL
7795-CFOCW,M,53,No,0,No,Yes,No,Yes,Yes,No,No,No,DSL
7797-EJMDP,female,34,No,0,No,Yes,No,No,Yes,No,Yes,Yes,DSL 
7798-JVXYM,female,52,No,0,No,No,No,No,Yes,Yes,Yes,Yes,DSL 
7799-DSEWS,M,22,No,0,NA,Yes,No,Yes,Yes,Yes,No,No,DSL
7799-LGRDP,F,42,No,0,No,No,No,No,No,No,No,No,None
7801-CEDNV,Male,33,Yes,0,Yes,Yes,No,No,No,No,No,No,DSL 
7801-KICAO,female,43,No,0,No,No,No,No,No,No,No,No,Fiber
7802-EFKNY,M,37,Yes,0,Yes,No,No,No,No,No,No,No,DSL
7803-XOCCZ,female,54,Yes,2,Yes,Yes,No,Yes,Yes,No,No,No,Optic
7808-DVWEP,M,51,Yes,0,Yes,No,No,No,No,No,No,No,None
7811-JIVPF,F,44,No,0,No,No,No,Yes,No,No,No,No,cable
7812-FZHPE,F,31,Yes,2,NA,No,No,No,No,No,No,No,None
7813-TKCVO,Female,23,Yes,0,Yes,No,No,No,No,No,No,No,None
7813-ZGGAW,M,68,No,0,No,No,No,Yes,Yes,Yes,No,No,Fiber
7814-LEEVE,f,60,Yes,0,Yes,No,No,No,No,No,No,No,None
7815-PDTHL,m,64,No,0,No,No,No,No,No,No,No,No,None
7816-VGHTO,F,61,Yes,2,NA,No,Yes,Yes,Yes,No,No,No,cable
7817-BOQPW,F,32,No,0,No,No,No,No,No,No,No,No,Fiber
7817-OMJNA,male,23,No,0,NA,No,No,No,No,No,No,No,None
7820-ZYGNY,m,33,No,0,No,No,Yes,No,No,No,Yes,Yes,Optic
7821-DPRQE,male,25,Yes,0,Yes,Yes,Yes,No,Yes,Yes,Yes,Yes,Fiber
7823-JSOAG,male,39,No,0,NA,No,No,No,No,No,No,No,Fiber Optic
7824-PANSQ,Male,52,No,0,No,No,No,No,Yes,No,No,No,Optic
7825-ECJRF,Female,43,No,1,NA,Yes,No,Yes,Yes,Yes,Yes,Yes,Fiber Optic
7825-GKXMW,F,41,No,0,NA,No,No,No,No,No,No,No,DSL
7826-VVKWT,Female,69,Yes,1,Yes,No,No,Yes,No,Yes,Yes,Yes,Optic
7831-QGOXH,female,27,No,0,No,No,No,No,No,Yes,No,Yes,Fiber
7833-PKIHD,Male,59,Yes,0,Yes,Yes,No,No,Yes,Yes,Yes,Yes,Cable
7838-LAZFO,male,38,Yes,0,Yes,Yes,Yes,Yes,No,Yes,Yes,Yes,cable
7839-NUIAA,F,27,Yes,1,Yes,Yes,Yes,No,No,No,No,No,DSL
7839-QRKXN,F,62,No,0,No,No,No,No,No,No,No,No,None
7841-FCRQD,Female,27,Yes,0,NA,No,Yes,No,Yes,No,No,No,Cable
7841-TZDMQ,male,19,No,0,No,No,No,No,No,No,No,Yes,DSL 
7845-URHJN,female,24,Yes,0,Yes,No,No,No,No,No,No,No,None
7850-THJMU,f,40,Yes,2,Yes,No,No,No,No,No,No,No,None
7850-VWJUU,female,37,No,0,No,Yes,No,No,No,No,No,No,Fiber Optic
7851-FLGGQ,Male,49,No,0,No,No,Yes,No,Yes,No,Yes,Yes,cable
7851-WZEKY,f,32,No,0,No,No,No,No,No,Yes,Yes,Yes,Fiber
7852-LECYP,male,79,Yes,0,Yes,Yes,Yes,No,No,No,Yes,Yes,Fiber Optic
7853-GVUDZ,female,55,Yes,1,NA,No,No,No,No,No,No,No,None
7853-OETYL,F,40,Yes,0,Yes,Yes,No,No,No,No,No,No,DSL 
7853-WNZSY,M,58,No,0,NA,No,No,No,No,No,No,No,None
7854-EDSSA,male,46,No,0,NA,Yes,Yes,No,No,No,No,No,Cable
7854-EKTJL,F,31,No,5,No,No,No,No,No,No,No,No,None
7854-FOKSF,male,54,No,0,No,No,No,No,No,No,Yes,Yes,cable
7855-DIWPO,female,60,No,0,NA,No,No,No,No,No,No,No,Fiber Optic
7856-GANIL,m,71,Yes,0,Yes,No,Yes,Yes,Yes,Yes,No,No,Optic
7858-GTZSP,F,33,No,0,No,No,No,No,No,No,Yes,Yes,Fiber Optic
7860-KSUGX,Male,25,Yes,0,Yes,Yes,Yes,Yes,No,No,No,No,cable
7860-UXCRM,M,22,Yes,2,NA,Yes,Yes,Yes,Yes,Yes,No,No,DSL 
7861-UVUFT,F,36,Yes,0,Yes,No,No,Yes,No,Yes,No,No,Cable
7868-BGSZA,male,30,Yes,0,Yes,Yes,No,Yes,No,Yes,Yes,Yes,DSL
7868-TMWMZ,F,69,Yes,0,Yes,Yes,Yes,Yes,Yes,Yes,Yes,No,Fiber
7869-ZYDST,Male,33,Yes,0,Yes,No,No,No,No,Yes,No,No,cable
7872-BAAZR,f,49,NA,1,Yes,No,No,No,No,No,No,No,None
7872-RDDLZ,Female,68,No,0,No,No,Yes,No,No,No,No,No,DSL
7873-CVMAW,M,61,No,0,No,Yes,Yes,Yes,Yes,Yes,Yes,Yes,DSL 
7874-ECPQJ,Female,57,No,2,No,No,No,No,No,No,No,No,None
7876-AEHIG,female,48,No,0,No,Yes,No,Yes,Yes,Yes,Yes,Yes,DSL 
7876-BEUTG,Female,34,No,0,NA,No,No,No,No,No,No,No,DSL 
7876-DNYAP,f,29,Yes,2,Yes,No,No,No,No,No,No,No,None
7878-JGDKK,m,38,No,0,No,No,No,No,No,No,No,No,Cable
7878-RTCZG,f,55,No,0,No,No,No,No,No,No,No,No,None
7879-CGSFV,m,19,No,0,No,Yes,Yes,No,No,Yes,Yes,Yes,Optic
7880-XSOJX,male,50,No,0,NA,Yes,Yes,No,Yes,No,No,No,DSL 
7881-EVUAD,F,49,No,0,NA,Yes,Yes,No,No,No,Yes,Yes,DSL 
7881-INRLC,m,34,No,0,No,No,Yes,No,No,Yes,Yes,Yes,Fiber Optic
7883-ROJOC,f,33,Yes,0,Yes,No,No,No,No,No,No,No,Cable
7890-VYYWG,Male,67,Yes,0,Yes,No,No,No,No,Yes,No,No,DSL 
7892-POOKP,Female,23,Yes,3,Yes,No,No,Yes,Yes,Yes,Yes,Yes,Fiber Optic
7892-QVYKW,f,25,Yes,1,Yes,No,No,No,No,No,Yes,Yes,Fiber
7893-IXHRQ,Male,53,No,0,NA,No,No,No,No,No,No,No,None
7895-VONWT,Female,20,No,0,NA,No,No,Yes,No,Yes,Yes,Yes,cable
7898-PDWQE,m,22,Yes,0,Yes,Yes,Yes,Yes,Yes,No,Yes,Yes,DSL 
7901-HXJVA,m,20,No,0,No,No,No,Yes,No,No,No,No,Optic
7901-IIDQV,male,28,No,0,NA,No,No,No,Yes,No,No,No,Cable
7901-TBKJX,male,76,No,0,No,No,No,Yes,No,Yes,Yes,No,Optic
7903-CMPEY,male,78,Yes,0,Yes,Yes,No,No,No,No,No,No,Optic
7905-NJMXS,Male,68,Yes,0,Yes,Yes,Yes,No,Yes,No,No,No,Cable
7905-TVXTA,Female,63,No,0,No,Yes,No,No,Yes,Yes,No,No,DSL
7908-QCBCA,f,47,Yes,0,Yes,No,No,No,No,No,No,No,Optic
7909-FIOIY,female,21,Yes,1,NA,No,No,No,No,No,No,No,cable
7912-SYRQT,female,35,No,0,No,No,No,No,No,No,No,No,Optic
7916-VCCPB,Female,58,Yes,1,NA,No,Yes,No,No,No,No,No,Fiber Optic
7919-ZODZZ,f,32,Yes,2,NA,No,Yes,Yes,No,No,Yes,Yes,DSL
7921-BEPCI,f,40,No,0,No,Yes,Yes,No,No,No,No,No,DSL 
7921-LMDFQ,m,69,No,0,No,No,No,Yes,No,Yes,Yes,Yes,Optic
7923-IYJWY,m,68,No,0,No,Yes,Yes,Yes,Yes,Yes,Yes,No,Fiber
7924-GJZFI,f,75,Yes,0,Yes,No,No,No,No,No,No,No,Fiber
7925-PNRGI,Female,51,Yes,2,Yes,Yes,Yes,Yes,Yes,Yes,No,No,DSL
7926-IJOOU,m,50,No,0,NA,No,No,No,No,No,No,No,None
7927-AUXBZ,female,45,No,0,NA,No,No,No,Yes,Yes,No,No,Optic
7928-VJYAB,M,44,Yes,1,Yes,No,No,No,No,Yes,Yes,Yes,Fiber
7929-DMBCV,female,45,Yes,0,Yes,No,No,Yes,Yes,No,No,No,Fiber Optic
7929-SKFGK,m,23,Yes,0,Yes,Yes,Yes,Yes,Yes,Yes,Yes,Yes,Optic
7931-PXHFC,Male,46,No,0,No,No,No,Yes,Yes,No,Yes,Yes,Cable
7932-WPTDS,Female,77,Yes,0,Yes,No,No,No,No,No,No,No,DSL 
7938-OUHIO,M,28,No,0,No,No,No,Yes,Yes,Yes,Yes,Yes,Fiber
7940-UQQUG,female,42,Yes,2,Yes,Yes,No,No,Yes,Yes,Yes,Yes,Fiber
7941-RCJOW,M,34,No,0,No,No,No,No,No,No,No,No,None
7943-RQCHR,female,34,No,0,No,No,No,No,No,Yes,Yes,Yes,Optic
7945-HLKEA,female,29,No,0,NA,Yes,No,Yes,Yes,No,No,No,DSL 
7945-PRBVF,Male,47,No,0,No,No,No,No,No,No,No,No,None
7950-XWOVN,m,60,No,0,No,No,Yes,Yes,No,No,No,No,DSL
7951-QKZPL,F,21,Yes,0,Yes,No,No,No,No,No,No,No,None
7951-VRDVK,female,26,No,0,No,Yes,Yes,Yes,Yes,Yes,Yes,Yes,Cable
7952-OBOYL,m,24,No,0,NA,No,No,Yes,Yes,Yes,No,Yes,Fiber Optic
7954-MLBUN,male,41,No,0,No,No,No,Yes,Yes,Yes,Yes,Yes,Optic
7956-XQWGU,M,43,No,0,No,No,No,No,No,No,No,No,None
7957-RYHQD,f,65,No,0,No,Yes,Yes,No,No,No,No,No,Optic
7963-GQRMY,Female,19,Yes,0,NA,No,No,No,No,No,No,Yes,DSL 
7963-SHNDT,f,63,No,0,No,Yes,Yes,No,Yes,No,No,No,DSL
7964-VEXDG,m,61,No,2,No,Yes,No,No,No,No,No,No,Fiber Optic
7964-YESJC,female,21,Yes,0,Yes,Yes,Yes,Yes,No,No,No,No,DSL 
7964-ZRKKG,m,44,Yes,0,Yes,No,Yes,No,No,Yes,No,No,Optic
7966-YOTQW,male,29,No,0,NA,Yes,No,No,No,No,No,No,DSL 
7967-HYCDE,Male,26,No,0,NA,No,No,No,No,No,No,Yes,Fiber Optic
7968-QUXNS,male,24,No,0,No,No,No,No,No,No,No,No,None
7969-AULMZ,Female,63,No,0,NA,No,No,No,No,Yes,Yes,Yes,Fiber Optic
7969-FFOWG,male,30,Yes,0,Yes,No,No,No,No,No,No,No,None
7971-HLVXI,male,62,Yes,2,Yes,No,No,No,No,No,Yes,Yes,Fiber
7973-DZRKH,Female,20,No,1,No,Yes,No,Yes,Yes,No,No,No,Fiber
7975-JMZNT,m,19,Yes,0,Yes,Yes,Yes,Yes,Yes,Yes,Yes,Yes,DSL
7975-TZMLR,M,37,No,0,No,No,Yes,Yes,No,Yes,Yes,Yes,Fiber
7976-CICYS,male,49,No,0,No,No,No,No,No,No,No,No,None
7977-HXJKU,m,45,No,2,NA,No,No,No,No,No,No,No,None
7978-DKUQH,f,26,Yes,0,Yes,No,No,Yes,No,No,No,No,Optic
7979-CORPM,male,40,No,0,No,No,Yes,No,No,Yes,No,No,Fiber
7980-MHFLQ,female,42,NA,3,Yes,No,No,No,No,No,No,No,None
7982-VCELR,F,20,No,0,No,No,Yes,No,No,Yes,Yes,Yes,Fiber
7989-AWGEH,Male,24,Yes,2,Yes,Yes,No,No,No,No,Yes,Yes,DSL 
7989-CHGTL,m,52,No,0,No,No,No,No,No,No,No,No,None
7989-VCQOH,m,29,Yes,1,Yes,Yes,No,Yes,Yes,Yes,Yes,Yes,DSL 
7993-NQLJE,M,39,Yes,1,Yes,Yes,No,No,No,No,No,No,Fiber
7993-PYKOF,M,20,Yes,0,Yes,Yes,No,No,No,No,No,Yes,Optic
7994-UYIVZ,male,62,Yes,0,Yes,No,No,No,No,No,Yes,Yes,Fiber Optic
7994-XIRTR,m,79,No,0,NA,No,No,Yes,Yes,No,Yes,No,DSL 
7995-ZHHNZ,male,56,Yes,0,NA,Yes,No,No,No,No,No,No,DSL 
7996-BPXHY,F,44,Yes,3,NA,No,No,No,No,No,No,No,None
7996-MHXLW,female,51,No,0,No,No,No,No,No,No,No,No,None
7997-EASSD,f,56,Yes,0,Yes,No,No,No,Yes,No,No,No,Optic
7998-WNZEM,M,51,No,0,No,Yes,Yes,Yes,Yes,No,Yes,Yes,DSL 
7998-ZLXWN,female,21,Yes,0,Yes,No,No,No,No,No,No,No,None
8000-REIQB,F,73,No,0,No,No,No,No,No,No,No,No,Fiber Optic
8003-EWNDZ,Female,52,No,0,No,No,No,No,No,No,No,No,None
8006-PYCSW,Female,60,No,0,No,No,No,No,No,No,No,No,None
8007-YYPWD,F,52,No,0,No,No,No,No,No,No,No,No,None
8008-ESFLK,Female,43,Yes,0,Yes,Yes,Yes,Yes,Yes,Yes,Yes,Yes,Fiber Optic
8008-HAWED,M,38,No,0,NA,No,No,Yes,No,Yes,Yes,Yes,cable
8008-OTEZX,f,30,Yes,2,Yes,No,No,No,No,No,No,No,None
8010-EZLOU,male,75,No,0,No,No,Yes,No,No,No,No,No,Fiber
8012-SOUDQ,F,65,No,0,No,No,Yes,No,No,Yes,No,No,Fiber Optic
8015-IHCGW,f,53,Yes,1,Yes,Yes,Yes,Yes,Yes,Yes,Yes,Yes,Optic
8016-NCFVO,Male,70,No,0,No,Yes,Yes,Yes,Yes,Yes,Yes,No,Optic
8016-ZMGMO,female,73,Yes,0,Yes,No,Yes,Yes,No,Yes,No,No,cable
8017-LXHFA,Female,77,No,0,NA,No,Yes,No,No,Yes,Yes,No,Fiber
8017-UVSZU,f,62,Yes,0,Yes,No,Yes,No,No,No,No,No,DSL
8019-ENHXU,Male,50,Yes,0,Yes,No,Yes,Yes,Yes,No,Yes,Yes,Fiber Optic
8020-BWHYL,F,70,No,0,No,No,Yes,No,No,No,No,No,Fiber Optic
8022-BECSI,male,62,No,0,NA,No,No,No,No,No,No,No,None
8023-QHAIO,f,72,Yes,0,Yes,No,No,No,Yes,No,No,No,Optic
8024-XNAFQ,f,66,No,0,NA,Yes,Yes,Yes,Yes,No,Yes,Yes,Optic
8028-PNXHQ,M,40,Yes,0,NA,No,No,No,No,No,No,No,None
8029-XYPWT,Male,72,Yes,0,Yes,Yes,Yes,Yes,Yes,Yes,Yes,No,Fiber
8033-ATFAS,f,32,Yes,2,Yes,No,No,Yes,No,Yes,No,No,cable
8033-VCZGH,Male,27,Yes,0,NA,Yes,No,Yes,No,Yes,Yes,Yes,Optic
8034-RYTVV,Female,19,No,0,No,Yes,No,Yes,No,No,No,No,Fiber
8035-BUYVG,M,39,Yes,0,Yes,Yes,Yes,Yes,No,No,No,No,DSL
8035-PWSEV,f,60,No,0,No,No,No,Yes,Yes,No,Yes,Yes,Optic
8039-ACLPL,F,29,Yes,0,Yes,Yes,Yes,Yes,No,No,Yes,Yes,DSL
8039-EQPIM,m,22,Yes,0,Yes,Yes,No,Yes,Yes,Yes,Yes,Yes,DSL
8040-MNRTF,F,47,No,0,No,No,No,No,No,No,No,No,Fiber Optic
8041-TMEID,m,73,Yes,0,Yes,Yes,Yes,Yes,No,Yes,Yes,Yes,Fiber
8042-JVNFH,male,23,No,0,No,No,No,No,No,No,No,Yes,Fiber
8042-RNLKO,M,40,No,0,No,No,No,No,No,No,No,No,None
8043-PNYSD,m,48,Yes,2,Yes,No,No,No,No,No,No,No,None
8044-BGWPI,m,50,Yes,2,Yes,No,No,No,No,No,No,No,None
8046-DNVTL,male,56,Yes,0,Yes,Yes,Yes,No,Yes,No,No,No,Cable
8048-DSDFQ,male,63,No,0,No,No,No,No,No,No,No,No,None
8049-WJCLQ,Male,50,Yes,2,NA,No,No,Yes,No,Yes,No,No,DSL 
8050-DVOJX,m,67,No,0,No,Yes,Yes,Yes,Yes,No,Yes,Yes,Cable
8050-WYBND,female,55,No,2,No,No,No,Yes,No,Yes,Yes,Yes,DSL
8050-XGRVL,Female,22,Yes,3,NA,Yes,No,Yes,No,No,No,No,DSL
8051-HJRLT,f,72,No,0,No,No,No,No,No,No,No,No,Fiber Optic
8053-WWDRO,F,62,Yes,0,Yes,No,No,No,No,No,No,No,None
8058-DMYRU,male,69,No,0,No,No,Yes,No,No,No,Yes,No,Optic
8058-INTPH,F,57,NA,0,No,No,No,No,No,Yes,No,No,Fiber Optic
8058-JMEQO,F,76,No,0,No,No,No,No,No,No,Yes,No,Fiber Optic
8059-UDZFY,Female,73,No,2,No,No,Yes,Yes,No,Yes,Yes,No,Fiber
8060-HIWJJ,male,35,No,0,No,No,Yes,Yes,Yes,Yes,Yes,Yes,DSL
8062-YBDOE,m,70,No,0,No,No,No,No,No,No,No,No,Fiber
8063-GBATB,f,74,No,0,No,No,No,No,No,No,Yes,Yes,Optic
8063-RJYNF,male,27,No,0,NA,Yes,No,No,No,Yes,Yes,Yes,Fiber
8064-RAVOH,m,44,No,3,NA,No,No,Yes,No,No,No,No,DSL
8065-BVEPF,Male,80,No,0,No,No,Yes,Yes,No,Yes,Yes,Yes,Fiber Optic
8065-QBYTO,Female,68,No,0,No,Yes,Yes,No,Yes,Yes,No,No,Fiber
8065-YKXKD,f,39,No,0,No,No,No,No,No,No,No,No,Fiber
8066-POXGX,F,28,No,0,No,No,No,No,No,No,Yes,Yes,Cable
8067-NIOYM,F,51,Yes,3,NA,No,No,No,No,No,No,No,None
8069-RHUXK,f,55,Yes,0,Yes,Yes,No,No,Yes,No,No,No,cable
8069-YQQAJ,Male,63,No,0,No,No,Yes,No,No,No,No,No,Cable
8070-AAWZP,m,68,Yes,0,Yes,No,No,Yes,Yes,No,No,No,cable
8071-SBTRN,f,63,No,0,NA,Yes,Yes,Yes,No,Yes,Yes,Yes,Fiber Optic
8073-IJDCM,F,44,No,0,No,No,No,No,No,No,No,No,None
8075-GXIUB,M,79,Yes,0,Yes,No,No,No,No,No,No,No,None
8076-FEZKJ,male,58,No,0,No,No,No,No,No,No,No,No,None
8079-XRJRS,male,39,Yes,0,Yes,Yes,Yes,Yes,No,No,No,No,Fiber Optic
8080-DDEMJ,male,71,No,0,NA,No,No,No,No,No,No,No,cable
8080-POTJR,f,59,No,0,No,Yes,No,Yes,No,Yes,Yes,Yes,DSL 
8082-GHXOP,male,20,No,1,NA,No,No,No,No,No,No,Yes,DSL
8083-YTZES,m,52,No,0,No,No,No,No,No,No,No,No,Fiber
8084-OIVBS,F,31,No,0,No,No,No,No,No,No,No,No,None
8085-MSNLK,F,21,Yes,0,Yes,Yes,Yes,Yes,Yes,Yes,Yes,Yes,Fiber Optic
8086-OVPWV,m,58,No,0,NA,No,No,No,No,No,Yes,Yes,Fiber Optic
8087-LGYHQ,M,40,No,0,NA,No,No,Yes,No,Yes,Yes,Yes,Fiber Optic
8089-UZWLX,female,75,No,0,No,No,No,Yes,No,Yes,Yes,No,Fiber Optic
8091-TTVAX,M,39,Yes,0,Yes,No,No,Yes,No,Yes,Yes,Yes,Fiber Optic
8092-NLTGF,male,25,No,0,No,No,No,No,No,No,No,No,None
8095-WANWK,Female,46,No,0,No,No,No,No,No,No,No,No,DSL 
8096-LOIST,F,57,No,0,No,No,No,No,No,No,Yes,Yes,cable
8097-OMULG,Male,63,Yes,2,NA,No,Yes,Yes,Yes,Yes,Yes,Yes,DSL 
8097-VBQTZ,m,61,No,0,No,Yes,Yes,No,Yes,Yes,No,No,cable
8098-LLAZX,F,74,No,0,No,No,No,No,No,Yes,Yes,No,Optic
8098-TDCBU,F,55,Yes,0,Yes,No,No,No,No,No,No,No,None
8099-MZPUJ,M,49,Yes,2,Yes,Yes,Yes,Yes,Yes,Yes,Yes,Yes,Fiber
8100-HZZLJ,female,26,No,1,NA,Yes,Yes,No,No,No,Yes,Yes,Cable
8100-PNJMH,male,39,Yes,0,NA,Yes,Yes,Yes,Yes,Yes,Yes,Yes,cable
8104-OSKWT,F,61,No,0,No,Yes,No,No,No,No,No,No,Fiber Optic
8106-GWQOK,m,47,Yes,0,NA,Yes,Yes,No,Yes,Yes,Yes,Yes,cable
8107-KNCIM,Male,73,Yes,0,Yes,No,No,No,No,No,No,No,Optic
8107-RZLNV,M,22,Yes,0,NA,No,Yes,Yes,No,Yes,Yes,Yes,Fiber
8108-UXRQN,Female,23,Yes,1,NA,Yes,No,No,No,Yes,Yes,Yes,cable
8109-YUOHE,M,58,No,0,No,Yes,Yes,No,No,No,No,No,Cable
8111-BKVDS,female,31,No,0,No,Yes,Yes,Yes,No,No,No,No,DSL 
8111-RKSPX,male,20,No,0,No,No,No,No,No,No,No,Yes,Fiber Optic
8111-SLLHI,m,65,Yes,0,Yes,No,Yes,Yes,No,Yes,Yes,Yes,Fiber Optic
8118-LSUEL,male,74,No,0,NA,No,Yes,Yes,No,Yes,Yes,No,Fiber
8118-TJAFG,male,33,Yes,1,Yes,No,Yes,No,Yes,Yes,Yes,Yes,Fiber
8120-JDCAM,M,42,Yes,1,NA,No,No,No,No,No,No,No,Fiber
8123-QBNAZ,Female,39,Yes,1,Yes,Yes,No,Yes,No,Yes,Yes,Yes,Optic
8124-NZVGJ,female,29,No,0,No,No,No,No,Yes,Yes,Yes,Yes,cable
8125-QPFJD,f,36,Yes,0,Yes,Yes,No,Yes,Yes,Yes,Yes,Yes,DSL 
8128-YVJRG,female,61,No,0,NA,Yes,No,No,No,No,No,No,Fiber Optic
8129-GMVGI,F,58,Yes,3,Yes,No,No,No,No,No,No,No,None
8132-YPVBX,Female,28,No,0,No,No,Yes,No,No,No,Yes,Yes,Fiber
8133-ANHHJ,F,77,No,0,No,Yes,Yes,Yes,Yes,No,Yes,Yes,Fiber Optic
8138-EALND,M,35,No,0,NA,No,No,No,No,No,No,No,None
8143-ETQTI,F,24,Yes,3,NA,No,No,No,No,No,No,No,None
8144-DGHXP,Female,46,No,0,No,Yes,No,Yes,Yes,Yes,Yes,Yes,DSL
8146-QQKZH,Female,25,Yes,0,NA,Yes,No,Yes,Yes,Yes,Yes,Yes,DSL
8148-BPLZQ,M,34,No,0,No,No,Yes,No,No,No,No,No,cable
8148-NLEGT,F,47,Yes,3,Yes,No,No,No,No,No,No,No,None
8148-WOCMK,m,54,Yes,3,Yes,No,No,No,No,No,No,No,None
8149-AIQCG,male,43,No,0,No,No,No,No,No,No,No,No,Fiber Optic
8149-RSOUN,female,49,No,0,No,No,No,No,No,Yes,Yes,Yes,Fiber
8150-QUDFX,male,27,No,0,NA,No,No,No,No,No,No,No,None
8152-UOBNY,f,66,No,0,No,No,Yes,No,Yes,Yes,Yes,No,Fiber
8152-VETUR,f,26,Yes,0,Yes,No,Yes,No,No,Yes,Yes,Yes,Optic
8155-IBNHG,Female,55,Yes,0,NA,No,No,No,No,No,No,No,Optic
8158-WPEZG,Male,20,No,0,No,No,Yes,No,Yes,No,No,No,DSL 
8160-HOWOX,f,30,No,0,No,No,No,No,No,Yes,Yes,Yes,DSL
8161-QYMTT,male,55,No,0,No,No,No,No,No,Yes,Yes,Yes,Fiber Optic
8164-OCKUJ,f,45,Yes,2,Yes,No,No,No,No,No,No,No,None
8165-CBKXO,m,35,Yes,3,Yes,No,Yes,Yes,No,Yes,Yes,Yes,cable
8165-ZJRNM,f,62,Yes,1,NA,No,No,No,No,No,No,No,None
8166-ORCHU,Male,73,Yes,0,Yes,Yes,Yes,No,Yes,No,Yes,No,Optic
8166-ZZTFS,female,74,Yes,0,NA,No,Yes,Yes,No,Yes,Yes,No,Cable
8167-GJLRN,male,19,No,0,No,No,No,No,Yes,No,No,No,DSL 
8168-UQWWF,f,48,No,2,No,No,No,Yes,No,Yes,Yes,Yes,Cable
8169-SAEJD,M,79,Yes,0,NA,Yes,Yes,No,No,Yes,Yes,Yes,DSL
8173-RXAYP,f,51,Yes,1,Yes,No,No,No,No,No,No,No,None
8174-LNWMW,female,52,No,0,No,No,No,No,No,No,No,No,None
8174-TBVCF,f,30,Yes,0,Yes,Yes,Yes,Yes,Yes,Yes,Yes,Yes,DSL 
8178-EYZUO,Male,48,No,0,NA,Yes,Yes,No,No,No,Yes,Yes,Fiber
8180-AKMJV,female,27,No,0,NA,No,No,No,No,No,No,No,Cable
8181-YHCMF,f,44,Yes,0,Yes,No,Yes,Yes,Yes,Yes,Yes,Yes,DSL
8182-BJDSI,f,56,No,0,NA,No,Yes,No,No,No,Yes,Yes,Fiber
8182-PNAGI,Male,50,No,0,No,No,No,No,Yes,No,No,No,DSL
8183-ONMXC,f,41,No,0,NA,No,No,No,No,No,Yes,Yes,Fiber
8184-WMOFI,Male,47,Yes,0,Yes,Yes,No,Yes,Yes,No,Yes,Yes,DSL 
8185-UPYBR,m,33,Yes,0,Yes,No,No,No,No,No,No,No,Optic
8189-DUKMV,Female,52,Yes,0,NA,No,No,No,No,No,No,No,None
8189-HBVRW,F,50,NA,0,No,Yes,Yes,Yes,No,No,No,No,Fiber Optic
8189-XRIKE,Female,80,No,0,No,No,No,No,No,Yes,Yes,No,Fiber
8190-ZTQFB,M,50,No,0,NA,No,No,Yes,No,Yes,Yes,Yes,Cable
8191-XWSZG,f,57,No,0,No,No,No,No,No,No,No,No,None
8194-PEEBY,F,38,Yes,3,Yes,No,No,No,No,No,No,No,None
8197-BFWVU,female,62,Yes,0,Yes,Yes,Yes,Yes,Yes,Yes,Yes,Yes,cable
8198-RKSZG,female,43,Yes,3,NA,No,Yes,No,Yes,Yes,Yes,Yes,DSL 
8199-ZLLSA,M,53,No,0,No,Yes,Yes,Yes,Yes,Yes,Yes,Yes,Fiber Optic
8200-KLNYW,F,55,Yes,0,Yes,Yes,No,Yes,Yes,Yes,Yes,Yes,DSL 
8200-LGKSR,male,47,Yes,0,Yes,Yes,No,Yes,Yes,Yes,Yes,Yes,DSL 
8201-AAXCB,male,55,Yes,3,Yes,No,No,No,No,Yes,No,No,cable
8203-XJZRC,m,44,No,0,No,No,No,No,No,No,No,No,None
8204-TIFGJ,Female,38,No,0,NA,No,No,No,No,No,No,No,None
8204-YJCLA,male,78,Yes,0,Yes,Yes,Yes,Yes,Yes,Yes,Yes,No,DSL 
8205-MQUGY,male,39,Yes,3,Yes,Yes,No,No,No,No,No,No,Cable
8205-OTCHB,m,51,No,0,No,No,Yes,Yes,No,No,Yes,Yes,DSL
8205-VSLRB,m,22,Yes,0,Yes,Yes,No,Yes,Yes,No,Yes,Yes,cable
8207-DMRVL,M,47,Yes,3,Yes,Yes,Yes,Yes,Yes,Yes,Yes,Yes,Fiber
8207-VVMYB,Female,44,Yes,0,Yes,No,No,No,No,No,No,No,None
8208-EUMTE,male,45,No,0,No,Yes,Yes,Yes,Yes,Yes,No,No,DSL 
8212-CRQXP,f,20,Yes,0,NA,No,No,No,No,Yes,No,No,Fiber
8212-DJRCH,Male,33,Yes,1,Yes,Yes,No,Yes,No,No,Yes,Yes,Fiber
8213-TAZPM,Female,45,Yes,1,NA,No,Yes,Yes,Yes,Yes,Yes,Yes,Optic
8215-NGSPE,female,63,Yes,1,Yes,No,No,No,No,No,No,No,None
8216-AZUUZ,Female,42,Yes,3,NA,No,No,Yes,Yes,Yes,Yes,Yes,Fiber
8217-QYOHV,M,27,No,0,NA,Yes,No,No,Yes,No,No,Yes,Cable
8218-FFJDS,female,21,Yes,0,Yes,Yes,Yes,No,Yes,Yes,Yes,Yes,DSL
8219-VYBVI,M,52,No,3,No,No,No,No,No,No,No,No,None
8220-OCUFY,F,30,No,0,NA,Yes,No,Yes,Yes,No,No,No,DSL
8221-EQDGL,m,27,Yes,0,NA,Yes,Yes,Yes,No,No,No,No,DSL 
8221-HVAYI,m,60,Yes,0,Yes,Yes,Yes,Yes,Yes,No,No,No,Cable
8224-DWCKX,m,78,No,0,No,No,No,No,No,No,No,No,Fiber Optic
8224-IVVPA,Female,35,No,0,No,Yes,Yes,No,No,No,No,No,DSL
8224-KDLKN,M,22,Yes,2,Yes,No,No,No,No,No,No,No,None
8224-UAXBZ,Female,55,Yes,0,Yes,Yes,Yes,No,No,Yes,No,No,DSL
8225-BTJAU,m,75,No,0,NA,No,No,No,No,No,Yes,No,Optic
8226-BXGES,M,30,Yes,0,Yes,Yes,Yes,Yes,No,No,No,No,Fiber
8229-BUJHX,f,60,Yes,1,Yes,No,No,No,No,No,No,No,None
8229-MYEJZ,female,44,No,0,No,No,Yes,No,No,No,No,No,DSL 
8229-TNIQA,f,36,No,0,NA,No,No,No,No,No,No,No,cable
8231-BSWXX,Male,44,No,0,No,No,Yes,No,No,No,No,No,Optic
8232-CTLKO,F,58,Yes,2,Yes,Yes,No,No,No,Yes,No,No,DSL
8232-UTFOZ,Male,24,No,0,NA,No,No,No,No,No,No,No,None
8234-GSZYK,Male,39,No,0,No,No,No,No,No,No,No,No,None
8237-ULIXL,female,21,Yes,0,Yes,No,No,No,No,No,No,No,None
8241-JUIQO,f,24,No,0,NA,No,No,No,No,No,No,No,None
8242-JSVBO,m,22,No,0,No,No,No,No,No,No,No,No,DSL
8242-PDSGJ,m,47,Yes,0,Yes,Yes,No,Yes,Yes,No,No,No,DSL 
8242-SOQUO,Female,73,No,0,NA,No,Yes,No,No,Yes,No,No,Fiber Optic
8245-UMPYT,F,66,No,0,No,No,No,No,No,Yes,Yes,No,Optic
8246-SHFGA,m,24,No,0,No,No,No,No,No,No,No,No,None
8249-THVEC,m,38,Yes,3,Yes,No,No,No,No,No,No,No,None
8250-ZNGGW,f,79,No,0,NA,Yes,Yes,No,Yes,No,No,No,DSL
8257-RZAHR,Female,51,Yes,0,Yes,Yes,No,No,No,Yes,No,No,DSL 
8258-GSTJK,m,74,No,0,No,No,No,No,No,No,No,No,Optic
8259-DZLIZ,F,53,NA,2,Yes,No,Yes,No,No,No,No,No,DSL
8259-NFJTV,Female,37,Yes,1,Yes,Yes,No,No,Yes,No,No,No,Cable
8260-NGFNY,female,29,No,0,No,No,No,No,No,No,No,Yes,DSL
8261-GWDBQ,f,70,Yes,0,NA,Yes,Yes,Yes,Yes,Yes,Yes,No,Optic
8262-COGGB,Male,53,No,0,NA,No,No,No,No,No,No,No,None
8263-JQAIK,Male,66,No,0,NA,No,No,No,No,No,No,No,DSL 
8263-OKETD,F,44,No,0,No,No,Yes,No,Yes,No,Yes,Yes,Cable
8263-QMNTJ,Male,46,Yes,0,NA,Yes,Yes,Yes,Yes,Yes,Yes,Yes,Fiber Optic
8265-HKSOW,female,35,Yes,2,Yes,Yes,Yes,Yes,Yes,No,Yes,Yes,Optic
8266-VBFQL,male,55,No,0,No,No,No,Yes,Yes,No,Yes,Yes,Fiber
8267-KFGYD,Male,53,No,1,No,No,No,No,No,No,No,No,None
8267-ZNYVZ,F,47,Yes,0,Yes,Yes,No,Yes,Yes,Yes,Yes,Yes,Optic
8268-YDIXR,M,45,Yes,0,Yes,Yes,Yes,Yes,No,No,No,No,Fiber
8270-RKSAP,Male,30,No,0,No,No,No,No,No,No,No,No,Fiber
8272-ONJLV,Male,57,No,0,No,No,No,Yes,No,Yes,Yes,Yes,Fiber Optic
8276-MQBYC,m,70,No,0,No,No,No,Yes,No,Yes,Yes,No,Fiber Optic
8277-RVRSV,F,22,Yes,1,NA,No,No,No,No,No,No,No,None
8280-MQRQN,Female,39,No,0,No,No,No,Yes,No,No,No,No,Cable
8285-ABVLB,F,34,Yes,0,Yes,No,No,No,No,No,No,No,None
8286-AFUYI,Male,33,No,0,No,Yes,No,No,No,No,No,No,DSL
8290-YWKHZ,f,69,Yes,0,Yes,No,No,No,No,Yes,Yes,No,Optic
8292-FRFZQ,f,19,No,0,No,Yes,Yes,No,Yes,No,No,No,DSL 
8292-ITGYJ,female,48,Yes,1,Yes,No,No,No,No,No,No,No,None
8292-TYSPY,male,55,No,0,NA,No,No,Yes,Yes,No,No,No,cable
8294-UIMBA,Female,64,No,0,No,No,No,No,Yes,Yes,Yes,Yes,Fiber
8295-FHIVV,m,63,No,0,NA,No,No,No,No,No,No,No,None
8295-KMENE,F,33,Yes,1,Yes,Yes,No,Yes,Yes,Yes,No,No,DSL
8305-VHZBZ,m,55,No,0,NA,No,No,No,No,No,No,No,None
8309-IEYJD,Female,73,No,0,No,No,No,No,No,No,No,No,Optic
8309-PPCED,female,33,Yes,0,NA,No,Yes,Yes,Yes,Yes,Yes,Yes,Optic
8311-UEUAB,F,24,Yes,0,NA,Yes,No,No,No,Yes,Yes,Yes,DSL 
8313-AFGBW,male,55,Yes,0,Yes,No,Yes,Yes,No,Yes,Yes,Yes,DSL
8313-KTIHG,M,54,No,0,No,No,No,No,Yes,Yes,No,No,DSL 
8313-NDOIA,f,48,No,0,No,No,Yes,Yes,No,Yes,Yes,Yes,Fiber Optic
8314-DPQHL,m,61,No,0,NA,Yes,No,Yes,Yes,No,Yes,Yes,DSL
8314-HTWVE,f,38,Yes,1,Yes,No,No,No,No,No,No,No,None
8316-BBQAY,f,45,No,0,NA,Yes,No,Yes,Yes,Yes,Yes,Yes,Cable
8317-BVKSO,male,27,No,0,No,No,No,No,No,No,No,No,None
8318-LCNBW,male,53,Yes,0,Yes,Yes,No,Yes,No,Yes,Yes,Yes,DSL
8319-QBEHW,male,32,No,3,No,No,Yes,No,No,Yes,No,No,Cable
8325-QRPZR,f,56,No,0,No,No,No,Yes,No,No,No,No,Fiber
8327-LZKAS,F,80,Yes,0,Yes,No,No,Yes,Yes,Yes,Yes,No,Cable
8327-WKMIE,Male,36,No,0,No,No,No,No,No,No,No,No,None
8328-SKJNO,Male,61,No,1,No,Yes,Yes,No,Yes,No,No,No,DSL 
8329-GWVPJ,female,39,Yes,3,Yes,No,No,No,No,No,No,No,Optic
8329-IBCTI,F,50,No,0,NA,No,No,No,No,No,No,No,None
8329-UTMVM,Male,76,No,0,No,No,Yes,No,Yes,Yes,Yes,No,Fiber Optic
8331-ZXFOE,Female,56,No,0,No,Yes,Yes,Yes,Yes,No,No,No,cable
8332-OSJDW,male,54,Yes,0,Yes,No,No,No,No,No,No,No,None
8336-TAVKX,female,68,Yes,0,Yes,Yes,Yes,Yes,Yes,No,Yes,Yes,DSL 
8337-MSSXB,F,64,No,0,No,No,Yes,No,No,No,Yes,Yes,Fiber Optic
8337-UPOAQ,M,71,Yes,0,Yes,No,No,Yes,No,No,Yes,No,Optic
8338-QIUNR,Male,23,Yes,0,Yes,Yes,No,Yes,Yes,No,No,No,DSL 
8344-WFMFH,Male,34,NA,2,No,No,Yes,No,No,No,No,No,cable
8345-MVDYC,Female,57,No,0,No,Yes,No,Yes,Yes,Yes,Yes,Yes,DSL
8347-GDTMP,Female,25,Yes,0,Yes,No,No,No,No,No,No,No,None
8348-HFYIV,M,21,No,0,No,No,No,Yes,No,Yes,Yes,Yes,DSL 
8348-JLBUG,M,77,Yes,0,Yes,Yes,No,Yes,No,No,No,No,Fiber Optic
8350-NYMVI,f,35,No,0,No,No,Yes,Yes,Yes,No,No,No,DSL 
8356-WUAOJ,f,25,Yes,0,NA,No,No,No,No,No,No,No,DSL
8357-EQXFO,Female,46,No,0,No,No,No,Yes,No,Yes,Yes,Yes,Optic
8361-LBRDI,F,31,No,0,NA,No,No,No,No,No,No,No,None
8361-LTMKD,Male,75,Yes,0,Yes,No,No,No,No,No,No,No,Optic
8364-TRMMK,female,51,No,0,No,No,No,No,No,No,No,No,Cable
8372-JUXUI,male,32,No,0,No,No,No,No,No,No,No,No,Optic
8374-UULRV,m,22,No,0,No,Yes,Yes,No,Yes,Yes,Yes,Yes,DSL 
8374-XGEJJ,Male,68,Yes,0,Yes,No,Yes,No,No,Yes,Yes,No,Fiber
8375-DKEBR,F,72,No,0,No,No,No,No,No,No,No,No,Optic
8375-KVTHK,male,43,Yes,0,NA,No,Yes,No,Yes,Yes,Yes,Yes,Fiber
8378-LKJAF,male,34,Yes,1,Yes,No,No,Yes,No,Yes,Yes,Yes,Fiber Optic
8380-MQINP,F,62,Yes,1,Yes,No,No,No,No,No,No,No,None
8380-PEFPE,Male,60,No,0,No,No,No,No,No,No,No,No,Fiber
8382-SHQEH,female,58,Yes,0,Yes,No,No,No,No,No,Yes,Yes,Fiber Optic
8383-SGHJU,f,41,No,0,No,Yes,No,No,Yes,No,No,No,cable
8384-FZBJK,Female,37,Yes,3,Yes,No,Yes,No,No,Yes,Yes,Yes,Fiber Optic
8387-MOJJT,female,53,Yes,0,Yes,No,No,No,No,Yes,No,No,Optic
8387-UGUSU,f,57,Yes,1,Yes,No,No,No,No,No,No,No,None
8388-DMKAE,F,41,No,0,No,No,No,No,No,No,No,No,None
8388-FYNPZ,M,26,No,0,No,Yes,No,Yes,No,No,No,No,DSL 
8390-FESFV,f,60,No,0,No,No,Yes,Yes,Yes,Yes,Yes,Yes,DSL
8393-DLHGA,M,55,No,0,NA,No,Yes,No,No,Yes,Yes,Yes,Optic
8393-JMVMB,m,34,No,0,No,No,No,No,No,No,No,No,None
8395-ETZKQ,male,73,Yes,1,Yes,No,No,No,No,No,No,No,None
8397-MVTAZ,M,22,Yes,0,Yes,No,No,Yes,No,Yes,Yes,Yes,Fiber Optic
8398-TBIYD,female,45,No,0,NA,Yes,No,No,Yes,No,No,No,Optic
8399-YNDCH,M,80,No,0,No,No,No,Yes,No,Yes,No,No,DSL
8400-WZICQ,Female,49,Yes,2,NA,Yes,Yes,No,No,No,No,No,DSL
8401-EMUWF,M,64,Yes,1,Yes,Yes,Yes,No,No,Yes,No,No,Cable
8402-EIVQS,Male,40,Yes,0,Yes,Yes,Yes,No,No,Yes,Yes,Yes,Fiber Optic
8402-OOOHJ,female,53,No,0,NA,No,No,No,No,No,No,No,None
8404-FYDIB,male,19,No,0,No,Yes,Yes,No,No,No,No,No,Fiber
8404-GFGCZ,M,49,Yes,0,Yes,No,No,Yes,No,Yes,No,No,DSL
8404-VIOMB,f,52,No,0,No,Yes,Yes,Yes,Yes,Yes,Yes,Yes,DSL 
8404-VLQFB,female,21,Yes,1,NA,No,No,No,No,No,No,No,None
8405-IGQFX,female,41,No,0,No,No,No,Yes,Yes,Yes,No,No,Optic
8406-LNMHF,male,75,Yes,0,Yes,Yes,Yes,Yes,No,No,No,No,Optic
8409-WQJUX,female,37,No,0,No,No,No,Yes,Yes,Yes,Yes,Yes,Cable
8410-BGQXN,male,26,No,0,No,No,No,No,No,No,No,No,None
8413-VONUO,male,34,No,0,No,No,Yes,No,No,Yes,Yes,Yes,Fiber
8413-YNHNV,m,42,No,0,NA,Yes,Yes,Yes,Yes,Yes,Yes,Yes,DSL 
8414-MYSHR,male,79,No,0,No,No,No,No,No,Yes,Yes,No,Optic
8414-OOEEL,m,48,No,2,NA,No,Yes,Yes,Yes,Yes,Yes,Yes,DSL
8417-FMLZI,M,47,Yes,0,NA,No,Yes,No,No,No,Yes,Yes,Fiber Optic
8417-GSODA,male,37,Yes,3,Yes,No,No,No,No,Yes,Yes,Yes,Fiber Optic
8421-WZOOW,female,75,Yes,1,Yes,No,Yes,Yes,Yes,Yes,No,No,Optic
8429-XIBUM,M,44,No,0,No,Yes,No,No,No,Yes,Yes,Yes,Fiber
8430-TWCBX,F,62,Yes,0,NA,No,No,No,No,No,No,No,None
8433-WPJTV,F,76,Yes,3,NA,No,No,Yes,Yes,Yes,Yes,No,Optic
8433-WXGNA,m,55,No,0,No,Yes,No,No,No,No,No,No,cable
8434-PNQZX,F,56,No,0,No,No,No,Yes,Yes,Yes,Yes,Yes,DSL 
8434-VGEQQ,m,24,Yes,0,Yes,No,No,No,No,No,No,No,None
8436-BJUMM,male,62,Yes,0,NA,No,No,No,No,Yes,No,No,cable
8439-LTUGF,M,51,No,0,No,No,No,No,No,No,No,No,None
8441-SHIPE,f,53,No,0,No,No,No,No,No,No,No,No,None
8443-WVPSS,M,58,Yes,0,Yes,No,Yes,No,Yes,Yes,Yes,Yes,Fiber
8443-ZRDBZ,male,62,No,0,No,No,No,No,No,No,No,No,Optic
8444-WRIDW,f,72,No,0,No,No,Yes,No,No,No,No,No,Fiber Optic
8445-DNBAE,Male,24,No,3,No,No,No,No,No,No,No,No,DSL
8450-JOVAH,Male,62,Yes,3,NA,Yes,No,No,No,No,No,No,DSL
8450-LUGUK,Female,40,Yes,1,Yes,No,No,No,No,No,No,No,None
8450-UYIBU,F,77,No,0,No,No,No,Yes,No,Yes,No,No,cable
8454-AATJP,Female,41,No,0,No,Yes,Yes,Yes,Yes,Yes,Yes,Yes,Fiber Optic
8455-HIRAQ,f,56,No,0,No,No,No,No,No,No,No,No,DSL 
8456-QDAVC,male,57,No,0,NA,No,No,No,No,Yes,No,No,Fiber
8457-XIGKN,M,46,No,0,No,No,No,No,No,No,No,No,None
8461-EFQYM,f,36,No,0,No,No,No,No,No,No,No,No,None
8464-EETCQ,M,45,No,0,NA,No,No,No,No,No,No,No,None
8465-SBRXP,male,32,Yes,2,Yes,No,No,Yes,Yes,Yes,No,No,Fiber
8466-PZBLH,M,32,Yes,3,NA,Yes,No,No,Yes,Yes,Yes,Yes,Optic
8467-WYNSR,Male,62,No,0,No,Yes,No,No,Yes,No,No,No,DSL
8468-EHYJA,F,32,Yes,0,Yes,Yes,No,No,No,Yes,Yes,Yes,Optic
8468-FZTOE,F,61,Yes,3,Yes,Yes,Yes,Yes,Yes,No,Yes,Yes,cable
8469-SNFFH,male,40,Yes,0,Yes,Yes,Yes,Yes,Yes,Yes,No,No,DSL 
8473-VUVJN,M,80,No,0,No,No,No,No,No,No,No,No,Optic
8474-UMLNT,F,36,No,0,No,Yes,Yes,No,Yes,No,Yes,Yes,DSL
8480-PPONV,male,56,Yes,3,Yes,Yes,Yes,Yes,Yes,Yes,Yes,Yes,Fiber
8481-YYXWG,female,30,No,0,No,No,Yes,No,Yes,No,Yes,Yes,Optic
8485-GJCDN,female,71,No,0,NA,No,No,No,No,No,No,No,Optic
8486-AYEQH,female,30,NA,0,No,No,No,No,No,No,No,No,Fiber
8490-BXHEO,Male,67,No,0,No,No,Yes,No,No,No,No,No,Optic
8495-LJDFO,Female,76,No,0,No,Yes,No,Yes,Yes,Yes,Yes,No,Fiber
8495-PRWFH,Female,66,No,0,No,No,No,Yes,No,No,No,No,Cable
8496-DMZUK,M,62,No,0,NA,Yes,Yes,Yes,No,No,No,No,Fiber
8496-EJAUI,M,47,No,0,No,No,Yes,No,No,No,No,No,Fiber
8498-XXGWA,F,63,Yes,0,Yes,Yes,No,Yes,No,No,No,No,DSL 
8499-BRXTD,M,28,No,0,NA,No,No,No,No,No,No,No,None
8510-AWCXC,F,69,No,0,NA,Yes,No,No,No,Yes,Yes,No,Optic
8510-BBWMU,f,40,No,0,No,No,No,No,No,No,No,No,None
8510-TMWYB,F,61,Yes,3,Yes,No,Yes,Yes,No,No,No,No,cable
8512-WIWYV,M,20,No,0,NA,No,No,No,No,No,No,No,None
8513-OLYGY,M,50,Yes,0,Yes,Yes,Yes,Yes,Yes,Yes,Yes,Yes,Optic
8514-VZHEB,M,35,Yes,2,Yes,No,No,No,No,No,No,No,None
8515-OCTJS,F,61,No,0,No,No,No,No,No,No,No,No,None
8519-IMDHU,M,74,Yes,0,Yes,No,No,No,No,No,Yes,No,cable
8519-QJGJD,Female,42,No,0,No,No,No,Yes,No,No,No,No,cable
8532-UEFWH,male,61,Yes,2,Yes,No,No,No,No,No,No,No,None
8535-SFUTN,M,21,No,0,No,Yes,No,Yes,No,Yes,Yes,Yes,Fiber Optic
8540-ZQGEA,Female,58,Yes,0,NA,No,No,No,No,No,No,No,None
8541-QVFKM,Female,22,No,0,No,No,No,No,No,No,No,No,Fiber
8543-MSDMF,Male,36,No,0,No,Yes,No,Yes,No,Yes,Yes,Yes,cable
8544-GOQSH,f,51,No,0,NA,No,Yes,No,Yes,No,No,No,Optic
8544-JNBOX,male,31,No,0,No,No,No,No,No,No,No,No,None
8547-NSBBO,M,62,No,0,No,Yes,Yes,Yes,Yes,No,No,No,Fiber Optic
8548-AWOFC,Male,21,NA,0,Yes,No,No,No,Yes,No,Yes,Yes,DSL
8550-XSXUQ,Male,41,Yes,0,Yes,No,Yes,Yes,No,No,Yes,Yes,Cable
8552-OBVRU,f,79,Yes,3,Yes,Yes,No,Yes,Yes,Yes,Yes,Yes,Optic
8559-CIZFV,M,34,Yes,0,Yes,Yes,Yes,No,Yes,Yes,No,No,cable
8559-WNQZS,male,37,No,0,No,No,No,No,No,No,No,No,None
8561-NMTBD,f,20,Yes,3,Yes,No,Yes,Yes,Yes,Yes,Yes,Yes,Optic
8562-GHPPI,F,50,No,0,NA,No,No,No,No,No,No,No,None
8563-IIOXK,male,24,Yes,0,Yes,Yes,No,No,No,No,No,Yes,DSL 
8563-OYMQY,M,49,No,0,No,No,Yes,Yes,No,No,Yes,Yes,Fiber
8564-LDKFL,Male,37,Yes,0,Yes,No,Yes,Yes,No,Yes,Yes,Yes,Fiber
8565-CLBZW,m,23,No,0,No,No,No,Yes,No,Yes,No,Yes,Fiber Optic
8565-HBFNN,M,51,Yes,0,Yes,Yes,Yes,Yes,Yes,No,Yes,Yes,Optic
8565-WUXZU,M,77,Yes,0,NA,Yes,Yes,No,Yes,No,No,No,Fiber
8566-YPRGL,female,57,No,0,No,No,No,No,No,No,No,No,None
8570-KLJYJ,f,40,No,0,No,Yes,No,No,No,No,No,No,DSL
8571-ZCMCX,F,37,Yes,2,Yes,Yes,Yes,Yes,No,Yes,Yes,Yes,DSL
8573-CGOCC,m,48,No,0,No,No,No,No,No,No,No,No,None
8573-JGCZW,Male,27,No,0,No,No,No,No,No,No,No,No,None
8577-QSOCG,Female,54,Yes,1,NA,No,No,No,No,No,No,No,None
8580-AECUZ,Male,65,NA,0,No,No,No,No,No,Yes,No,No,Optic
8580-QVLOC,female,78,Yes,0,Yes,Yes,Yes,Yes,Yes,Yes,Yes,No,DSL 
8582-KRHPJ,Male,51,No,0,No,Yes,Yes,No,No,No,No,No,DSL 
8584-KMVXD,Female,64,No,0,No,No,Yes,No,No,No,No,No,Optic
8587-XYZSF,M,60,No,0,No,No,No,No,Yes,No,No,No,DSL
8590-OHDIW,f,52,Yes,3,NA,No,No,No,No,No,No,No,None
8590-YFFQO,m,24,Yes,0,Yes,Yes,Yes,Yes,Yes,No,No,No,DSL
8591-NXRCV,Female,47,No,0,No,Yes,No,Yes,Yes,No,Yes,Yes,DSL 
8591-TKMZH,Male,40,Yes,3,Yes,Yes,Yes,No,Yes,Yes,Yes,Yes,Fiber
8592-PLTMQ,F,53,No,0,No,No,No,No,No,No,No,No,None
8593-WHYHV,m,46,No,0,No,No,No,No,No,No,Yes,Yes,Optic
8595-SIZNC,female,69,Yes,0,NA,No,No,No,No,No,No,No,None
8597-CTXVJ,m,31,No,1,No,Yes,Yes,No,Yes,No,No,No,cable
8597-CWYHH,male,50,No,0,No,No,No,No,No,Yes,Yes,Yes,Optic
8601-QACRS,Female,54,No,0,No,No,No,No,No,No,No,No,Cable
8603-IJWDN,male,41,No,0,No,No,No,No,No,No,Yes,Yes,Fiber
8605-ITULD,F,21,No,0,NA,No,No,No,No,No,No,No,None
8606-CIQUL,male,77,Yes,1,Yes,Yes,Yes,Yes,Yes,Yes,Yes,No,Fiber Optic
8606-OEGQZ,female,45,No,2,No,No,No,No,No,No,No,No,None
8608-OZTLB,m,59,Yes,3,Yes,Yes,Yes,Yes,Yes,Yes,No,No,DSL 
8610-WFCJF,Female,53,Yes,0,Yes,No,No,No,No,Yes,Yes,Yes,Fiber
8610-ZIKJJ,Female,57,Yes,2,Yes,No,No,No,No,No,No,No,None
8612-GXIDD,M,55,Yes,3,Yes,No,No,No,No,No,No,No,None
8614-VGMMV,female,33,No,0,NA,No,No,No,No,No,No,No,DSL 
8617-ENBDS,male,29,No,0,No,No,No,Yes,No,No,No,No,Optic
8619-IJNDK,Female,64,Yes,0,Yes,Yes,Yes,Yes,Yes,No,No,No,DSL
8620-RJPZN,f,27,No,0,NA,No,No,No,No,No,No,No,None
8621-MNIHH,female,75,Yes,0,NA,No,Yes,Yes,No,No,Yes,No,Fiber Optic
8622-ZLFKO,female,56,Yes,0,Yes,No,Yes,No,No,No,Yes,Yes,Optic
8623-TMRBY,m,80,Yes,0,Yes,No,Yes,Yes,No,No,No,No,cable
8623-ULFNQ,F,79,No,0,No,No,No,No,Yes,No,Yes,Yes,DSL 
8624-GIOUT,female,40,No,0,No,Yes,Yes,No,No,No,No,No,DSL
8625-AZYZY,male,51,Yes,0,Yes,No,Yes,Yes,No,Yes,Yes,Yes,Fiber Optic
8626-PTQGE,Male,62,No,0,NA,Yes,Yes,No,Yes,Yes,Yes,Yes,Cable
8626-XHBIE,male,48,No,3,NA,No,No,No,No,No,No,No,None
8627-EHGIP,male,38,No,0,NA,No,Yes,Yes,No,Yes,Yes,Yes,cable
8627-ZYGSZ,male,32,Yes,0,NA,No,Yes,No,No,No,No,No,Fiber Optic
8628-MFKAX,F,79,Yes,0,Yes,Yes,Yes,Yes,Yes,Yes,Yes,No,Fiber Optic
8630-FJLIB,F,35,No,0,No,No,No,No,No,No,No,No,Optic
8630-QSGXK,m,39,Yes,0,Yes,No,No,No,Yes,Yes,Yes,Yes,DSL 
8631-NBHFZ,male,71,Yes,0,NA,Yes,Yes,Yes,Yes,Yes,No,No,DSL
8631-WUXGY,Female,26,No,2,No,No,Yes,Yes,No,Yes,Yes,Yes,Optic
8631-XVRZL,male,40,No,0,No,No,No,No,No,No,No,No,None
8634-CILSZ,Male,52,No,0,No,No,Yes,No,Yes,Yes,Yes,Yes,Optic
8634-MPHTR,Male,68,Yes,0,NA,No,No,Yes,No,Yes,Yes,No,Optic
8637-XJIVR,female,34,No,3,No,Yes,No,No,No,No,No,No,Fiber Optic
8639-NHQEI,F,26,Yes,3,NA,Yes,Yes,No,No,Yes,No,No,Fiber Optic
8640-SDGKB,m,39,NA,0,No,No,No,Yes,Yes,Yes,Yes,Yes,DSL
8642-GVWRF,Female,25,Yes,0,NA,No,Yes,Yes,No,No,No,No,Optic
8644-XLFBW,m,65,No,0,No,No,No,No,No,No,No,No,Optic
8644-XYTSV,male,37,Yes,0,Yes,Yes,No,No,No,Yes,No,No,DSL 
8645-KOMJQ,m,20,Yes,2,Yes,No,Yes,Yes,Yes,Yes,Yes,Yes,DSL 
8645-KWHJO,M,47,No,0,NA,No,No,Yes,Yes,Yes,Yes,Yes,DSL
8646-JCOMS,Female,43,Yes,0,NA,No,Yes,Yes,Yes,No,No,No,Optic
8647-SDTWQ,M,59,Yes,2,Yes,No,No,No,No,No,No,No,Optic
8648-PFRMP,female,71,No,0,No,No,No,No,No,Yes,Yes,Yes,Cable
8650-RHRKE,m,27,No,0,No,No,No,Yes,No,No,No,Yes,DSL
8651-ENBZX,f,68,No,0,NA,No,No,Yes,Yes,Yes,Yes,No,Optic
8652-YHIYU,F,30,No,3,No,No,No,No,Yes,No,No,No,Optic
8654-DHAOW,f,47,No,0,No,No,Yes,No,No,No,No,No,DSL 
8659-HDIYE,female,68,No,0,No,No,Yes,Yes,Yes,No,Yes,No,DSL 
8659-IOOPU,f,25,Yes,2,Yes,Yes,No,Yes,Yes,No,Yes,Yes,Optic
8660-BUETV,female,37,No,0,No,No,No,No,No,No,No,No,Cable
8661-BOYNW,F,38,Yes,0,Yes,Yes,No,Yes,Yes,Yes,Yes,Yes,DSL 
8663-UPDGF,Female,54,No,0,No,Yes,Yes,No,No,Yes,No,No,DSL
8665-UTDHZ,m,27,Yes,0,Yes,No,Yes,No,No,No,No,No,DSL
8668-KNZTI,M,42,No,0,No,Yes,No,Yes,No,No,No,No,DSL
8670-ERCJH,Male,33,No,0,No,Yes,Yes,Yes,Yes,Yes,Yes,Yes,Fiber Optic
8670-MEFCP,Female,23,NA,2,Yes,Yes,Yes,Yes,Yes,Yes,Yes,Yes,cable
8671-KKKOS,Female,50,Yes,0,Yes,Yes,Yes,No,No,Yes,No,No,DSL
8672-OAUPW,m,48,No,0,No,No,No,No,Yes,No,No,No,DSL
8676-OOQEJ,M,52,No,0,No,No,No,No,Yes,No,No,No,Cable
8676-TRMJS,M,27,No,0,No,No,No,No,No,No,No,Yes,Fiber
8677-HDZEE,Female,42,No,0,No,No,Yes,No,Yes,Yes,Yes,Yes,Optic
8679-JOEVF,F,75,No,0,NA,No,No,No,Yes,Yes,No,No,DSL 
8679-LZBMD,M,30,Yes,0,Yes,No,No,No,No,Yes,Yes,Yes,Fiber
8680-CGLTP,male,35,No,0,No,Yes,Yes,No,Yes,No,No,No,DSL
8681-ICONS,m,20,Yes,1,Yes,No,No,No,No,No,No,No,None
8685-WHQPW,Female,79,No,0,No,No,No,No,No,No,No,No,Fiber Optic
8687-BAFGU,Male,34,No,0,NA,No,No,No,Yes,No,No,No,Optic
8690-UPCZI,male,26,Yes,2,NA,Yes,No,No,Yes,Yes,No,No,DSL
8690-ZVLCL,female,49,Yes,1,Yes,Yes,Yes,Yes,Yes,Yes,Yes,Yes,DSL
8695-ARGXZ,male,66,Yes,0,Yes,No,No,No,No,No,No,No,Optic
8695-WDYEA,Male,32,No,0,No,Yes,No,No,No,No,No,No,DSL
8696-JKZNU,F,78,No,0,No,No,No,No,No,No,No,No,Optic
8699-ASUFO,M,72,Yes,0,Yes,No,No,No,No,No,No,No,Fiber Optic
8701-DGLVH,M,36,No,0,NA,No,No,No,No,No,No,No,None
8705-DWKTI,m,58,No,0,NA,No,No,Yes,No,No,Yes,Yes,Fiber Optic
8705-WZCYL,male,40,No,0,No,No,No,No,No,No,No,No,DSL 
8706-HRADD,m,29,No,0,No,Yes,No,No,Yes,Yes,No,No,DSL
8707-HOEDG,Female,26,Yes,3,NA,No,Yes,Yes,Yes,Yes,Yes,Yes,Fiber
8707-RMEZH,Female,67,Yes,0,NA,Yes,Yes,No,No,No,Yes,No,Fiber
8708-XPXHZ,Female,25,Yes,0,Yes,No,No,No,No,Yes,Yes,Yes,Optic
8709-KRDVL,Female,44,No,0,NA,No,Yes,No,No,Yes,Yes,Yes,Fiber Optic
8710-YGLWG,Male,44,No,0,No,No,No,No,No,No,No,No,DSL 
8711-LOBKY,m,50,Yes,1,Yes,No,No,No,No,No,No,No,None
8713-IGZSO,m,50,No,0,No,No,No,No,No,No,No,No,None
8714-CTZJW,female,24,No,0,No,No,No,Yes,No,No,Yes,Yes,Fiber Optic
8714-EUHJO,female,39,Yes,0,Yes,No,Yes,No,No,No,Yes,Yes,Cable
8715-KKTFG,F,63,Yes,0,NA,No,No,Yes,Yes,Yes,Yes,Yes,Fiber
8717-VCTXJ,Male,32,No,0,No,No,No,No,No,No,No,No,None
8718-PTMEZ,F,46,No,0,NA,No,Yes,No,No,No,No,No,Cable
8720-RQSBJ,M,69,No,0,No,No,No,No,No,No,No,No,DSL
8722-NGNBH,m,25,No,0,No,Yes,No,Yes,Yes,No,No,Yes,cable
8722-PRFDV,f,21,Yes,3,Yes,Yes,No,Yes,No,Yes,Yes,Yes,cable
8725-JEDFD,male,26,No,0,No,No,No,No,No,No,No,No,Fiber
8727-JQFHV,m,60,Yes,2,Yes,No,No,No,No,No,No,No,None
8727-XDPUD,m,51,No,0,No,No,No,No,No,Yes,No,No,DSL 
8728-SKJLR,male,45,No,0,NA,No,No,No,Yes,No,No,No,Optic
8731-WBBMB,f,26,Yes,0,Yes,No,Yes,Yes,Yes,Yes,Yes,Yes,Cable
8734-DKSTZ,f,20,NA,2,Yes,No,No,No,No,No,Yes,Yes,Fiber
8734-FNWVH,Male,21,Yes,1,Yes,No,No,No,No,No,Yes,Yes,DSL 
8735-DCXNF,M,34,Yes,0,Yes,Yes,No,No,Yes,No,No,No,DSL
8735-IJJEG,male,27,Yes,0,Yes,No,No,Yes,No,No,No,No,DSL 
8735-NBLWT,m,34,No,2,No,No,No,No,No,No,No,No,None
8735-SDUFN,F,65,Yes,0,Yes,No,No,No,No,No,No,No,None
8738-JOKAR,Female,55,No,0,No,Yes,Yes,No,Yes,No,Yes,Yes,Cable
8739-QOTTN,female,35,Yes,0,NA,No,No,No,No,No,No,No,None
8739-WWKDU,Male,69,No,0,No,No,Yes,No,No,Yes,No,No,Fiber Optic
8739-XNIKG,Female,29,No,0,No,No,No,No,No,Yes,No,No,Optic
8740-CRYFY,Male,62,No,0,No,No,No,No,No,Yes,No,No,Fiber
8740-XLHDR,Male,30,No,0,NA,Yes,Yes,Yes,Yes,No,No,No,Cable
8741-LQOBK,F,27,Yes,2,Yes,Yes,Yes,No,No,No,No,Yes,DSL 
8745-PVESG,female,44,No,0,NA,Yes,No,Yes,Yes,No,No,No,DSL 
8746-BFOAJ,male,79,No,0,No,No,No,No,No,No,No,No,None
8746-OQQRW,Male,64,No,0,NA,No,No,No,No,No,No,No,None
8747-UDCOI,F,29,Yes,0,Yes,No,No,No,No,No,No,No,None
8748-HFWBO,m,49,NA,3,Yes,No,No,No,No,No,No,No,None
8749-CLJXC,male,56,No,0,NA,No,No,No,No,No,No,No,None
8749-JMNKX,M,80,Yes,0,Yes,Yes,No,Yes,No,Yes,No,No,Optic
8749-TZYEC,male,38,Yes,0,Yes,No,No,No,No,No,No,No,None
8750-QWZAJ,Female,38,Yes,2,Yes,No,No,No,No,No,No,No,None
8751-EDEKA,Female,56,Yes,0,Yes,No,Yes,Yes,No,No,Yes,Yes,Fiber
8752-GHJFU,male,70,Yes,0,Yes,Yes,Yes,Yes,Yes,No,No,No,Fiber
8752-IMQOS,M,28,Yes,0,Yes,No,No,No,No,No,No,No,None
8752-STIVR,Female,61,No,0,NA,No,No,No,No,Yes,No,No,Fiber Optic
8755-IWJHN,male,73,Yes,0,NA,No,Yes,Yes,No,No,Yes,Yes,Optic
8755-OGKNA,Female,33,Yes,3,Yes,No,No,No,No,No,No,No,None
8756-RDDLT,f,53,No,0,No,No,Yes,No,Yes,No,Yes,Yes,Cable
8757-TFHHJ,male,55,No,0,No,Yes,No,No,No,No,No,No,Cable
8760-ZRHKE,F,80,Yes,1,Yes,Yes,Yes,No,No,Yes,No,No,DSL
8761-NSOBC,M,41,No,0,No,No,Yes,No,Yes,Yes,Yes,Yes,Fiber Optic
8763-KIAFH,Female,37,Yes,0,Yes,No,No,No,No,No,No,No,None
8766-PAFNE,Male,21,Yes,0,Yes,No,Yes,Yes,Yes,Yes,Yes,Yes,DSL
8769-KKTPH,female,44,Yes,0,Yes,Yes,No,No,No,Yes,Yes,Yes,Fiber
8773-HHUOZ,f,20,No,0,No,No,No,No,No,Yes,Yes,Yes,cable
8774-GSBUN,M,40,Yes,0,Yes,No,No,No,No,No,No,No,None
8775-CEBBJ,Female,40,No,0,No,No,No,No,No,No,No,No,cable
8775-ERLNB,Male,76,Yes,0,NA,No,No,No,No,No,No,No,Fiber Optic
8775-LHDJH,F,77,Yes,0,Yes,No,Yes,No,No,Yes,No,No,Fiber
8777-MBMTS,f,65,Yes,0,Yes,No,Yes,Yes,Yes,Yes,Yes,Yes,Fiber
8777-PVYGU,Female,36,Yes,0,Yes,Yes,No,Yes,No,Yes,No,No,DSL
8778-LMWTJ,F,28,No,0,NA,Yes,No,No,No,No,No,No,Optic
8779-QRDMV,M,78,No,0,No,No,No,Yes,No,No,Yes,No,DSL
8779-YIQQA,Male,38,Yes,1,Yes,No,No,No,No,No,No,No,None
8780-IHCRN,M,23,Yes,2,Yes,No,No,No,No,No,No,No,None
8780-IXSTS,female,53,No,0,No,No,Yes,No,No,Yes,No,No,Fiber Optic
8780-RSYYU,f,42,No,0,No,No,No,No,No,No,No,No,None
8780-YRMTT,F,64,No,0,No,Yes,Yes,Yes,Yes,No,No,No,DSL
8782-LKFPK,Male,50,No,0,No,No,No,Yes,No,No,Yes,Yes,Fiber
8782-NUUOL,Male,62,No,0,No,Yes,No,Yes,Yes,Yes,Yes,Yes,DSL
8784-CGILN,female,34,No,0,No,No,No,No,Yes,Yes,Yes,Yes,Optic
8785-CJSHH,F,22,Yes,0,Yes,No,Yes,No,No,Yes,Yes,Yes,Optic
8785-EPNCG,Male,42,No,0,NA,No,No,No,No,No,No,No,None
8788-DOXSU,M,46,No,0,No,No,No,Yes,No,No,Yes,Yes,DSL
8791-GFXLZ,Male,58,No,0,No,No,Yes,No,No,No,No,No,DSL
8792-AOROI,F,23,Yes,0,NA,Yes,No,No,Yes,No,Yes,Yes,DSL 
8799-OXZMD,Female,35,No,0,No,No,No,Yes,No,No,No,No,DSL 
8800-JOOCF,female,56,No,1,NA,No,No,No,No,Yes,No,No,Fiber
8800-ZKRFW,female,62,Yes,2,NA,No,Yes,Yes,Yes,Yes,Yes,Yes,Fiber Optic
8802-UNOJF,m,65,No,0,No,No,Yes,Yes,Yes,No,No,No,Cable
8805-JNRAZ,female,44,No,0,No,No,Yes,No,No,No,No,No,cable
8806-EAGWC,male,25,No,0,No,No,No,No,No,Yes,No,Yes,DSL 
8807-ARQET,Female,59,No,0,No,No,Yes,No,No,No,Yes,Yes,cable
8807-OPMBM,f,36,Yes,3,Yes,No,No,No,No,No,No,No,None
8808-ELEHO,Male,66,No,0,NA,No,No,Yes,No,No,No,No,Fiber
8809-RIHDD,M,47,Yes,0,NA,No,Yes,Yes,No,Yes,Yes,Yes,Optic
8809-XKHMD,M,62,Yes,0,Yes,Yes,Yes,No,Yes,No,Yes,Yes,Fiber Optic
8812-ZRHFP,F,53,Yes,3,Yes,No,No,Yes,No,No,Yes,Yes,Optic
8815-LMFLX,M,61,Yes,4,NA,No,No,No,No,No,No,No,None
8816-VXNZD,female,36,No,0,No,No,No,No,No,No,No,No,Fiber Optic
8818-DOPVL,Female,65,No,0,No,No,Yes,Yes,No,Yes,Yes,Yes,Fiber Optic
8818-XYFCQ,m,39,Yes,0,Yes,Yes,No,No,No,Yes,Yes,Yes,Fiber
8819-IMISP,M,43,No,0,NA,No,Yes,No,No,No,No,No,Optic
8819-WFGGJ,m,42,Yes,0,Yes,Yes,No,Yes,No,Yes,Yes,Yes,cable
8819-ZBYNA,female,51,Yes,0,Yes,Yes,Yes,No,Yes,Yes,Yes,Yes,Optic
8821-KVZKQ,female,52,Yes,2,Yes,No,Yes,Yes,Yes,Yes,Yes,Yes,Cable
8821-XNHVZ,female,53,Yes,0,NA,No,No,No,No,Yes,No,No,Optic
8822-KNBHV,female,30,No,0,NA,Yes,Yes,Yes,No,Yes,Yes,Yes,DSL
8823-RLPWL,F,24,Yes,0,Yes,Yes,Yes,Yes,No,Yes,Yes,Yes,Optic
8824-RWFXJ,M,21,Yes,0,Yes,No,Yes,Yes,No,No,No,Yes,cable
8835-VSDSE,Female,28,Yes,0,Yes,No,No,No,No,No,No,No,Cable
8837-VVWLQ,Female,35,No,0,No,Yes,No,No,No,Yes,No,No,Optic
8838-GPHZP,Female,25,No,0,No,No,No,No,No,No,No,No,None
8840-DQLGN,f,65,Yes,0,Yes,Yes,Yes,No,Yes,Yes,No,No,Cable
8844-TONUD,male,54,Yes,0,Yes,No,No,Yes,No,Yes,Yes,Yes,Fiber
8845-LWKGE,f,56,Yes,1,NA,No,No,Yes,Yes,Yes,No,No,cable
8847-GEOOQ,M,34,Yes,0,Yes,No,Yes,Yes,Yes,Yes,Yes,Yes,DSL
8849-AYPTR,Male,55,Yes,0,Yes,No,No,No,No,Yes,Yes,Yes,Fiber Optic
8849-GYOKR,F,59,Yes,0,NA,Yes,Yes,No,No,Yes,Yes,Yes,Fiber Optic
8849-PRIQJ,female,53,Yes,2,Yes,Yes,No,Yes,Yes,Yes,Yes,Yes,Fiber Optic
8851-RAGOV,F,25,Yes,0,Yes,Yes,Yes,No,Yes,No,Yes,Yes,DSL 
8853-TZDGH,female,42,No,0,No,No,Yes,Yes,Yes,Yes,Yes,Yes,Optic
8854-CCVSQ,Male,58,No,0,NA,No,Yes,No,No,No,No,No,Fiber Optic
8857-CUPFQ,Male,57,Yes,0,Yes,No,No,No,No,No,No,No,None
8859-AXJZP,m,39,Yes,0,Yes,No,No,No,No,No,No,No,None
8859-DZTGQ,M,21,No,0,No,No,No,No,No,No,No,No,None
8859-YSTWS,M,43,No,0,No,No,No,No,No,No,No,No,None
8861-HGGKB,f,57,No,0,No,No,No,No,No,No,Yes,Yes,Fiber
8865-TNMNX,male,53,Yes,0,Yes,No,Yes,No,No,No,No,No,DSL
8868-GAGIO,m,49,Yes,0,Yes,Yes,No,Yes,No,No,No,No,Optic
8868-WOZGU,m,33,No,0,No,No,Yes,Yes,No,Yes,Yes,Yes,Fiber Optic
8869-LIHMK,F,51,No,0,No,Yes,Yes,Yes,Yes,Yes,Yes,Yes,Fiber Optic
8869-TORSS,f,51,No,0,No,Yes,No,Yes,Yes,No,No,No,DSL
8871-JLMHM,F,27,Yes,0,Yes,No,Yes,Yes,Yes,No,No,No,Fiber
8873-GLDMH,Female,45,No,0,No,No,No,No,No,No,No,No,Optic
8873-TMKGR,M,40,No,0,No,No,No,No,No,No,No,No,None
8874-EJNSR,M,64,Yes,2,Yes,No,No,No,No,No,No,No,None
8875-AKBYH,male,78,No,0,No,No,No,No,No,Yes,No,No,Fiber Optic
8878-HMWBV,Male,47,No,0,No,No,No,Yes,No,No,No,No,DSL 
8878-RYUKI,Female,30,No,0,No,No,No,Yes,No,No,Yes,Yes,DSL 
8879-XUAHX,m,42,Yes,0,NA,Yes,Yes,Yes,Yes,Yes,Yes,Yes,Fiber Optic
8879-ZKJOF,female,57,No,0,No,Yes,No,Yes,Yes,Yes,Yes,Yes,DSL 
8882-TLVRW,Male,52,Yes,1,Yes,Yes,No,Yes,Yes,No,No,No,DSL 
8883-ANODQ,F,44,Yes,1,Yes,No,Yes,Yes,No,No,No,No,Optic
8883-GRDWQ,male,68,No,0,No,Yes,No,No,Yes,No,No,No,DSL 
8884-ADFVN,m,65,Yes,0,Yes,No,No,Yes,No,Yes,Yes,Yes,Fiber
8884-FEEWR,male,22,No,0,No,No,No,No,No,No,No,No,None
8884-MRNSU,M,61,Yes,0,NA,No,No,No,No,No,No,No,None
8885-QSQBX,f,45,No,0,No,Yes,No,No,No,No,No,No,DSL 
8887-IPQNC,F,61,Yes,0,Yes,No,No,No,No,No,No,No,DSL
8894-JVDCV,female,39,No,0,No,Yes,Yes,Yes,Yes,Yes,Yes,Yes,Fiber Optic
8896-BQTTI,male,41,No,0,NA,No,No,No,No,No,No,No,None
8896-RAZCR,Female,42,No,0,No,No,No,No,No,No,No,No,None
8898-KASCD,M,41,No,0,No,No,No,Yes,Yes,No,No,No,DSL 
8901-HJXTF,F,46,Yes,0,Yes,No,Yes,No,No,No,No,No,DSL
8901-UPRHR,f,40,Yes,1,Yes,No,Yes,Yes,Yes,Yes,Yes,Yes,Fiber Optic
8902-ZEOVF,male,28,Yes,1,Yes,No,No,No,No,No,No,No,None
8903-WMRNW,f,55,Yes,0,Yes,Yes,No,Yes,No,Yes,Yes,Yes,Optic
8903-XEBGX,M,22,No,1,NA,No,No,No,No,No,Yes,Yes,DSL 
8904-OPDCK,m,76,Yes,0,NA,No,No,No,No,No,No,No,DSL
8905-IAZPF,Female,32,Yes,0,NA,No,Yes,No,No,Yes,Yes,Yes,Fiber
8908-NMQTX,M,36,No,0,No,Yes,Yes,Yes,Yes,Yes,Yes,Yes,Cable
8908-SLFCJ,F,40,No,0,No,No,No,No,No,No,No,No,None
8909-BOLNL,Male,40,No,0,NA,No,No,No,No,No,No,No,None
8910-ICHIU,F,27,No,0,NA,Yes,Yes,Yes,No,Yes,No,No,Fiber
8910-LEDAG,male,72,Yes,0,Yes,No,No,No,No,No,No,No,Fiber
8914-RBTSB,m,62,Yes,0,Yes,No,Yes,Yes,No,Yes,No,No,Optic
8915-NNTRC,m,29,Yes,1,Yes,Yes,Yes,No,Yes,Yes,Yes,Yes,Fiber
8917-FAEMR,f,28,No,0,No,No,No,No,No,No,No,No,None
8917-SZTTJ,Male,31,Yes,1,NA,No,No,No,No,No,No,No,None
8919-FYFQZ,Male,73,Yes,0,NA,No,Yes,No,No,No,No,No,Cable
8920-NAVAY,M,66,No,0,No,No,Yes,Yes,Yes,Yes,Yes,Yes,Fiber Optic
8922-LIEGH,female,72,No,0,No,No,Yes,No,No,No,Yes,No,Fiber
8922-NPKBJ,male,63,NA,2,Yes,No,No,No,No,No,No,No,None
8929-KSWIH,Male,21,No,0,No,No,No,Yes,Yes,Yes,Yes,Yes,Optic
8930-XOTDP,f,33,Yes,4,Yes,No,No,No,No,Yes,No,No,DSL 
8931-GJJIQ,Female,46,No,0,No,No,No,No,No,No,Yes,Yes,Fiber Optic
8932-CZHRQ,M,40,No,0,No,Yes,Yes,Yes,No,No,Yes,Yes,DSL
8937-RDTHP,m,40,No,1,No,Yes,No,No,No,No,Yes,Yes,Fiber Optic
8938-UMKPI,f,42,No,0,NA,No,Yes,Yes,No,Yes,Yes,Yes,Fiber
8942-DBMHZ,m,26,No,0,No,No,No,No,No,No,No,No,None
8943-URTMR,F,56,No,0,No,No,No,No,No,Yes,No,No,Fiber
8944-AILEF,Male,26,Yes,0,Yes,No,No,No,No,No,No,No,None
8945-GRKHX,female,41,No,0,No,No,No,No,No,No,Yes,Yes,Fiber Optic
8945-MUQUF,Male,22,No,0,No,Yes,Yes,No,No,Yes,No,Yes,Fiber
8946-BFWSG,Male,19,Yes,3,NA,No,No,No,No,No,No,No,None
8947-YRTDV,male,42,Yes,3,NA,Yes,Yes,Yes,No,No,Yes,Yes,Optic
8949-JTMAY,F,49,No,0,No,No,No,Yes,No,Yes,Yes,Yes,Fiber
8950-MTZNV,m,61,No,0,NA,No,No,No,No,No,No,No,DSL 
8952-WCVCD,F,45,Yes,0,Yes,Yes,Yes,Yes,No,Yes,Yes,Yes,Fiber
8957-THMOA,female,40,No,3,No,No,No,No,No,No,No,No,None
8958-JPTRR,Female,23,Yes,0,Yes,No,No,No,No,No,No,No,None
8961-QDZZJ,Female,35,Yes,2,Yes,No,Yes,No,No,Yes,Yes,Yes,Fiber Optic
8963-JLGJT,M,20,No,1,No,Yes,No,Yes,No,No,No,Yes,Cable
8963-MQVYN,Female,28,No,2,No,No,No,No,No,No,No,No,None
8966-KZXXA,Male,48,Yes,1,Yes,No,No,No,No,No,No,No,None
8966-OIQHG,F,49,Yes,2,Yes,No,No,No,No,No,No,No,None
8966-SNIZF,F,26,Yes,0,Yes,No,No,No,No,No,No,No,None
8967-SZQAS,Female,25,No,0,No,No,Yes,No,No,No,No,No,DSL
8969-PRHFK,male,32,No,0,No,No,No,No,No,No,No,No,None
8970-ANWXO,Female,37,No,0,No,No,No,No,Yes,Yes,Yes,Yes,DSL 
8972-HJWNV,female,75,Yes,0,Yes,No,No,No,No,No,Yes,No,Fiber
8974-OVACP,F,40,No,0,No,No,No,No,No,No,No,No,None
8975-SKGRX,Male,29,Yes,0,Yes,Yes,Yes,Yes,Yes,Yes,Yes,Yes,Fiber
8976-OQHGT,f,38,Yes,3,Yes,No,Yes,No,Yes,No,No,No,DSL 
8979-CAMGB,M,67,No,0,NA,No,No,Yes,Yes,Yes,Yes,Yes,Fiber
8980-WQFWL,f,61,No,0,No,No,No,Yes,No,No,Yes,Yes,DSL
8981-FJGLA,m,63,No,2,No,No,No,Yes,No,No,No,No,Optic
8982-NHAVY,M,23,No,0,No,No,No,Yes,No,Yes,Yes,Yes,Fiber Optic
8984-EYLLL,Male,29,Yes,0,NA,No,Yes,No,Yes,Yes,Yes,Yes,Fiber Optic
8984-HPEMB,f,58,No,0,No,Yes,Yes,Yes,Yes,Yes,Yes,Yes,Fiber Optic
8985-OOPOS,female,54,No,0,No,No,No,Yes,Yes,Yes,Yes,Yes,DSL
8988-ECPJR,F,79,Yes,0,Yes,No,Yes,No,No,No,No,No,Optic
8990-YOZLV,F,46,No,0,No,Yes,Yes,No,Yes,No,No,No,Cable
8990-ZXLSU,Female,63,No,0,No,No,No,No,No,No,No,No,Fiber Optic
8992-CEUEN,female,59,No,0,No,No,No,No,No,No,No,No,None
8992-JQYUN,m,40,Yes,0,NA,No,No,Yes,No,Yes,Yes,Yes,DSL 
8992-OBVDG,male,25,No,0,NA,No,No,Yes,No,No,Yes,Yes,DSL 
8992-VONJD,female,63,No,1,No,Yes,Yes,No,No,No,No,No,DSL
8993-IZEUX,m,54,No,0,No,No,No,No,No,No,No,No,Optic
8993-PHFWD,F,62,No,0,No,No,No,No,No,No,No,No,DSL 
8996-ZROXE,M,78,No,0,No,No,No,Yes,Yes,No,No,No,DSL
8999-BOHSE,F,68,No,0,No,No,No,No,No,Yes,Yes,No,Fiber
8999-EXMNO,F,48,Yes,3,NA,No,No,No,No,No,No,No,None
8999-XXGNS,F,70,Yes,0,NA,No,Yes,Yes,No,Yes,Yes,Yes,Fiber
8999-YPYBV,M,63,Yes,0,Yes,Yes,Yes,Yes,Yes,Yes,Yes,Yes,cable
9000-PLFUZ,f,70,Yes,0,Yes,No,Yes,No,No,Yes,Yes,No,DSL 
9003-CPATH,m,53,No,0,No,No,No,Yes,No,No,No,No,Optic
9013-AQORL,f,26,No,2,No,No,Yes,Yes,No,No,Yes,Yes,DSL 
9018-PCIOK,F,63,No,0,No,No,Yes,Yes,No,No,Yes,Yes,cable
9019-QVLZD,female,58,No,0,NA,No,No,No,No,Yes,No,No,Optic
9025-AOMKI,female,42,No,0,No,No,No,No,No,Yes,Yes,Yes,Optic
9025-ZRPVR,Male,59,No,0,NA,No,No,No,No,No,No,No,None
9026-LHEVG,f,45,No,0,No,No,Yes,No,No,No,Yes,Yes,DSL
9026-RNUJS,m,73,No,0,No,No,No,Yes,No,No,No,No,DSL 
9027-TMATR,F,42,Yes,0,Yes,Yes,No,Yes,Yes,Yes,Yes,Yes,DSL
9027-YFHQJ,m,26,No,0,No,No,No,No,No,No,No,No,None
9028-LIHRP,Male,22,Yes,1,Yes,Yes,Yes,Yes,Yes,Yes,No,No,Fiber Optic
9029-FEGVJ,f,68,Yes,0,NA,No,No,Yes,No,No,No,No,Fiber Optic
9030-QGZNL,F,31,No,0,No,No,No,No,No,No,No,No,None
9031-ZVQPT,M,21,Yes,0,Yes,No,Yes,Yes,Yes,Yes,Yes,Yes,Optic
9033-EOXWV,female,57,No,0,No,No,No,No,Yes,Yes,Yes,Yes,DSL
9036-CSKBW,Female,62,No,0,No,Yes,Yes,Yes,No,Yes,Yes,Yes,Fiber Optic
9039-RBEEE,m,27,No,0,No,Yes,Yes,No,Yes,Yes,No,No,cable
9039-ZVJDC,m,49,No,0,No,No,No,No,No,No,No,No,None
9040-KZVWO,m,59,No,0,No,No,Yes,No,No,No,No,No,Optic
9046-DQMTP,m,49,No,0,No,No,No,No,No,No,No,No,None
9046-JBFWA,M,20,No,2,No,No,No,No,No,No,No,No,None
9048-JVYVF,male,48,No,0,No,No,No,No,Yes,Yes,Yes,Yes,cable
9050-IKDZA,f,66,No,0,No,No,No,No,No,Yes,No,No,Fiber
9050-QLROH,M,26,No,0,NA,No,No,Yes,No,No,Yes,Yes,Fiber
9052-DHNKM,Male,23,No,0,No,Yes,Yes,No,No,No,No,No,DSL
9052-VKDUW,f,68,Yes,0,Yes,Yes,Yes,Yes,No,Yes,Yes,No,Optic
9053-EJUNL,Male,35,No,0,No,No,Yes,No,No,Yes,No,No,Fiber
9053-JZFKV,male,25,No,0,NA,Yes,Yes,Yes,Yes,Yes,Yes,Yes,Fiber Optic
9054-FOWNV,m,53,Yes,3,Yes,No,No,Yes,No,Yes,No,No,Optic
9055-MOJJJ,female,39,Yes,2,Yes,Yes,No,No,Yes,Yes,No,No,Cable
9057-MSWCO,male,71,Yes,0,Yes,Yes,No,No,No,No,No,No,cable
9057-SIHCH,f,48,No,0,No,No,No,No,No,Yes,Yes,Yes,Fiber Optic
9058-CBREO,Female,69,No,0,No,No,No,No,No,No,No,No,Cable
9058-HRZSV,Female,77,Yes,0,Yes,Yes,Yes,Yes,No,No,Yes,Yes,Optic
9058-MJLZC,F,37,No,0,NA,Yes,No,No,No,Yes,Yes,Yes,Fiber Optic
9060-HJJRW,Female,52,No,0,No,No,Yes,Yes,No,Yes,Yes,Yes,DSL 
9061-TIHDA,M,67,Yes,0,Yes,No,No,No,No,Yes,Yes,Yes,Cable
9063-ZGTUY,Female,22,Yes,0,Yes,No,No,No,No,No,No,No,None
9065-ZCPQX,m,24,Yes,0,Yes,Yes,Yes,Yes,Yes,No,Yes,Yes,DSL
9066-QRSDU,f,23,Yes,0,NA,No,No,No,No,No,No,No,None
9067-SQTNS,M,37,Yes,2,Yes,No,No,No,No,No,No,No,None
9067-YGSCA,f,35,No,0,No,No,No,No,No,No,No,No,None
9068-FHQHD,female,42,Yes,3,Yes,No,No,No,No,No,No,No,None
9068-VPWQQ,Male,21,Yes,0,Yes,Yes,No,Yes,Yes,No,Yes,Yes,cable
9069-LGEUL,Male,25,Yes,0,Yes,Yes,No,No,No,No,Yes,Yes,DSL 
9070-BCKQP,Female,20,Yes,0,Yes,Yes,No,Yes,Yes,Yes,Yes,Yes,Fiber
9073-ZZIAY,M,51,Yes,0,Yes,Yes,Yes,Yes,Yes,Yes,Yes,Yes,DSL
9074-KGVOX,male,44,Yes,3,Yes,Yes,No,No,No,Yes,No,No,DSL 
9076-AXYIK,m,66,Yes,0,Yes,No,No,Yes,Yes,Yes,Yes,Yes,Fiber Optic
9079-LWTFD,M,50,No,0,No,Yes,Yes,No,Yes,Yes,No,No,Fiber
9079-YEXQJ,Female,56,No,0,No,No,Yes,Yes,Yes,Yes,Yes,Yes,Fiber Optic
9081-WWXKP,F,64,Yes,1,Yes,No,No,No,No,No,No,No,None
9084-OAYKL,m,29,No,0,No,No,No,No,No,No,No,No,None
9086-YJYXS,Male,23,Yes,1,NA,No,No,Yes,No,Yes,Yes,Yes,cable
9087-EYCPR,Female,63,No,0,NA,No,No,No,No,No,No,No,None
9089-UOWJG,female,51,Yes,3,Yes,No,No,Yes,No,Yes,No,No,DSL 
9090-SGQXL,m,70,Yes,0,NA,No,Yes,Yes,No,Yes,Yes,No,Fiber Optic
9091-WTUUY,Male,30,Yes,0,NA,Yes,No,Yes,Yes,Yes,No,No,DSL
9092-GDZKO,male,49,No,0,No,No,No,No,No,No,No,No,None
9093-FPDLG,female,54,No,0,No,No,Yes,Yes,Yes,No,Yes,Yes,Optic
9094-AZPHK,F,64,No,0,No,No,Yes,No,No,Yes,Yes,Yes,Fiber Optic
9095-HFAFX,F,61,No,0,No,No,No,No,No,Yes,No,No,Optic
9097-ZUBYC,m,39,Yes,0,NA,No,No,No,Yes,No,No,No,DSL
9099-FTUHS,f,40,No,0,No,Yes,No,No,No,No,No,No,cable
9101-BWFSS,female,58,Yes,0,NA,Yes,Yes,No,Yes,Yes,Yes,Yes,Optic
9101-NTIXF,M,32,No,0,No,No,No,No,No,No,No,No,None
9102-IAYHT,F,29,Yes,0,Yes,No,No,No,No,No,Yes,Yes,Fiber
9102-OXKFY,M,35,No,0,No,No,No,Yes,No,No,No,No,cable
9103-CXVOK,male,31,NA,2,Yes,No,No,No,No,No,No,No,None
9103-TCIHJ,Female,60,No,0,No,Yes,No,No,No,No,No,No,DSL
9107-UKCKY,Male,36,Yes,0,Yes,No,Yes,Yes,No,Yes,Yes,Yes,DSL 
9108-EJFJP,f,21,Yes,0,NA,Yes,Yes,No,No,No,No,Yes,DSL
9108-EQPNQ,Female,27,Yes,2,Yes,No,No,No,No,No,No,No,None
9110-HSGTV,f,46,No,0,No,Yes,No,Yes,Yes,Yes,Yes,Yes,DSL
9112-WSNPU,F,65,No,0,No,No,No,No,No,No,No,No,Optic
9114-AAFQH,Female,27,Yes,0,Yes,No,Yes,Yes,No,No,Yes,Yes,DSL
9114-DPSIA,m,22,Yes,3,Yes,Yes,Yes,Yes,Yes,No,Yes,Yes,DSL
9114-VEPUF,m,19,Yes,0,NA,Yes,Yes,No,No,No,Yes,Yes,Fiber
9115-YQHGA,M,26,NA,0,No,No,No,No,Yes,No,No,No,DSL 
9117-SHLZX,M,36,No,0,No,No,No,No,No,No,No,No,DSL 
9121-PHQSR,Male,69,Yes,0,NA,No,No,No,No,Yes,No,No,Fiber Optic
9122-UMROB,Male,29,No,0,No,No,No,No,No,No,No,No,None
9124-LHCJQ,f,22,No,0,No,No,No,No,No,No,Yes,Yes,Fiber Optic
9127-FHJBZ,Male,60,Yes,3,Yes,Yes,Yes,Yes,Yes,Yes,Yes,Yes,Optic
9127-QRZMH,m,39,Yes,0,Yes,Yes,Yes,No,Yes,No,No,No,DSL
9128-CPXKI,Female,36,No,0,No,No,No,Yes,No,Yes,Yes,Yes,Fiber
9129-UXERG,f,65,No,0,No,No,Yes,No,Yes,Yes,Yes,Yes,Fiber Optic
9133-AYJZG,F,40,No,0,No,No,Yes,No,No,Yes,Yes,Yes,Fiber Optic
9134-CEQMF,m,75,Yes,0,Yes,No,No,No,No,Yes,Yes,No,Fiber
9134-WYRVP,m,51,No,0,No,Yes,No,No,No,Yes,No,No,Fiber
9135-HSWOC,m,28,Yes,1,NA,No,No,No,No,No,No,No,None
9135-MGVPY,M,41,NA,0,Yes,Yes,Yes,Yes,Yes,Yes,Yes,Yes,DSL
9136-ALYBR,Male,44,No,0,No,No,No,No,No,No,No,No,cable
9137-NOQKA,m,80,No,0,No,No,No,No,No,No,No,No,None
9137-UIYPG,F,33,Yes,3,NA,Yes,No,Yes,Yes,Yes,Yes,Yes,Optic
9138-EFSMO,m,54,Yes,3,Yes,No,No,No,No,No,Yes,Yes,Fiber Optic
9139-TWBAS,female,34,Yes,0,Yes,Yes,Yes,Yes,No,Yes,No,No,Cable
9139-WQQDY,f,35,Yes,0,Yes,No,Yes,No,No,Yes,Yes,Yes,Optic
9140-CZQZZ,Female,38,Yes,0,Yes,Yes,Yes,No,Yes,Yes,Yes,Yes,DSL
9142-KZXOP,Male,41,No,0,No,No,No,No,No,No,No,No,Fiber Optic
9142-XMYJH,f,46,No,0,No,No,No,No,No,No,No,No,None
9143-CANJF,f,29,Yes,3,NA,Yes,No,No,Yes,No,No,No,DSL 
9146-JRIOX,f,47,Yes,1,Yes,No,No,No,No,No,No,No,None
9150-HEPMB,m,57,No,0,No,Yes,No,Yes,No,No,No,No,Cable
9150-KPBJQ,female,43,No,0,NA,No,No,No,No,No,No,No,None
9152-AMKAK,m,50,No,0,No,Yes,No,Yes,Yes,Yes,Yes,Yes,cable
9153-BTBVV,f,61,Yes,0,Yes,No,No,No,No,No,No,No,None
9154-QDGTH,Male,20,Yes,2,Yes,No,No,Yes,Yes,Yes,Yes,Yes,Optic
9158-VCTQB,F,41,Yes,0,Yes,Yes,Yes,Yes,Yes,Yes,Yes,Yes,Optic
9163-GHAYE,F,34,No,0,No,No,Yes,No,No,No,No,No,cable
9167-APMXZ,f,23,No,0,No,No,No,No,No,Yes,No,No,Fiber Optic
9168-INPSZ,F,75,Yes,0,Yes,No,No,Yes,Yes,Yes,Yes,No,Fiber Optic
9169-BSVIN,m,21,No,0,No,No,No,Yes,No,Yes,Yes,Yes,DSL
9170-ARBTB,Female,41,Yes,0,Yes,No,No,No,No,No,No,No,None
9170-CCKOU,male,62,Yes,0,NA,Yes,Yes,Yes,No,No,No,No,Fiber
9170-GYZJC,Female,42,Yes,3,Yes,Yes,Yes,Yes,Yes,No,Yes,Yes,Cable
9172-ANCRX,Female,35,No,0,NA,Yes,No,No,No,Yes,Yes,Yes,Fiber Optic
9172-JITSM,female,47,Yes,0,Yes,No,No,No,No,Yes,Yes,Yes,Optic
9173-IVZVP,f,48,Yes,3,Yes,No,No,No,No,No,No,No,None
9174-FKWZE,F,70,No,0,No,No,No,No,No,No,No,No,None
9174-IHETN,female,45,No,2,NA,No,No,No,No,No,No,No,Optic
9178-JHUVJ,M,19,Yes,3,NA,No,No,No,No,No,No,No,None
9184-GALIL,f,26,Yes,2,Yes,No,No,No,No,No,No,No,None
9185-TQCVP,male,27,Yes,0,NA,No,No,No,No,No,Yes,Yes,Fiber Optic
9189-JWSHV,F,69,Yes,0,Yes,No,No,No,No,Yes,Yes,Yes,Fiber
9190-MFJLN,male,65,No,0,No,No,No,Yes,No,Yes,Yes,Yes,Fiber Optic
9191-MYQKX,f,34,Yes,5,Yes,No,No,Yes,No,No,No,No,Optic
9194-GFVOI,F,25,Yes,0,Yes,Yes,No,Yes,Yes,Yes,Yes,Yes,DSL
9199-PWQVC,f,38,Yes,0,NA,Yes,Yes,No,No,Yes,Yes,Yes,cable
9200-NLNPD,m,20,Yes,0,Yes,No,No,Yes,Yes,Yes,Yes,Yes,DSL
9206-GVPEQ,M,28,Yes,0,NA,Yes,No,No,Yes,Yes,Yes,Yes,cable
9207-ZPANB,M,42,No,0,No,Yes,Yes,Yes,Yes,No,No,No,DSL 
9208-OLGAQ,F,70,No,0,No,No,No,Yes,No,No,Yes,No,Fiber Optic
9209-NWPGU,male,42,No,0,No,Yes,No,No,Yes,Yes,No,No,cable
9210-IAHGH,F,57,No,0,No,No,No,No,Yes,Yes,Yes,Yes,DSL
9214-EKVXR,f,51,No,0,NA,No,No,No,No,No,No,No,DSL
9220-CXRSC,Female,56,Yes,2,Yes,Yes,No,No,Yes,No,No,No,DSL 
9220-ZNKJI,Female,67,Yes,0,Yes,No,No,Yes,Yes,Yes,No,No,Optic
9221-OTIVJ,F,80,No,0,No,No,Yes,Yes,No,Yes,Yes,No,Optic
9223-UCPVT,F,49,No,0,No,No,No,Yes,No,Yes,Yes,Yes,Fiber
9224-VTYID,Male,30,Yes,3,Yes,Yes,Yes,Yes,Yes,Yes,Yes,Yes,DSL
9225-BZLNZ,M,64,Yes,0,Yes,Yes,Yes,Yes,No,Yes,Yes,Yes,DSL
9227-LUNBG,Female,39,No,0,No,No,No,No,No,No,No,No,DSL
9227-UAQFT,male,40,No,0,No,No,No,No,No,No,No,No,None
9227-YBAXE,female,23,Yes,2,Yes,Yes,Yes,No,Yes,Yes,Yes,Yes,DSL 
9229-RQABD,M,45,No,0,No,No,No,No,No,No,No,No,None
9231-ZJYAM,F,65,No,0,No,No,No,No,No,Yes,No,No,Fiber Optic
9233-PSYHO,F,68,No,0,No,No,No,Yes,No,Yes,Yes,No,Fiber
9236-NDUCW,Female,34,No,0,No,Yes,No,No,Yes,No,No,No,DSL
9237-HQITU,female,19,No,2,No,No,No,No,No,No,No,No,Fiber Optic
9239-GZHZE,Female,25,Yes,0,NA,Yes,Yes,Yes,Yes,Yes,Yes,Yes,Fiber
9239-ZBZZV,f,23,No,0,No,No,No,Yes,No,Yes,Yes,Yes,DSL
9242-TKFSV,male,53,Yes,0,Yes,Yes,Yes,Yes,Yes,Yes,Yes,Yes,DSL 
9244-ZVAPM,M,36,No,0,No,No,No,No,No,No,No,No,DSL 
9248-OJYKK,M,74,No,0,No,No,No,No,No,No,No,No,Fiber Optic
9249-FXSCK,female,20,No,0,No,Yes,Yes,No,Yes,Yes,Yes,Yes,Optic
9250-WYPLL,f,20,No,0,NA,No,No,No,No,No,No,Yes,Fiber Optic
9251-AWQGT,female,19,Yes,3,Yes,No,No,No,No,No,No,No,None
9251-WNSOD,F,23,Yes,0,Yes,Yes,Yes,Yes,No,No,Yes,Yes,DSL 
9253-QXKBE,m,73,Yes,0,Yes,No,No,No,No,Yes,Yes,No,Fiber
9253-VIFJQ,M,50,Yes,0,Yes,Yes,Yes,Yes,No,No,No,No,DSL 
9254-RBFON,F,38,Yes,0,Yes,No,No,Yes,Yes,Yes,Yes,Yes,Fiber Optic
9256-JTBNZ,Female,40,No,0,No,No,No,No,No,No,No,No,None
9257-AZMTZ,female,22,Yes,1,Yes,No,No,No,No,No,No,No,None
9258-CNWAC,F,23,Yes,2,Yes,Yes,Yes,Yes,Yes,Yes,Yes,Yes,Fiber Optic
9259-PACGQ,F,19,Yes,0,NA,Yes,Yes,No,Yes,No,No,No,Cable
9261-WDCAF,M,64,No,0,No,No,No,No,No,No,Yes,Yes,DSL 
9269-CQOOL,Male,58,No,0,NA,No,No,No,No,Yes,No,No,DSL
9272-LSVYH,m,23,No,0,NA,No,No,No,No,No,No,No,Fiber
9274-CNFMO,Male,76,Yes,0,NA,No,No,No,No,No,No,No,Optic
9274-UARKJ,Female,60,No,0,NA,No,Yes,No,No,Yes,No,No,Fiber Optic
9277-JOOMO,f,27,No,0,No,No,No,No,No,No,No,No,None
9278-VZKCD,female,67,Yes,0,NA,Yes,Yes,Yes,No,Yes,Yes,No,Optic
9279-CJEOJ,F,77,No,0,No,No,No,No,No,Yes,Yes,No,Optic
9281-CEDRU,Female,23,Yes,0,NA,No,Yes,No,Yes,Yes,No,No,DSL 
9281-OFDMF,M,76,No,0,No,No,Yes,No,No,No,Yes,Yes,Fiber Optic
9281-PKKZE,Female,47,Yes,0,Yes,No,No,No,No,Yes,Yes,Yes,DSL
9282-IZGQK,female,51,No,0,No,No,No,No,No,No,Yes,Yes,Fiber Optic
9283-LZQOH,Male,36,Yes,0,NA,No,No,No,No,No,No,No,Fiber Optic
9286-BHDQG,m,46,Yes,0,Yes,Yes,Yes,Yes,Yes,No,No,No,DSL
9286-DOJGF,f,66,Yes,0,Yes,No,No,No,No,No,No,No,Optic
9289-LBQVU,M,24,Yes,0,Yes,No,Yes,No,Yes,No,Yes,Yes,DSL
9290-SHCMB,f,74,No,0,No,No,No,Yes,No,Yes,Yes,Yes,Fiber Optic
9294-TDIPC,male,59,No,1,No,No,No,No,No,No,No,No,None
9297-EONCV,female,47,No,0,No,Yes,Yes,Yes,Yes,Yes,Yes,Yes,DSL 
9297-FVVDH,F,33,Yes,0,Yes,Yes,No,Yes,Yes,Yes,Yes,Yes,DSL 
9298-WGMRW,F,26,Yes,0,NA,Yes,Yes,Yes,Yes,Yes,Yes,Yes,Fiber
9300-AGZNL,M,76,No,0,No,No,No,No,No,Yes,Yes,No,Fiber Optic
9300-RENDD,M,56,No,0,No,No,No,No,No,Yes,No,No,Optic
9305-CDSKC,f,31,No,2,No,No,No,Yes,No,Yes,Yes,Yes,Cable
9306-CPCBC,f,44,No,0,No,No,No,No,No,No,No,No,Optic
9308-ANMVE,male,52,No,2,No,Yes,Yes,No,No,No,No,No,Cable
9309-BZGNT,m,69,Yes,0,Yes,No,No,Yes,No,No,No,No,DSL 
9313-CDOGY,M,40,Yes,2,Yes,No,No,No,No,No,No,No,None
9313-QOLTZ,male,31,No,0,NA,No,No,No,No,No,No,No,None
9314-IJWSQ,F,46,Yes,3,Yes,No,No,No,No,Yes,No,No,Fiber
9314-QDMDW,m,29,No,0,No,No,Yes,No,No,Yes,No,No,Cable
9317-WZPGV,Female,74,No,0,No,No,No,No,No,No,Yes,No,Fiber Optic
9318-NKNFC,Male,53,No,0,No,No,No,No,No,No,No,No,None
9323-HGFWY,F,55,Yes,0,Yes,Yes,No,No,Yes,Yes,Yes,Yes,Fiber Optic
9327-QSDED,Male,44,No,0,No,No,No,No,No,No,No,No,DSL 
9330-DHBFL,F,29,Yes,0,Yes,Yes,Yes,Yes,Yes,No,No,No,DSL
9330-IJWIO,F,54,NA,0,No,Yes,No,No,No,Yes,Yes,Yes,Fiber Optic
9330-VOFSZ,female,34,Yes,0,Yes,No,Yes,Yes,Yes,Yes,Yes,Yes,Optic
9332-GYWLO,f,23,Yes,2,NA,No,No,No,No,Yes,No,No,DSL 
9334-GWGOW,m,68,Yes,0,NA,No,No,No,No,No,No,No,Fiber
9337-SRRNI,M,64,No,3,No,No,No,No,No,No,No,No,None
9339-FIIJL,m,57,Yes,0,Yes,No,Yes,Yes,Yes,Yes,Yes,Yes,DSL 
9342-VNIMQ,m,62,No,0,NA,No,Yes,No,No,No,No,No,DSL
9347-AERRL,m,60,Yes,0,Yes,No,No,No,No,No,No,No,None
9348-ROUAI,F,50,Yes,2,Yes,Yes,Yes,Yes,Yes,Yes,Yes,Yes,Cable
9348-YVOMK,m,28,No,0,NA,No,No,No,No,No,No,Yes,DSL
9350-VLHMB,m,38,Yes,3,Yes,No,Yes,No,No,No,Yes,Yes,Optic
9350-ZXYJC,female,24,No,0,No,No,No,No,No,No,No,No,None
9351-HXDMR,male,37,Yes,0,Yes,Yes,No,Yes,Yes,Yes,Yes,Yes,Fiber Optic
9351-LZYGF,f,56,Yes,0,Yes,Yes,Yes,No,Yes,No,No,No,DSL 
9355-NPPFS,female,70,No,0,No,No,No,No,No,No,Yes,Yes,Fiber Optic
9356-AXGMP,male,59,Yes,0,NA,Yes,No,Yes,Yes,Yes,Yes,Yes,Optic
9357-UJRUN,m,50,Yes,0,Yes,Yes,No,No,Yes,No,No,No,cable
9359-JANWS,Female,22,Yes,0,NA,Yes,No,Yes,Yes,No,No,No,DSL
9359-UGBTK,Female,63,No,0,No,Yes,No,Yes,Yes,No,Yes,Yes,Cable
9360-AHGNL,female,74,Yes,0,NA,Yes,No,Yes,Yes,Yes,Yes,No,Fiber Optic
9360-OMDZZ,male,60,No,0,No,No,No,No,No,Yes,Yes,Yes,Optic
9361-YNQWJ,female,36,No,0,No,No,No,No,No,No,No,No,None
9362-MWODR,F,63,No,1,No,Yes,No,No,Yes,Yes,No,No,DSL
9364-YKUVW,m,53,No,0,No,No,No,No,No,No,No,No,None
9365-CSLBQ,Male,36,No,3,No,No,No,No,No,No,No,No,None
9365-SRSZE,male,71,Yes,0,NA,No,No,No,No,No,No,No,Optic
9367-OIUXP,male,28,NA,0,No,No,No,No,No,No,No,No,None
9367-TCUYN,f,25,No,0,No,No,No,No,No,No,No,No,None
9367-WXLCH,Male,51,No,2,No,No,No,No,No,No,Yes,Yes,Fiber
9369-XFEHK,F,76,Yes,0,Yes,No,Yes,No,No,No,No,No,cable
9371-BITHB,female,27,Yes,1,Yes,No,No,No,No,No,No,No,None
9372-TXXPS,F,49,Yes,0,Yes,Yes,Yes,No,Yes,No,No,No,cable
9373-WSLOY,M,80,Yes,0,Yes,No,Yes,Yes,Yes,Yes,No,No,DSL 
9374-YOLBJ,Female,29,Yes,5,NA,No,No,No,No,No,No,No,None
9375-MHRRS,Male,37,No,0,No,No,No,No,Yes,No,No,No,DSL 
9378-FXTIZ,f,50,Yes,0,NA,No,No,No,No,Yes,Yes,Yes,DSL
9381-NDKME,Female,74,Yes,0,Yes,No,No,Yes,No,No,Yes,No,Cable
9385-EHGDO,Female,37,Yes,1,Yes,No,No,No,No,No,No,No,None
9385-NXKDA,F,53,Yes,0,Yes,Yes,Yes,Yes,No,Yes,Yes,Yes,DSL 
9386-LDCZR,m,19,No,0,No,Yes,Yes,Yes,Yes,No,No,No,Fiber
9388-ZEYVT,M,63,No,0,No,No,No,Yes,Yes,No,Yes,Yes,DSL 
9389-ACWBI,f,47,Yes,2,NA,No,No,No,No,No,No,No,Fiber
9391-DXGGG,Female,70,No,0,No,No,Yes,Yes,No,No,Yes,Yes,Fiber Optic
9391-EOYLI,male,77,Yes,0,Yes,No,No,No,No,No,Yes,No,Fiber
9391-LMANN,male,38,No,3,No,Yes,Yes,Yes,No,No,Yes,Yes,Fiber
9391-TTOYH,f,33,No,0,No,No,No,No,No,No,No,No,None
9391-YZEJW,Female,42,No,0,No,No,No,No,No,Yes,Yes,Yes,Fiber
9392-XBGTD,male,42,No,2,NA,No,No,No,No,No,No,No,None
9396-ZSFLL,female,64,No,0,No,No,No,No,No,No,No,No,DSL
9397-TZSHA,Female,24,No,0,No,No,No,No,No,No,No,No,None
9398-MMQTO,M,41,No,0,No,No,Yes,No,No,No,No,No,Optic
9399-APLBT,F,52,Yes,0,Yes,No,Yes,No,No,No,No,No,Optic
9402-CXWPL,Female,25,No,0,No,No,Yes,No,No,Yes,Yes,Yes,Fiber Optic
9402-ORRAH,Female,80,No,0,No,No,No,No,No,Yes,Yes,No,Optic
9402-ROUMJ,F,52,Yes,3,Yes,Yes,No,Yes,Yes,No,Yes,Yes,Optic
9405-GPBBG,female,42,No,0,NA,No,Yes,Yes,Yes,Yes,Yes,Yes,Optic
9408-HRXRK,F,63,Yes,1,NA,Yes,Yes,No,No,Yes,Yes,Yes,Fiber Optic
9408-SSNVZ,female,39,No,2,No,No,No,No,No,No,No,No,Optic
9411-TPQQV,Female,31,No,0,No,Yes,No,No,Yes,Yes,Yes,Yes,DSL
9412-ARGBX,F,47,No,0,No,No,Yes,Yes,Yes,Yes,No,No,Optic
9412-GHEEC,m,55,No,0,NA,No,No,Yes,Yes,Yes,Yes,Yes,Optic
9415-DPEWS,Female,47,No,0,No,No,No,No,Yes,Yes,No,No,Fiber Optic
9415-TPKRV,female,62,Yes,3,Yes,No,Yes,No,No,No,No,No,DSL
9415-ZNBSX,Female,30,Yes,1,NA,Yes,Yes,Yes,Yes,Yes,Yes,Yes,DSL 
9418-RUKPH,f,26,Yes,3,Yes,No,No,No,No,No,No,No,None
9419-IPPBE,female,21,Yes,3,Yes,No,No,Yes,No,No,Yes,Yes,Fiber Optic
9420-LOJKX,F,34,No,1,No,Yes,Yes,No,No,Yes,Yes,Yes,Optic
9424-CMPOG,Male,53,Yes,3,Yes,No,No,No,No,No,No,No,None
9426-SXNHE,Female,23,No,0,NA,No,No,No,No,No,No,No,None
9430-FRQOC,Female,33,No,0,No,No,No,Yes,Yes,No,No,No,Fiber
9430-NKQLY,M,49,Yes,2,NA,No,No,No,No,No,No,No,None
9432-RUVSL,f,43,No,0,No,Yes,No,Yes,Yes,Yes,Yes,Yes,Fiber Optic
9432-VOFYX,m,26,No,0,No,No,No,No,No,No,No,No,Fiber Optic
9435-JMLSX,male,39,Yes,0,Yes,Yes,Yes,Yes,Yes,Yes,Yes,Yes,cable
9436-ZBZCT,m,40,No,0,No,No,No,No,Yes,Yes,No,No,cable
9441-QHEVC,m,61,No,0,No,No,No,No,No,No,No,No,None
9442-JTWDL,Female,52,No,0,NA,No,No,No,No,No,No,No,None
9443-JUBUO,male,24,Yes,3,NA,Yes,Yes,Yes,Yes,Yes,Yes,Yes,DSL
9444-JTXHZ,m,53,Yes,0,Yes,No,No,Yes,No,No,No,No,Fiber Optic
9445-SZLCH,Female,39,Yes,0,Yes,No,Yes,Yes,No,Yes,No,No,Fiber Optic
9445-ZUEQE,male,33,Yes,1,NA,No,Yes,No,Yes,No,No,No,Fiber Optic
9447-YPTBX,F,30,Yes,0,Yes,No,No,No,No,No,No,No,None
9448-REEVD,male,21,Yes,0,Yes,No,No,No,No,No,No,Yes,DSL
9450-TRJUU,m,52,No,0,No,No,No,No,No,Yes,No,No,Fiber
9451-LPGOO,m,22,No,0,NA,No,No,No,No,No,Yes,Yes,Fiber Optic
9451-WLYRI,Female,50,Yes,0,Yes,No,No,No,No,No,No,No,None
9453-PATOS,F,24,Yes,0,Yes,Yes,Yes,Yes,Yes,Yes,Yes,Yes,cable
9462-MJUAW,male,60,No,0,No,No,No,No,No,No,No,No,Cable
9465-RWMXL,m,62,Yes,0,Yes,No,No,Yes,No,No,No,No,Fiber
9467-ROOLM,Female,50,No,0,No,No,No,No,No,No,No,No,None
9469-WEJBT,m,56,Yes,0,NA,No,No,Yes,Yes,No,Yes,Yes,Fiber Optic
9470-RTWDV,m,51,Yes,3,Yes,No,No,Yes,Yes,Yes,Yes,Yes,DSL
9470-XCCEM,m,41,Yes,3,Yes,No,Yes,No,No,Yes,No,No,Optic
9470-YFUYI,m,69,Yes,0,NA,Yes,Yes,No,Yes,Yes,No,No,DSL 
9473-CBZOP,Female,35,No,0,No,Yes,No,Yes,No,No,No,No,Cable
9474-PHLYD,Female,25,No,0,No,No,No,Yes,No,No,Yes,Yes,DSL
9475-NNDGC,M,50,Yes,0,Yes,No,Yes,Yes,Yes,Yes,Yes,Yes,Optic
9477-LGWQI,Male,28,Yes,0,Yes,Yes,Yes,Yes,No,Yes,Yes,Yes,DSL 
9479-HYNYL,f,48,Yes,0,Yes,No,Yes,Yes,Yes,Yes,Yes,Yes,Cable
9480-BQJEI,m,35,No,0,No,Yes,Yes,No,No,No,Yes,Yes,Fiber
9481-IEBZY,Male,69,Yes,0,Yes,Yes,Yes,Yes,Yes,Yes,Yes,Yes,Fiber
9481-SFCQY,f,44,No,1,NA,No,No,Yes,No,Yes,No,No,DSL 
9481-WHGWY,F,35,Yes,3,NA,Yes,No,No,Yes,Yes,Yes,Yes,DSL 
9483-GCPWE,male,60,No,3,No,No,No,No,No,No,No,No,None
9488-FVZCC,F,35,Yes,1,Yes,Yes,Yes,Yes,Yes,No,Yes,Yes,DSL 
9488-FYQAU,Female,64,Yes,0,Yes,No,Yes,Yes,Yes,Yes,Yes,Yes,Fiber Optic
9488-HGMJH,Female,78,No,0,No,No,No,No,No,No,No,No,Optic
9489-DEDVP,F,52,Yes,0,Yes,Yes,Yes,No,No,Yes,No,No,DSL 
9489-JMTTN,female,41,Yes,1,Yes,Yes,Yes,Yes,Yes,Yes,Yes,Yes,DSL
9489-UTFKA,Male,76,Yes,0,Yes,Yes,No,No,No,Yes,No,No,DSL 
9490-DFPMD,female,79,No,0,NA,No,No,No,No,Yes,No,No,Fiber Optic
9492-TOKRI,f,55,No,0,NA,No,Yes,No,No,Yes,No,No,Fiber
9494-BDNNC,M,36,Yes,0,NA,No,Yes,Yes,No,No,Yes,Yes,Optic
9494-MRNYX,Male,22,No,0,No,No,No,No,No,No,No,No,Fiber
9495-REDIY,m,56,No,2,NA,Yes,No,No,No,Yes,No,No,DSL
9495-SKLKD,m,54,Yes,2,Yes,No,Yes,Yes,No,No,Yes,Yes,Optic
9496-IVVRP,female,42,Yes,3,NA,Yes,No,No,No,No,No,No,DSL
9497-QCMMS,Male,73,No,0,No,No,No,No,No,Yes,Yes,No,Optic
9498-FIMXL,F,31,No,0,No,No,No,No,No,No,No,No,None
9499-XPZXM,Female,45,Yes,0,Yes,Yes,Yes,No,Yes,No,No,No,DSL
9500-IWPXQ,female,52,Yes,2,NA,Yes,Yes,Yes,Yes,No,Yes,Yes,DSL
9500-LTVBP,Female,63,No,0,No,No,No,No,Yes,No,No,No,Optic
9500-WBGRP,Male,19,No,0,No,No,No,No,No,No,No,No,None
9501-UKKNL,m,43,No,0,No,No,No,No,Yes,Yes,Yes,Yes,DSL
9503-XJUME,Male,23,No,2,No,No,No,No,No,No,No,No,None
9504-DSHWM,male,53,No,0,No,Yes,No,No,Yes,No,No,No,DSL 
9504-YAZWB,female,28,No,0,NA,No,No,No,No,No,No,No,None
9505-SQFSW,F,59,Yes,3,Yes,No,Yes,No,No,No,Yes,Yes,Cable
9506-UXUSK,M,53,No,0,No,No,No,No,No,No,No,No,Optic
9507-EXLTT,female,30,Yes,0,Yes,No,No,No,No,Yes,No,No,Fiber Optic
9507-HSMMZ,m,48,No,0,No,No,No,No,No,No,No,No,None
9508-ILZDG,F,79,No,0,No,No,Yes,No,Yes,Yes,No,No,Fiber Optic
9509-MPYOD,female,34,No,0,No,No,No,No,No,No,No,No,None
9512-PHSMG,Female,27,Yes,0,NA,No,No,No,No,No,No,No,None
9512-UIBFX,M,52,Yes,0,Yes,No,No,Yes,No,Yes,Yes,Yes,Optic
9513-DXHDA,m,58,No,0,No,Yes,No,Yes,Yes,Yes,Yes,Yes,DSL
9514-JDSKI,male,77,Yes,0,Yes,No,Yes,No,No,Yes,No,No,DSL 
9518-IMLHK,male,48,No,0,NA,Yes,Yes,Yes,Yes,Yes,No,No,DSL 
9518-RWHZL,F,39,No,0,No,No,No,Yes,No,Yes,Yes,Yes,Fiber Optic
9518-XXBXE,male,80,Yes,0,NA,Yes,No,No,No,No,No,No,Optic
9522-BNTHX,f,72,No,0,NA,No,Yes,Yes,No,Yes,Yes,No,DSL 
9522-ZSINC,male,34,No,0,No,No,No,No,No,No,No,No,None
9524-EGPJC,Female,33,No,0,No,No,No,No,Yes,No,Yes,Yes,Optic
9526-BIHHD,Male,30,No,0,No,Yes,No,No,No,No,No,No,Cable
9526-JAWYF,male,49,No,0,No,No,Yes,Yes,No,Yes,No,No,Fiber
9529-OFXHY,m,20,No,0,No,Yes,No,No,No,Yes,No,No,Fiber Optic
9530-EHPOH,Male,60,No,0,No,No,No,Yes,No,No,No,No,DSL 
9530-GRMJG,m,63,Yes,3,Yes,No,Yes,Yes,Yes,Yes,Yes,Yes,DSL
9531-NSBMR,f,44,No,0,No,No,No,No,No,No,No,No,None
9534-NSXEM,M,28,No,0,No,No,No,No,No,No,No,No,None
9537-JALFH,M,49,Yes,2,Yes,No,No,No,No,No,No,No,None
9537-VHDTA,F,42,No,3,No,Yes,No,No,No,No,No,No,Cable
9540-JYROE,M,30,No,0,NA,No,No,No,No,No,No,No,Fiber Optic
9541-PWTWO,Female,32,No,0,No,No,No,Yes,Yes,Yes,Yes,Yes,DSL
9541-ZPSEA,male,25,Yes,3,Yes,Yes,No,Yes,No,No,No,No,Fiber
9544-PYPSJ,female,67,Yes,2,Yes,No,Yes,Yes,No,No,Yes,No,Optic
9546-CQJSU,Female,50,No,0,No,No,No,Yes,No,Yes,No,No,Optic
9546-KDTRB,female,62,No,0,No,No,No,No,No,No,No,No,None
9547-ITEFG,male,32,Yes,3,Yes,No,Yes,Yes,No,Yes,Yes,Yes,Fiber
9548-LERKT,male,32,Yes,0,Yes,No,No,No,No,No,No,No,None
9548-LIGTA,Male,26,Yes,0,NA,Yes,Yes,No,Yes,Yes,Yes,Yes,Cable
9548-ZMVTX,male,31,Yes,3,Yes,No,Yes,Yes,Yes,No,No,No,Fiber Optic
9552-TGUZV,Male,57,Yes,0,Yes,Yes,No,No,No,No,No,No,Optic
9553-DLCLU,female,30,No,0,No,Yes,Yes,Yes,Yes,Yes,Yes,Yes,DSL 
9554-DFKIC,m,50,Yes,2,Yes,Yes,No,No,No,No,No,No,DSL
9555-SAHUZ,F,30,Yes,3,NA,Yes,Yes,No,No,No,No,No,cable
9558-IHEZX,F,57,No,0,No,Yes,Yes,Yes,No,Yes,Yes,Yes,Fiber Optic
9560-ARGQJ,F,40,No,0,No,No,No,No,No,Yes,No,No,Optic
9560-BBZXK,Female,61,No,0,No,Yes,No,No,No,No,No,No,cable
9564-KCLHR,M,58,No,0,NA,No,No,No,Yes,No,No,No,DSL
9565-AXSMR,Male,19,Yes,3,NA,No,No,No,No,No,No,No,None
9565-DJPIB,f,64,No,0,No,No,Yes,No,No,Yes,No,No,Fiber
9565-FLVCG,m,40,Yes,0,Yes,Yes,Yes,No,No,No,Yes,Yes,DSL 
9565-JSNFM,m,39,No,0,NA,No,No,No,No,No,No,No,Fiber Optic
9570-KYEUA,m,38,No,0,No,Yes,No,Yes,Yes,No,Yes,Yes,Fiber Optic
9571-EDEBV,Male,60,Yes,0,Yes,No,No,Yes,No,Yes,Yes,Yes,Optic
9572-MTILT,male,47,Yes,0,NA,Yes,Yes,Yes,Yes,Yes,No,No,Fiber
9572-WUKSB,m,22,Yes,0,NA,No,No,No,Yes,No,No,No,DSL
9574-BOSMD,M,50,Yes,2,NA,No,No,No,No,No,No,No,None
9574-RKJIF,m,52,Yes,0,Yes,Yes,Yes,No,No,Yes,No,No,Optic
9575-IWCAZ,male,37,Yes,0,Yes,No,No,No,No,No,No,No,None
9576-ANLXO,Female,30,No,0,No,No,No,No,No,No,No,No,Fiber Optic
9576-SYUHJ,m,29,No,0,No,Yes,No,No,No,Yes,No,No,Fiber
9577-WJVCQ,f,24,No,0,No,Yes,No,No,No,No,No,No,DSL 
9578-FOMUK,M,53,No,3,No,No,No,No,No,No,No,No,None
9578-VRMNM,F,48,No,0,No,No,No,Yes,No,No,Yes,Yes,DSL 
9581-GVBXT,M,59,Yes,2,NA,Yes,No,Yes,No,No,No,No,DSL 
9584-EXCDZ,Female,53,No,0,No,No,No,No,No,No,No,No,Fiber Optic
9585-KKMFD,M,24,Yes,1,Yes,No,No,No,No,No,No,No,None
9586-JGQKH,female,61,Yes,0,Yes,No,Yes,No,Yes,Yes,Yes,Yes,Fiber Optic
9588-OZDMQ,F,38,Yes,0,Yes,No,No,No,No,No,No,No,DSL 
9588-YRFHY,Male,19,No,0,NA,No,No,No,No,No,No,No,None
9589-ABEPT,Male,47,Yes,0,NA,No,Yes,No,Yes,Yes,No,No,Optic
9591-YVTEB,male,77,No,0,No,Yes,Yes,No,No,Yes,No,No,DSL 
9592-ERDKV,M,43,Yes,0,Yes,Yes,No,Yes,No,Yes,Yes,Yes,DSL 
9593-CVZKR,F,20,Yes,2,Yes,No,No,No,No,No,No,No,None
9600-NAXZN,m,39,No,0,No,No,Yes,No,No,Yes,Yes,Yes,Optic
9600-UDOPK,Male,33,Yes,0,NA,No,No,No,No,Yes,Yes,Yes,Fiber Optic
9601-BRXPO,f,48,Yes,0,Yes,No,No,Yes,Yes,Yes,Yes,Yes,Fiber Optic
9602-WCXPI,M,24,No,0,NA,No,No,No,No,No,No,No,None
9603-OAIHC,M,72,No,0,No,No,No,No,No,No,No,No,Fiber
9605-WGJVW,F,69,No,0,No,No,No,No,No,No,No,No,Fiber Optic
9606-PBKBQ,M,69,Yes,0,NA,No,No,No,No,No,Yes,Yes,Fiber Optic
9609-BENEA,male,50,Yes,0,Yes,No,Yes,No,Yes,Yes,No,No,DSL 
9610-WCESF,m,44,No,0,No,Yes,No,No,Yes,Yes,No,No,Cable
9611-CTWIH,female,56,No,0,No,No,No,No,No,Yes,Yes,Yes,Fiber
9614-RMGHA,M,29,Yes,0,Yes,No,Yes,No,No,Yes,No,Yes,Optic
9617-INGJY,m,31,No,0,No,No,No,No,No,No,No,No,Fiber
9617-UDPEU,female,50,No,0,No,No,No,No,No,No,No,No,None
9618-LFJRU,f,31,No,0,No,No,No,No,No,No,No,No,None
9619-GSATL,female,38,No,0,No,No,Yes,No,Yes,No,No,No,DSL 
9620-ENEJV,female,52,No,0,NA,No,No,No,No,No,No,No,Fiber Optic
9620-QJREV,M,62,No,0,No,No,No,No,No,No,No,No,None
9621-OUPYD,Female,21,Yes,0,Yes,No,No,No,No,No,No,No,None
9624-EGDEQ,Female,49,No,0,No,No,No,No,No,No,No,No,None
9625-QNLUX,Male,51,Yes,2,NA,Yes,Yes,Yes,No,Yes,Yes,Yes,Fiber Optic
9625-QSTYE,Female,37,No,0,No,No,Yes,Yes,No,No,No,No,Optic
9625-RZFUK,male,47,Yes,1,Yes,No,No,No,No,No,No,No,None
9626-VFRGG,Female,33,No,2,NA,No,Yes,No,No,Yes,No,No,Optic
9626-WEQRM,F,53,No,0,No,Yes,No,No,No,No,No,No,DSL
9629-NHXFW,Female,58,Yes,2,Yes,No,No,No,No,No,No,No,None
9631-RXVJM,M,33,No,0,NA,No,No,No,No,No,No,No,None
9631-XEYKE,male,28,No,0,No,No,No,No,No,No,No,No,DSL
9633-DENPU,F,53,Yes,0,Yes,No,Yes,No,No,Yes,No,No,Cable
9633-XQABV,F,33,No,0,No,No,No,No,No,No,No,No,Fiber
9637-CDTKZ,M,64,Yes,0,Yes,Yes,Yes,Yes,Yes,Yes,Yes,Yes,Fiber Optic
9637-EIHEQ,female,20,No,0,No,No,No,No,Yes,No,No,No,Cable
9638-JIQYA,male,22,No,0,NA,No,No,No,No,No,No,No,DSL
9639-BUJXT,male,50,No,0,No,No,No,No,No,No,No,No,None
9640-ZSLDC,female,29,Yes,5,Yes,No,No,Yes,No,No,Yes,Yes,DSL 
9643-AVVWI,f,49,Yes,3,NA,No,Yes,No,Yes,No,No,No,Optic
9643-YBLUR,male,27,Yes,0,Yes,No,Yes,Yes,No,No,Yes,Yes,Cable
9644-KVCNC,F,49,No,0,No,No,No,Yes,No,Yes,No,No,Optic
9644-UMGQA,M,48,Yes,3,Yes,Yes,No,No,No,No,No,No,DSL
9646-NMHXE,male,63,Yes,0,NA,No,No,No,No,No,No,No,None
9647-ERGBE,Female,64,Yes,0,Yes,No,No,Yes,No,Yes,Yes,Yes,Fiber Optic
9648-BCHKM,female,22,Yes,3,Yes,No,No,No,No,No,No,No,None
9650-VBUOG,m,44,Yes,1,Yes,No,No,No,No,No,No,No,None
9651-GTSAQ,f,44,Yes,0,Yes,Yes,Yes,Yes,No,Yes,Yes,Yes,Optic
9658-WYUFB,female,57,No,0,No,Yes,Yes,No,No,Yes,No,No,Fiber
9659-QEQSY,Female,26,No,0,NA,Yes,Yes,Yes,Yes,Yes,Yes,Yes,Fiber Optic
9659-ZTWSM,male,71,Yes,0,Yes,No,Yes,Yes,Yes,Yes,Yes,No,Fiber Optic
9661-ACXBS,f,26,No,0,No,Yes,No,Yes,No,Yes,Yes,Yes,Fiber Optic
9661-JALZV,F,23,No,0,No,No,No,No,No,No,No,No,None
9661-MHUMO,Male,71,Yes,1,Yes,No,No,No,Yes,No,No,No,DSL
9667-EQRXU,female,74,No,0,No,No,No,Yes,No,Yes,No,No,Cable
9667-TKTVZ,female,38,No,0,No,No,No,No,Yes,No,No,No,Cable
9668-PUGNU,m,20,Yes,0,NA,No,No,No,No,No,No,No,None
9670-BPNXF,female,48,No,0,No,Yes,Yes,No,Yes,No,No,No,DSL
9674-EHPPG,M,63,Yes,0,NA,Yes,No,Yes,Yes,No,No,No,DSL
9675-ICXCT,male,23,Yes,0,Yes,Yes,No,Yes,Yes,Yes,Yes,Yes,Cable
9677-AVKED,female,55,No,2,No,No,Yes,Yes,Yes,Yes,Yes,Yes,Cable
9680-NIAUV,Female,42,Yes,0,Yes,Yes,Yes,Yes,No,Yes,Yes,Yes,Fiber Optic
9681-KYGYB,M,75,Yes,0,Yes,Yes,Yes,Yes,No,No,No,No,Fiber Optic
9681-OXGVC,f,54,No,0,No,No,No,Yes,No,Yes,Yes,Yes,Fiber
9685-WKZGT,Male,67,No,0,No,No,No,No,No,No,No,No,Fiber
9688-YGXVR,f,35,No,0,NA,No,Yes,Yes,No,Yes,No,No,Optic
9689-PTNPG,male,42,No,0,No,No,No,No,No,Yes,No,No,Fiber
9691-HKOVS,female,20,Yes,0,Yes,Yes,Yes,Yes,Yes,Yes,Yes,Yes,DSL 
9692-TUSXH,female,23,No,0,No,Yes,No,No,No,Yes,Yes,Yes,Fiber
9693-XMUOB,Male,65,Yes,0,Yes,No,Yes,No,No,Yes,Yes,Yes,cable
9695-IDRZR,Female,26,No,3,No,Yes,Yes,Yes,Yes,Yes,Yes,Yes,Optic
9696-RMYBA,M,56,No,0,No,No,No,No,No,Yes,No,No,Fiber Optic
9699-UBQFS,Female,76,Yes,0,Yes,Yes,Yes,No,No,Yes,No,No,Optic
9700-ISPUP,f,59,Yes,1,Yes,No,Yes,No,Yes,No,Yes,Yes,DSL
9700-ZCLOT,male,46,No,0,No,No,No,No,No,No,No,No,None
9701-CDXHR,female,63,Yes,0,Yes,No,No,No,No,No,No,No,Optic
9702-AIUJO,Male,22,Yes,2,Yes,No,No,No,No,No,No,No,DSL 
9705-IOVQQ,M,80,Yes,2,Yes,No,Yes,No,No,Yes,Yes,Yes,Optic
9705-ZJBCG,female,51,Yes,1,NA,Yes,No,No,Yes,No,No,No,DSL 
9708-HPXWZ,m,74,No,0,NA,No,No,Yes,Yes,Yes,No,No,DSL
9708-KFDBY,m,29,No,0,No,No,No,No,No,No,No,No,None
9710-NJERN,Female,30,No,0,No,No,No,No,No,No,No,No,None
9710-ZUSHQ,female,77,No,0,No,Yes,Yes,No,No,Yes,Yes,No,Optic
9711-FJTBX,Male,60,Yes,1,Yes,No,Yes,Yes,Yes,No,No,No,Fiber
9714-EDSUC,Male,25,No,0,No,Yes,Yes,No,Yes,No,Yes,Yes,Optic
9715-SBVSU,m,20,Yes,1,NA,Yes,Yes,No,No,No,Yes,Yes,DSL
9715-WZCLW,male,28,Yes,2,NA,Yes,No,No,No,Yes,Yes,Yes,Fiber Optic
9717-IOAAF,M,54,No,1,No,No,No,No,No,No,No,No,None
9717-QEBGU,m,51,No,0,No,No,No,No,No,No,No,No,Fiber
9720-JJJOR,m,20,Yes,0,NA,Yes,Yes,Yes,No,No,No,Yes,DSL 
9722-UJOJR,Male,36,Yes,0,Yes,No,No,No,No,No,No,No,Optic
9725-SCPZG,male,47,No,0,No,No,No,No,No,Yes,Yes,Yes,Fiber Optic
9728-FTTVZ,female,44,No,0,No,No,No,No,No,No,No,No,Fiber
9730-DRTMJ,Male,26,Yes,0,Yes,Yes,No,No,Yes,Yes,No,No,DSL 
9732-EQMWY,Female,20,Yes,0,Yes,No,Yes,Yes,No,Yes,Yes,Yes,Optic
9732-KPKBW,Male,49,No,0,No,Yes,No,No,Yes,No,No,No,DSL 
9732-OUYRN,F,54,Yes,0,NA,No,No,No,No,No,No,No,None
9734-UYXQI,f,27,No,0,No,No,No,No,No,No,No,Yes,Cable
9734-YWGEX,f,27,No,0,No,No,No,Yes,No,Yes,Yes,Yes,Fiber
9738-QLWTP,Male,47,No,0,NA,No,No,Yes,Yes,No,No,No,Optic
9739-JLPQJ,F,58,Yes,1,NA,Yes,Yes,Yes,Yes,Yes,Yes,Yes,Fiber
9741-YLNTD,m,37,No,0,NA,No,No,No,Yes,No,Yes,Yes,Fiber
9742-XOKTS,male,60,Yes,1,Yes,Yes,Yes,No,Yes,No,No,No,Optic
9743-DQKQW,M,28,No,0,No,No,No,No,No,No,No,No,DSL
9746-MDMBK,M,58,Yes,1,Yes,Yes,Yes,Yes,Yes,Yes,Yes,Yes,Fiber
9746-UGFAC,f,50,No,0,No,No,No,No,No,No,No,No,None
9746-YKGXB,Male,48,Yes,2,Yes,Yes,No,Yes,No,No,Yes,Yes,DSL 
9747-DDZOS,f,50,No,0,No,No,No,Yes,No,No,No,No,Fiber
9750-BOOHV,Female,60,No,0,No,Yes,No,No,No,No,No,No,DSL
9752-ZNQUT,female,51,No,0,No,No,Yes,No,No,No,No,No,Cable
9753-OYLBX,Female,54,No,0,No,No,No,No,No,No,No,No,None
9754-CLVZW,female,40,Yes,3,Yes,Yes,Yes,No,Yes,No,No,No,Cable
9755-JHNMN,f,37,No,0,No,Yes,Yes,Yes,Yes,No,No,No,Cable
9758-MFWGD,Female,75,Yes,2,Yes,No,Yes,No,No,No,No,No,DSL
9761-XUJWD,m,22,No,0,No,No,Yes,No,Yes,No,Yes,Yes,DSL
9762-YAQAA,M,54,No,0,No,No,Yes,No,No,No,No,No,Optic
9763-GRSKD,Male,37,Yes,2,Yes,Yes,No,No,No,No,No,No,DSL
9763-PDTKK,Female,59,No,0,No,Yes,No,Yes,Yes,No,Yes,Yes,Fiber
9764-REAFF,F,60,Yes,0,Yes,No,No,No,No,No,No,No,None
9766-HGEDE,female,33,Yes,0,Yes,No,No,No,No,No,No,No,None
9767-FFLEM,Male,63,No,0,No,No,No,No,No,No,No,No,Fiber Optic
9769-TSBZE,Female,54,No,3,No,Yes,Yes,No,Yes,No,No,No,DSL
9770-KXGQU,f,52,No,0,No,Yes,Yes,Yes,No,Yes,No,No,Fiber
9770-LXDBK,f,42,No,0,No,No,No,No,No,No,No,No,None
9773-PEQBZ,Male,43,No,0,No,No,Yes,No,No,No,No,No,Fiber
9774-NRNAU,male,77,Yes,0,Yes,No,Yes,Yes,Yes,Yes,Yes,No,DSL
9776-CLUJA,Female,69,Yes,0,Yes,Yes,No,No,No,No,No,No,Fiber
9776-OJUZI,f,69,No,0,NA,No,Yes,Yes,No,Yes,No,No,Fiber
9777-IQHWP,m,53,Yes,1,Yes,Yes,No,Yes,No,No,Yes,Yes,Fiber Optic
9777-WJJPR,Male,46,Yes,0,Yes,No,No,Yes,No,Yes,No,No,Fiber Optic
9778-OGKQZ,Male,55,Yes,0,Yes,Yes,Yes,Yes,Yes,Yes,Yes,Yes,DSL 
9779-DPNEJ,f,59,Yes,3,NA,No,No,No,No,No,Yes,Yes,Optic
9780-FKVVF,m,60,No,0,No,Yes,No,No,No,No,Yes,Yes,DSL
9782-LGXMC,female,35,Yes,1,NA,Yes,No,Yes,Yes,No,No,No,DSL 
9786-IJYDL,F,49,No,0,No,Yes,Yes,Yes,Yes,Yes,Yes,Yes,Optic
9786-YWNHU,F,62,Yes,2,Yes,Yes,Yes,Yes,Yes,No,No,No,DSL 
9787-XVQIU,M,38,No,0,NA,No,No,No,No,No,No,No,Fiber
9788-HNGUT,male,45,Yes,0,Yes,Yes,Yes,Yes,Yes,Yes,Yes,Yes,Fiber
9788-YTFGE,m,47,No,0,No,No,No,No,No,No,No,No,None
9793-WECQC,M,53,No,0,No,No,Yes,No,No,Yes,Yes,Yes,Fiber Optic
9795-NREXC,f,41,Yes,0,Yes,Yes,No,Yes,Yes,Yes,Yes,Yes,DSL
9795-SHUHB,f,26,Yes,0,Yes,Yes,Yes,No,Yes,No,No,No,Cable
9795-VOWON,m,23,No,0,NA,No,No,No,No,No,No,No,cable
9796-BPKIW,m,67,No,0,NA,No,No,No,No,No,No,No,Fiber Optic
9796-MVYXX,F,75,No,0,No,Yes,No,Yes,Yes,No,No,No,DSL
9798-DRYDS,f,52,Yes,0,Yes,No,No,Yes,Yes,No,No,No,DSL
9798-OPFEM,Female,42,No,0,No,No,No,No,No,No,No,No,None
9799-CAYJJ,F,79,Yes,0,Yes,No,No,No,No,No,No,No,Fiber Optic
9800-ONTFE,F,59,Yes,3,Yes,No,No,No,No,No,No,No,Fiber Optic
9800-OUIGR,M,61,Yes,1,Yes,No,No,No,No,No,No,No,None
9801-GDWGV,female,52,No,0,NA,No,Yes,Yes,No,Yes,Yes,Yes,Optic
9801-NOSHQ,Male,50,No,3,NA,No,No,No,No,No,No,No,None
9802-CAQUT,female,27,Yes,3,Yes,Yes,Yes,Yes,No,Yes,Yes,Yes,Fiber
9803-FTJCG,m,50,Yes,0,Yes,Yes,Yes,No,Yes,No,No,No,DSL 
9804-ICWBG,male,56,No,0,No,No,No,No,No,No,No,No,Fiber Optic
9805-FILKB,male,44,Yes,0,Yes,No,No,No,No,No,No,No,None
9809-IMGCQ,m,65,No,0,No,No,No,No,No,Yes,Yes,Yes,Fiber
9812-GHVRI,female,50,No,0,No,No,No,No,No,No,Yes,Yes,Fiber
9814-AOUDH,Male,29,No,0,No,No,No,No,No,No,No,No,None
9817-APLHW,Male,37,No,0,No,No,No,No,No,No,No,No,None
9818-XQCUV,F,52,No,0,NA,No,No,No,No,No,No,No,None
9819-FBNSV,m,75,Yes,0,NA,No,No,No,No,No,No,No,Fiber
9820-RMCQV,female,43,No,0,No,Yes,No,No,No,No,No,No,DSL 
9821-BESNZ,m,43,No,0,No,No,Yes,No,Yes,Yes,Yes,Yes,Fiber Optic
9821-POOTN,m,48,Yes,0,Yes,No,No,No,No,No,No,No,Optic
9822-BIIGN,m,61,Yes,3,Yes,Yes,No,No,Yes,No,Yes,Yes,cable
9822-OAOVB,female,63,No,0,No,No,No,No,No,No,Yes,Yes,DSL 
9822-WMWVG,Female,20,No,0,No,Yes,Yes,Yes,Yes,Yes,No,No,Fiber Optic
9823-EALYC,M,55,Yes,2,Yes,Yes,Yes,Yes,Yes,Yes,No,No,DSL 
9824-BEMCV,male,58,Yes,0,Yes,No,No,No,No,No,No,No,Fiber
9824-QCJPK,m,47,Yes,0,Yes,No,No,No,No,No,No,No,None
9825-YCXWZ,Female,69,No,0,NA,No,No,Yes,Yes,Yes,Yes,Yes,Fiber Optic
9828-AOQLM,f,37,Yes,0,Yes,No,No,No,No,No,No,No,DSL
9828-QHFBK,M,60,No,0,NA,Yes,No,No,No,No,No,No,DSL 
9830-ECLEN,M,21,Yes,3,Yes,Yes,Yes,Yes,No,Yes,No,No,Cable
9831-BPFRI,f,50,Yes,0,Yes,No,Yes,Yes,Yes,No,No,No,Fiber
9833-TGFHX,M,62,NA,0,Yes,Yes,No,No,No,Yes,Yes,Yes,Optic
9835-ZIITK,Male,66,Yes,0,Yes,No,Yes,Yes,Yes,Yes,Yes,No,Optic
9837-BMCLM,male,39,No,0,NA,No,No,No,No,Yes,No,No,Optic
9837-FWLCH,male,39,Yes,1,Yes,No,No,No,No,No,No,No,None
9838-BFCQT,m,61,Yes,2,Yes,No,No,No,No,No,No,No,None
9839-ETQOE,Male,41,No,2,No,Yes,Yes,Yes,No,No,No,No,DSL 
9840-DVNDC,m,45,No,0,No,No,No,No,No,Yes,No,No,Optic
9840-EFJQB,female,43,No,0,NA,No,Yes,No,No,No,No,No,Optic
9842-EFSYY,Female,31,No,3,No,Yes,Yes,Yes,No,Yes,Yes,Yes,Cable
9844-FELAJ,F,65,Yes,2,Yes,No,Yes,Yes,Yes,Yes,Yes,Yes,Fiber Optic
9845-PEEKO,Female,71,No,0,No,No,Yes,No,No,No,No,No,Fiber Optic
9845-QOMAD,M,38,Yes,2,Yes,No,No,No,No,No,No,No,None
9846-GKXAS,Female,53,No,0,NA,No,No,No,No,Yes,Yes,Yes,Fiber Optic
9847-HNVGP,Male,23,No,0,No,No,No,No,No,No,No,No,None
9848-JQJTX,m,52,No,0,No,No,Yes,Yes,No,Yes,Yes,Yes,Fiber
9850-OWRHQ,f,55,Yes,0,NA,No,No,No,No,No,No,No,Fiber
9851-KIELU,Male,53,No,0,No,Yes,Yes,Yes,Yes,Yes,Yes,Yes,Optic
9851-QXEEQ,male,21,No,0,No,No,Yes,Yes,No,Yes,Yes,Yes,Optic
9853-JFZDU,f,20,Yes,0,Yes,No,Yes,No,Yes,No,No,No,DSL
9860-LISIZ,f,19,No,0,No,No,No,No,No,No,No,No,None
9861-PDSZP,F,19,No,0,NA,No,Yes,Yes,Yes,Yes,Yes,Yes,Fiber
9862-KJTYK,male,19,No,2,No,No,No,No,No,No,No,Yes,DSL
9863-JZAIC,Male,60,No,0,NA,No,No,No,No,Yes,No,No,Cable
9866-OCCKE,f,73,Yes,0,Yes,Yes,No,Yes,Yes,Yes,Yes,No,Optic
9866-QEVEE,m,58,No,0,No,No,No,No,No,No,Yes,Yes,Fiber Optic
9867-JCZSP,female,28,Yes,0,Yes,No,No,No,No,No,No,No,None
9867-NNXLC,F,43,No,0,No,No,No,No,No,No,No,No,None
9867-XOBQA,Female,59,No,1,No,Yes,Yes,Yes,Yes,Yes,No,No,DSL
9871-ELEYA,Female,22,No,0,No,Yes,No,Yes,Yes,Yes,No,No,DSL
9873-MNDKV,f,59,No,0,No,No,No,No,No,No,No,No,DSL
9874-QLCLH,female,38,Yes,0,Yes,Yes,No,Yes,No,Yes,Yes,Yes,Optic
9878-TNQGW,m,51,No,0,No,No,No,No,No,No,Yes,Yes,Fiber
9880-TDQAC,F,63,Yes,0,Yes,No,Yes,Yes,Yes,Yes,Yes,Yes,DSL 
9881-VCZEP,f,29,Yes,0,Yes,No,Yes,No,No,No,No,No,Cable
9885-AIBVB,M,62,Yes,0,NA,No,Yes,Yes,No,No,No,No,Optic
9885-CSMWE,Female,65,NA,0,No,No,No,No,No,Yes,No,No,Fiber Optic
9885-MFVSU,f,59,Yes,0,Yes,Yes,No,No,Yes,Yes,No,No,DSL
9888-ZCUMM,M,48,Yes,1,Yes,Yes,No,Yes,Yes,Yes,Yes,Yes,DSL
9889-TMAHG,m,66,No,0,No,Yes,No,No,Yes,Yes,Yes,Yes,Fiber
9891-NQDBD,F,22,Yes,0,Yes,No,No,No,No,No,No,No,None
9894-EZEWG,f,31,No,0,No,No,Yes,No,No,No,No,No,Optic
9894-QMIMJ,F,55,No,0,No,No,Yes,Yes,No,No,No,No,DSL 
9895-VFOXH,f,19,No,0,NA,No,No,No,No,No,No,Yes,DSL
9896-UYMIE,male,27,No,0,No,Yes,Yes,Yes,Yes,Yes,Yes,Yes,Fiber Optic
9897-KXHCM,female,37,Yes,0,NA,No,No,No,No,No,Yes,Yes,Fiber Optic
9898-KZQDZ,female,65,Yes,0,Yes,No,No,No,No,Yes,Yes,Yes,Fiber
9903-LYSAB,M,42,Yes,0,Yes,No,No,No,No,No,No,No,Optic
9904-EHEVJ,Female,66,Yes,1,Yes,No,No,Yes,No,Yes,No,No,Fiber Optic
9906-NHHVC,f,75,No,0,NA,No,Yes,Yes,No,Yes,Yes,No,cable
9907-SWKKF,female,69,NA,0,No,No,No,No,No,No,No,No,DSL
9909-DFRJA,Female,60,No,0,No,Yes,No,Yes,Yes,No,Yes,Yes,Optic
9909-IDLEK,Male,32,Yes,3,Yes,No,Yes,No,Yes,Yes,No,No,Fiber
9912-GVSEQ,female,73,Yes,0,Yes,No,Yes,Yes,No,No,Yes,No,Fiber Optic
9912-OMZDS,Female,63,Yes,1,Yes,No,Yes,Yes,No,Yes,Yes,Yes,Fiber
9916-AYHTC,m,63,No,0,No,No,No,No,No,No,No,No,None
9917-KWRBE,F,28,Yes,0,Yes,Yes,Yes,Yes,No,Yes,No,No,Cable
9919-FZDED,m,79,Yes,0,NA,Yes,Yes,Yes,No,Yes,Yes,No,DSL 
9919-KNPOO,Female,60,Yes,0,Yes,No,No,No,No,Yes,Yes,Yes,Fiber
9919-YLNNG,female,38,No,0,No,No,Yes,Yes,Yes,Yes,Yes,Yes,Fiber
9921-EZKBY,m,55,No,3,No,Yes,No,Yes,No,No,Yes,Yes,Optic
9921-QFQUL,f,33,Yes,0,Yes,No,No,Yes,No,No,Yes,Yes,Fiber Optic
9921-ZVRHG,Female,44,No,0,NA,No,No,Yes,No,No,No,No,Optic
9924-JPRMC,M,60,No,0,NA,Yes,Yes,Yes,Yes,Yes,Yes,Yes,Fiber
9926-PJHDQ,f,45,Yes,0,Yes,No,No,Yes,No,Yes,Yes,Yes,cable
9927-DSWDF,m,53,Yes,0,Yes,Yes,Yes,No,Yes,Yes,Yes,Yes,Fiber Optic
9928-BZVLZ,Female,58,No,0,No,Yes,No,Yes,Yes,No,Yes,Yes,DSL
9929-PLVPA,f,51,No,3,NA,No,No,No,No,No,No,No,None
9931-DCEZH,male,55,No,1,No,No,Yes,No,Yes,No,No,No,DSL
9931-KGHOA,female,48,Yes,0,Yes,Yes,No,No,No,No,No,No,DSL
9932-WBWIK,Male,43,No,0,No,No,No,No,No,No,No,No,None
9933-QRGTX,f,59,Yes,0,Yes,Yes,No,No,Yes,Yes,Yes,Yes,Fiber Optic
9938-EKRGF,F,58,No,0,No,Yes,Yes,Yes,Yes,Yes,Yes,Yes,Cable
9938-PRCVK,Female,45,Yes,1,Yes,No,No,No,No,No,No,No,None
9938-TKDGL,m,38,Yes,3,Yes,Yes,No,No,Yes,Yes,Yes,Yes,Optic
9938-ZREHM,Female,41,Yes,0,Yes,No,Yes,No,Yes,No,Yes,Yes,DSL
9940-HPQPG,Female,58,Yes,0,Yes,Yes,Yes,Yes,No,No,No,No,Fiber Optic
9940-RHLFB,f,53,No,0,No,No,No,Yes,No,No,No,No,Fiber Optic
9943-VSZUV,Male,75,No,0,No,No,No,No,No,No,No,No,Fiber Optic
9944-AEXBM,Male,51,No,0,No,No,No,No,No,No,Yes,Yes,Optic
9944-HKVVB,Female,55,No,0,No,No,Yes,No,No,Yes,Yes,Yes,Cable
9945-PSVIP,f,36,Yes,3,Yes,No,No,No,No,No,No,No,None
9947-OTFQU,Male,65,No,0,NA,No,Yes,No,No,No,No,No,Optic
9948-YPTDG,Male,44,Yes,0,Yes,Yes,Yes,No,No,No,No,No,Optic
9950-MTGYX,M,30,Yes,2,NA,No,No,No,No,No,No,No,None
9953-ZMKSM,Male,28,No,0,No,No,No,No,No,No,No,No,None
9955-QOPOY,M,23,Yes,0,Yes,No,Yes,Yes,Yes,Yes,Yes,Yes,DSL 
9957-YODKZ,m,75,Yes,0,Yes,No,No,Yes,No,No,No,No,Fiber Optic
9958-MEKUC,M,26,Yes,2,NA,Yes,Yes,Yes,Yes,No,Yes,Yes,Fiber Optic
9959-WOFKT,M,61,No,0,NA,Yes,No,Yes,No,Yes,Yes,Yes,Fiber
9961-JBNMK,m,79,No,0,No,No,No,Yes,No,Yes,Yes,No,Optic
9962-BFPDU,Female,61,Yes,3,Yes,No,No,No,No,No,No,No,None
9964-WBQDJ,female,19,Yes,0,NA,No,No,No,No,No,No,No,None
9965-YOKZB,m,73,No,0,No,No,No,No,No,No,Yes,No,Fiber Optic
9967-ATRFS,F,47,No,0,No,No,No,No,No,No,No,No,None
9968-FFVVH,Male,20,No,0,No,Yes,Yes,Yes,Yes,No,No,No,cable
9970-QBCDA,female,50,No,0,No,No,No,No,No,No,No,No,None
9971-ZWPBF,m,70,Yes,1,Yes,No,Yes,Yes,Yes,Yes,Yes,Yes,Optic
9972-EWRJS,female,56,Yes,1,Yes,No,No,No,No,No,No,No,None
9972-NKTFD,female,55,No,0,No,No,Yes,No,Yes,No,No,No,Cable
9972-VAFJJ,Female,77,Yes,0,Yes,No,Yes,Yes,Yes,Yes,No,No,Optic
9974-JFBHQ,M,31,No,1,No,No,Yes,No,Yes,Yes,Yes,Yes,Fiber
9975-GPKZU,M,62,Yes,3,Yes,No,No,No,No,No,No,No,None
9975-SKRNR,M,24,No,0,No,No,No,No,No,No,No,No,None
9978-HYCIN,male,72,Yes,1,Yes,No,Yes,No,No,Yes,No,No,Fiber Optic
9979-RGMZT,F,20,No,0,No,No,Yes,No,No,Yes,Yes,Yes,Fiber Optic
9985-MWVIX,Female,53,No,0,NA,No,No,No,No,No,No,No,Fiber Optic
9986-BONCE,Female,36,No,0,No,No,No,No,No,No,No,No,None
9987-LUTYD,F,20,No,0,NA,Yes,No,No,Yes,No,No,Yes,DSL 
9992-RRAMN,male,40,Yes,0,Yes,No,No,No,No,No,Yes,Yes,Fiber
9992-UJOEL,M,22,No,0,NA,No,Yes,No,No,No,No,No,DSL
9993-LHIEB,m,21,Yes,0,NA,Yes,No,Yes,Yes,No,Yes,Yes,cable
9995-HOTOH,male,36,Yes,0,NA,Yes,Yes,Yes,No,Yes,Yes,Yes,cable
