customer_id,contract,paperless_billing,payment_method,monthly_ charges,avg_monthly_long_distance_charges,total_charges,total_refunds,total_extra_data_charges,total_long_distance_charges,total_revenue,unit
0002-ORFBO,One Year,Yes,Mailed check,65.6,42.39,593.3,0,0,381.51,974.81,dollars
0003-MKNFE,Month-to-Month,No,Mailed check,5990,10.69,542.4,38.33,10,96.21,610.28,cents
0004-TLHLJ,Month-to-Month,Yes,Electronic check,7390.000000000001,33.65,280.85,0,0,134.6,415.45,cents
0011-IGKFF,Month-to-Month,Yes,Electronic check,98,27.82,1237.85,0,0,361.66,1599.51,dollars
0013-EXCHZ,Month-to-Month,Yes,Mailed check,83.9,7.38,267.4,0,0,22.14,289.54,dollars
0013-MHZWF,Month-to-Month,Yes,Credit card (automatic),69.4,16.77,571.45,0,0,150.93,722.38,dollars
0013-SMEOE,Two Year,Yes,Bank transfer (automatic),109.7,9.96,7904.25,0,0,707.16,8611.41,dollars
0014-BMAQU,Two Year,Yes,Credit card (automatic),8465,12.96,5377.8,0,20,816.48,6214.28,cents
0015-UOCOJ,Two Year,Yes,Electronic check,4820,10.53,340.35,0,0,73.71,414.06,cents
0016-QLJIS,Two Year,Yes,Mailed check,9045,28.46,5957.9,0,0,1849.9,7807.8,cents
0017-DINOC,Two Year,No,Credit card (automatic),4520,0,2460.55,0,0,0,2460.55,cents
0017-IUDMW,Two Year,Yes,Credit card (automatic),116.8,16.01,8456.75,0,0,1152.72,9609.47,dollars
0018-NYROU,Month-to-Month,Yes,Electronic check,68.95,18.65,351.5,0,0,93.25,444.75,dollars
0019-EFAEP,Two Year,Yes,Bank transfer (automatic),101.3,2.25,7261.25,0,0,162,7423.25,dollars
0019-GFNTW,Two Year,No,Bank transfer (automatic),4505,0,2560.1,0,0,0,2560.1,cents
0020-INWCK,Two Year,Yes,Credit card (automatic),9575,27.26,6849.4,0,0,1935.46,8784.86,cents
0020-JDNXP,One Year,No,Mailed check,61.25,0,1993.2,0,0,0,1993.2,dollars
0021-IKXGC,One Year,Yes,Electronic check,7209.999999999999,7.77,72.1,0,0,7.77,79.87,cents
0022-TCJCI,One Year,No,Credit card (automatic),62.7,10.67,2791.5,0,0,480.15,3271.65,dollars
0023-HGHWL,Month-to-Month,Yes,Electronic check,25.1,0,25.1,0,0,0,25.1,dollars
0023-UYUPN,One Year,No,Electronic check,25.2,31.43,1306.3,0,0,1571.5,2877.8,dollars
0023-XUOPT,Month-to-Month,No,Electronic check,9410,43.56,1215.6,0,0,566.28,1781.88,cents
0027-KWYKW,Month-to-Month,Yes,Electronic check,83.75,34.91,1849.95,0,0,802.93,2652.88,dollars
0030-FNXPP,Month-to-Month,No,Mailed check,19.85,3.12,57.2,0,0,9.36,66.56,dollars
0031-PVLZI,Month-to-Month,No,Mailed check,20.35,12.43,76.35,0,0,49.72,126.07,dollars
0032-PGELS,Month-to-Month,No,Bank transfer (automatic),30.5,0,30.5,0,0,0,30.5,dollars
0036-IHMOT,One Year,Yes,Bank transfer (automatic),103.7,35.04,5656.75,0,20,1927.2,7603.95,dollars
0040-HALCW,Two Year,No,Credit card (automatic),20.4,19.7,1090.6,0,0,1063.8,2154.4,dollars
0042-JVWOJ,One Year,Yes,Bank transfer (automatic),19.6,37.7,471.85,21.25,0,980.2,1430.8,dollars
0042-RLHYP,Two Year,No,Bank transfer (automatic),19.7,38.39,1396.9,0,0,2648.91,4045.81,dollars
0048-LUMLS,One Year,No,Credit card (automatic),91.2,43.01,3247.55,0,0,1591.37,4838.92,dollars
0048-PIHNL,One Year,No,Bank transfer (automatic),20.45,49.58,900.9,0,0,2429.42,3330.32,dollars
0052-DCKON,One Year,No,Bank transfer (automatic),11580,43.77,7942.15,0,0,2888.82,10830.97,cents
0052-YNYOT,One Year,No,Electronic check,20.55,23.12,1343.4,30.53,0,1549.04,2861.91,dollars
0056-EPFBG,Two Year,Yes,Credit card (automatic),3940,0,825.4,0,0,0,825.4,cents
0057-QBUQH,Two Year,Yes,Electronic check,25.1,30.64,1070.15,0,0,1317.52,2387.67,dollars
0058-EVZWM,Month-to-Month,Yes,Bank transfer (automatic),8980,5.08,4959.6,0,0,279.4,5239,cents
0060-FUALY,Month-to-Month,Yes,Electronic check,94.75,16.39,5597.65,0,0,967.01,6564.66,dollars
0064-SUDOG,Two Year,No,Bank transfer (automatic),2030,19.28,224.5,0,0,231.36,455.86,cents
0064-YIJGF,Month-to-Month,Yes,Bank transfer (automatic),75.75,25.26,1929,0,0,682.02,2611.02,dollars
0067-DKWBL,Month-to-Month,Yes,Electronic check,4925,43.99,91.1,0,0,87.98,179.08,cents
0068-FIGTF,One Year,No,Mailed check,78.2,48.91,2078.95,0,0,1320.57,3399.52,dollars
0071-NDAFP,Two Year,No,Credit card (automatic),25.5,23.69,630.6,44.42,0,592.25,1178.43,dollars
0074-HDKDG,One Year,Yes,Bank transfer (automatic),61.6,6.45,1611,44.9,0,161.25,1727.35,dollars
0076-LVEPS,Month-to-Month,Yes,Mailed check,45,0,1242.45,12.26,0,0,1230.19,dollars
0078-XZMHT,Two Year,Yes,Bank transfer (automatic),8515,32.36,6316.2,0,0,2329.92,8646.12,cents
0080-EMYVY,One Year,No,Credit card (automatic),51.45,24.04,727.85,0,0,336.56,1064.41,dollars
0080-OROZO,One Year,Yes,Electronic check,99.25,36.42,3532,0,0,1274.7,4806.7,dollars
0082-LDZUE,Month-to-Month,Yes,Mailed check,44.3,42.95,44.3,0,0,42.95,87.25,dollars
0082-OQIQY,Month-to-Month,Yes,Electronic check,9420,2.05,2607.6,0,20,59.45,2687.05,cents
0083-PIVIK,One Year,No,Electronic check,81.25,5.49,5567.55,0,40,351.36,5958.91,dollars
0089-IIQKO,Month-to-Month,Yes,Credit card (automatic),99.95,24.38,3767.4,0,0,950.82,4718.22,dollars
0093-EXYQL,Two Year,Yes,Electronic check,9155,44.14,3673.6,0,0,1765.6,5439.2,cents
0093-XWZFY,Month-to-Month,Yes,Credit card (automatic),104.5,37.69,4036.85,0,0,1507.6,5544.45,dollars
0094-OIFMO,Month-to-Month,Yes,Electronic check,9500,11.59,1120.3,0,120,127.49,1367.79,cents
0096-BXERS,Month-to-Month,No,Electronic check,5035,42.66,314.55,0,0,255.96,570.51,cents
0096-FCPUF,Month-to-Month,Yes,Mailed check,6450,2.64,1888.45,0,0,79.2,1967.65,cents
0098-BOWSO,Month-to-Month,Yes,Electronic check,19.4,20.66,529.8,0,0,557.82,1087.62,dollars
0100-DUVFC,One Year,Yes,Electronic check,104.8,39.49,7308.95,6.11,0,2764.3,10067.14,dollars
0103-CSITQ,One Year,Yes,Bank transfer (automatic),109.4,8.01,6252.7,0,0,456.57,6709.27,dollars
0104-PPXDV,One Year,No,Credit card (automatic),50.3,18.37,2878.55,10.23,0,1065.46,3933.78,dollars
0106-GHRQR,Month-to-Month,Yes,Bank transfer (automatic),7140.000000000001,25.71,1212.1,0,0,411.36,1623.46,cents
0106-UGRDO,Two Year,Yes,Electronic check,116,38.52,8182.85,0,0,2657.88,10840.73,dollars
0107-WESLM,Month-to-Month,Yes,Electronic check,19.85,31.77,19.85,0,0,31.77,51.62,dollars
0107-YHINA,Month-to-Month,Yes,Electronic check,9975,40.71,99.75,0,0,40.71,140.46,cents
0111-KLBQG,One Year,Yes,Mailed check,93.95,31.86,2861.45,0,0,1019.52,3880.97,dollars
0112-QAWRZ,Month-to-Month,Yes,Bank transfer (automatic),9080,48.71,1442.2,0,0,779.36,2221.56,cents
0112-QWPNC,One Year,No,Electronic check,8435,39.55,4059.35,0,0,1937.95,5997.3,cents
0114-IGABW,Two Year,No,Bank transfer (automatic),58.25,0,4145.9,0,0,0,4145.9,dollars
0114-PEGZZ,Month-to-Month,No,Electronic check,107.55,49.69,3645.5,0,0,1639.77,5285.27,dollars
0114-RSRRW,Month-to-Month,Yes,Bank transfer (automatic),19.95,49.6,187.75,0,0,496,683.75,dollars
0115-TFERT,Month-to-Month,Yes,Electronic check,111.2,36.26,2317.1,0,120,761.46,3198.56,dollars
0117-LFRMW,Month-to-Month,No,Bank transfer (automatic),40.2,0,1448.8,0,0,0,1448.8,dollars
0118-JPNOY,Month-to-Month,Yes,Credit card (automatic),85.8,33.74,2193.65,0,0,877.24,3070.89,dollars
0121-SNYRK,One Year,Yes,Mailed check,35.4,0,1748.9,0,0,0,1748.9,dollars
0122-OAHPZ,Month-to-Month,Yes,Electronic check,73.85,28.62,511.25,13.03,0,200.34,698.56,dollars
0123-CRBRT,Two Year,No,Mailed check,88.1,47.19,5526.75,0,0,2878.59,8405.34,dollars
0125-LZQXK,Month-to-Month,Yes,Electronic check,10135,45.92,1553.95,0,0,688.8,2242.75,cents
0128-MKWSG,Month-to-Month,No,Mailed check,45.8,0,1147,0,0,0,1147,dollars
0129-KPTWJ,Month-to-Month,Yes,Electronic check,94.65,33.22,6747.35,0,0,2391.84,9139.19,dollars
0129-QMPDR,One Year,Yes,Bank transfer (automatic),20.5,27.4,865.05,0,0,1205.6,2070.65,dollars
0130-SXOUN,Month-to-Month,No,Credit card (automatic),89.4,48.78,5976.9,36.02,40,3219.48,9200.36,dollars
0133-BMFZO,Month-to-Month,Yes,Electronic check,8625,36.81,181.65,0,0,73.62,255.27,cents
0134-XWXCE,One Year,No,Bank transfer (automatic),74.85,7.72,3268.05,17.91,0,339.68,3589.82,dollars
0135-NMXAP,Month-to-Month,Yes,Bank transfer (automatic),8975,14.38,1052.4,0,0,172.56,1224.96,cents
0136-IFMYD,Two Year,Yes,Electronic check,109.95,18.41,7634.25,0,0,1270.29,8904.54,dollars
0137-OCGAB,Month-to-Month,Yes,Mailed check,80.2,1.23,80.2,0,0,1.23,81.43,dollars
0137-UDEUO,Month-to-Month,No,Mailed check,1985.0000000000002,25.75,63.75,0,0,77.25,141,cents
0139-IVFJG,Month-to-Month,No,Electronic check,90.35,4.65,190.5,0,0,9.3,199.8,dollars
0141-YEAYS,Two Year,Yes,Bank transfer (automatic),8645,2.97,2401.05,0,0,80.19,2481.24,cents
0142-GVYSN,Month-to-Month,Yes,Electronic check,20.3,13.34,511.25,0,0,346.84,858.09,dollars
0147-ESWWR,Month-to-Month,Yes,Electronic check,101.25,20.15,3949.15,0,0,785.85,4735,dollars
0148-DCDOS,Month-to-Month,Yes,Bank transfer (automatic),94.7,34.88,2362.1,0,0,872,3234.1,dollars
0151-ONTOV,Month-to-Month,No,Mailed check,70.9,39.81,70.9,0,0,39.81,110.71,dollars
0156-FVPTA,Month-to-Month,Yes,Electronic check,54.2,27.24,1152.7,0,0,599.28,1751.98,dollars
0164-APGRB,Two Year,Yes,Electronic check,11490,48.37,8496.7,0,0,3482.64,11979.34,cents
0164-XAIRP,Two Year,Yes,Bank transfer (automatic),19.55,10.64,470.2,0,0,255.36,725.56,dollars
0168-XZKBB,Month-to-Month,Yes,Electronic check,86.85,7.84,1564.4,0,0,148.96,1713.36,dollars
0174-QRVVY,Two Year,No,Credit card (automatic),25.35,9.2,1847.55,0,0,653.2,2500.75,dollars
0177-PXBAT,One Year,Yes,Bank transfer (automatic),109.9,25.15,3694.7,0,0,829.95,4524.65,dollars
0178-CIIKR,Month-to-Month,No,Mailed check,1995,2.69,58,0,0,8.07,66.07,cents
0178-SZBHO,Month-to-Month,No,Electronic check,87.2,1.09,4017.45,0,0,51.23,4068.68,dollars
0181-RITDD,Two Year,No,Mailed check,108.15,1.76,6825.65,0,0,109.12,6934.77,dollars
0186-CAERR,One Year,Yes,Bank transfer (automatic),11630,2.88,8309.55,0,0,204.48,8514.03,cents
0187-QSXOE,Two Year,Yes,Electronic check,89,41.97,605.45,0,0,293.79,899.24,dollars
0187-WZNAB,Month-to-Month,No,Mailed check,74.4,46.66,1972.35,0,0,1259.82,3232.17,dollars
0188-GWFLE,Month-to-Month,No,Mailed check,20.05,1.81,33.7,0,0,3.62,37.32,dollars
0191-EQUUH,Two Year,No,Bank transfer (automatic),35.05,0,844.45,0,0,0,844.45,dollars
0191-ZHSKZ,One Year,Yes,Electronic check,7475,38.61,2111.3,0,0,1158.3,3269.6,cents
0193-ESZXP,One Year,Yes,Credit card (automatic),105.5,16.94,6205.5,0,0,982.52,7188.02,dollars
0195-IESCP,Month-to-Month,Yes,Electronic check,85.25,2.02,855.3,0,100,20.2,975.5,dollars
0196-JTUQI,Month-to-Month,Yes,Credit card (automatic),7520,9.27,633.85,0,0,83.43,717.28,cents
0196-VULGZ,Month-to-Month,Yes,Electronic check,84.35,28.71,474.9,0,0,172.26,647.16,dollars
0197-PNKNK,One Year,No,Bank transfer (automatic),8445,38.92,5848.6,0,40,2685.48,8574.08,cents
0201-MIBOL,Two Year,Yes,Bank transfer (automatic),10240,10.45,6471.85,0,0,689.7,7161.55,cents
0201-OAMXR,One Year,No,Credit card (automatic),115.55,10.21,8127.6,0,0,714.7,8842.3,dollars
0203-HHYIJ,One Year,No,Bank transfer (automatic),25.3,5.57,676.35,0,0,139.25,815.6,dollars
0206-OYVOC,Two Year,Yes,Mailed check,19.25,24.33,864.2,0,0,1119.18,1983.38,dollars
0206-TBWLC,One Year,Yes,Mailed check,114.65,11.4,6049.5,0,0,615.6,6665.1,dollars
0207-MDKNV,Month-to-Month,No,Electronic check,10510,22.39,1582.75,0,0,335.85,1918.6,cents
0208-BPQEJ,Month-to-Month,No,Bank transfer (automatic),19.4,8.25,198.1,0,0,99,297.1,dollars
0212-ISBBF,Month-to-Month,Yes,Electronic check,5035,0,1098.85,0,0,0,1098.85,cents
0214-JHPFW,Two Year,No,Bank transfer (automatic),5780,0,4039.3,1.01,0,0,4038.29,cents
0215-BQKGS,Month-to-Month,Yes,Credit card (automatic),84.3,24.73,2438.6,0,130,741.9,3310.5,dollars
0218-QNVAS,One Year,No,Bank transfer (automatic),100.55,28.34,7113.75,16.99,0,2012.14,9108.9,dollars
0219-QAERP,One Year,No,Credit card (automatic),19.8,9.81,576.65,0,0,294.3,870.95,dollars
0219-YTZUE,Month-to-Month,Yes,Bank transfer (automatic),84.8,28.77,371.9,0,0,115.08,486.98,dollars
0220-EBGCE,Month-to-Month,Yes,Electronic check,85.85,14.14,167.3,0,0,28.28,195.58,dollars
0221-NAUXK,One Year,Yes,Bank transfer (automatic),1995,7.86,219.5,0,0,78.6,298.1,cents
0221-WMXNQ,One Year,No,Electronic check,75.35,36.4,273.4,0,0,145.6,419,dollars
0222-CNVPT,Two Year,Yes,Credit card (automatic),4880,0,2555.05,0,0,0,2555.05,cents
0224-HJAPT,Month-to-Month,No,Electronic check,4715,22.01,223.15,0,0,110.05,333.2,cents
0224-NIJLP,Two Year,No,Mailed check,2014.9999999999998,2.87,165.5,0,0,22.96,188.46,cents
0224-RLWWD,One Year,Yes,Electronic check,44.3,23.91,89.3,0,0,47.82,137.12,dollars
0225-ZORZP,Month-to-Month,No,Electronic check,84.3,13.72,235.05,0,0,41.16,276.21,dollars
0228-MAUWC,Month-to-Month,No,Electronic check,5955,11.85,1144.6,0,0,225.15,1369.75,cents
0229-LFJAF,Two Year,No,Bank transfer (automatic),69.65,3.66,4908.25,0,0,263.52,5171.77,dollars
0230-UBYPQ,One Year,No,Bank transfer (automatic),36.1,0,2298.9,0,0,0,2298.9,dollars
0230-WEQUW,Two Year,Yes,Bank transfer (automatic),56.6,0,3789.2,0,0,0,3789.2,dollars
0231-LXVAP,Month-to-Month,Yes,Electronic check,7590.000000000001,44.56,75.9,0,0,44.56,120.46,cents
0233-FTHAV,One Year,Yes,Bank transfer (automatic),79.2,15.29,4765,0,0,917.4,5682.4,dollars
0234-TEVTT,One Year,No,Credit card (automatic),4500,0,2196.3,0,0,0,2196.3,cents
0235-KGSLC,Month-to-Month,Yes,Credit card (automatic),8555,33.34,85.55,0,0,33.34,118.89,cents
0236-HFWSV,Month-to-Month,Yes,Electronic check,93.35,48.93,1444.65,0,0,733.95,2178.6,dollars
0237-YFUTL,Month-to-Month,Yes,Bank transfer (automatic),109.65,34.57,5405.8,0,0,1728.5,7134.3,dollars
0238-WHBIQ,Two Year,No,Credit card (automatic),8970,33.75,6339.3,0,0,2430,8769.3,cents
0239-OXEXL,Month-to-Month,No,Mailed check,8425,43.27,3847.6,0,100,1990.42,5938.02,cents
0244-LGNFY,Two Year,No,Bank transfer (automatic),92.65,30,6733,0,0,2160,8893,dollars
0247-SLUJI,Month-to-Month,No,Mailed check,19.7,34.28,19.7,0,0,34.28,53.98,dollars
0248-IPDFW,Month-to-Month,Yes,Electronic check,50.1,29.13,50.1,0,0,29.13,79.23,dollars
0248-PGHBZ,Two Year,Yes,Bank transfer (automatic),9245,2.57,6140.85,0,0,172.19,6313.04,cents
0253-ZTEOB,Two Year,No,Electronic check,7965.000000000001,8.94,3870.3,0,0,429.12,4299.42,cents
0254-FNMCI,Two Year,Yes,Electronic check,109.9,41.91,7624.2,0,0,3017.52,10641.72,dollars
0254-KCJGT,One Year,Yes,Credit card (automatic),81.4,41.34,4354.45,0,0,2149.68,6504.13,dollars
0254-WWRKD,One Year,No,Credit card (automatic),50.55,46.9,3431.75,0,0,3142.3,6574.05,dollars
0256-LTHVJ,Month-to-Month,Yes,Electronic check,8105,16.85,2227.1,0,0,471.8,2698.9,cents
0257-KXZGU,Month-to-Month,No,Bank transfer (automatic),62.45,33.28,2045.55,0,0,1064.96,3110.51,dollars
0257-ZESQC,Month-to-Month,Yes,Bank transfer (automatic),75.2,7.02,1929.35,0,0,189.54,2118.89,dollars
0258-NOKBL,Month-to-Month,No,Electronic check,90.4,31.48,268.45,0,0,94.44,362.89,dollars
0259-GBZSH,Month-to-Month,Yes,Electronic check,85.65,40.43,181.5,0,0,80.86,262.36,dollars
0260-ZDLGK,Month-to-Month,Yes,Mailed check,72.9,35.49,651.4,0,0,319.41,970.81,dollars
0263-FJTQO,Two Year,Yes,Credit card (automatic),7050,44.49,3486.65,0,0,2224.5,5711.15,cents
0264-CNITK,Two Year,No,Bank transfer (automatic),20.1,31.03,1389.6,0,0,2203.13,3592.73,dollars
0265-EDXBD,Month-to-Month,Yes,Electronic check,74.9,47.34,2303.35,0,0,1514.88,3818.23,dollars
0265-PSUAE,Month-to-Month,No,Bank transfer (automatic),10070,27.27,1522.7,0,0,436.32,1959.02,cents
0266-CLZKZ,Two Year,Yes,Bank transfer (automatic),105.65,17.79,6717.9,0,0,1191.93,7909.83,dollars
0266-GMEAO,Two Year,Yes,Credit card (automatic),114.3,15.94,8058.55,0,0,1147.68,9206.23,dollars
0268-QKIWO,Month-to-Month,No,Electronic check,19.75,24.63,58.85,0,0,73.89,132.74,dollars
0269-XFESX,One Year,No,Mailed check,24.35,48.02,538.5,0,0,1104.46,1642.96,dollars
0270-THENM,Two Year,No,Bank transfer (automatic),69.85,28.37,5102.35,25.24,0,2042.64,7119.75,dollars
0274-JKUJR,Month-to-Month,No,Mailed check,58.85,0,465.7,0,0,0,465.7,dollars
0277-BKSQP,Month-to-Month,Yes,Electronic check,54.4,1.56,475.1,0,0,12.48,487.58,dollars
0277-ORXQS,Two Year,No,Bank transfer (automatic),50.55,0,3364.55,0,110,0,3474.55,dollars
0278-YXOOG,Month-to-Month,No,Mailed check,21.05,34.26,113.85,0,0,171.3,285.15,dollars
0280-XJGEX,Month-to-Month,Yes,Bank transfer (automatic),103.7,44.33,5036.3,0,0,2172.17,7208.47,dollars
0281-CNTZX,Two Year,Yes,Bank transfer (automatic),19.95,38.36,1234.8,0,0,2416.68,3651.48,dollars
0282-NVSJS,Month-to-Month,Yes,Mailed check,29.3,0,355.9,0,0,0,355.9,dollars
0285-INHLN,Month-to-Month,Yes,Credit card (automatic),54.75,36.19,1510.3,0,0,977.13,2487.43,dollars
0289-IVARM,Month-to-Month,No,Electronic check,60.55,44.81,1982.6,0,0,1568.35,3550.95,dollars
0292-WEGCH,Month-to-Month,Yes,Electronic check,8620,4.33,4524.05,0,0,233.82,4757.87,cents
0295-PPHDO,Month-to-Month,Yes,Electronic check,95.45,5.59,95.45,0,0,5.59,101.04,dollars
0295-QVKPB,Month-to-Month,Yes,Credit card (automatic),63.95,13.96,318.1,0,0,69.8,387.9,dollars
0297-RBCSG,One Year,Yes,Bank transfer (automatic),6534.999999999999,41.79,1231.85,0,60,794.01,2085.86,cents
0298-XACET,Two Year,No,Mailed check,50.2,0,2554,27.01,0,0,2526.99,dollars
0301-FIDRB,Two Year,Yes,Bank transfer (automatic),6380,0,4684.3,0,0,0,4684.3,cents
0301-KOBTQ,Two Year,Yes,Bank transfer (automatic),20.05,14.91,614.45,9.73,0,477.12,1081.84,dollars
0302-JOIVN,Month-to-Month,No,Electronic check,101.15,16.88,842.9,0,0,135.04,977.94,dollars
0303-UNCIP,One Year,No,Mailed check,65,37.55,2531.8,0,140,1539.55,4211.35,dollars
0303-WMMRN,Month-to-Month,Yes,Mailed check,19.25,21.01,86.05,0,0,105.05,191.1,dollars
0305-SQECB,One Year,Yes,Mailed check,36.05,0,402.6,0,100,0,502.6,dollars
0306-JAELE,Month-to-Month,Yes,Electronic check,9610,31.09,453.4,0,0,155.45,608.85,cents
0307-BCOPK,One Year,No,Mailed check,19.05,41.51,326.65,0,0,664.16,990.81,dollars
0308-GIQJT,One Year,No,Bank transfer (automatic),105.75,6.1,7382.85,0,0,433.1,7815.95,dollars
0308-IVGOK,One Year,Yes,Credit card (automatic),40.4,0,422.6,0,0,0,422.6,dollars
0310-MVLET,Month-to-Month,Yes,Electronic check,99.15,49.33,6010.05,0,0,3009.13,9019.18,dollars
0310-SUCIN,One Year,Yes,Bank transfer (automatic),84.8,23.06,6046.1,0,0,1637.26,7683.36,dollars
0310-VQXAM,Month-to-Month,No,Mailed check,1985.0000000000002,40.74,178.8,0,0,366.66,545.46,cents
0311-QYWSS,Month-to-Month,Yes,Electronic check,4945,39.16,314.6,0,0,234.96,549.56,cents
0311-UNPFF,Month-to-Month,Yes,Bank transfer (automatic),88.8,38.09,2274.35,0,50,990.34,3314.69,dollars
0314-TKOSI,Month-to-Month,No,Mailed check,55.15,6.98,322.9,0,0,41.88,364.78,dollars
0315-LVCRK,Month-to-Month,No,Electronic check,8480,30.57,888.75,0,0,336.27,1225.02,cents
0318-QUUOB,Month-to-Month,Yes,Electronic check,80.55,43.67,80.55,0,0,43.67,124.22,dollars
0318-ZOPWS,Two Year,Yes,Bank transfer (automatic),20.15,2.82,973.35,0,0,138.18,1111.53,dollars
0319-QZTCO,Month-to-Month,Yes,Credit card (automatic),58.7,11.47,168.6,0,0,34.41,203.01,dollars
0320-DWVTU,Two Year,No,Mailed check,99.5,43.57,5424.25,0,0,2309.21,7733.46,dollars
0320-JDNQG,Month-to-Month,Yes,Electronic check,99.85,37.95,2331.3,0,0,872.85,3204.15,dollars
0322-CHQRU,Month-to-Month,No,Electronic check,4535,25.49,89.5,0,0,50.98,140.48,cents
0322-YINQP,Month-to-Month,Yes,Mailed check,48.55,11.35,48.55,0,0,11.35,59.9,dollars
0323-XWWTN,Two Year,Yes,Mailed check,26.4,33.87,121.25,0,0,101.61,222.86,dollars
0324-BRPCJ,Month-to-Month,Yes,Electronic check,100.2,21.33,6851.65,0,0,1450.44,8302.09,dollars
0325-XBFAC,Month-to-Month,Yes,Electronic check,9470,19.49,740.3,0,80,155.92,976.22,cents
0326-VDYXE,One Year,Yes,Electronic check,9765,16.66,6982.5,0,80,1166.2,8228.7,cents
0327-WFZSY,One Year,No,Electronic check,10000,17.29,3835.55,0,0,674.31,4509.86,cents
0328-GRPMV,Month-to-Month,Yes,Electronic check,70.1,17.37,70.1,0,0,17.37,87.47,dollars
0329-GTIAJ,Month-to-Month,Yes,Electronic check,97.9,30.18,315.3,0,0,90.54,405.84,dollars
0330-BGYZE,One Year,No,Bank transfer (automatic),102.5,19.22,6157.6,0,0,1153.2,7310.8,dollars
0330-IVZHA,Month-to-Month,No,Electronic check,69.95,17.08,330.15,0,0,85.4,415.55,dollars
0334-GDDSO,Month-to-Month,Yes,Electronic check,81.35,9.22,233.7,0,0,27.66,261.36,dollars
0334-ZFJSR,One Year,Yes,Credit card (automatic),66.05,35.38,3462.1,44.53,150,1945.9,5513.47,dollars
0336-KXKFK,Two Year,Yes,Credit card (automatic),61.2,0,4390.25,0,0,0,4390.25,dollars
0336-PIKEI,Two Year,No,Bank transfer (automatic),74.4,5.27,5360.75,0,140,379.44,5880.19,dollars
0337-CNPZE,Month-to-Month,Yes,Electronic check,106.3,10.43,4443.45,0,130,427.63,5001.08,dollars
0343-QLUZP,Two Year,No,Bank transfer (automatic),39.6,0,2424.5,38.46,0,0,2386.04,dollars
0345-HKJVM,Month-to-Month,No,Electronic check,8930,2.6,577.6,0,0,15.6,593.2,cents
0345-XMMUG,Two Year,Yes,Credit card (automatic),108.9,2,4854.3,0,0,92,4946.3,dollars
0347-UBKUZ,Month-to-Month,No,Mailed check,19.9,2.74,320.45,0,0,41.1,361.55,dollars
0348-SDKOL,Month-to-Month,Yes,Credit card (automatic),102.1,3.51,5885.4,0,100,203.58,6188.98,dollars
0354-VXMJC,Two Year,No,Credit card (automatic),19.6,34.04,426.65,0,0,782.92,1209.57,dollars
0354-WYROK,Month-to-Month,Yes,Electronic check,98.9,47.95,2911.3,0,0,1486.45,4397.75,dollars
0356-ERHVT,Month-to-Month,Yes,Bank transfer (automatic),45.9,12.95,521.9,0,0,142.45,664.35,dollars
0356-OBMAC,Two Year,Yes,Bank transfer (automatic),99.9,17.33,5706.3,0,0,970.48,6676.78,dollars
0357-NVCRI,Month-to-Month,No,Credit card (automatic),2005,12.87,471.7,0,0,321.75,793.45,cents
0361-HJRDX,Two Year,No,Credit card (automatic),64.35,0,4539.6,0,130,0,4669.6,dollars
0362-RAOQO,Two Year,No,Credit card (automatic),19.65,26.03,830.25,0,0,1041.2,1871.45,dollars
0362-ZBZWJ,Month-to-Month,Yes,Electronic check,84.9,24.66,3067.2,0,0,887.76,3954.96,dollars
0363-QJVFX,Month-to-Month,Yes,Credit card (automatic),108.15,27.69,3432.9,0,0,886.08,4318.98,dollars
0363-SVHYR,Two Year,No,Bank transfer (automatic),86.85,10.11,6263.8,0,0,717.81,6981.61,dollars
0365-BZUWY,Month-to-Month,Yes,Electronic check,102.55,10.11,1742.5,0,0,171.87,1914.37,dollars
0365-GXEZS,Month-to-Month,No,Electronic check,7820,31.79,1468.75,0,0,572.22,2040.97,cents
0365-TRTPY,Month-to-Month,No,Bank transfer (automatic),9120,11.73,3382.3,0,0,434.01,3816.31,cents
0366-NQSHS,Month-to-Month,No,Mailed check,1935.0000000000002,44.34,46.35,0,0,88.68,135.03,cents
0369-ZGOVK,One Year,Yes,Bank transfer (automatic),7040.000000000001,12.94,1992.2,0,0,362.32,2354.52,cents
0373-AIVNJ,One Year,No,Mailed check,39.55,0,373,0,0,0,373,dollars
0374-AACSZ,Month-to-Month,No,Electronic check,5015,38.33,50.15,0,50,38.33,138.48,cents
0374-FIUCA,Two Year,Yes,Credit card (automatic),2039.9999999999998,23.46,1414.45,0,0,1524.9,2939.35,cents
0374-IOEGQ,Month-to-Month,No,Electronic check,4460,15.59,122.7,0,0,46.77,169.47,cents
0375-HVGXO,Month-to-Month,Yes,Electronic check,34.7,0,34.7,0,0,0,34.7,dollars
0376-OIWME,Month-to-Month,Yes,Electronic check,93.6,41.33,3366.05,16.56,0,1487.88,4837.37,dollars
0376-YMCJC,Month-to-Month,Yes,Electronic check,90.6,38.69,1943.2,4.73,0,889.87,2828.34,dollars
0377-JBKKT,Month-to-Month,Yes,Mailed check,57.95,42.58,1271.8,0,0,936.76,2208.56,dollars
0378-CJKPV,Two Year,No,Credit card (automatic),112.1,4.56,7965.95,18.88,0,328.32,8275.39,dollars
0378-NHQXU,Month-to-Month,No,Electronic check,8825,17.91,1460.65,0,0,304.47,1765.12,cents
0378-TOVMS,Month-to-Month,No,Electronic check,8580,10.6,272.2,0,0,31.8,304,cents
0378-XSZPU,One Year,No,Credit card (automatic),6030,17.22,3563.8,0,0,998.76,4562.56,cents
0379-DJQHR,Two Year,No,Credit card (automatic),81.35,45.25,5398.6,0,0,3031.75,8430.35,dollars
0380-NEAVX,One Year,Yes,Electronic check,99.85,35,3343.15,0,0,1190,4533.15,dollars
0380-ZCSBI,Month-to-Month,No,Credit card (automatic),2000,4.42,198.7,0,0,44.2,242.9,cents
0383-CLDDA,Two Year,Yes,Credit card (automatic),85.35,18.47,5897.4,0,0,1274.43,7171.83,dollars
0384-LPITE,One Year,No,Credit card (automatic),62.05,0,2511.55,0,0,0,2511.55,dollars
0384-RVBPI,Month-to-Month,No,Credit card (automatic),64.4,12.6,1398.6,0,0,252,1650.6,dollars
0386-CWRGM,Two Year,No,Mailed check,19.4,47.5,967.85,0,0,2185,3152.85,dollars
0388-EOPEX,Month-to-Month,Yes,Electronic check,7440.000000000001,9.79,139.4,0,0,19.58,158.98,cents
0390-DCFDQ,Month-to-Month,Yes,Mailed check,70.45,15.28,70.45,0,0,15.28,85.73,dollars
0392-BZIUW,Two Year,Yes,Credit card (automatic),105,6.58,7589.8,0,0,473.76,8063.56,dollars
0394-YONDK,Two Year,No,Credit card (automatic),25.15,1.22,1790.15,0,0,85.4,1875.55,dollars
0396-HUJBP,Month-to-Month,No,Mailed check,1930,49.91,44.4,0,0,99.82,144.22,cents
0396-UKGAI,Month-to-Month,Yes,Bank transfer (automatic),55.3,1.58,1284.2,0,0,36.34,1320.54,dollars
0396-YCHWO,Month-to-Month,Yes,Electronic check,95.4,40.58,3474.2,0,0,1460.88,4935.08,dollars
0397-GZBBC,Month-to-Month,Yes,Bank transfer (automatic),93.85,10.78,5574.75,8.13,0,636.02,6202.64,dollars
0397-ZXWQF,Two Year,No,Bank transfer (automatic),2050,47.31,1430.95,0,0,3169.77,4600.72,cents
0401-WDBXM,Two Year,Yes,Bank transfer (automatic),105.55,8.33,7542.25,0,10,599.76,8152.01,dollars
0402-CQAJN,Month-to-Month,Yes,Bank transfer (automatic),10190,24.04,3545.35,0,0,889.48,4434.83,cents
0402-OAMEN,Two Year,No,Bank transfer (automatic),24.45,20.56,1709.1,0,0,1480.32,3189.42,dollars
0404-AHASP,Two Year,No,Credit card (automatic),19.7,27.97,1421.9,0,0,2013.84,3435.74,dollars
0404-SWRVG,Month-to-Month,Yes,Electronic check,7440.000000000001,14.6,229.55,8.74,0,43.8,264.61,cents
0406-BPDVR,One Year,Yes,Credit card (automatic),10150,33.49,5373.1,0,0,1808.46,7181.56,cents
0407-BDJKB,Month-to-Month,Yes,Electronic check,9575,35.22,5742.9,0,0,2113.2,7856.1,cents
0409-WTMPL,One Year,Yes,Credit card (automatic),110.65,37.95,6526.65,0,0,2201.1,8727.75,dollars
0410-IPFTY,Month-to-Month,Yes,Bank transfer (automatic),8385,12.03,2674.15,11.37,0,372.93,3035.71,cents
0411-EZJZE,Month-to-Month,Yes,Electronic check,60.25,20.1,170.5,0,70,60.3,300.8,dollars
0412-UCCNP,Two Year,Yes,Electronic check,59.2,12.28,3175.85,0,0,675.4,3851.25,dollars
0415-MOSGF,Month-to-Month,No,Mailed check,44.4,26.53,44.4,0,0,26.53,70.93,dollars
0419-YAAPX,Month-to-Month,Yes,Credit card (automatic),8530,14.21,4297.95,0,0,696.29,4994.24,cents
0420-BWTPW,Month-to-Month,No,Mailed check,25.5,0,215.2,0,0,0,215.2,dollars
0420-HLGXF,Two Year,Yes,Electronic check,9975,10.03,4036,0,0,391.17,4427.17,cents
0420-TXVSG,Two Year,Yes,Credit card (automatic),66.1,37.71,4428.45,0,0,2488.86,6917.31,dollars
0422-OHQHQ,One Year,No,Mailed check,20.55,34.63,295.95,0,0,519.45,815.4,dollars
0422-UXFAP,One Year,Yes,Electronic check,9885,47.72,4947.55,0,130,2433.72,7511.27,cents
0423-UDIJQ,Two Year,No,Mailed check,4920,7.11,447.9,0,0,63.99,511.89,cents
0426-TIRNE,Month-to-Month,No,Mailed check,20.9,15.51,20.9,0,0,15.51,36.41,dollars
0428-AXXLJ,One Year,Yes,Bank transfer (automatic),1950,3.58,516.3,0,0,89.5,605.8,cents
0428-IKYCP,Month-to-Month,Yes,Bank transfer (automatic),8700,48.68,1850.65,0,0,1070.96,2921.61,cents
0430-IHCDJ,Month-to-Month,Yes,Electronic check,49,11.75,749.25,0,0,176.25,925.5,dollars
0431-APWVY,One Year,Yes,Bank transfer (automatic),90.1,18.31,2598.95,0,0,512.68,3111.63,dollars
0432-CAJZV,Month-to-Month,No,Mailed check,9070,5.39,237.65,0,0,16.17,253.82,cents
0434-CSFON,Month-to-Month,Yes,Electronic check,10050,38.15,4707.1,0,0,1793.05,6500.15,cents
0436-TWFFZ,Two Year,Yes,Mailed check,85.25,8.71,5714.2,1.31,0,583.57,6296.46,dollars
0439-IFYUN,Month-to-Month,Yes,Electronic check,7470,21.09,1294.6,0,20,379.62,1694.22,cents
0440-EKDCF,Two Year,Yes,Credit card (automatic),60.15,33.7,3753.2,0,0,2089.4,5842.6,dollars
0440-MOGPM,One Year,Yes,Electronic check,8055,6.16,3263.9,0,0,252.56,3516.46,cents
0440-QEXBZ,Month-to-Month,Yes,Mailed check,5015,18.42,2139.1,0,0,810.48,2949.58,cents
0440-UEDAI,One Year,Yes,Credit card (automatic),9445,33.88,5042.75,0,0,1795.64,6838.39,cents
0442-TDYUO,Two Year,Yes,Mailed check,20.05,33.06,1036,0,0,1586.88,2622.88,dollars
0442-ZXKVS,One Year,Yes,Bank transfer (automatic),115.6,43.71,6431.05,0,0,2360.34,8791.39,dollars
0447-BEMNG,Month-to-Month,Yes,Bank transfer (automatic),4530,0,2145,0,140,0,2285,cents
0447-RXSGD,Month-to-Month,Yes,Bank transfer (automatic),9965,25.68,2404.85,0,0,616.32,3021.17,cents
0454-OKRCT,Two Year,No,Bank transfer (automatic),80.6,34.85,2651.1,0,0,1150.05,3801.15,dollars
0455-ENTCR,Two Year,No,Electronic check,8525,42.85,5538.35,0,0,2828.1,8366.45,cents
0455-XFASS,Month-to-Month,Yes,Electronic check,6955,1.67,200.2,33.8,0,5.01,171.41,cents
0458-HEUZG,Two Year,No,Mailed check,35.4,0,450.4,0,100,0,550.4,dollars
0459-SPZHJ,Two Year,No,Credit card (automatic),8350,13.45,5435,0,0,847.35,6282.35,cents
0461-CVKMU,Month-to-Month,No,Electronic check,83.8,38.81,1900.25,0,0,892.63,2792.88,dollars
0463-TXOAK,Two Year,No,Credit card (automatic),2560,23.12,1334.5,0,0,1202.24,2536.74,cents
0463-WZZKO,Month-to-Month,Yes,Credit card (automatic),2075,16.39,67.1,0,0,49.17,116.27,cents
0463-ZSDNT,Month-to-Month,Yes,Bank transfer (automatic),5675,30.3,503.25,0,30,303,836.25,cents
0464-WJTKO,Two Year,No,Bank transfer (automatic),20.1,14.17,1460.85,0,0,1020.24,2481.09,dollars
0468-YRPXN,Month-to-Month,Yes,Credit card (automatic),98.8,48.2,2807.1,0,0,1397.8,4204.9,dollars
0471-ARVMX,One Year,Yes,Electronic check,10485,22.74,6312.9,0,0,1409.88,7722.78,cents
0471-LVHGK,One Year,Yes,Electronic check,73,15.91,3001.2,0,0,652.31,3653.51,dollars
0475-RIJEP,Month-to-Month,Yes,Electronic check,7784.999999999999,49.13,3365.85,0,0,2112.59,5478.44,cents
0479-HMSWA,Two Year,Yes,Electronic check,10545,2.48,2715.3,0,0,64.48,2779.78,cents
0480-BIXDE,Month-to-Month,Yes,Electronic check,96.8,10.68,1743.05,0,0,202.92,1945.97,dollars
0480-KYJVA,Two Year,No,Credit card (automatic),2425,47.6,1784.5,49.76,0,3427.2,5161.94,cents
0481-SUMCB,One Year,Yes,Bank transfer (automatic),102.15,34.12,4735.35,0,0,1535.4,6270.75,dollars
0484-FFVBJ,One Year,Yes,Bank transfer (automatic),64.85,15.52,2010.95,0,0,496.64,2507.59,dollars
0484-JPBRU,Month-to-Month,Yes,Bank transfer (automatic),25.25,41.21,996.45,0,0,1689.61,2686.06,dollars
0485-ZBSLN,Two Year,No,Credit card (automatic),24.75,36.5,1715.1,0,0,2372.5,4087.6,dollars
0486-HECZI,Month-to-Month,Yes,Electronic check,9675,49.06,5238.9,0,0,2698.3,7937.2,cents
0486-LGCCH,Two Year,No,Mailed check,1964.9999999999998,40.76,225.75,0,0,448.36,674.11,cents
0487-CRLZF,Two Year,Yes,Bank transfer (automatic),7445,7.51,3721.9,0,0,367.99,4089.89,cents
0487-RPVUM,Month-to-Month,No,Bank transfer (automatic),99.4,15.15,5943.65,0,0,924.15,6867.8,dollars
0487-VVUVK,Month-to-Month,Yes,Mailed check,19.15,19.09,477.6,0,0,477.25,954.85,dollars
0488-GSLFR,Month-to-Month,Yes,Electronic check,69.5,8.31,69.5,0,0,8.31,77.81,dollars
0489-WMEMG,One Year,Yes,Electronic check,49.45,25.85,1119.35,0,0,594.55,1713.9,dollars
0491-KAPQG,Month-to-Month,Yes,Electronic check,73.7,28.54,1558.7,0,0,599.34,2158.04,dollars
0495-RVCBF,Month-to-Month,Yes,Electronic check,79.7,33.88,79.7,0,0,33.88,113.58,dollars
0495-ZBNGW,Month-to-Month,Yes,Bank transfer (automatic),79.9,6.66,343.95,0,20,33.3,397.25,dollars
0496-AHOOK,One Year,No,Bank transfer (automatic),7440.000000000001,32.86,1712.9,0,0,788.64,2501.54,cents
0504-HHAPI,Month-to-Month,No,Credit card (automatic),8830,16.94,2467.75,0,0,457.38,2925.13,cents
0505-SPOOW,Two Year,No,Bank transfer (automatic),19.8,11.71,1397.65,0,0,819.7,2217.35,dollars
0506-LVNGN,Month-to-Month,Yes,Credit card (automatic),75.55,42.33,349.65,0,0,211.65,561.3,dollars
0506-YLVKJ,Two Year,Yes,Mailed check,2020,45.92,917.45,0,0,2112.32,3029.77,cents
0508-OOLTO,Month-to-Month,Yes,Electronic check,71.65,29.03,135.75,0,0,58.06,193.81,dollars
0508-SQWPL,Two Year,Yes,Bank transfer (automatic),20.1,26.67,1087.7,0,0,1520.19,2607.89,dollars
0511-JTEOY,Month-to-Month,No,Mailed check,71.1,10.19,71.1,0,0,10.19,81.29,dollars
0512-FLFDW,One Year,Yes,Credit card (automatic),100.5,27.68,6029,0,0,1660.8,7689.8,dollars
0513-RBGPE,Two Year,Yes,Credit card (automatic),62.8,4.5,2278.75,16.97,0,166.5,2428.28,dollars
0515-YPMCW,Month-to-Month,Yes,Mailed check,7045,42.87,70.45,0,10,42.87,123.32,cents
0516-OOHAR,One Year,No,Bank transfer (automatic),10035,7.73,2799,0,0,216.44,3015.44,cents
0516-QREYC,Two Year,Yes,Mailed check,20.3,18.39,459.95,0,0,441.36,901.31,dollars
0516-UXRMT,One Year,Yes,Electronic check,9205,23.88,5755.8,14.21,0,1480.56,7222.15,cents
0516-VRYBW,One Year,No,Bank transfer (automatic),20.15,8.95,390.85,0,0,161.1,551.95,dollars
0516-WJVXC,Month-to-Month,No,Electronic check,54.2,3.61,308.25,0,0,18.05,326.3,dollars
0519-DRGTI,Month-to-Month,No,Mailed check,20.35,42.46,442.6,0,0,849.2,1291.8,dollars
0519-XUZJU,Month-to-Month,No,Mailed check,70.75,26,70.75,0,0,26,96.75,dollars
0520-FDVVT,One Year,Yes,Bank transfer (automatic),10235,39.84,3626.1,0,0,1394.4,5020.5,cents
0523-VNGTF,Two Year,Yes,Electronic check,50.5,0,2566.3,0,0,0,2566.3,dollars
0524-IAVZO,Month-to-Month,Yes,Electronic check,85,4.82,2624.25,0,0,144.6,2768.85,dollars
0526-SXDJP,Two Year,No,Bank transfer (automatic),4210,0,2962,0,0,0,2962,cents
0529-ONKER,Month-to-Month,No,Electronic check,7565.000000000001,46.38,1146.65,0,0,695.7,1842.35,cents
0530-IJVDB,Two Year,Yes,Electronic check,11460,26.67,7882.5,0,0,1866.9,9749.4,cents
0531-XBKMM,Two Year,No,Bank transfer (automatic),6570,32.12,4378.9,0,0,2119.92,6498.82,cents
0531-ZZJWQ,Two Year,Yes,Electronic check,7400,42.9,4052.4,0,0,2359.5,6411.9,cents
0533-BNWKF,Month-to-Month,Yes,Electronic check,8545,42.82,4874.7,0,90,2355.1,7319.8,cents
0533-UCAAU,One Year,Yes,Credit card (automatic),71.1,48.16,4140.1,0,0,2745.12,6885.22,dollars
0536-ACXIP,Two Year,Yes,Electronic check,109.55,44.2,8165.1,0,0,3182.4,11347.5,dollars
0536-BGFMZ,Month-to-Month,No,Mailed check,20.5,42.33,563.05,0,0,1185.24,1748.29,dollars
0536-ESJEP,Two Year,Yes,Bank transfer (automatic),74.55,14.18,4191.45,0,0,765.72,4957.17,dollars
0537-QYZZN,Two Year,Yes,Electronic check,79.85,4.06,1857.75,0,0,97.44,1955.19,dollars
0541-FITGH,Month-to-Month,Yes,Mailed check,62.15,48.39,113.1,0,0,96.78,209.88,dollars
0547-HURJB,Month-to-Month,No,Credit card (automatic),21.05,19.38,235.8,0,0,232.56,468.36,dollars
0549-CYCQN,One Year,Yes,Bank transfer (automatic),79.6,24.92,3974.7,16.73,0,1270.92,5228.89,dollars
0550-DCXLH,Month-to-Month,No,Mailed check,73.35,40.99,931.55,49.02,0,532.87,1415.4,dollars
0556-FJEGU,Two Year,No,Bank transfer (automatic),70.1,47.47,4048.95,0,0,2753.26,6802.21,dollars
0557-ASKVU,One Year,Yes,Credit card (automatic),54.4,44.97,957.1,0,0,809.46,1766.56,dollars
0559-CKHUS,Two Year,Yes,Mailed check,19.55,49.96,521.8,0,0,1448.84,1970.64,dollars
0562-FGDCR,Two Year,No,Mailed check,74.55,21.84,5430.65,0,0,1572.48,7003.13,dollars
0562-HKHML,Two Year,No,Credit card (automatic),23.9,18.99,1626.4,0,0,1348.29,2974.69,dollars
0562-KBDVM,Two Year,Yes,Bank transfer (automatic),44.6,0,3058.15,0,0,0,3058.15,dollars
0564-JJHGS,Month-to-Month,Yes,Electronic check,95.5,19.22,829.1,0,0,172.98,1002.08,dollars
0564-MUUQK,Month-to-Month,Yes,Bank transfer (automatic),9550,38.71,1916.2,0,0,774.2,2690.4,cents
0565-IYCGT,One Year,Yes,Credit card (automatic),78.6,29.38,5356.45,0,0,2027.22,7383.67,dollars
0565-JUPYD,One Year,No,Credit card (automatic),10450,21.45,6590.8,0,0,1351.35,7942.15,cents
0567-GGCAC,Month-to-Month,No,Electronic check,61.4,15.84,438.9,0,0,110.88,549.78,dollars
0567-XRHCU,Two Year,Yes,Credit card (automatic),43.95,0,2960.1,0,0,0,2960.1,dollars
0568-ONFPC,Month-to-Month,Yes,Bank transfer (automatic),2590,40.05,135,0,0,200.25,335.25,cents
0570-BFQHT,Month-to-Month,No,Electronic check,8055,32.57,653.9,2.28,0,293.13,944.75,cents
0572-ZJKLT,Two Year,No,Mailed check,99.65,49.26,4630.2,9.35,0,2265.96,6886.81,dollars
0575-CUQOV,One Year,Yes,Electronic check,97.95,17.05,5867,0,0,1023,6890,dollars
0576-WNXXC,Month-to-Month,Yes,Electronic check,95.55,39.49,2510.2,0,0,1066.23,3576.43,dollars
0577-WHMEV,Month-to-Month,No,Electronic check,90.7,27.83,1374.9,0,0,445.28,1820.18,dollars
0578-SKVMF,Month-to-Month,No,Electronic check,8330,4.01,1845.9,0,0,88.22,1934.12,cents
0580-PIQHM,One Year,Yes,Bank transfer (automatic),101.6,14.73,3930.55,0,0,603.93,4534.48,dollars
0581-BXBUB,Two Year,No,Electronic check,72.75,35.67,317.75,0,0,142.68,460.43,dollars
0581-MDMPW,Month-to-Month,Yes,Credit card (automatic),88.95,44.09,2072.75,0,0,1058.16,3130.91,dollars
0582-AVCLN,Two Year,No,Mailed check,2030,43.19,743.05,0,0,1641.22,2384.27,cents
0584-BJQGZ,Month-to-Month,Yes,Bank transfer (automatic),7834.999999999999,28.05,1837.9,0,0,701.25,2539.15,cents
0585-EGDDA,Month-to-Month,Yes,Electronic check,8000,39.22,3168.75,41.74,0,1568.8,4695.81,cents
0587-DMGBH,Month-to-Month,Yes,Electronic check,49.85,37.79,365.55,13.01,10,302.32,664.86,dollars
0594-UFTUL,Month-to-Month,Yes,Mailed check,1985.0000000000002,40.2,252,0,0,522.6,774.6,cents
0595-ITUDF,Month-to-Month,Yes,Electronic check,9180,34.58,5960.5,0,0,2213.12,8173.62,cents
0596-BQCEQ,Month-to-Month,Yes,Electronic check,10015,48.58,6283.3,0,0,3011.96,9295.26,cents
0599-XNYDO,Month-to-Month,Yes,Bank transfer (automatic),6980,43.49,1540.35,0,0,869.8,2410.15,cents
0601-WZHJF,Month-to-Month,No,Electronic check,46.35,0,667.7,0,0,0,667.7,dollars
0602-DDUML,Two Year,No,Mailed check,69.75,36.14,3894.4,0,0,2059.98,5954.38,dollars
0603-OLQDC,Month-to-Month,Yes,Mailed check,69.85,27.07,837.5,0,0,324.84,1162.34,dollars
0603-TPMIB,Two Year,No,Mailed check,25.45,42.37,1534.05,0,0,2499.83,4033.88,dollars
0604-THJFP,Two Year,Yes,Credit card (automatic),75.95,8.28,4542.35,0,0,488.52,5030.87,dollars
0607-DAAHE,Two Year,No,Bank transfer (automatic),19.75,26.21,1052.35,0,0,1389.13,2441.48,dollars
0607-MVMGC,One Year,No,Credit card (automatic),78.75,39.82,3600.65,0,0,1791.9,5392.55,dollars
0608-JDVEC,Two Year,No,Electronic check,1980,1.87,1013.2,0,0,93.5,1106.7,cents
0611-DFXKO,Month-to-Month,Yes,Mailed check,8900,18.05,1820.45,0,0,361,2181.45,cents
0612-RTZZA,Month-to-Month,No,Electronic check,25.25,0,25.25,0,0,0,25.25,dollars
0613-WUXUM,Two Year,Yes,Mailed check,19.2,38.63,1401.4,0,0,2704.1,4105.5,dollars
0616-ATFGB,Month-to-Month,No,Electronic check,25.05,0,25.05,0,0,0,25.05,dollars
0617-AQNWT,Two Year,No,Electronic check,47.85,0,3147.5,0,0,0,3147.5,dollars
0617-FHSGK,Month-to-Month,No,Credit card (automatic),7520,19.08,3678.3,0,20,934.92,4633.22,cents
0618-XWMSS,Month-to-Month,Yes,Bank transfer (automatic),74.9,44.28,2068.55,0,0,1239.84,3308.39,dollars
0619-OLYUR,Two Year,Yes,Credit card (automatic),11190,47.83,8071.05,0,0,3443.76,11514.81,cents
0620-DLSLK,Month-to-Month,Yes,Mailed check,81.9,34.18,1028.9,0,0,444.34,1473.24,dollars
0620-XEFWH,Month-to-Month,No,Mailed check,18.85,39.04,84.2,0,0,156.16,240.36,dollars
0621-CXBKL,Two Year,No,Mailed check,18.7,10.32,1005.7,0,0,546.96,1552.66,dollars
0621-HJWXJ,Month-to-Month,Yes,Bank transfer (automatic),81.55,21.15,5029.05,0,0,1332.45,6361.5,dollars
0621-JFHOL,Two Year,Yes,Mailed check,29.6,0,299.05,0,0,0,299.05,dollars
0621-TSSMU,One Year,No,Credit card (automatic),1995,48.87,1126.75,0,0,2736.72,3863.47,cents
0621-TWIEM,Month-to-Month,Yes,Electronic check,4555,34.44,402.6,0,0,344.4,747,cents
0623-EJQEG,One Year,No,Electronic check,93.55,2.72,6069.25,0,30,176.8,6276.05,dollars
0623-GDISB,Month-to-Month,Yes,Bank transfer (automatic),48.45,16.42,48.45,0,0,16.42,64.87,dollars
0623-IIHUG,Month-to-Month,Yes,Electronic check,41.9,0,840.1,0,0,0,840.1,dollars
0625-AFOHS,Two Year,No,Mailed check,2020,34.44,558.8,0,0,998.76,1557.56,cents
0626-QXNGV,Two Year,Yes,Credit card (automatic),24.15,37.98,1776.45,0,0,2734.56,4511.01,dollars
0628-CNQRM,One Year,Yes,Bank transfer (automatic),67.5,19.8,1544.05,0,0,435.6,1979.65,dollars
0634-SZPQA,Month-to-Month,Yes,Bank transfer (automatic),9005,3.55,2169.8,27.38,0,81.65,2224.07,cents
0635-WKOLD,One Year,No,Credit card (automatic),70.75,23.74,2921.75,0,0,949.6,3871.35,dollars
0637-KVDLV,Month-to-Month,Yes,Electronic check,76.5,17.22,162.45,0,0,34.44,196.89,dollars
0637-UBJRP,Month-to-Month,No,Electronic check,84.05,29.92,1095.3,23.97,0,388.96,1460.29,dollars
0637-YLETY,Month-to-Month,Yes,Credit card (automatic),95.6,18.99,1555.65,0,0,303.84,1859.49,dollars
0639-TSIQW,Month-to-Month,Yes,Credit card (automatic),102.95,37.5,6886.25,0,0,2512.5,9398.75,dollars
0640-YJTPY,Two Year,No,Bank transfer (automatic),2100,5.7,1493.75,0,0,410.4,1904.15,cents
0641-EVBOJ,Month-to-Month,Yes,Mailed check,82.3,44.97,214.4,0,20,134.91,369.31,dollars
0643-OKLRP,Month-to-Month,No,Electronic check,80.35,38.31,3825.85,0,90,1800.57,5716.42,dollars
0644-OQMDK,Month-to-Month,Yes,Electronic check,70.65,6.18,293.85,0,0,24.72,318.57,dollars
0650-BWOZN,Two Year,Yes,Electronic check,73.55,7.51,1359.45,0,0,135.18,1494.63,dollars
0654-HMSHN,Month-to-Month,No,Electronic check,104.4,42.65,2157.95,0,0,895.65,3053.6,dollars
0654-PQKDW,One Year,Yes,Bank transfer (automatic),7075,42.05,4263.45,0,0,2607.1,6870.55,cents
0655-RBDUG,Month-to-Month,Yes,Bank transfer (automatic),98.05,9.25,713,0,0,64.75,777.75,dollars
0655-YDGFJ,Month-to-Month,No,Bank transfer (automatic),4895,10.06,1323.7,0,0,291.74,1615.44,cents
0657-DOGUM,One Year,Yes,Bank transfer (automatic),6060,44.72,2985.25,0,100,2146.56,5231.81,cents
0661-KBKPA,One Year,Yes,Mailed check,7875,31.86,3942.45,0,0,1688.58,5631.03,cents
0661-KQHNK,One Year,No,Credit card (automatic),19,30.01,105.5,0,0,180.06,285.56,dollars
0661-WCQNQ,One Year,Yes,Credit card (automatic),56.25,7.68,1292.2,0,100,168.96,1561.16,dollars
0661-XEYAN,Month-to-Month,Yes,Mailed check,25.8,0,25.8,0,20,0,45.8,dollars
0665-XHDJU,Two Year,Yes,Electronic check,99.4,34.95,7285.7,0,0,2516.4,9802.1,dollars
0666-UXTJO,Month-to-Month,Yes,Credit card (automatic),8520,29.66,2874.45,0,0,1008.44,3882.89,cents
0667-NSRGI,One Year,Yes,Mailed check,6955,17.03,3435.6,0,0,817.44,4253.04,cents
0668-OGMHD,Month-to-Month,No,Electronic check,28.5,0,629.35,0,0,0,629.35,dollars
0670-ANMUU,One Year,No,Credit card (automatic),97.65,16.57,6687.85,0,0,1176.47,7864.32,dollars
0670-KDOMA,Month-to-Month,Yes,Mailed check,20.25,28.18,20.25,0,0,28.18,48.43,dollars
0673-IGUQO,Month-to-Month,No,Mailed check,2045,30.09,20.45,0,0,30.09,50.54,cents
0674-DGMAQ,Two Year,Yes,Electronic check,93.5,43.54,2970.8,0,0,1393.28,4364.08,dollars
0674-EYYZV,Month-to-Month,Yes,Electronic check,5465,36.33,54.65,0,0,36.33,90.98,cents
0674-GCDXG,Two Year,Yes,Bank transfer (automatic),71.9,42.59,4479.2,0,0,2683.17,7162.37,dollars
0675-NCDYU,Two Year,Yes,Credit card (automatic),116.4,28.86,8543.25,0,0,2077.92,10621.17,dollars
0678-RLHVP,Two Year,No,Electronic check,105.55,12.92,5682.25,0,0,684.76,6367.01,dollars
0679-IDSTG,Month-to-Month,Yes,Electronic check,69.25,37.3,69.25,0,0,37.3,106.55,dollars
0679-TDGAK,One Year,No,Electronic check,7550,31.83,4025.6,0,100,1591.5,5717.1,cents
0680-DFNNY,Month-to-Month,Yes,Electronic check,101.1,40.7,1504.05,0,0,610.5,2114.55,dollars
0682-USIXD,Month-to-Month,Yes,Electronic check,86.05,14.81,1818.9,0,0,311.01,2129.91,dollars
0684-AOSIH,Month-to-Month,Yes,Electronic check,9500,12.04,95,0,0,12.04,107.04,cents
0685-MLYYM,Month-to-Month,No,Electronic check,70.75,9.86,154.85,0,0,19.72,174.57,dollars
0687-ZVTHB,One Year,No,Credit card (automatic),72.45,26.75,4653.85,14.23,0,1738.75,6378.37,dollars
0689-DSXGL,Month-to-Month,No,Bank transfer (automatic),85.8,16.87,4433.3,0,0,877.24,5310.54,dollars
0689-NKYLF,Month-to-Month,Yes,Electronic check,83.2,35.4,1060.6,0,0,460.2,1520.8,dollars
0690-SRQID,Month-to-Month,Yes,Mailed check,19.65,18.28,67.55,0,0,73.12,140.67,dollars
0691-IFBQW,One Year,Yes,Electronic check,110,2.37,4874.8,0,0,109.02,4983.82,dollars
0691-JVSYA,One Year,Yes,Bank transfer (automatic),94.85,40.62,5000.2,18.55,0,2152.86,7134.51,dollars
0691-NIKRI,One Year,Yes,Credit card (automatic),10595,16.73,4335.2,0,0,669.2,5004.4,cents
0696-UKTOX,Month-to-Month,No,Electronic check,54.15,8.4,1312.45,0,40,193.2,1545.65,dollars
0697-ZMSWS,Month-to-Month,Yes,Electronic check,85.65,6.91,338.9,0,0,27.64,366.54,dollars
0699-NDKJM,Month-to-Month,Yes,Bank transfer (automatic),58.75,0,3437.45,0,0,0,3437.45,dollars
0701-RFGFI,Month-to-Month,Yes,Bank transfer (automatic),95.4,8.18,4613.95,0,0,400.82,5014.77,dollars
0701-TJSEF,Month-to-Month,Yes,Bank transfer (automatic),68.25,32.31,576.95,0,0,290.79,867.74,dollars
0702-PGIBZ,Month-to-Month,Yes,Electronic check,101.7,26.16,364.55,1.48,0,104.64,467.71,dollars
0704-VCUMB,Two Year,No,Credit card (automatic),20.25,10.94,1278.8,5.15,0,667.34,1940.99,dollars
0707-HOVVN,Two Year,Yes,Bank transfer (automatic),7550,47.27,5212.65,0,0,3308.9,8521.55,cents
0708-LGSMF,Month-to-Month,Yes,Electronic check,65.85,14.32,902.25,0,0,186.16,1088.41,dollars
0708-SJDIS,Month-to-Month,No,Mailed check,65,45.28,2157.5,0,0,1539.52,3697.02,dollars
0709-TVGUR,Month-to-Month,Yes,Electronic check,7455,17.56,622.9,33.25,0,158.04,747.69,cents
0716-BQNDX,Two Year,No,Electronic check,93.75,2.21,5625.55,0,0,125.97,5751.52,dollars
0719-SYFRB,Month-to-Month,Yes,Mailed check,61.65,36.24,713.75,0,0,434.88,1148.63,dollars
0722-SVSFK,Month-to-Month,Yes,Electronic check,100.4,39.02,715,0,0,273.14,988.14,dollars
0722-TROQR,Month-to-Month,Yes,Electronic check,74.9,26.23,321.75,0,0,104.92,426.67,dollars
0723-DRCLG,Month-to-Month,Yes,Electronic check,74.45,31.27,74.45,0,10,31.27,115.72,dollars
0723-FDLAY,One Year,Yes,Bank transfer (automatic),85.25,49.57,3704.15,0,100,2181.08,5985.23,dollars
0723-VSOBE,One Year,No,Electronic check,34.2,0,1596.6,0,0,0,1596.6,dollars
0725-CXOTM,One Year,Yes,Credit card (automatic),89.65,44.7,3348.1,0,0,1609.2,4957.3,dollars
0727-BMPLR,One Year,Yes,Electronic check,10000,37.38,5509.3,0,100,2055.9,7665.2,cents
0727-BNRLG,Two Year,Yes,Credit card (automatic),9765,49.35,6743.55,0,0,3405.15,10148.7,cents
0727-IWKVK,Month-to-Month,Yes,Electronic check,7990.000000000001,19.18,741.7,0,0,172.62,914.32,cents
0730-BGQGF,Two Year,No,Credit card (automatic),90.3,15.71,6287.3,0,100,1115.41,7502.71,dollars
0730-KOAVE,Month-to-Month,Yes,Credit card (automatic),94.3,41.66,2679.7,0,0,1249.8,3929.5,dollars
0731-EBJQB,One Year,Yes,Electronic check,20.4,5.65,1090.65,0,0,293.8,1384.45,dollars
0732-OCQOC,Two Year,Yes,Bank transfer (automatic),2505,5.32,1270.25,0,0,276.64,1546.89,cents
0733-VUNUW,Month-to-Month,Yes,Bank transfer (automatic),5565,8.99,1400.55,0,60,215.76,1676.31,cents
0734-OXWBT,Month-to-Month,No,Mailed check,70.7,25.04,225.65,0,0,75.12,300.77,dollars
0739-UUAJR,Two Year,Yes,Credit card (automatic),5380,0,3952.45,0,0,0,3952.45,cents
0742-LAFQK,Two Year,Yes,Electronic check,99.15,28.86,7422.1,0,0,2077.92,9500.02,dollars
0742-MOABM,Month-to-Month,No,Mailed check,50.05,9.67,179.35,0,0,38.68,218.03,dollars
0742-NXBGR,Month-to-Month,Yes,Electronic check,82.3,33.41,82.3,0,0,33.41,115.71,dollars
0743-HNPFG,One Year,Yes,Credit card (automatic),69.75,17.95,3562.5,0,0,915.45,4477.95,dollars
0743-HRVFF,One Year,Yes,Electronic check,56.15,0,2898.95,0,0,0,2898.95,dollars
0744-BIKKF,Two Year,No,Bank transfer (automatic),8665,11.41,6224.8,0,0,821.52,7046.32,cents
0744-GKNGE,Month-to-Month,Yes,Bank transfer (automatic),86.8,27.74,5327.25,0,0,1775.36,7102.61,dollars
0746-JTRFU,Month-to-Month,Yes,Electronic check,2505,0,56.35,0,0,0,56.35,cents
0748-RDGGM,One Year,Yes,Bank transfer (automatic),10950,39.63,7534.65,0,0,2774.1,10308.75,cents
0749-IRGQE,Month-to-Month,No,Electronic check,4530,0,528.45,0,0,0,528.45,cents
0750-EBAIU,One Year,No,Electronic check,91.25,31.31,4738.3,0,0,1628.12,6366.42,dollars
0750-EKNGL,Month-to-Month,No,Mailed check,20.75,47.19,141.1,0,0,330.33,471.43,dollars
0754-EEBDC,Two Year,No,Mailed check,19.9,24.57,76.65,0,0,98.28,174.93,dollars
0754-UKWQP,Month-to-Month,Yes,Electronic check,95.85,37.43,197.7,0,0,74.86,272.56,dollars
0756-MPZRL,One Year,No,Credit card (automatic),3370.0000000000005,0,1537.85,0,0,0,1537.85,cents
0757-WCUUZ,Two Year,No,Credit card (automatic),6335,36.09,3409.1,0,0,1948.86,5357.96,cents
0761-AETCS,Month-to-Month,No,Electronic check,19.3,25.62,19.3,0,0,25.62,44.92,dollars
0769-MURVM,Two Year,No,Bank transfer (automatic),6570,0,4575.35,0,0,0,4575.35,cents
0771-CHWSK,Two Year,Yes,Credit card (automatic),7459.999999999999,45.57,4798.4,0,0,3007.62,7806.02,cents
0771-WLCLA,Month-to-Month,Yes,Electronic check,11295,46.45,1882.55,0,0,743.2,2625.75,cents
0772-GYEQQ,Month-to-Month,Yes,Mailed check,88.35,49.4,262.05,0,0,148.2,410.25,dollars
0774-IFUVM,Month-to-Month,Yes,Bank transfer (automatic),65.15,16.71,723.35,0,0,183.81,907.16,dollars
0774-RMNUW,Two Year,No,Bank transfer (automatic),5970,0,4122.65,0,0,0,4122.65,cents
0778-NELLA,Month-to-Month,Yes,Credit card (automatic),34.7,0,296.1,0,0,0,296.1,dollars
0780-XNZFN,Two Year,No,Bank transfer (automatic),20.65,1.69,1125.6,0,0,96.33,1221.93,dollars
0781-LKXBR,Month-to-Month,Yes,Electronic check,100.5,48.71,918.6,0,0,438.39,1356.99,dollars
0784-GTUUK,One Year,Yes,Credit card (automatic),23.75,32.28,1446.8,0,0,2001.36,3448.16,dollars
0784-ZQJZX,Two Year,No,Credit card (automatic),19.9,31.93,1529.65,0,0,2298.96,3828.61,dollars
0786-IVLAW,One Year,No,Bank transfer (automatic),108.1,3.57,7238.6,0,0,235.62,7474.22,dollars
0786-VSSUD,Month-to-Month,Yes,Mailed check,39,0,679.85,0,0,0,679.85,dollars
0787-LHDYT,Month-to-Month,Yes,Credit card (automatic),2060,33.44,330.25,0,0,535.04,865.29,cents
0788-DXBFY,One Year,Yes,Electronic check,19.55,27.93,1108.8,0,0,1619.94,2728.74,dollars
0793-TWELN,Month-to-Month,Yes,Electronic check,80.15,6.5,319.85,0,0,26,345.85,dollars
0794-YVSGE,Two Year,No,Bank transfer (automatic),2030,27.16,1401.15,0,0,1955.52,3356.67,cents
0795-GMVQO,One Year,No,Credit card (automatic),109.9,23.13,7332.4,0,0,1549.71,8882.11,dollars
0795-LAFGP,Two Year,No,Electronic check,90.4,3.57,6668.05,0,0,253.47,6921.52,dollars
0795-XCCTE,Two Year,No,Bank transfer (automatic),2540,26.01,1809.35,0,0,1872.72,3682.07,cents
0799-DDIHE,Month-to-Month,No,Electronic check,46.3,24.27,639.45,0,0,364.05,1003.5,dollars
0804-XBFBV,Month-to-Month,No,Electronic check,25.2,0,321.05,0,0,0,321.05,dollars
0804-YGEQV,One Year,Yes,Bank transfer (automatic),24.45,28.03,993.15,41.33,0,1205.29,2157.11,dollars
0807-ZABDG,Month-to-Month,Yes,Mailed check,55.1,26.04,154.65,0,0,78.12,232.77,dollars
0810-BDHAW,One Year,No,Electronic check,78.4,31.62,1832.4,0,130,758.88,2721.28,dollars
0810-DHDBD,One Year,No,Credit card (automatic),7400,21.38,3877.65,0,0,1111.76,4989.41,cents
0811-GSDTP,Month-to-Month,No,Electronic check,30.15,0,382.2,0,10,0,392.2,dollars
0812-WUPTB,Month-to-Month,No,Mailed check,70.85,49.6,70.85,0,0,49.6,120.45,dollars
0813-TAXXS,Two Year,Yes,Bank transfer (automatic),7780,26.3,4323.35,0,0,1446.5,5769.85,cents
0815-MFZGM,Two Year,Yes,Credit card (automatic),99,1.31,4135,0,0,55.02,4190.02,dollars
0816-TSPHQ,Month-to-Month,No,Mailed check,20.75,27.67,44.2,0,0,55.34,99.54,dollars
0817-HSUSE,Month-to-Month,Yes,Electronic check,75.5,5.63,75.5,0,0,5.63,81.13,dollars
0818-OCPZO,Month-to-Month,Yes,Electronic check,81.45,42.91,2122.05,0,0,1158.57,3280.62,dollars
0820-FNRNX,Month-to-Month,Yes,Mailed check,66.7,29.87,1077.05,0,0,507.79,1584.84,dollars
0822-GAVAP,Month-to-Month,Yes,Electronic check,3470.0000000000005,0,62.25,0,0,0,62.25,cents
0822-QGCXA,Month-to-Month,No,Electronic check,83.85,3.43,2310.2,0,0,92.61,2402.81,dollars
0823-HSCDJ,Month-to-Month,Yes,Electronic check,49.15,0,2550.9,0,30,0,2580.9,dollars
0824-VWDPO,One Year,No,Bank transfer (automatic),9675,1.57,4442.75,0,0,70.65,4513.4,cents
0825-CPPQH,Two Year,No,Credit card (automatic),1910.0000000000002,39.44,1372.45,0,0,2800.24,4172.69,cents
0827-ITJPH,Two Year,Yes,Credit card (automatic),18.55,8.5,689,0,0,306,995,dollars
0829-DDVLK,One Year,No,Credit card (automatic),20.1,9.74,302.45,0,0,146.1,448.55,dollars
0829-XXPLX,Month-to-Month,Yes,Bank transfer (automatic),89.4,30.52,1871.15,0,0,610.4,2481.55,dollars
0831-JNISG,Two Year,No,Mailed check,19.8,23.34,1396.25,0,0,1657.14,3053.39,dollars
0835-DUUIQ,One Year,No,Bank transfer (automatic),21.05,47.31,531.55,0,0,1135.44,1666.99,dollars
0835-JKADZ,Two Year,Yes,Electronic check,111.25,41.92,7984.15,0,0,2976.32,10960.47,dollars
0836-SEYLU,Month-to-Month,No,Mailed check,40.65,0,328.95,0,0,0,328.95,dollars
0839-JTCUD,Two Year,No,Credit card (automatic),89.9,36.36,5958.85,0,0,2399.76,8358.61,dollars
0839-QNXME,Two Year,No,Credit card (automatic),19.4,9.27,578.5,0,0,278.1,856.6,dollars
0840-DCNZE,One Year,Yes,Bank transfer (automatic),8695,36.78,4138.9,0,0,1728.66,5867.56,cents
0840-DFEZH,Month-to-Month,Yes,Electronic check,75.35,25.17,564.65,0,0,176.19,740.84,dollars
0841-NULXI,Month-to-Month,Yes,Electronic check,35.55,0,35.55,0,0,0,35.55,dollars
0842-IWYCP,Month-to-Month,No,Bank transfer (automatic),4495,40.32,2168.9,0,0,1854.72,4023.62,cents
0843-WTBXE,Month-to-Month,No,Bank transfer (automatic),85.45,16.43,4517.25,0,0,870.79,5388.04,dollars
0847-HGRML,Two Year,No,Bank transfer (automatic),20,24.48,1250.1,0,0,1517.76,2767.86,dollars
0848-SOMKO,Two Year,No,Bank transfer (automatic),4840,0,3442.8,0,0,0,3442.8,cents
0848-ZGQIJ,Month-to-Month,Yes,Bank transfer (automatic),9465,10.5,1461.15,0,0,168,1629.15,cents
0851-DFJKB,Month-to-Month,No,Electronic check,58.95,30.54,955.15,0,0,458.1,1413.25,dollars
0853-NWIFK,One Year,Yes,Electronic check,100.3,1.03,4483.95,0,0,46.35,4530.3,dollars
0853-TWRVK,Two Year,No,Bank transfer (automatic),105.6,6.15,7581.5,0,0,442.8,8024.3,dollars
0854-UYHZD,Two Year,No,Mailed check,19.55,42.23,265.3,0,0,548.99,814.29,dollars
0856-NAOES,Month-to-Month,No,Mailed check,60.9,45.67,414.1,0,0,274.02,688.12,dollars
0859-YGKFW,One Year,No,Bank transfer (automatic),2005,28.06,345.9,0,0,505.08,850.98,cents
0862-PRCBS,Two Year,Yes,Credit card (automatic),103.75,16.09,7039.45,0,0,1094.12,8133.57,dollars
0864-FVJNJ,One Year,No,Electronic check,113.35,6.83,7222.75,0,20,437.12,7679.87,dollars
0866-QLSIR,One Year,Yes,Mailed check,64.4,34.41,2088.75,0,0,1169.94,3258.69,dollars
0867-LDTTC,Month-to-Month,No,Bank transfer (automatic),75.15,45.69,392.65,0,0,228.45,621.1,dollars
0867-MKZVY,Month-to-Month,No,Electronic check,82.4,36.6,1592.35,33.43,0,732,2290.92,dollars
0868-VJRDR,Two Year,Yes,Credit card (automatic),10405,4.76,6605.55,0,0,304.64,6910.19,cents
0869-PAPRP,Two Year,Yes,Credit card (automatic),8570,46.24,2067,0,0,1202.24,3269.24,cents
0870-VEMYL,Month-to-Month,No,Credit card (automatic),53.85,24.32,259.8,22.96,10,121.6,368.44,dollars
0871-OPBXW,Month-to-Month,Yes,Mailed check,2005,6.85,39.25,0,0,13.7,52.95,cents
0871-URUWO,Month-to-Month,Yes,Credit card (automatic),102.25,30.55,1359,0,0,397.15,1756.15,dollars
0872-CASZJ,One Year,Yes,Mailed check,6909.999999999999,20.5,4096.9,0,0,1209.5,5306.4,cents
0872-JCPIB,Month-to-Month,No,Bank transfer (automatic),6575,47.45,1111.2,0,0,806.65,1917.85,cents
0872-NXJYS,Month-to-Month,Yes,Electronic check,79.55,45.41,723.4,0,0,408.69,1132.09,dollars
0875-CABNR,Month-to-Month,Yes,Credit card (automatic),84.6,16.85,865.55,0,0,168.5,1034.05,dollars
0876-WDUUZ,Month-to-Month,Yes,Credit card (automatic),85.4,43.51,425.9,0,0,217.55,643.45,dollars
0877-SDMBN,One Year,Yes,Bank transfer (automatic),103.95,43.47,5639.05,0,0,2347.38,7986.43,dollars
0880-FVFWF,Month-to-Month,Yes,Electronic check,86.4,37.15,4922.4,0,0,2080.4,7002.8,dollars
0880-TKATG,Month-to-Month,No,Electronic check,101.15,9.56,385.9,0,0,38.24,424.14,dollars
0883-EIBTI,Month-to-Month,No,Mailed check,19.5,28.02,31.55,0,0,56.04,87.59,dollars
0885-HMGPY,Two Year,No,Bank transfer (automatic),6940.000000000001,41.13,4237.5,0,0,2550.06,6787.56,cents
0886-QGENL,Month-to-Month,Yes,Electronic check,101.25,45.82,2754.45,0,0,1237.14,3991.59,dollars
0887-HJGAR,Month-to-Month,Yes,Mailed check,45.7,5.55,45.7,0,0,5.55,51.25,dollars
0887-WBJVH,One Year,Yes,Electronic check,9345,38.35,4872.2,0,0,2032.55,6904.75,cents
0895-DQHEW,Month-to-Month,Yes,Electronic check,104.3,35.46,5278.15,11.45,0,1914.84,7181.54,dollars
0895-LMRSF,One Year,Yes,Bank transfer (automatic),6490.000000000001,46.4,1509.8,0,130,1067.2,2707,cents
0895-LNKRC,One Year,No,Mailed check,1945,1.57,113.5,0,0,9.42,122.92,cents
0895-UADGO,Two Year,Yes,Mailed check,4455,0,343.45,0,0,0,343.45,cents
0897-FEGMU,Month-to-Month,Yes,Electronic check,9950,31.08,1056.95,0,0,341.88,1398.83,cents
0898-XCGTF,One Year,Yes,Bank transfer (automatic),96.5,21.96,5673.7,0,0,1339.56,7013.26,dollars
0899-LIIBW,Month-to-Month,No,Electronic check,10085,33.55,3527.3,0,0,1140.7,4668,cents
0899-WZRSD,Month-to-Month,Yes,Mailed check,10535,37.99,5794.45,0,0,2127.44,7921.89,cents
0902-RFHOF,One Year,No,Mailed check,20.1,22.23,730.1,0,0,844.74,1574.84,dollars
0902-XKXPN,Two Year,No,Bank transfer (automatic),2020,23.55,1376.5,0,0,1624.95,3001.45,cents
0906-QVPMS,Two Year,No,Bank transfer (automatic),115.15,35.71,8349.45,0,0,2571.12,10920.57,dollars
0907-HQNTS,Two Year,Yes,Credit card (automatic),113,46.2,7987.6,0,0,3234,11221.6,dollars
0909-SDHNU,Month-to-Month,No,Mailed check,29.8,0,201.95,0,0,0,201.95,dollars
0909-SELIE,Two Year,Yes,Bank transfer (automatic),8080,43.48,4860.85,17.17,0,2652.28,7495.96,cents
0913-XWSCN,Month-to-Month,No,Bank transfer (automatic),8550,41.89,4713.4,0,0,2303.95,7017.35,cents
0916-KNFAJ,Two Year,Yes,Mailed check,6990.000000000001,4.69,4226.7,0,0,286.09,4512.79,cents
0916-QOFDP,Two Year,Yes,Electronic check,95.8,14.39,1346.3,0,0,201.46,1547.76,dollars
0917-EZOLA,Two Year,Yes,Bank transfer (automatic),104.15,6.03,7689.95,0,0,434.16,8124.11,dollars
0921-OHLVP,Month-to-Month,No,Electronic check,83.05,11.46,1799.3,0,0,252.12,2051.42,dollars
0923-PNFUB,Month-to-Month,No,Electronic check,8375,46.36,247.25,0,0,139.08,386.33,cents
0924-BJCRC,Two Year,No,Electronic check,89.45,24.68,5294.6,0,10,1480.8,6785.4,dollars
0925-VYDLG,Month-to-Month,No,Electronic check,75.25,17.87,242,0,0,53.61,295.61,dollars
0927-CNGRH,Month-to-Month,No,Mailed check,19.55,30.63,19.55,0,0,30.63,50.18,dollars
0927-LCSMG,Month-to-Month,No,Mailed check,7465.000000000001,21.58,544.55,0,10,151.06,705.61,cents
0928-JMXNP,Two Year,Yes,Electronic check,2990,0,118.25,0,0,0,118.25,cents
0928-XUTSN,Month-to-Month,Yes,Electronic check,80.5,44.99,1011.8,24.99,0,584.87,1571.68,dollars
0929-HYQEW,Month-to-Month,Yes,Mailed check,50.15,17.42,160.85,0,0,52.26,213.11,dollars
0929-PECLO,Two Year,Yes,Bank transfer (automatic),8960,41.8,5538.8,0,0,2633.4,8172.2,cents
0930-EHUZA,One Year,Yes,Mailed check,76.35,44.87,2606.35,0,0,1615.32,4221.67,dollars
0931-MHTEM,One Year,Yes,Credit card (automatic),10005,34.27,5299.65,0,0,1850.58,7150.23,cents
0932-YIXYU,Two Year,No,Credit card (automatic),20.25,8.85,1029.8,0,0,415.95,1445.75,dollars
0936-NQLJU,Two Year,No,Credit card (automatic),20.65,8.44,875.55,0,0,346.04,1221.59,dollars
0939-EREMR,Month-to-Month,No,Mailed check,5345,25.33,718.1,26.37,0,329.29,1021.02,cents
0939-YAPAF,Month-to-Month,Yes,Electronic check,100.25,10.49,3527.6,0,0,367.15,3894.75,dollars
0940-OUQEC,Month-to-Month,Yes,Bank transfer (automatic),80.7,17.07,788.8,38.42,50,170.7,971.08,dollars
0942-KOWSM,Two Year,No,Bank transfer (automatic),80.8,15.94,2369.3,0,0,478.2,2847.5,dollars
0943-ZQPXH,Month-to-Month,Yes,Bank transfer (automatic),92.95,26.25,4122.9,0,0,1155,5277.9,dollars
0945-TSONX,Two Year,Yes,Credit card (automatic),8530,29.15,4107.25,0,130,1370.05,5607.3,cents
0946-CLJTI,Month-to-Month,Yes,Electronic check,9870,3.18,5812.6,0,0,184.44,5997.04,cents
0946-FKYTX,One Year,No,Mailed check,30.1,0,1623.4,11.72,0,0,1611.68,dollars
0947-IDHRQ,Month-to-Month,Yes,Mailed check,80.3,39.21,526.7,0,10,274.47,811.17,dollars
0947-MUGVO,Month-to-Month,Yes,Electronic check,73.65,5.37,1463.5,0,0,107.4,1570.9,dollars
0952-KMEEH,Month-to-Month,No,Mailed check,98.15,3.36,1230.25,0,40,43.68,1313.93,dollars
0953-LGOVU,Month-to-Month,No,Mailed check,3550,0,432.25,0,0,0,432.25,cents
0956-ACVZC,One Year,Yes,Credit card (automatic),9410,48.97,5060.9,0,140,2644.38,7845.28,cents
0956-SYCWG,One Year,No,Electronic check,1964.9999999999998,33.13,244.8,0,0,430.69,675.49,cents
0958-YHXGP,Month-to-Month,Yes,Mailed check,69.9,30.99,497.3,0,0,216.93,714.23,dollars
0959-WHOKV,One Year,Yes,Electronic check,99,6.42,4298.45,0,0,269.64,4568.09,dollars
0960-HUWBM,Two Year,Yes,Bank transfer (automatic),104.1,39.52,6700.05,0,0,2568.8,9268.85,dollars
0961-ZWLVI,One Year,Yes,Credit card (automatic),109.2,4.76,5290.45,0,0,233.24,5523.69,dollars
0962-CQPWQ,Two Year,No,Bank transfer (automatic),20.3,2.41,1296.15,0,0,149.42,1445.57,dollars
0963-ZBDRN,Month-to-Month,Yes,Electronic check,96.2,25.21,3183.4,0,0,806.72,3990.12,dollars
0967-BMLBD,One Year,Yes,Mailed check,20,49.19,196.35,0,0,541.09,737.44,dollars
0968-GSIKN,Month-to-Month,Yes,Mailed check,7080,30.6,70.8,0,0,30.6,101.4,cents
0969-RGKCU,One Year,No,Credit card (automatic),1980,43.68,677.05,29.21,0,1616.16,2264,cents
0970-ETWGE,Month-to-Month,Yes,Electronic check,8955,42.46,89.55,0,0,42.46,132.01,cents
0970-QXPXW,Month-to-Month,No,Mailed check,1964.9999999999998,42.42,19.65,0,0,42.42,62.07,cents
0971-QIFJK,Two Year,No,Bank transfer (automatic),24.25,39.78,1641.8,45.75,0,2744.82,4340.87,dollars
0973-KYVNF,Two Year,Yes,Credit card (automatic),7065.000000000001,43.12,5011.15,0,0,3104.64,8115.79,cents
0975-UYDTX,One Year,Yes,Credit card (automatic),90.1,25.63,2312.55,47.79,0,666.38,2931.14,dollars
0975-VOOVL,Month-to-Month,No,Mailed check,29.2,0,98.5,0,0,0,98.5,dollars
0979-MOZQI,Two Year,Yes,Bank transfer (automatic),39,0,2337.45,0,0,0,2337.45,dollars
0979-PHULV,Month-to-Month,Yes,Credit card (automatic),9945,48.8,7007.6,0,0,3367.2,10374.8,cents
0980-FEXWF,One Year,No,Mailed check,50.35,4.62,1285.8,0,0,120.12,1405.92,dollars
0980-PVMRC,Month-to-Month,Yes,Electronic check,5085,0,2036.55,0,0,0,2036.55,cents
0983-TATYJ,One Year,Yes,Mailed check,5145,48.09,1758.9,0,0,1586.97,3345.87,cents
0988-AADSA,Two Year,No,Bank transfer (automatic),80.85,9.72,5824.75,0,10,699.84,6534.59,dollars
0988-JRWWP,Month-to-Month,Yes,Electronic check,5420,41.38,140.4,0,0,124.14,264.54,cents
0991-BRRFB,Month-to-Month,No,Electronic check,4940,20.86,874.8,0,0,375.48,1250.28,cents
0993-OSGPT,One Year,Yes,Bank transfer (automatic),60.65,40.55,3975.9,0,0,2757.4,6733.3,dollars
0997-YTLNY,Month-to-Month,No,Mailed check,4880,4.03,953.65,0,0,76.57,1030.22,cents
0999-QXNSA,Two Year,Yes,Mailed check,45.75,41.14,344.2,29,0,287.98,603.18,dollars
1000-AJSLD,Month-to-Month,Yes,Mailed check,20.1,4.11,20.1,0,0,4.11,24.21,dollars
1004-NOZNR,One Year,No,Credit card (automatic),94.8,10.57,5264.3,0,0,591.92,5856.22,dollars
1009-IRMNA,Month-to-Month,No,Bank transfer (automatic),20,16.04,137.6,0,0,112.28,249.88,dollars
1010-DIAUQ,Month-to-Month,No,Bank transfer (automatic),96.5,20.86,492.55,0,0,104.3,596.85,dollars
1013-QCWAM,Two Year,Yes,Electronic check,100.8,28.06,6690.75,0,0,1851.96,8542.71,dollars
1015-JPFYW,One Year,No,Mailed check,19.45,49.16,136.75,0,0,344.12,480.87,dollars
1015-OWJKI,Month-to-Month,No,Mailed check,19.05,5.02,19.05,0,0,5.02,24.07,dollars
1016-DJTSV,Two Year,Yes,Electronic check,69.7,41.85,572.85,0,0,334.8,907.65,dollars
1017-FBQMM,One Year,Yes,Credit card (automatic),106.05,15.05,6703.5,0,0,933.1,7636.6,dollars
1020-JPQOW,Month-to-Month,No,Electronic check,90.55,2.8,5116.6,0,40,156.8,5313.4,dollars
1022-RKXDR,One Year,Yes,Mailed check,2485,32.66,962.25,0,0,1339.06,2301.31,cents
1023-BQXZE,Two Year,Yes,Bank transfer (automatic),74.35,24.67,4317.35,0,0,1406.19,5723.54,dollars
1024-GUALD,Month-to-Month,Yes,Electronic check,24.8,0,24.8,0,0,0,24.8,dollars
1024-KPRBB,One Year,Yes,Mailed check,8910,30.09,3342,0,90,1143.42,4575.42,cents
1024-VRZHF,Month-to-Month,Yes,Electronic check,7495,21.58,825.7,0,0,237.38,1063.08,cents
1025-FALIX,Month-to-Month,Yes,Credit card (automatic),69.05,37.51,1815.65,0,0,975.26,2790.91,dollars
1027-LKKQQ,Two Year,Yes,Bank transfer (automatic),80.45,12.96,5886.85,0,0,933.12,6819.97,dollars
1028-FFNJK,Month-to-Month,Yes,Electronic check,101.5,48.02,2917.65,0,0,1440.6,4358.25,dollars
1029-QFBEN,Month-to-Month,No,Mailed check,19.55,38.44,19.55,0,0,38.44,57.99,dollars
1031-IIDEO,Month-to-Month,Yes,Electronic check,70.85,27.05,70.85,0,0,27.05,97.9,dollars
1032-MAELW,One Year,Yes,Electronic check,7845,7.47,5333.35,0,0,507.96,5841.31,cents
1035-IPQPU,Month-to-Month,Yes,Electronic check,10350,18.14,6479.4,0,0,1142.82,7622.22,cents
1036-GUDCL,Month-to-Month,Yes,Credit card (automatic),7905,39.76,4663.4,0,0,2385.6,7049,cents
1038-RQOST,Month-to-Month,No,Mailed check,20.6,4.7,414.95,0,0,89.3,504.25,dollars
1038-ZAGBI,One Year,No,Bank transfer (automatic),19.8,37.65,229.6,0,0,451.8,681.4,dollars
1041-RXHRA,Month-to-Month,No,Bank transfer (automatic),70.25,40.78,2868.05,0,0,1671.98,4540.03,dollars
1042-HFUCW,One Year,Yes,Credit card (automatic),5475,39.9,1266.35,15.76,0,997.5,2248.09,cents
1043-UXOVO,Two Year,Yes,Credit card (automatic),113.15,28.4,7993.3,0,0,2016.4,10009.7,dollars
1043-YCUTE,Two Year,Yes,Credit card (automatic),2515,13.2,1327.15,0,0,739.2,2066.35,cents
1045-LTCYT,Month-to-Month,No,Credit card (automatic),21.05,43.05,139.75,0,0,344.4,484.15,dollars
1047-NNCBF,Month-to-Month,No,Credit card (automatic),70.55,3.8,1493.55,17.6,0,76,1551.95,dollars
1047-RNXZV,Two Year,No,Mailed check,1955,3.18,876.15,15.17,0,136.74,997.72,cents
1049-FYSYG,Month-to-Month,Yes,Credit card (automatic),3565,0,646.05,0,0,0,646.05,cents
1051-EQPZR,Month-to-Month,No,Mailed check,1960.0000000000002,4.17,780.25,0,0,183.48,963.73,cents
1051-GEJLJ,Month-to-Month,No,Mailed check,19.5,27.17,27.55,0,0,54.34,81.89,dollars
1052-QJIBV,Two Year,No,Credit card (automatic),19.9,20.49,1397.3,0,0,1454.79,2852.09,dollars
1053-MXTTK,Two Year,Yes,Bank transfer (automatic),108.65,14.46,7726.35,0,0,1041.12,8767.47,dollars
1057-FOGLZ,Month-to-Month,No,Mailed check,1964.9999999999998,18.2,391.7,0,0,327.6,719.3,cents
1060-ENTOF,One Year,Yes,Credit card (automatic),105.4,2.67,7035.6,0,0,178.89,7214.49,dollars
1061-PNTHC,Month-to-Month,Yes,Mailed check,10960,13.94,5953,0,0,780.64,6733.64,cents
1062-LHZOD,Month-to-Month,Yes,Mailed check,69.9,4.99,69.9,0,0,4.99,74.89,dollars
1063-DHQJF,Two Year,Yes,Mailed check,92.15,20.32,6480.9,0,0,1402.08,7882.98,dollars
1064-FBXNK,One Year,No,Credit card (automatic),19.85,47.46,19.85,0,0,47.46,67.31,dollars
1066-JKSGK,Month-to-Month,No,Mailed check,2014.9999999999998,33.58,20.15,0,0,33.58,53.73,cents
1069-QJOEE,One Year,No,Electronic check,19.9,18.87,505.45,0,0,471.75,977.2,dollars
1069-XAIEM,Month-to-Month,Yes,Electronic check,8505,16.37,85.05,0,0,16.37,101.42,cents
1073-XXCZD,Two Year,No,Bank transfer (automatic),25.7,12.21,1443.65,0,0,671.55,2115.2,dollars
1074-AMIOH,Month-to-Month,Yes,Bank transfer (automatic),10825,43.39,5935.1,0,0,2299.67,8234.77,cents
1074-WVEVG,One Year,No,Mailed check,2035.0000000000002,31.43,1267,0,0,1854.37,3121.37,cents
1075-BGWOH,Month-to-Month,Yes,Electronic check,98.75,15.16,1587.55,0,0,242.56,1830.11,dollars
1077-HUUJM,Month-to-Month,Yes,Electronic check,7105,28.5,472.65,0,10,199.5,682.15,cents
1078-TDCRN,Month-to-Month,Yes,Electronic check,30.75,0,82.85,0,0,0,82.85,dollars
1080-BWSYE,Two Year,No,Credit card (automatic),25.65,29.43,1740.8,0,0,1883.52,3624.32,dollars
1084-MNSMJ,Two Year,No,Credit card (automatic),85.5,33.93,4421.95,0,0,1730.43,6152.38,dollars
1084-UQCHV,Month-to-Month,No,Bank transfer (automatic),6975,27.97,69.75,0,0,27.97,97.72,cents
1085-LDWAM,One Year,Yes,Credit card (automatic),20.35,23.47,1442.65,0,0,1619.43,3062.08,dollars
1086-LXKFY,Month-to-Month,Yes,Mailed check,69.1,16.55,69.1,0,0,16.55,85.65,dollars
1087-GRUYI,Two Year,No,Bank transfer (automatic),20.4,6.97,743.5,0,0,264.86,1008.36,dollars
1087-UDSIH,Month-to-Month,Yes,Mailed check,1960.0000000000002,13.28,59.75,0,0,39.84,99.59,cents
1088-AUUZZ,Two Year,Yes,Credit card (automatic),75.85,37.58,4261.2,0,0,2104.48,6365.68,dollars
1088-CNNKB,One Year,No,Credit card (automatic),80,34.02,5040.2,0,0,2143.26,7183.46,dollars
1089-HDMKP,Two Year,Yes,Electronic check,54.55,11.86,601.25,0,0,130.46,731.71,dollars
1089-XZWHH,Two Year,Yes,Mailed check,1970,46.3,494.05,0,0,1111.2,1605.25,cents
1090-ESELR,Two Year,No,Bank transfer (automatic),105.5,27.25,7611.55,0,0,1962,9573.55,dollars
1090-PYKCI,One Year,Yes,Credit card (automatic),10510,23.02,7234.8,0,110,1588.38,8933.18,cents
1091-SOZGA,One Year,Yes,Credit card (automatic),99.8,42.37,5515.45,0,0,2372.72,7888.17,dollars
1092-GANHU,Month-to-Month,Yes,Electronic check,76.65,30.61,1313.55,0,0,520.37,1833.92,dollars
1092-WPIVQ,Two Year,No,Mailed check,25.1,39.56,428.45,14.57,0,712.08,1125.96,dollars
1093-YSWCA,Two Year,No,Credit card (automatic),1955,17.12,223.15,26.32,0,188.32,385.15,cents
1094-BKOSX,One Year,No,Bank transfer (automatic),51,0,2264.5,0,0,0,2264.5,dollars
1095-JUDTC,Month-to-Month,Yes,Electronic check,95.05,14.22,4504.55,0,0,668.34,5172.89,dollars
1095-WGNGG,Two Year,Yes,Bank transfer (automatic),101.05,17.49,5971.25,0,0,1066.89,7038.14,dollars
1096-ADRUX,One Year,Yes,Bank transfer (automatic),74.25,37.84,4859.25,0,0,2497.44,7356.69,dollars
1097-FSPVW,Month-to-Month,No,Credit card (automatic),54.55,32.16,2455.05,0,0,1350.72,3805.77,dollars
1098-KFQEC,Two Year,No,Credit card (automatic),1939.9999999999998,27.75,1083,0,0,1526.25,2609.25,cents
1098-TDVUQ,Month-to-Month,Yes,Bank transfer (automatic),19.25,9.44,19.25,0,0,9.44,28.69,dollars
1099-BTKWT,One Year,Yes,Electronic check,54.4,0,3723.65,25.62,0,0,3698.03,dollars
1099-GODLO,Two Year,No,Mailed check,20.35,30.09,20.35,0,0,30.09,50.44,dollars
1100-DDVRV,Month-to-Month,Yes,Mailed check,4980,0,836.35,0,0,0,836.35,cents
1101-SSWAG,Month-to-Month,Yes,Electronic check,51.1,31.13,711.15,0,0,466.95,1178.1,dollars
1104-FEJAM,Month-to-Month,No,Electronic check,64.4,9.31,1802.15,0,0,260.68,2062.83,dollars
1104-TNLZA,Month-to-Month,Yes,Electronic check,105.8,24.35,2998,0,0,681.8,3679.8,dollars
1106-HRLKZ,Two Year,No,Mailed check,19.6,22.96,808.95,0,0,918.4,1727.35,dollars
1110-KYLGQ,Month-to-Month,No,Credit card (automatic),108.25,5.17,6780.1,0,0,325.71,7105.81,dollars
1112-CUNAO,Month-to-Month,No,Electronic check,89.85,4.28,1424.95,0,0,64.2,1489.15,dollars
1113-IUJYX,One Year,No,Mailed check,105.95,5.63,1348.9,0,0,78.82,1427.72,dollars
1114-CENIM,Month-to-Month,Yes,Credit card (automatic),55,6.7,3092.65,0,0,361.8,3454.45,dollars
1116-DXXDF,Two Year,Yes,Electronic check,100.45,37.94,3801.7,0,0,1479.66,5281.36,dollars
1116-FRYVH,Two Year,No,Mailed check,3940,0,1978.65,0,130,0,2108.65,cents
1120-BMWUB,Month-to-Month,Yes,Mailed check,5390,6.86,834.15,0,40,109.76,983.91,cents
1121-QSIVB,One Year,Yes,Mailed check,7755,5.07,3471.1,0,0,223.08,3694.18,cents
1122-JWTJW,Month-to-Month,Yes,Mailed check,70.65,37.68,70.65,0,0,37.68,108.33,dollars
1122-YJBCS,One Year,Yes,Credit card (automatic),53.65,14.18,3804.4,0,0,978.42,4782.82,dollars
1125-SNVCK,Two Year,No,Mailed check,43.8,35.65,2106.05,20.45,0,1746.85,3832.45,dollars
1131-ALZWV,One Year,No,Bank transfer (automatic),24.6,42.66,605.25,0,0,1023.84,1629.09,dollars
1131-QQZEB,Two Year,No,Bank transfer (automatic),23.95,30.72,1756.2,0,0,2181.12,3937.32,dollars
1131-SUEKT,One Year,Yes,Bank transfer (automatic),9845,41.57,6145.2,0,0,2535.77,8680.97,cents
1133-KXCGE,One Year,No,Mailed check,2010.0000000000002,18.8,407.05,0,0,338.4,745.45,cents
1134-YWTYF,Month-to-Month,Yes,Electronic check,53.8,41.48,1389.85,0,0,1119.96,2509.81,dollars
1135-HIORI,One Year,Yes,Electronic check,111.45,39.37,7266.95,0,0,2519.68,9786.63,dollars
1135-LMECX,Month-to-Month,No,Mailed check,19.85,16.47,19.85,0,0,16.47,36.32,dollars
1136-XGEQU,One Year,Yes,Credit card (automatic),8415,46.49,4164.4,0,0,2324.5,6488.9,cents
1137-DGOWI,One Year,No,Bank transfer (automatic),7025,17.33,2198.9,0,0,519.9,2718.8,cents
1139-WUOAH,Two Year,No,Credit card (automatic),5335,0,3090.05,0,100,0,3190.05,cents
1140-UKVZG,Month-to-Month,No,Mailed check,24.8,9.84,475.25,37.06,0,167.28,605.47,dollars
1142-IHLOO,One Year,No,Credit card (automatic),8755,14.37,4475.9,0,0,732.87,5208.77,cents
1142-WACZW,Month-to-Month,No,Bank transfer (automatic),29.85,0,75.6,0,0,0,75.6,dollars
1143-NMNQJ,Month-to-Month,Yes,Electronic check,85.7,14.07,169.8,0,0,28.14,197.94,dollars
1150-FTQGN,One Year,No,Bank transfer (automatic),94.15,48.04,5811.8,0,0,2882.4,8694.2,dollars
1150-WFARN,Two Year,Yes,Credit card (automatic),108.75,32.15,7156.2,0,0,2154.05,9310.25,dollars
1153-GNOLC,One Year,Yes,Electronic check,39.1,0,1309,0,0,0,1309,dollars
1154-HYWWO,One Year,No,Mailed check,70.6,42.24,2708.2,0,0,1605.12,4313.32,dollars
1156-ZFYDO,Month-to-Month,No,Electronic check,1975,37.62,19.75,0,0,37.62,57.37,cents
1157-BQCUW,Month-to-Month,Yes,Electronic check,7495,30.07,74.95,0,0,30.07,105.02,cents
1159-WFSGR,Month-to-Month,No,Electronic check,20.4,45.54,321.4,0,0,728.64,1050.04,dollars
1162-ECVII,Two Year,Yes,Bank transfer (automatic),10975,18.74,7932.5,0,140,1349.28,9421.78,cents
1163-ONYEY,Month-to-Month,Yes,Credit card (automatic),7455,28.55,3023.55,0,0,1170.55,4194.1,cents
1163-VIPRI,Two Year,No,Electronic check,109.3,13.25,7337.55,0,0,861.25,8198.8,dollars
1166-PQLGG,Two Year,No,Bank transfer (automatic),19.55,17.33,1463.45,0,0,1247.76,2711.21,dollars
1167-OYZJF,Two Year,Yes,Bank transfer (automatic),20.05,49.94,1263.05,43.66,0,3345.98,4565.37,dollars
1169-SAOCL,One Year,Yes,Bank transfer (automatic),106.65,22.52,5168.1,0,130,1103.48,6401.58,dollars
1169-WCVAK,Month-to-Month,Yes,Credit card (automatic),8880,34.05,1672.35,0,0,646.95,2319.3,cents
1170-SASML,Month-to-Month,Yes,Bank transfer (automatic),8540,34.49,5869.4,0,0,2379.81,8249.21,cents
1171-TYKUR,Month-to-Month,No,Electronic check,2540,10.07,1139.2,0,0,473.29,1612.49,cents
1172-VIYBP,Two Year,No,Bank transfer (automatic),69.7,27.93,3686.05,0,0,1480.29,5166.34,dollars
1173-NOEYG,Month-to-Month,No,Bank transfer (automatic),90.15,18.74,2423.4,0,0,505.98,2929.38,dollars
1173-XZPYF,Month-to-Month,Yes,Electronic check,89.2,10.95,990.3,0,0,120.45,1110.75,dollars
1174-FGIFN,One Year,Yes,Electronic check,90.45,26.28,2509.25,0,0,735.84,3245.09,dollars
1177-XZBJL,One Year,No,Bank transfer (automatic),64.15,37.57,3491.55,0,0,1991.21,5482.76,dollars
1178-PZGAB,One Year,No,Credit card (automatic),20.25,18.57,383.65,0,0,352.83,736.48,dollars
1179-INLAT,One Year,Yes,Mailed check,1945,2.78,69.25,0,0,8.34,77.59,cents
1183-CANVH,One Year,No,Bank transfer (automatic),6000,1.39,1347.15,0,0,31.97,1379.12,cents
1184-PJVDB,Month-to-Month,Yes,Electronic check,7995,11.3,857.2,0,0,113,970.2,cents
1187-WILMM,Two Year,Yes,Credit card (automatic),8940,44.55,5597.65,0,0,2806.65,8404.3,cents
1193-RTSLK,Month-to-Month,Yes,Credit card (automatic),8390,36.18,3233.6,0,0,1374.84,4608.44,cents
1194-BHJYC,Two Year,Yes,Mailed check,62.15,0,3778.85,0,0,0,3778.85,dollars
1194-HVAIF,Month-to-Month,No,Credit card (automatic),95,18.42,2462.55,0,0,497.34,2959.89,dollars
1194-SPVSP,Month-to-Month,No,Bank transfer (automatic),19.65,27.88,19.65,0,0,27.88,47.53,dollars
1195-OIYEJ,Month-to-Month,Yes,Electronic check,9110,5.43,1135.7,0,80,70.59,1286.29,cents
1196-AMORA,Month-to-Month,No,Electronic check,73.6,38.07,520,0,0,266.49,786.49,dollars
1197-BVMVG,Two Year,Yes,Electronic check,74.45,4.29,294.45,0,0,17.16,311.61,dollars
1200-TUZHR,Two Year,No,Electronic check,8520,44.63,695.75,0,0,357.04,1052.79,cents
1202-KKGFU,Month-to-Month,No,Bank transfer (automatic),5420,23.99,690.5,0,0,287.88,978.38,cents
1205-WNWPJ,Month-to-Month,Yes,Mailed check,59.5,2.24,415.95,0,0,15.68,431.63,dollars
1206-EHBDD,Two Year,No,Bank transfer (automatic),80.3,4.24,4513.65,0,0,237.44,4751.09,dollars
1207-BLKSA,Two Year,No,Mailed check,2305,19.21,1255.1,0,0,998.92,2254.02,cents
1208-DNHLN,One Year,Yes,Credit card (automatic),48.35,5.8,1067.15,0,0,133.4,1200.55,dollars
1208-NBVFH,Month-to-Month,Yes,Electronic check,4960,13.18,939.8,0,0,263.6,1203.4,cents
1209-VFFOC,Two Year,Yes,Mailed check,5640,0,3948.45,0,0,0,3948.45,cents
1212-GLHMD,Month-to-Month,Yes,Mailed check,86.05,18.26,244.85,0,0,54.78,299.63,dollars
1213-NGCUN,Month-to-Month,Yes,Bank transfer (automatic),49.65,48.89,267.35,0,0,293.34,560.69,dollars
1215-EXRMO,Two Year,No,Mailed check,2055,46.91,1067.65,0,0,2345.5,3413.15,cents
1215-FIGMP,Month-to-Month,Yes,Bank transfer (automatic),8990,42.88,5450.7,0,0,2572.8,8023.5,cents
1215-VFYVK,Month-to-Month,No,Mailed check,48.25,0,202.25,0,10,0,212.25,dollars
1216-BGTSP,Month-to-Month,Yes,Credit card (automatic),108.45,5.97,4964.7,0,0,268.65,5233.35,dollars
1216-JWVUX,Month-to-Month,Yes,Electronic check,75.5,4.46,1901.05,0,0,111.5,2012.55,dollars
1217-VASWC,One Year,Yes,Bank transfer (automatic),10055,37.09,4304,0,0,1594.87,5898.87,cents
1218-VKFPE,Month-to-Month,No,Mailed check,19,19.48,233.55,0,0,233.76,467.31,dollars
1219-NNDDO,Month-to-Month,Yes,Electronic check,7684.999999999999,42.41,663.55,0,0,381.69,1045.24,cents
1221-GHZEP,Two Year,Yes,Mailed check,6509.999999999999,23.18,3846.75,0,0,1437.16,5283.91,cents
1222-KJNZD,Month-to-Month,Yes,Bank transfer (automatic),20.4,1.89,745.3,0,0,75.6,820.9,dollars
1222-LRYKO,Month-to-Month,No,Mailed check,2635,38.28,184.05,0,0,229.68,413.73,cents
1223-UNPKS,Two Year,No,Mailed check,20.05,3.87,400,0,0,77.4,477.4,dollars
1226-IENZN,Month-to-Month,Yes,Electronic check,7875,39.52,1218.25,0,0,632.32,1850.57,cents
1226-JZNKR,One Year,No,Electronic check,19.8,28.37,160.05,0,0,226.96,387.01,dollars
1226-UDFZR,Month-to-Month,Yes,Mailed check,4960,21.28,114.7,0,0,42.56,157.26,cents
1227-UDMZR,Two Year,Yes,Bank transfer (automatic),9115,2.95,6637.9,0,0,212.4,6850.3,cents
1228-FZFRV,Month-to-Month,No,Credit card (automatic),105.95,20.88,5341.8,0,0,1044,6385.8,dollars
1228-ZLNBX,Month-to-Month,No,Mailed check,75.3,3.26,1570.7,0,0,68.46,1639.16,dollars
1229-RCALF,One Year,Yes,Electronic check,115,46.44,7396.15,0,0,2972.16,10368.31,dollars
1230-QAJDW,Month-to-Month,Yes,Mailed check,65.25,42.68,209.9,0,0,128.04,337.94,dollars
1231-YNDEK,Two Year,Yes,Bank transfer (automatic),19.15,29.31,1035.5,28.7,0,1699.98,2706.78,dollars
1236-WFCDV,Month-to-Month,No,Credit card (automatic),90.45,11.31,1266.1,0,0,158.34,1424.44,dollars
1237-WIYYZ,Month-to-Month,Yes,Mailed check,1955,10.67,389.25,0,0,192.06,581.31,cents
1240-HCBOH,Two Year,Yes,Mailed check,2610,43.3,1759.55,0,0,2901.1,4660.65,cents
1240-KNSEZ,Month-to-Month,Yes,Mailed check,2010.0000000000002,40.83,20.1,0,0,40.83,60.93,cents
1241-EZFMJ,Two Year,No,Bank transfer (automatic),2545,11.53,1538.6,0,0,703.33,2241.93,cents
1241-FPMOF,Two Year,No,Mailed check,1964.9999999999998,21.98,1025.05,0,0,1142.96,2168.01,cents
1245-HARPS,Two Year,No,Mailed check,2039.9999999999998,14.61,292.4,0,0,204.54,496.94,cents
1247-QBVSH,Month-to-Month,No,Mailed check,5020,14.64,2169.4,0,0,629.52,2798.92,cents
1248-DYXUB,Two Year,No,Mailed check,24.8,40.33,1229.1,0,0,2097.16,3326.26,dollars
1251-KRREG,Month-to-Month,Yes,Mailed check,54.4,44.31,114.1,0,0,88.62,202.72,dollars
1251-STYSZ,One Year,Yes,Electronic check,80.25,8.75,303.7,0,30,35,368.7,dollars
1254-IZEYF,Month-to-Month,Yes,Electronic check,99.95,39.36,3186.65,0,0,1220.16,4406.81,dollars
1257-SXUXQ,Month-to-Month,No,Mailed check,1945,8.04,86.05,0,0,40.2,126.25,cents
1258-YMZNM,One Year,Yes,Bank transfer (automatic),110.5,35.76,2857.6,0,0,965.52,3823.12,dollars
1260-TTRXI,Month-to-Month,No,Electronic check,5430,40.15,195.3,0,80,160.6,435.9,cents
1261-FWTTE,Month-to-Month,Yes,Bank transfer (automatic),34.65,0,768.45,0,0,0,768.45,dollars
1262-OPMFY,Month-to-Month,Yes,Bank transfer (automatic),7575,31.75,655.9,0,0,285.75,941.65,cents
1264-BYWMS,Month-to-Month,Yes,Electronic check,9680,47.38,5283.95,0,0,2605.9,7889.85,cents
1264-FUHCX,One Year,Yes,Credit card (automatic),56.3,0,2780.6,0,0,0,2780.6,dollars
1265-BCFEO,Two Year,Yes,Bank transfer (automatic),80.45,26.58,5662.25,0,0,1887.18,7549.43,dollars
1265-HVPZB,One Year,No,Credit card (automatic),66.4,16.06,3958.2,0,0,947.54,4905.74,dollars
1265-XTECC,One Year,Yes,Credit card (automatic),96.55,1.98,6581.9,0,0,134.64,6716.54,dollars
1265-ZFOSD,Two Year,Yes,Mailed check,81.3,16.61,5129.3,22.34,0,1063.04,6170,dollars
1266-NZYUI,Two Year,No,Bank transfer (automatic),66.85,14.65,4758.8,0,0,1054.8,5813.6,dollars
1268-ASBGA,Month-to-Month,Yes,Credit card (automatic),8535,9.93,1375.15,0,0,158.88,1534.03,cents
1269-FOYWN,One Year,No,Bank transfer (automatic),20,36.86,860.85,0,0,1621.84,2482.69,dollars
1270-XKUCC,Two Year,No,Mailed check,19.7,12.85,599.25,49.79,0,385.5,934.96,dollars
1271-SJBGZ,Month-to-Month,Yes,Electronic check,43.65,0,526.95,0,0,0,526.95,dollars
1271-UODNO,Two Year,Yes,Credit card (automatic),5385,5.4,2200.7,46.66,0,210.6,2364.64,cents
1272-ILHFG,One Year,No,Mailed check,19.65,17.28,332.65,0,0,259.2,591.85,dollars
1273-MTETI,Month-to-Month,Yes,Electronic check,88.85,12.86,372.45,0,0,51.44,423.89,dollars
1282-IHQAC,One Year,Yes,Credit card (automatic),4405,0,3011.65,0,0,0,3011.65,cents
1285-OKIPP,Month-to-Month,No,Electronic check,7990.000000000001,23.2,79.9,0,0,23.2,103.1,cents
1291-CUOCY,Two Year,Yes,Credit card (automatic),11060,4.32,7962.2,0,0,311.04,8273.24,cents
1293-BSEUN,Two Year,Yes,Mailed check,20.7,6.9,1482.3,0,0,496.8,1979.1,dollars
1293-HHSHJ,One Year,No,Mailed check,21.1,23.77,741,14.23,0,831.95,1558.72,dollars
1297-VQDRP,One Year,Yes,Credit card (automatic),107.15,32.11,7379.8,0,50,2183.48,9613.28,dollars
1298-PHBTI,Two Year,Yes,Electronic check,84.8,33.67,6152.4,0,0,2390.57,8542.97,dollars
1299-AURJA,Two Year,No,Bank transfer (automatic),24.7,30.33,1685.9,0,0,2123.1,3809,dollars
1301-LOPVR,One Year,Yes,Credit card (automatic),55.35,0,1636.95,0,0,0,1636.95,dollars
1302-TPUBN,Two Year,No,Bank transfer (automatic),19.35,21.23,1240.8,0,0,1401.18,2641.98,dollars
1302-UHBDD,Two Year,No,Electronic check,8995,48.46,1648.45,0,0,969.2,2617.65,cents
1303-SRDOK,Two Year,Yes,Credit card (automatic),69.05,27.87,3842.6,0,0,1532.85,5375.45,dollars
1304-BCCFO,Month-to-Month,Yes,Mailed check,7005,14.91,564.4,0,0,134.19,698.59,cents
1304-NECVQ,Month-to-Month,Yes,Electronic check,78.55,43.96,149.55,0,0,87.92,237.47,dollars
1304-SEGFY,Two Year,Yes,Electronic check,97.85,2.56,6841.3,0,0,184.32,7025.62,dollars
1306-RPWXZ,Two Year,No,Credit card (automatic),2045,31.7,1024.65,0,0,1553.3,2577.95,cents
1307-ATKGB,Month-to-Month,Yes,Electronic check,8955,27.91,2187.15,0,0,669.84,2856.99,cents
1307-TVUFB,One Year,Yes,Bank transfer (automatic),79.35,13.51,3344.1,0,0,567.42,3911.52,dollars
1309-BXVOQ,Month-to-Month,Yes,Electronic check,106.1,21.83,2249.95,0,0,458.43,2708.38,dollars
1309-XGFSN,One Year,Yes,Electronic check,80.85,7.04,4079.55,0,0,366.08,4445.63,dollars
1310-QRITU,Month-to-Month,Yes,Electronic check,5030,38.32,913.3,0,0,689.76,1603.06,cents
1319-YLZJG,Month-to-Month,Yes,Electronic check,84.6,39,959.9,0,0,468,1427.9,dollars
1320-GVNHT,Two Year,Yes,Credit card (automatic),108.4,27.88,7767.25,0,30,2007.36,9804.61,dollars
1320-HTRDR,Month-to-Month,Yes,Electronic check,75.5,47.51,220.6,0,0,142.53,363.13,dollars
1320-REHCS,Two Year,Yes,Electronic check,110.75,23.04,5832,6.26,0,1198.08,7023.82,dollars
1322-AGOQM,Month-to-Month,No,Bank transfer (automatic),30.3,0,1380.1,0,0,0,1380.1,dollars
1323-OOEPC,Month-to-Month,Yes,Credit card (automatic),98.4,41.74,5149.5,0,0,2212.22,7361.72,dollars
1324-NLTJE,Month-to-Month,No,Credit card (automatic),55,17.19,757.1,0,0,257.85,1014.95,dollars
1325-USMEC,Two Year,Yes,Credit card (automatic),9935,48,6944.5,0,0,3360,10304.5,cents
1328-EUZHC,Two Year,No,Mailed check,2010.0000000000002,25.54,370.5,0,0,459.72,830.22,cents
1329-VHWNP,Month-to-Month,No,Bank transfer (automatic),25.05,0,189.95,0,0,0,189.95,dollars
1333-PBMXB,One Year,Yes,Bank transfer (automatic),24.75,28.87,1342.15,0,0,1558.98,2901.13,dollars
1334-FJSVR,Month-to-Month,Yes,Electronic check,2425,0,24.25,0,0,0,24.25,cents
1334-PDUKM,One Year,No,Credit card (automatic),86.45,9.76,5762.95,0,150,663.68,6576.63,dollars
1335-HQMKX,One Year,Yes,Electronic check,101.35,46.1,7323.15,0,0,3319.2,10642.35,dollars
1335-MXCSE,Two Year,Yes,Credit card (automatic),5525,46.61,3119.9,0,0,2563.55,5683.45,cents
1335-NTIUC,Month-to-Month,Yes,Electronic check,24.95,0,190.25,0,0,0,190.25,dollars
1336-EZFZY,Month-to-Month,No,Mailed check,2005,25.8,83.3,0,0,103.2,186.5,cents
1337-BOZWO,One Year,No,Credit card (automatic),46.4,0,812.4,0,0,0,812.4,dollars
1338-CECEE,One Year,No,Bank transfer (automatic),68.5,13.58,2839.95,38.37,0,556.78,3358.36,dollars
1342-JPNKI,Month-to-Month,Yes,Bank transfer (automatic),8605,5.92,834.1,0,0,59.2,893.3,cents
1343-EHPYB,Month-to-Month,Yes,Electronic check,10340,48.95,6603,0,0,3083.85,9686.85,cents
1345-GKDZZ,Month-to-Month,No,Mailed check,19.55,17.53,128.6,0,0,105.18,233.78,dollars
1345-ZUKID,One Year,No,Mailed check,19.35,26.02,324.8,0,0,364.28,689.08,dollars
1346-PJWTK,Month-to-Month,No,Credit card (automatic),9415,17.73,5731.85,0,0,1081.53,6813.38,cents
1346-UFHAX,Month-to-Month,Yes,Credit card (automatic),8000,33.69,1029.35,0,0,437.97,1467.32,cents
1347-KTTTA,One Year,Yes,Credit card (automatic),102.45,40.49,6654.1,0,0,2591.36,9245.46,dollars
1349-WXNGG,Month-to-Month,No,Bank transfer (automatic),2005,12,20.05,0,0,12,32.05,cents
1352-HNSAW,Two Year,Yes,Bank transfer (automatic),11560,34.69,8220.4,0,140,2497.68,10858.08,cents
1352-VHKAJ,Month-to-Month,No,Bank transfer (automatic),71.6,13.55,1957.1,0,140,365.85,2462.95,dollars
1353-GHZOS,One Year,Yes,Bank transfer (automatic),5975,6.03,1374.35,0,0,132.66,1507.01,cents
1353-LJWEM,Month-to-Month,Yes,Electronic check,6090,28.76,688.5,49.24,0,316.36,955.62,cents
1354-YZFNB,Two Year,No,Credit card (automatic),1955,29.09,68.8,0,0,116.36,185.16,cents
1355-KUSBG,Month-to-Month,No,Electronic check,4880,9.1,349.8,0,0,63.7,413.5,cents
1356-MKYSK,Month-to-Month,No,Credit card (automatic),78.65,46.59,483.3,0,10,279.54,772.84,dollars
1357-BIJKI,One Year,Yes,Electronic check,98.25,38.29,4858.7,3.55,0,1914.5,6769.65,dollars
1357-MVDOZ,Month-to-Month,Yes,Bank transfer (automatic),59.65,21.14,683.25,0,0,232.54,915.79,dollars
1360-JYXKQ,One Year,Yes,Electronic check,99.1,22.05,5437.1,0,0,1190.7,6627.8,dollars
1360-RCYRT,Month-to-Month,Yes,Bank transfer (automatic),3035,0,678.75,0,0,0,678.75,cents
1360-XFJMR,One Year,Yes,Credit card (automatic),109.7,17.72,7344.45,0,0,1187.24,8531.69,dollars
1363-TXLSL,Month-to-Month,Yes,Electronic check,70.3,39.1,70.3,0,0,39.1,109.4,dollars
1370-GGAWX,One Year,Yes,Electronic check,9415,33.18,4408.45,0,0,1526.28,5934.73,cents
1371-DWPAZ,Two Year,No,Credit card (automatic),5605,0,560.5,0,0,0,560.5,cents
1371-OJCEK,One Year,No,Bank transfer (automatic),2435,13.67,1133.7,0,0,656.16,1789.86,cents
1371-WEPDS,One Year,No,Electronic check,5580,28.56,2283.3,0,50,1142.4,3475.7,cents
1373-ORVIZ,Month-to-Month,Yes,Electronic check,6634.999999999999,15.69,740.8,0,0,172.59,913.39,cents
1374-DMZUI,Month-to-Month,Yes,Electronic check,94.3,49.5,424.45,0,0,198,622.45,dollars
1376-HHBDV,Month-to-Month,Yes,Mailed check,48.8,10.74,1536.75,0,0,322.2,1858.95,dollars
1379-FRVEB,Month-to-Month,Yes,Electronic check,91,30.22,1430.05,0,0,453.3,1883.35,dollars
1383-EZRWL,Month-to-Month,No,Mailed check,20.05,48.22,164.85,0,0,337.54,502.39,dollars
1384-RCUXW,Month-to-Month,Yes,Mailed check,8055,34.18,1248.9,0,0,546.88,1795.78,cents
1385-TQOZW,Month-to-Month,Yes,Credit card (automatic),20.45,45.99,147.55,0,0,413.91,561.46,dollars
1386-ZIKUV,Month-to-Month,Yes,Mailed check,18.95,33.18,130.55,0,0,232.26,362.81,dollars
1389-CXMLU,Month-to-Month,No,Electronic check,9105,26.32,289.1,0,0,78.96,368.06,cents
1389-WNUIB,One Year,No,Bank transfer (automatic),76,15.29,1588.75,7.3,70,305.8,1957.25,dollars
1391-UBDAR,Month-to-Month,No,Electronic check,7290.000000000001,18.33,818.45,0,0,201.63,1020.08,cents
1393-IMKZG,Month-to-Month,Yes,Electronic check,95.85,2.7,95.85,0,0,2.7,98.55,dollars
1394-SUIUH,Two Year,Yes,Electronic check,85.15,44.44,3670.5,0,0,1955.36,5625.86,dollars
1395-OFUWC,Month-to-Month,No,Credit card (automatic),2930,0,1224.05,0,0,0,1224.05,cents
1395-WSWXR,Two Year,No,Mailed check,2075,47.51,487.05,0,0,1140.24,1627.29,cents
1396-QWFBJ,Month-to-Month,Yes,Bank transfer (automatic),74.05,5.07,1565.7,0,0,106.47,1672.17,dollars
1397-XKKWR,One Year,No,Mailed check,35.3,0,264.8,0,0,0,264.8,dollars
1399-OUPJN,Two Year,No,Bank transfer (automatic),19.75,12.26,1272.05,0,0,698.82,1970.87,dollars
1399-UBQIU,Month-to-Month,Yes,Electronic check,69.35,16.14,712.25,0,0,177.54,889.79,dollars
1400-MMYXY,Month-to-Month,Yes,Electronic check,105.9,41.3,334.65,0,0,123.9,458.55,dollars
1400-WIVLL,Two Year,No,Electronic check,107.95,16.78,5969.85,0,0,956.46,6926.31,dollars
1401-FTHFQ,One Year,Yes,Credit card (automatic),2000,24.22,445.3,0,0,557.06,1002.36,cents
1402-PTHGN,One Year,Yes,Mailed check,6150,40.36,1087.45,0,0,726.48,1813.93,cents
1403-GYAFU,Two Year,No,Credit card (automatic),2005,48.57,1360.25,0,0,3399.9,4760.15,cents
1403-LKLIK,One Year,No,Mailed check,20.1,28.4,579.4,0,0,937.2,1516.6,dollars
1406-PUQVY,Month-to-Month,Yes,Electronic check,49.9,6.35,49.9,0,0,6.35,56.25,dollars
1407-DIGZV,Two Year,No,Mailed check,19.1,45.33,52,0,0,135.99,187.99,dollars
1409-PHXTF,Two Year,Yes,Electronic check,110.45,32.56,6077.75,0,0,1758.24,7835.99,dollars
1410-RSCMR,Month-to-Month,Yes,Credit card (automatic),71.35,49.98,515.75,0,0,349.86,865.61,dollars
1414-YADCW,Two Year,No,Bank transfer (automatic),84.6,1.07,5706.2,0,0,74.9,5781.1,dollars
1415-YFWLT,Month-to-Month,Yes,Electronic check,89.3,30.23,89.3,0,0,30.23,119.53,dollars
1421-HCERK,Month-to-Month,Yes,Bank transfer (automatic),105.7,33.48,3181.8,0,0,1004.4,4186.2,dollars
1422-DGUBX,One Year,Yes,Electronic check,79.25,43.11,2619.15,16.96,0,1379.52,3981.71,dollars
1423-BMPBQ,Month-to-Month,Yes,Mailed check,19,28.28,19,0,0,28.28,47.28,dollars
1427-VERSM,Month-to-Month,Yes,Electronic check,9870,7,5669.5,0,0,392,6061.5,cents
1428-GTBJJ,Month-to-Month,Yes,Electronic check,7455,5.4,824.75,0,0,59.4,884.15,cents
1428-IEDPR,Two Year,Yes,Electronic check,109.3,20.8,5731.4,3.85,60,1081.6,6869.15,dollars
1429-UYJSV,One Year,No,Mailed check,19.7,36.65,260.9,0,0,439.8,700.7,dollars
1430-SFQSA,One Year,No,Mailed check,35.6,0,1072.6,0,0,0,1072.6,dollars
1431-AIDJQ,Two Year,No,Credit card (automatic),8210,1.62,2603.1,0,0,53.46,2656.56,cents
1431-CYWMH,Month-to-Month,No,Bank transfer (automatic),19.05,46.45,454.05,0,0,1021.9,1475.95,dollars
1432-FPAXX,Month-to-Month,Yes,Electronic check,30.6,0,856.35,0,0,0,856.35,dollars
1436-ZMJAN,Month-to-Month,Yes,Credit card (automatic),67.8,37.08,653.15,0,0,370.8,1023.95,dollars
1439-LCGVL,One Year,No,Mailed check,1920,1.75,459.6,0,0,45.5,505.1,cents
1442-BQPVU,Month-to-Month,No,Electronic check,29.15,0,357.15,0,0,0,357.15,dollars
1442-OKRJE,One Year,Yes,Bank transfer (automatic),103.15,39.45,7031.3,0,0,2603.7,9635,dollars
1444-VVSGW,One Year,No,Credit card (automatic),11565,17.17,7968.85,0,10,1201.9,9180.75,cents
1447-GIQMR,Month-to-Month,Yes,Electronic check,69.15,2.2,69.15,0,0,2.2,71.35,dollars
1447-PJGGA,Two Year,Yes,Electronic check,95.25,17.55,5464.65,0,0,1000.35,6465,dollars
1448-CYWKC,One Year,Yes,Credit card (automatic),105.2,43.01,6225.4,34.83,0,2494.58,8685.15,dollars
1448-PWKYE,Month-to-Month,No,Electronic check,80,35.71,80,0,0,35.71,115.71,dollars
1449-XQEMT,Month-to-Month,Yes,Mailed check,19.8,15.12,58.15,0,0,45.36,103.51,dollars
1450-GALXR,Month-to-Month,Yes,Electronic check,98.5,14.53,1058.25,0,110,145.3,1313.55,dollars
1450-SKCVI,Month-to-Month,Yes,Electronic check,7384.999999999999,35.59,4092.85,0,0,1993.04,6085.89,cents
1452-KIOVK,Month-to-Month,Yes,Credit card (automatic),8910,29.54,1949.4,0,0,649.88,2599.28,cents
1452-UZOSF,Two Year,Yes,Credit card (automatic),106.1,7.16,7548.6,23.39,0,515.52,8040.73,dollars
1452-VOQCH,Month-to-Month,Yes,Electronic check,7509.999999999999,4.53,75.1,0,0,4.53,79.63,cents
1452-XRSJV,Month-to-Month,No,Credit card (automatic),51.05,15.06,2066,0,0,587.34,2653.34,dollars
1453-RZFON,Month-to-Month,No,Mailed check,49.9,9,49.9,0,0,9,58.9,dollars
1455-ESIQH,Month-to-Month,Yes,Electronic check,8910,16.06,89.1,0,0,16.06,105.16,cents
1455-HFBXA,Two Year,Yes,Credit card (automatic),9160,18.02,4627.8,0,60,937.04,5624.84,cents
1455-UGQVH,Month-to-Month,Yes,Electronic check,9850,1.09,1037.75,0,0,10.9,1048.65,cents
1456-TWCGB,Month-to-Month,No,Mailed check,4925,38.01,208.45,0,0,152.04,360.49,cents
1459-QNFQT,Two Year,No,Bank transfer (automatic),5950,0,4144.8,23.72,0,0,4121.08,cents
1460-UZPRJ,Two Year,No,Mailed check,19.95,30.14,1258.15,0,0,1808.4,3066.55,dollars
1465-LNTLJ,Two Year,Yes,Credit card (automatic),6440.000000000001,25.57,581.7,0,0,204.56,786.26,cents
1465-VINDH,Month-to-Month,Yes,Credit card (automatic),102.1,32.07,1068.85,0,0,320.7,1389.55,dollars
1465-WCZVT,Month-to-Month,No,Mailed check,1964.9999999999998,30.34,60.65,0,0,91.02,151.67,cents
1468-DEFNC,Two Year,Yes,Bank transfer (automatic),2440,37.09,1548.65,0,0,2373.76,3922.41,cents
1469-LBJQJ,Month-to-Month,Yes,Electronic check,105.2,42.23,6936.85,0,0,2787.18,9724.03,dollars
1470-PSXNM,One Year,Yes,Electronic check,93.65,36.08,4520.15,33.13,0,1767.92,6254.94,dollars
1471-GIQKQ,Month-to-Month,No,Electronic check,4995,44.98,49.95,0,0,44.98,94.93,cents
1472-TNCWL,Month-to-Month,Yes,Electronic check,9470,21.3,3512.5,0,0,766.8,4279.3,cents
1474-JUWSM,One Year,Yes,Electronic check,68.4,26.99,3972.25,0,0,1565.42,5537.67,dollars
1475-VWVDO,Month-to-Month,Yes,Electronic check,7490.000000000001,34.59,490.55,0,0,242.13,732.68,cents
1478-VPOAD,Month-to-Month,No,Electronic check,4380,37.5,43.8,0,0,37.5,81.3,cents
1480-BKXGA,Two Year,Yes,Bank transfer (automatic),116.05,21.37,8404.9,0,120,1538.64,10063.54,dollars
1480-IVEVR,One Year,Yes,Bank transfer (automatic),81.6,4.16,2815.25,0,0,145.6,2960.85,dollars
1481-ZUWZA,Month-to-Month,Yes,Credit card (automatic),94.5,35.52,2659.4,0,0,994.56,3653.96,dollars
1482-OXZSY,Month-to-Month,Yes,Bank transfer (automatic),10040,17.26,2936.25,0,0,517.8,3454.05,cents
1485-YDHMM,Month-to-Month,Yes,Bank transfer (automatic),9325,11.3,4631.7,0,0,587.6,5219.3,cents
1488-PBLJN,Two Year,Yes,Bank transfer (automatic),11685,31.83,8477.7,0,0,2291.76,10769.46,cents
1488-SYSFC,Month-to-Month,Yes,Electronic check,20.65,9.56,702.05,43.76,0,296.36,954.65,dollars
1492-KGETH,One Year,No,Bank transfer (automatic),7834.999999999999,35.9,5445.95,0,0,2513,7958.95,cents
1492-QGCLU,Month-to-Month,No,Electronic check,85.7,26.84,4616.1,0,0,1422.52,6038.62,dollars
1493-AMTIE,Month-to-Month,Yes,Bank transfer (automatic),20.2,10.98,20.2,0,0,10.98,31.18,dollars
1494-EJZDW,Two Year,No,Mailed check,20.15,18.62,220.8,0,0,186.2,407,dollars
1496-GGSUK,Month-to-Month,Yes,Mailed check,2570,0,25.7,0,0,0,25.7,cents
1498-DQNRX,Month-to-Month,No,Mailed check,1985.0000000000002,5.69,573.05,0,0,165.01,738.06,cents
1498-NHTLT,Two Year,Yes,Electronic check,8675,42.37,5186,0,150,2499.83,7835.83,cents
1501-SGHBW,Month-to-Month,No,Mailed check,45.85,19.52,81,0,0,39.04,120.04,dollars
1502-XFCVR,One Year,Yes,Electronic check,106.45,14.99,6145.85,0,0,869.42,7015.27,dollars
1506-YJTYT,Two Year,No,Credit card (automatic),73.85,25.69,3371,0,0,1156.05,4527.05,dollars
1508-DFXCU,Month-to-Month,Yes,Electronic check,81.45,11.04,912,0,0,132.48,1044.48,dollars
1513-XNPPH,Month-to-Month,Yes,Electronic check,8940,17.46,1095.65,0,0,209.52,1305.17,cents
1518-OMDIK,Month-to-Month,Yes,Credit card (automatic),44.55,48.49,1462.6,0,0,1600.17,3062.77,dollars
1518-VOWAV,Month-to-Month,Yes,Electronic check,74.65,36.43,703.55,0,0,327.87,1031.42,dollars
1522-VVDMG,Month-to-Month,Yes,Electronic check,8975,19.23,608.8,26.02,0,134.61,717.39,cents
1525-LNLOJ,Two Year,Yes,Bank transfer (automatic),63.3,32.04,4189.7,40.62,0,2114.64,6263.72,dollars
1527-SXDPN,Two Year,Yes,Bank transfer (automatic),9625,46.59,4990.25,0,120,2422.68,7532.93,cents
1530-ZTDOZ,Month-to-Month,No,Bank transfer (automatic),40.65,0,2070.75,0,0,0,2070.75,dollars
1534-OULXE,One Year,Yes,Bank transfer (automatic),49.7,42.85,2961.4,0,0,2613.85,5575.25,dollars
1535-VTJOQ,Two Year,No,Credit card (automatic),2515,26.64,553,0,0,639.36,1192.36,cents
1536-HBSWP,Month-to-Month,Yes,Electronic check,4990,14.93,49.9,0,0,14.93,64.83,cents
1536-YHDOE,One Year,Yes,Mailed check,62.1,32.27,1096.65,0,0,548.59,1645.24,dollars
1539-LNKHM,Month-to-Month,No,Mailed check,20.4,23.2,266.6,0,0,278.4,545,dollars
1541-ETJZO,Month-to-Month,No,Mailed check,62.05,47.83,62.05,0,10,47.83,119.88,dollars
1543-LLLFT,One Year,Yes,Mailed check,98.3,2.19,6066.55,0,0,133.59,6200.14,dollars
1544-JJMYL,One Year,No,Credit card (automatic),69.35,36.39,1927.3,0,0,982.53,2909.83,dollars
1545-ACTAS,One Year,Yes,Bank transfer (automatic),99.7,36.18,4977.2,0,0,1736.64,6713.84,dollars
1545-JFUML,Two Year,Yes,Electronic check,9900,44.06,6994.6,0,40,3128.26,10162.86,cents
1548-ARAGG,Month-to-Month,Yes,Mailed check,58.5,35.2,224.85,0,0,140.8,365.65,dollars
1548-FEHVL,Month-to-Month,Yes,Electronic check,10620,27.66,6375.2,0,0,1687.26,8062.46,cents
1550-EENBN,Month-to-Month,No,Electronic check,10435,45.71,3205.6,0,0,1417.01,4622.61,cents
1550-LOAHA,Month-to-Month,No,Bank transfer (automatic),84.15,37.48,2585.95,0,0,1199.36,3785.31,dollars
1552-AAGRX,Month-to-Month,No,Bank transfer (automatic),10640,42.49,3211.9,0,60,1274.7,4546.6,cents
1552-CZCLL,Month-to-Month,No,Credit card (automatic),2000,31.3,1087.25,0,0,1721.5,2808.75,cents
1552-TKMXS,Month-to-Month,No,Credit card (automatic),20.35,5.95,869.9,0,0,249.9,1119.8,dollars
1555-DJEQW,Two Year,Yes,Bank transfer (automatic),11420,16.78,7723.9,48.54,0,1174.6,8849.96,cents
1555-HAPSU,Two Year,No,Credit card (automatic),23.9,29.41,1663.5,0,0,2088.11,3751.61,dollars
1557-EMYVT,Two Year,No,Credit card (automatic),115.05,24.85,4895.1,10.76,0,1068.55,5952.89,dollars
1559-DTODC,Month-to-Month,Yes,Bank transfer (automatic),25.15,0,468.35,0,0,0,468.35,dollars
1561-BWHIN,One Year,No,Mailed check,19.8,13.13,344.5,0,0,249.47,593.97,dollars
1563-IWQEX,Month-to-Month,No,Mailed check,1970,18.71,220.35,0,0,224.52,444.87,cents
1564-HJUVY,Month-to-Month,Yes,Bank transfer (automatic),63.75,3.03,226.2,0,0,12.12,238.32,dollars
1564-NTYXF,Month-to-Month,Yes,Electronic check,8200,4.45,1127.2,0,0,57.85,1185.05,cents
1565-RHDJD,Month-to-Month,No,Bank transfer (automatic),84.05,41.72,333.55,0,0,166.88,500.43,dollars
1567-DSCIC,Month-to-Month,Yes,Electronic check,9400,23.89,773.65,0,0,191.12,964.77,cents
1568-BEKZM,Two Year,No,Credit card (automatic),9005,12.07,6333.4,0,0,844.9,7178.3,cents
1568-LJSZU,Two Year,Yes,Credit card (automatic),92.2,38.38,6392.85,0,0,2609.84,9002.69,dollars
1569-TTNYJ,Month-to-Month,Yes,Electronic check,78.75,1.16,412.1,0,10,5.8,427.9,dollars
1571-SAVHK,Month-to-Month,Yes,Mailed check,9995,28.16,1132.75,0,120,337.92,1590.67,cents
1573-LGXBA,One Year,Yes,Credit card (automatic),9755,4.18,5598,0,0,238.26,5836.26,cents
1574-DYCWE,Two Year,No,Mailed check,1995,14.54,1028.75,0,0,741.54,1770.29,cents
1575-KRZZE,Month-to-Month,No,Electronic check,55.2,7.49,220.65,0,0,29.96,250.61,dollars
1576-PFZIW,Two Year,No,Credit card (automatic),105.35,14.48,7511.9,0,0,1013.6,8525.5,dollars
1577-HKTFG,Month-to-Month,No,Bank transfer (automatic),19.65,15.36,655.85,0,0,460.8,1116.65,dollars
1579-KLYDT,Month-to-Month,Yes,Electronic check,9045,35.91,593.45,0,0,251.37,844.82,cents
1580-BMCMR,Month-to-Month,Yes,Electronic check,87.3,29.8,1637.3,0,0,566.2,2203.5,dollars
1582-RAFML,Month-to-Month,No,Mailed check,6010,23.63,60.1,0,0,23.63,83.73,cents
1583-IHQZE,Month-to-Month,Yes,Mailed check,11295,16.45,1384.75,0,0,197.4,1582.15,cents
1585-MQSSU,Month-to-Month,No,Mailed check,5150,46.6,900.5,35.34,0,792.2,1657.36,cents
1587-FKLZB,Month-to-Month,Yes,Credit card (automatic),99.5,28.86,6822.15,0,0,1904.76,8726.91,dollars
1589-AGTLK,Month-to-Month,Yes,Electronic check,45.35,36.48,141.5,0,0,109.44,250.94,dollars
1591-MQJTP,One Year,Yes,Bank transfer (automatic),93.65,2.21,4839.15,0,0,112.71,4951.86,dollars
1591-NFNLQ,Month-to-Month,No,Credit card (automatic),80,5.62,4242.35,0,0,286.62,4528.97,dollars
1591-XWLGB,Two Year,No,Credit card (automatic),19.85,18.41,1379.6,0,0,1307.11,2686.71,dollars
1596-BBVTG,Month-to-Month,No,Credit card (automatic),7534.999999999999,25.04,2636.05,0,0,876.4,3512.45,cents
1596-OQSPS,Month-to-Month,No,Electronic check,5110,2.95,531.15,0,0,32.45,563.6,cents
1597-FZREH,Month-to-Month,No,Electronic check,76.4,41.64,160.8,0,0,83.28,244.08,dollars
1597-LHYNC,Month-to-Month,Yes,Electronic check,9500,47.63,2497.2,0,60,1238.38,3795.58,cents
1599-EAHXY,One Year,No,Credit card (automatic),23.95,28.45,1506.4,0,0,1707,3213.4,dollars
1599-MMYRQ,One Year,Yes,Credit card (automatic),81.45,39.67,4983.05,14.15,0,2459.54,7428.44,dollars
1600-DILPE,Month-to-Month,Yes,Bank transfer (automatic),45,36.11,524.35,0,0,433.32,957.67,dollars
1602-IJQQE,Month-to-Month,No,Electronic check,75.35,29.11,338.1,0,0,116.44,454.54,dollars
1608-GMEWB,Two Year,Yes,Bank transfer (automatic),93.9,15.65,4200.25,0,0,704.25,4904.5,dollars
1612-EOHDH,Month-to-Month,No,Electronic check,45.15,30.92,45.15,0,0,30.92,76.07,dollars
1614-JBEBI,Month-to-Month,Yes,Mailed check,20.7,26.47,137.6,0,0,211.76,349.36,dollars
1618-CFHME,Month-to-Month,Yes,Electronic check,75.9,26.87,143.35,0,0,53.74,197.09,dollars
1619-YWUBB,Two Year,Yes,Credit card (automatic),2495,26.64,1614.9,0,0,1811.52,3426.42,cents
1621-YNCJH,Two Year,Yes,Credit card (automatic),106.05,19.24,3834.4,0,50,692.64,4577.04,dollars
1622-HSHSF,Month-to-Month,Yes,Mailed check,19.55,10.2,19.55,0,0,10.2,29.75,dollars
1623-NLDOT,One Year,No,Mailed check,3354.9999999999995,0,1445.3,0,50,0,1495.3,cents
1624-NALOJ,Month-to-Month,Yes,Electronic check,89.8,36.36,502.6,0,0,181.8,684.4,dollars
1624-WOIWJ,Month-to-Month,Yes,Mailed check,84.7,45.69,832.05,12.81,0,456.9,1276.14,dollars
1625-JAIIY,One Year,Yes,Electronic check,83,44.24,5685.8,0,0,3008.32,8694.12,dollars
1626-ERCMM,Month-to-Month,Yes,Electronic check,94.55,5.31,1899.65,0,0,106.2,2005.85,dollars
1627-AFWVJ,Two Year,No,Mailed check,19.4,15.06,554.25,0,0,436.74,990.99,dollars
1628-BIZYP,Month-to-Month,Yes,Electronic check,85,15.2,85,0,0,15.2,100.2,dollars
1629-DQQVB,Month-to-Month,No,Bank transfer (automatic),50.1,36.22,709.5,0,0,507.08,1216.58,dollars
1635-FJFCC,Month-to-Month,Yes,Credit card (automatic),44.05,10.99,202.15,0,0,54.95,257.1,dollars
1635-HDGFT,Two Year,No,Mailed check,20.5,35.45,398.55,24.07,0,673.55,1048.03,dollars
1635-NZATJ,Two Year,No,Credit card (automatic),25.45,37.25,1789.65,0,0,2644.75,4434.4,dollars
1636-NTNCO,Two Year,Yes,Credit card (automatic),50.95,0,207.35,0,0,0,207.35,dollars
1640-PLFMP,Month-to-Month,Yes,Electronic check,70.25,10.05,70.25,0,10,10.05,90.3,dollars
1641-BYBTK,Month-to-Month,Yes,Mailed check,20.2,16.91,98.35,0,0,101.46,199.81,dollars
1641-RQDAY,One Year,Yes,Electronic check,100.4,49.21,3217.65,0,0,1574.72,4792.37,dollars
1642-HMARX,Two Year,Yes,Electronic check,9170,15.65,6424.7,0,0,1064.2,7488.9,cents
1644-IRKSF,One Year,Yes,Electronic check,9380,20.02,3124.5,0,0,660.66,3785.16,cents
1656-DRSMG,Month-to-Month,Yes,Credit card (automatic),109.85,19.01,7002.95,0,0,1197.63,8200.58,dollars
1657-DYMBM,Two Year,No,Credit card (automatic),19.9,34.46,1110.05,0,0,1826.38,2936.43,dollars
1658-BYGOY,Month-to-Month,Yes,Electronic check,9545,11.33,1752.55,45.61,0,203.94,1910.88,cents
1658-TJVOA,Two Year,Yes,Electronic check,7409.999999999999,12.67,450.9,0,0,76.02,526.92,cents
1658-XUHBX,Month-to-Month,Yes,Credit card (automatic),8875,16.15,5348.65,0,0,952.85,6301.5,cents
1660-HSOOQ,Month-to-Month,Yes,Mailed check,4965,4.18,49.65,0,40,4.18,93.83,cents
1661-CZBAU,One Year,Yes,Bank transfer (automatic),70.95,44.76,3629.2,0,0,2148.48,5777.68,dollars
1663-MHLHE,Month-to-Month,No,Mailed check,19.2,35.88,19.2,0,0,35.88,55.08,dollars
1666-JXLKU,Month-to-Month,Yes,Electronic check,10005,17.46,3810.55,0,0,646.02,4456.57,cents
1666-JZPZT,Month-to-Month,No,Mailed check,49,2.69,1291.35,0,0,72.63,1363.98,dollars
1670-SVOWZ,Month-to-Month,Yes,Credit card (automatic),89.65,7.62,1208.35,0,120,106.68,1435.03,dollars
1676-MQAOA,Two Year,Yes,Bank transfer (automatic),75.1,15.03,5336.35,0,0,1082.16,6418.51,dollars
1678-FYZOW,Month-to-Month,Yes,Electronic check,79.4,46.6,244.65,0,0,139.8,384.45,dollars
1679-JRFBR,One Year,Yes,Credit card (automatic),10815,5.77,7930.55,0,0,403.9,8334.45,cents
1680-VDCWW,One Year,No,Bank transfer (automatic),1980,11.04,202.25,0,0,132.48,334.73,cents
1682-VCOIO,One Year,No,Mailed check,2045,46.17,481.1,0,0,1061.91,1543.01,cents
1684-FLBGS,Month-to-Month,Yes,Credit card (automatic),69.5,27.49,1652.1,16.89,0,632.27,2267.48,dollars
1685-BQULA,Month-to-Month,Yes,Bank transfer (automatic),9340,2.83,3756.4,4.18,0,113.2,3865.42,cents
1685-VAYJF,Month-to-Month,No,Credit card (automatic),45.2,40.59,492,0,150,446.49,1088.49,dollars
1686-STUHN,One Year,No,Bank transfer (automatic),19.8,38.74,849.9,0,0,1627.08,2476.98,dollars
1689-MRZQR,Month-to-Month,No,Electronic check,78.3,13.45,2564.3,0,0,457.3,3021.6,dollars
1689-YQBYY,Month-to-Month,Yes,Electronic check,76.6,26.13,893,0,0,313.56,1206.56,dollars
1696-HXOWK,One Year,No,Mailed check,95.65,5.22,6856.95,0,0,370.62,7227.57,dollars
1696-MZVAU,One Year,Yes,Credit card (automatic),2525,0,947.75,0,0,0,947.75,cents
1697-BCSHV,Month-to-Month,Yes,Bank transfer (automatic),6680,44.1,3970.4,0,0,2557.8,6528.2,cents
1697-LYYYX,One Year,No,Credit card (automatic),1910.0000000000002,42.11,1143.8,0,0,2568.71,3712.51,cents
1697-NVVGY,Month-to-Month,No,Bank transfer (automatic),66.4,30.44,1286.05,0,0,578.36,1864.41,dollars
1698-XFZCI,One Year,Yes,Electronic check,107.75,42.4,6521.9,0,0,2586.4,9108.3,dollars
1699-HPSBG,One Year,Yes,Electronic check,5980,9.6,727.8,0,0,115.2,843,cents
1699-TLDLZ,Two Year,No,Mailed check,19.7,7.14,301.55,0,0,114.24,415.79,dollars
1699-UOTXU,Two Year,No,Electronic check,61.4,30.92,3638.25,0,0,1855.2,5493.45,dollars
1702-CCFNJ,Month-to-Month,No,Bank transfer (automatic),61.35,44.65,3169.55,0,0,2321.8,5491.35,dollars
1703-MGIAB,Month-to-Month,Yes,Mailed check,69,5.49,1108,33.67,0,93.33,1167.66,dollars
1704-NRWYE,Month-to-Month,Yes,Electronic check,80.85,43.34,751.65,0,0,390.06,1141.71,dollars
1705-GUHPV,Two Year,No,Mailed check,24.2,26.74,1618.2,0,0,1684.62,3302.82,dollars
1707-HABPF,One Year,Yes,Bank transfer (automatic),91.3,11.93,4126.35,0,0,548.78,4675.13,dollars
1708-PBBOA,One Year,Yes,Electronic check,54.75,0,2348.45,0,80,0,2428.45,dollars
1709-EJDOX,Two Year,No,Mailed check,19.75,41.54,948.9,0,0,1952.38,2901.28,dollars
1710-RCXUS,One Year,Yes,Credit card (automatic),90.35,9.21,4614.55,0,0,469.71,5084.26,dollars
1716-LSAMB,Two Year,No,Bank transfer (automatic),5465,45.21,2553.7,0,0,2034.45,4588.15,cents
1722-LDZJS,One Year,No,Credit card (automatic),2020,20.44,1068.15,0,0,1083.32,2151.47,cents
1723-HKXJQ,Month-to-Month,Yes,Electronic check,101.75,18.79,4273.45,0,0,789.18,5062.63,dollars
1724-BQUHA,Month-to-Month,Yes,Electronic check,89.5,45.72,477.7,0,0,228.6,706.3,dollars
1724-IQWNM,Month-to-Month,Yes,Mailed check,1930,8.66,19.3,0,0,8.66,27.96,cents
1725-IQNIY,Two Year,No,Bank transfer (automatic),109.75,42.09,6110.2,0,0,2272.86,8383.06,dollars
1725-MIMXW,Month-to-Month,Yes,Mailed check,19.45,48.96,19.45,0,0,48.96,68.41,dollars
1728-BQDMA,Month-to-Month,No,Electronic check,44.45,18.7,82.7,0,0,37.4,120.1,dollars
1728-CXQBE,Two Year,Yes,Electronic check,94.25,23.33,6081.4,0,0,1493.12,7574.52,dollars
1729-VLAZJ,One Year,No,Mailed check,4025,0,411.45,17.96,30,0,423.49,cents
1730-VFMWO,Month-to-Month,No,Bank transfer (automatic),50.2,40.67,1815.3,0,0,1382.78,3198.08,dollars
1730-ZMAME,Two Year,Yes,Electronic check,79.5,48.62,2665,0,0,1555.84,4220.84,dollars
1731-TVIUK,Month-to-Month,Yes,Electronic check,93.5,7.39,362.2,0,0,29.56,391.76,dollars
1732-FEKLD,One Year,Yes,Bank transfer (automatic),94.75,37.65,5121.75,0,70,2033.1,7224.85,dollars
1732-VHUBQ,Month-to-Month,No,Bank transfer (automatic),70.55,26.95,3309.25,26.99,0,1266.65,4548.91,dollars
1734-ZMNTZ,Two Year,No,Mailed check,25,15.04,300.7,0,0,165.44,466.14,dollars
1735-XMJVH,Month-to-Month,Yes,Mailed check,1935.0000000000002,34.87,152.6,0,0,278.96,431.56,cents
1740-CSDJP,Month-to-Month,Yes,Bank transfer (automatic),35.25,0,35.25,0,0,0,35.25,dollars
1741-WTPON,Two Year,No,Mailed check,11585,40.86,6567.9,0,0,2288.16,8856.06,cents
1744-JHKYS,Month-to-Month,No,Electronic check,2470,11.52,780.2,0,0,391.68,1171.88,cents
1746-TGTWV,Month-to-Month,No,Credit card (automatic),75.35,38.89,75.35,0,0,38.89,114.24,dollars
1750-CSKKM,Month-to-Month,No,Electronic check,55.35,41.02,449.75,0,0,369.18,818.93,dollars
1751-NCDLI,One Year,Yes,Electronic check,98.85,4.2,4564.9,0,0,193.2,4758.1,dollars
1752-OZXFY,One Year,Yes,Mailed check,5980,15.24,3561.15,0,0,914.4,4475.55,cents
1754-GKYPY,Month-to-Month,Yes,Bank transfer (automatic),89.75,22.38,1938.9,0,0,492.36,2431.26,dollars
1755-FZQEC,One Year,No,Mailed check,19.9,48.02,791.15,20.17,0,1872.78,2643.76,dollars
1755-RMCXH,Month-to-Month,No,Mailed check,20.3,7.27,40.25,0,0,14.54,54.79,dollars
1757-TCATG,One Year,No,Bank transfer (automatic),20.05,41.02,746.75,0,0,1435.7,2182.45,dollars
1760-CAZHT,Month-to-Month,No,Mailed check,20.8,3.07,460.2,21.81,0,76.75,515.14,dollars
1761-AEZZR,Month-to-Month,Yes,Electronic check,79.55,4.04,79.55,0,0,4.04,83.59,dollars
1763-KUAAW,One Year,No,Bank transfer (automatic),2035.0000000000002,37.53,369.6,0,0,675.54,1045.14,cents
1763-WQFUK,Month-to-Month,Yes,Mailed check,50.5,26.38,147.75,0,0,79.14,226.89,dollars
1764-VUUMT,Two Year,No,Credit card (automatic),19.95,37.94,1269.1,0,0,2504.04,3773.14,dollars
1766-GKNMI,Month-to-Month,Yes,Electronic check,84.9,9.49,2516.2,47.04,0,275.21,2744.37,dollars
1767-CJKBA,Two Year,No,Mailed check,25.1,49.13,1697.7,0,0,3242.58,4940.28,dollars
1767-TGTKO,Month-to-Month,Yes,Electronic check,45.45,5.09,411.75,0,0,40.72,452.47,dollars
1768-HNVGJ,Two Year,Yes,Electronic check,70.05,18.46,3062.45,0,0,830.7,3893.15,dollars
1768-ZAIFU,Month-to-Month,Yes,Electronic check,25.2,0,25.2,0,0,0,25.2,dollars
1769-GRUIK,Month-to-Month,Yes,Electronic check,71.1,2.76,1247.75,0,150,49.68,1447.43,dollars
1771-OADNZ,Month-to-Month,Yes,Electronic check,95.9,35.38,2745.2,0,50,1026.02,3821.22,dollars
1775-KWJKQ,Two Year,No,Credit card (automatic),8985,26.96,6562.9,12.55,0,1941.12,8491.47,cents
1776-SPBWV,One Year,Yes,Bank transfer (automatic),20.1,41.72,682.1,0,0,1418.48,2100.58,dollars
1777-JYQPJ,Month-to-Month,No,Mailed check,2430,0,38.45,0,0,0,38.45,cents
1779-PWPMG,Two Year,Yes,Bank transfer (automatic),11465,4.59,8333.95,0,0,330.48,8664.43,cents
1784-BXEFA,Month-to-Month,Yes,Mailed check,20.55,4.76,187.35,0,0,47.6,234.95,dollars
1784-EZDKJ,One Year,Yes,Bank transfer (automatic),106.8,29.4,5498.8,0,140,1499.4,7138.2,dollars
1785-BPHTP,Month-to-Month,No,Electronic check,85.45,3.18,2289.9,0,0,89.04,2378.94,dollars
1790-NESIO,Two Year,Yes,Mailed check,20.4,6.56,261.3,0,0,85.28,346.58,dollars
1791-PQHBB,Month-to-Month,Yes,Credit card (automatic),61.2,32.06,125.95,0,0,64.12,190.07,dollars
1792-UXAFY,Month-to-Month,Yes,Electronic check,89.15,30.37,1496.9,0,0,516.29,2013.19,dollars
1794-HBQTJ,Month-to-Month,Yes,Credit card (automatic),4860,6.54,48.6,0,0,6.54,55.14,cents
1794-SWWKL,Month-to-Month,Yes,Bank transfer (automatic),5965,24.36,867.1,32.65,0,365.4,1199.85,cents
1796-JANOW,Month-to-Month,No,Mailed check,19.95,34.57,38.15,0,0,69.14,107.29,dollars
1803-BGNBD,Month-to-Month,Yes,Electronic check,54.3,37.63,654.5,0,130,451.56,1236.06,dollars
1809-DMJHQ,Month-to-Month,No,Mailed check,46,23.89,221.7,0,0,119.45,341.15,dollars
1810-BOHSY,One Year,Yes,Credit card (automatic),9640,35,4911.05,0,0,1785,6696.05,cents
1810-MVMAI,Month-to-Month,No,Electronic check,67.6,48.04,2000.2,0,0,1441.2,3441.4,dollars
1813-JLKWR,One Year,No,Bank transfer (automatic),19.8,23.25,1336.65,0,0,1488,2824.65,dollars
1813-JYWTO,Two Year,No,Bank transfer (automatic),8045,6.23,5737.6,0,130,448.56,6316.16,cents
1814-DKOLC,Month-to-Month,No,Mailed check,25.45,5.41,134.75,0,0,27.05,161.8,dollars
1814-WFGVS,Two Year,No,Mailed check,48.9,0,3527,34.44,0,0,3492.56,dollars
1816-FLZDK,Month-to-Month,No,Mailed check,29.15,0,29.15,0,0,0,29.15,dollars
1818-ESQMW,Month-to-Month,Yes,Electronic check,89.2,39.62,2383.6,0,0,1069.74,3453.34,dollars
1820-DJFPH,Two Year,Yes,Bank transfer (automatic),24.05,48.29,1709.15,0,0,3476.88,5186.03,dollars
1820-TQVEV,Month-to-Month,Yes,Electronic check,69.55,49.43,69.55,0,0,49.43,118.98,dollars
1821-BUCWY,Two Year,Yes,Mailed check,55.65,47.06,1653.85,0,0,1411.8,3065.65,dollars
1830-GGFNM,Two Year,No,Credit card (automatic),9455,19.53,6078.75,0,0,1269.45,7348.2,cents
1830-IPXVJ,Two Year,No,Credit card (automatic),19.75,25.4,1311.6,0,0,1549.4,2861,dollars
1832-PEUTS,Two Year,Yes,Credit card (automatic),89.1,37.75,5411.65,0,0,2340.5,7752.15,dollars
1833-TCXKK,Month-to-Month,Yes,Bank transfer (automatic),107.75,29.81,4882.8,0,0,1341.45,6224.25,dollars
1833-VGRUM,Month-to-Month,Yes,Electronic check,74.2,48.95,74.2,0,0,48.95,123.15,dollars
1834-ABKHQ,One Year,Yes,Bank transfer (automatic),50.95,10.03,2610.65,0,0,521.56,3132.21,dollars
1834-WULEG,One Year,No,Mailed check,20.25,40.81,439.75,0,0,979.44,1419.19,dollars
1837-YQUCE,Two Year,Yes,Bank transfer (automatic),5835,0,4214.25,0,0,0,4214.25,cents
1839-FBNFR,Two Year,Yes,Bank transfer (automatic),1985.0000000000002,32.57,854.8,0,0,1270.23,2125.03,cents
1839-UMACK,One Year,No,Electronic check,25.05,27.64,949.85,0,0,1160.88,2110.73,dollars
1840-BIUOG,One Year,Yes,Electronic check,6870,32.5,1416.2,0,0,650,2066.2,cents
1841-YSJGV,Two Year,Yes,Credit card (automatic),109.95,40.78,7852.4,0,0,2936.16,10788.56,dollars
1842-EZJMK,Month-to-Month,No,Electronic check,10370,34.14,5071.05,36.61,0,1707,6741.44,cents
1843-TLSGD,Two Year,No,Mailed check,20.85,27.62,272.35,0,0,359.06,631.41,dollars
1845-CSBRZ,Two Year,No,Bank transfer (automatic),85.35,40.19,1961.6,0,0,884.18,2845.78,dollars
1845-ZLLIG,Month-to-Month,Yes,Mailed check,5015,20.3,50.15,0,0,20.3,70.45,cents
1846-XWOQN,Month-to-Month,Yes,Electronic check,7015.000000000001,47.97,70.15,0,0,47.97,118.12,cents
1848-LBZHY,Month-to-Month,Yes,Bank transfer (automatic),50.3,33.24,355.1,0,0,232.68,587.78,dollars
1849-RJYIG,Month-to-Month,Yes,Electronic check,60,46.78,487.75,0,0,374.24,861.99,dollars
1850-AKQEP,Month-to-Month,No,Mailed check,2035.0000000000002,14.37,178.7,0,0,114.96,293.66,cents
1852-QSWCD,Two Year,Yes,Mailed check,24.8,35.25,1514.85,0,0,2256,3770.85,dollars
1852-XEMDW,Month-to-Month,No,Mailed check,65.05,43.78,1427.55,0,10,963.16,2400.71,dollars
1853-ARAAQ,Month-to-Month,Yes,Credit card (automatic),50.35,0,1277.5,0,0,0,1277.5,dollars
1853-UDXBW,Month-to-Month,Yes,Electronic check,70,38.8,70,0,0,38.8,108.8,dollars
1855-AGAWH,One Year,Yes,Electronic check,93.8,36.69,2939.8,0,0,1137.39,4077.19,dollars
1855-CFULU,Two Year,No,Mailed check,20.05,41.98,91.45,0,0,167.92,259.37,dollars
1862-QRWPE,Two Year,No,Bank transfer (automatic),20.65,37.96,1057,0,0,1822.08,2879.08,dollars
1862-SKORY,Month-to-Month,Yes,Electronic check,3929.9999999999995,0,1637.4,0,0,0,1637.4,cents
1866-DIOQZ,One Year,No,Bank transfer (automatic),66.8,0,4689.15,0,0,0,4689.15,dollars
1866-NXPSP,One Year,Yes,Mailed check,7555,32,2680.15,0,100,1152,3932.15,cents
1866-OBPNR,Month-to-Month,No,Credit card (automatic),74.6,42.99,74.6,0,0,42.99,117.59,dollars
1866-RZZQS,Month-to-Month,Yes,Electronic check,98.4,42.06,4187.75,0,0,1724.46,5912.21,dollars
1866-ZSLJM,Month-to-Month,No,Credit card (automatic),20.5,32.89,402.85,0,0,690.69,1093.54,dollars
1867-BDVFH,Month-to-Month,Yes,Electronic check,74.35,9.14,834.2,0,0,100.54,934.74,dollars
1867-TJHTS,Month-to-Month,Yes,Bank transfer (automatic),79.8,22.71,4526.85,0,0,1317.18,5844.03,dollars
1871-MOWRM,Month-to-Month,No,Bank transfer (automatic),80.85,18.26,866.45,23.72,0,219.12,1061.85,dollars
1872-EBWSC,One Year,No,Mailed check,20.35,21.19,617.35,0,0,614.51,1231.86,dollars
1875-QIVME,Month-to-Month,Yes,Electronic check,104.4,11.51,242.8,45.44,0,23.02,220.38,dollars
1877-HKBQX,One Year,Yes,Mailed check,54.6,1.16,617.85,0,0,12.76,630.61,dollars
1891-FZYSA,Month-to-Month,Yes,Electronic check,8995,16.34,6143.15,6.79,110,1127.46,7373.82,cents
1891-QRQSA,Two Year,Yes,Bank transfer (automatic),111.6,16.33,7099,0,0,1045.12,8144.12,dollars
1891-UAWWU,Month-to-Month,No,Electronic check,90.8,4.77,1951,0,0,95.4,2046.4,dollars
1894-IGFSG,Month-to-Month,No,Electronic check,8925,18.01,1907.85,0,0,396.22,2304.07,cents
1895-QTKDO,Month-to-Month,No,Credit card (automatic),43.95,45.59,43.95,0,0,45.59,89.54,dollars
1897-OKVMW,Two Year,Yes,Mailed check,90.6,37,5817.45,0,0,2368,8185.45,dollars
1897-RCFUM,One Year,Yes,Mailed check,2420,5.88,914.6,0,0,229.32,1143.92,cents
1898-JSNDC,One Year,Yes,Credit card (automatic),58.6,48.17,2224.5,0,0,1878.63,4103.13,dollars
1899-VXWXM,One Year,Yes,Credit card (automatic),106.1,24.73,5082.8,0,0,1187.04,6269.84,dollars
1902-XBTFB,Month-to-Month,Yes,Electronic check,89.4,39.58,2001.5,0,0,870.76,2872.26,dollars
1904-WAJAA,Two Year,No,Electronic check,64.35,46.54,1558.65,0,0,1116.96,2675.61,dollars
1905-OEILC,Month-to-Month,No,Mailed check,1950,20.11,19.5,0,0,20.11,39.61,cents
1907-UBQFC,Month-to-Month,Yes,Electronic check,72.85,5.46,688.65,0,30,54.6,773.25,dollars
1907-YLNYW,Month-to-Month,Yes,Electronic check,6670,41.13,579,0,0,329.04,908.04,cents
1910-FMXJM,Month-to-Month,No,Electronic check,80.4,49.33,2937.65,0,0,1775.88,4713.53,dollars
1915-IOFGU,Month-to-Month,No,Electronic check,7050,41.39,70.5,0,0,41.39,111.89,cents
1915-OAKWD,One Year,Yes,Bank transfer (automatic),19.3,44.05,360.35,0,0,704.8,1065.15,dollars
1918-ZBFQJ,Month-to-Month,Yes,Electronic check,79.25,33.54,1111.65,48.25,0,436.02,1499.42,dollars
1919-RTPQD,Month-to-Month,No,Electronic check,44.75,28.7,333.65,0,0,200.9,534.55,dollars
1921-KYSAY,One Year,Yes,Electronic check,6859.999999999999,36.93,2877.05,0,0,1514.13,4391.18,cents
1925-GMVBW,Month-to-Month,No,Credit card (automatic),2055,24.53,96.1,0,0,122.65,218.75,cents
1925-LFCZZ,One Year,Yes,Bank transfer (automatic),50.05,0,2743.45,0,0,0,2743.45,dollars
1925-TIBLE,Month-to-Month,Yes,Electronic check,86.5,22.61,582.5,0,20,158.27,760.77,dollars
1926-QUZNN,Two Year,Yes,Bank transfer (automatic),25.25,49.51,1841.2,0,0,3564.72,5405.92,dollars
1927-QEWMY,Two Year,No,Credit card (automatic),2050,43.91,1502.25,0,0,3161.52,4663.77,cents
1928-BXYIV,Month-to-Month,No,Electronic check,6115,17.07,61.15,0,0,17.07,78.22,cents
1929-ZCBHE,One Year,No,Electronic check,4029.9999999999995,0,1794.8,0,0,0,1794.8,cents
1930-BZLHI,One Year,Yes,Mailed check,20.35,22.53,422.7,0,0,473.13,895.83,dollars
1930-QPBVZ,Two Year,No,Bank transfer (automatic),9510,9.29,6683.4,0,0,631.72,7315.12,cents
1930-WNXSB,Month-to-Month,Yes,Electronic check,92.85,47.69,5305.05,0,0,2766.02,8071.07,dollars
1932-UEDCX,Month-to-Month,Yes,Bank transfer (automatic),10060,44.1,3270.25,0,0,1455.3,4725.55,cents
1934-MKPXS,One Year,No,Credit card (automatic),20.1,49.37,620.55,0,0,1629.21,2249.76,dollars
1934-SJVJK,Month-to-Month,No,Mailed check,2014.9999999999998,40.51,20.15,0,0,40.51,60.66,cents
1935-IMVBB,Month-to-Month,No,Mailed check,89.7,3.79,4952.95,41.66,0,212.24,5123.53,dollars
1936-CZAKF,Two Year,No,Credit card (automatic),49.65,0,2409.9,0,0,0,2409.9,dollars
1936-UAFEH,Two Year,No,Credit card (automatic),110.25,48.82,7279.35,0,30,3319.76,10629.11,dollars
1937-OTUKY,Two Year,Yes,Bank transfer (automatic),98.2,25.48,7015.9,0,0,1834.56,8850.46,dollars
1941-HOSAM,Month-to-Month,Yes,Electronic check,9010,24.33,90.1,0,0,24.33,114.43,cents
1942-OQFRW,Month-to-Month,No,Electronic check,4400,13.4,44,0,0,13.4,57.4,cents
1945-XISKS,Two Year,No,Mailed check,1964.9999999999998,33.01,1335.2,0,0,2211.67,3546.87,cents
1950-KSVVJ,One Year,No,Mailed check,113.3,33.54,5032.25,0,0,1509.3,6541.55,dollars
1951-IEYXM,Two Year,Yes,Credit card (automatic),9060,34.97,6441.85,0,0,2517.84,8959.69,cents
1952-DVVSW,One Year,No,Mailed check,2010.0000000000002,14.04,184.4,0,0,140.4,324.8,cents
1955-IBMMB,Two Year,Yes,Bank transfer (automatic),20.2,47.17,1192.3,0,0,2783.03,3975.33,dollars
1956-YIFGE,One Year,Yes,Mailed check,10005,9.05,2090.25,0,0,199.1,2289.35,cents
1958-RNRKS,Month-to-Month,No,Electronic check,49.9,5.56,1441.95,0,100,166.8,1708.75,dollars
1960-UOTYM,Two Year,No,Electronic check,79.2,16.53,4016.3,0,0,859.56,4875.86,dollars
1960-UYCNN,Month-to-Month,Yes,Electronic check,9525,26.43,1021.55,0,0,264.3,1285.85,cents
1963-SVUCV,Month-to-Month,No,Electronic check,4530,28.37,45.3,0,30,28.37,103.67,cents
1963-VAUKV,Month-to-Month,No,Mailed check,20.4,22.12,20.4,0,0,22.12,42.52,dollars
1964-SVLEA,One Year,Yes,Mailed check,19.7,30.13,415.9,0,0,602.6,1018.5,dollars
1965-AKTSX,Month-to-Month,Yes,Electronic check,78.95,16.36,1101.85,0,0,229.04,1330.89,dollars
1965-DDBWU,Month-to-Month,Yes,Credit card (automatic),89.05,11.96,1448.6,0,0,191.36,1639.96,dollars
1970-KKFWL,Two Year,No,Bank transfer (automatic),2330,6.52,797.1,0,0,228.2,1025.3,cents
1971-DTCZB,Two Year,Yes,Bank transfer (automatic),90.95,42.64,6468.6,0,0,3070.08,9538.68,dollars
1972-XMUWV,Two Year,Yes,Credit card (automatic),59.8,10.23,3808.2,0,0,664.95,4473.15,dollars
1976-AZZPJ,Month-to-Month,No,Mailed check,34.2,0,256.6,0,0,0,256.6,dollars
1976-CFOCS,Month-to-Month,No,Electronic check,46,7.74,46,0,0,7.74,53.74,dollars
1977-STDKI,Month-to-Month,Yes,Electronic check,7300,20.55,73,0,0,20.55,93.55,cents
1980-KXVPM,Month-to-Month,Yes,Credit card (automatic),75.05,23.82,256.25,0,0,71.46,327.71,dollars
1981-INRFU,Month-to-Month,Yes,Electronic check,79.75,8.32,164.5,0,0,16.64,181.14,dollars
1982-FEBTD,Two Year,Yes,Credit card (automatic),2560,25.54,514.75,0,0,587.42,1102.17,cents
1984-FCOWB,One Year,Yes,Electronic check,109.5,41.88,7674.55,0,150,2931.6,10756.15,dollars
1984-GPTEH,Month-to-Month,No,Electronic check,25.15,4.53,702,0,0,131.37,833.37,dollars
1985-MBRYP,Two Year,Yes,Bank transfer (automatic),19.65,6.71,779.25,0,0,288.53,1067.78,dollars
1986-PHGZF,Two Year,Yes,Credit card (automatic),5840,47.34,964.9,0,0,852.12,1817.02,cents
1987-AUELQ,Two Year,No,Credit card (automatic),2505,44.84,1873.7,0,0,3183.64,5057.34,cents
1989-PRJHP,Month-to-Month,Yes,Electronic check,75.5,10.6,1893.95,0,0,286.2,2180.15,dollars
1991-VOPLL,Month-to-Month,No,Mailed check,1905,31.28,157.65,0,0,281.52,439.17,cents
1996-DBMUS,One Year,Yes,Bank transfer (automatic),7065.000000000001,12.6,3545.05,0,0,604.8,4149.85,cents
1998-VHJHK,One Year,No,Mailed check,19.15,20.18,501.35,0,0,544.86,1046.21,dollars
2000-DHJUY,Two Year,Yes,Bank transfer (automatic),92.2,18.67,6474.45,0,0,1306.9,7781.35,dollars
2000-MPKCA,One Year,Yes,Electronic check,10775,46.7,6332.75,0,0,2708.6,9041.35,cents
2001-EWBQU,Two Year,No,Electronic check,10470,35.47,6333.8,0,150,2128.2,8612,cents
2001-MCUUW,Two Year,No,Electronic check,108.65,37.5,4903.2,0,0,1725,6628.2,dollars
2002-MZHWP,Month-to-Month,No,Mailed check,20.5,26.12,20.5,0,0,26.12,46.62,dollars
2003-CKLOR,Month-to-Month,No,Electronic check,99.5,25.82,6710.5,0,0,1704.12,8414.62,dollars
2004-OCQXK,Month-to-Month,Yes,Electronic check,8195,44.94,81.95,0,0,44.94,126.89,cents
2005-DWQZJ,Two Year,No,Mailed check,1905,42.67,201.7,0,0,341.36,543.06,cents
2007-QVGAW,Two Year,Yes,Bank transfer (automatic),19.35,46.61,1292.65,0,0,3169.48,4462.13,dollars
2011-TRQYE,Month-to-Month,Yes,Credit card (automatic),33.5,0,600,0,0,0,600,dollars
2012-NWRPA,Month-to-Month,Yes,Electronic check,99.55,1.28,1131.2,0,0,14.08,1145.28,dollars
2013-SGDXK,Month-to-Month,No,Electronic check,84.3,1.63,84.3,0,10,1.63,95.93,dollars
2014-MKGMH,One Year,Yes,Electronic check,10110,27.97,4674.4,0,0,1286.62,5961.02,cents
2017-CCBLH,Two Year,No,Mailed check,2000,23.46,141.6,0,0,187.68,329.28,cents
2018-PZKMU,Month-to-Month,No,Electronic check,103.1,44.37,970.45,18.62,0,399.33,1351.16,dollars
2018-QKYGT,Month-to-Month,Yes,Electronic check,81.05,36.32,81.05,0,0,36.32,117.37,dollars
2019-HDCZY,Two Year,No,Electronic check,102.6,2.72,6296.75,0,0,171.36,6468.11,dollars
2023-VQFDL,Month-to-Month,No,Electronic check,19,33.16,348.8,0,0,596.88,945.68,dollars
2024-BASKD,Month-to-Month,Yes,Mailed check,7459.999999999999,22.16,74.6,0,10,22.16,106.76,cents
2025-JKFWI,Month-to-Month,Yes,Mailed check,99,24.14,1301.7,0,0,313.82,1615.52,dollars
2026-TGDHM,Month-to-Month,Yes,Electronic check,7930,19.21,523.15,0,10,134.47,667.62,cents
2027-CWDNU,Month-to-Month,Yes,Electronic check,8560,28.04,1601.5,0,0,504.72,2106.22,cents
2027-DNKIV,One Year,Yes,Mailed check,58.75,35.67,2203.1,0,0,1319.79,3522.89,dollars
2027-FECZV,Month-to-Month,Yes,Electronic check,106.7,25.19,1253.9,0,0,302.28,1556.18,dollars
2027-OAQQC,Month-to-Month,Yes,Bank transfer (automatic),4905,0,2076.2,20.29,0,0,2055.91,cents
2027-WKXMW,Month-to-Month,Yes,Electronic check,10875,20.37,6871.7,0,0,1283.31,8155.01,cents
2030-BTZRO,Two Year,Yes,Credit card (automatic),20.4,41.36,107.6,0,0,248.16,355.76,dollars
2034-CGRHZ,Month-to-Month,Yes,Credit card (automatic),102.95,3.23,2496.7,0,0,77.52,2574.22,dollars
2034-GDRCN,Month-to-Month,Yes,Electronic check,90.4,10.53,168.2,0,0,21.06,189.26,dollars
2037-SGXHH,Month-to-Month,Yes,Electronic check,94.65,49.7,3624.3,0,0,1888.6,5512.9,dollars
2037-XJFUP,One Year,Yes,Electronic check,95.8,41.8,3036.75,0,60,1379.4,4476.15,dollars
2038-LLMLM,Month-to-Month,Yes,Electronic check,103.85,10.5,4946.05,0,0,504,5450.05,dollars
2038-OEQZH,Month-to-Month,No,Electronic check,8605,44.36,308.1,0,0,177.44,485.54,cents
2038-YSEZE,Month-to-Month,No,Mailed check,67.45,13.74,1801.1,0,0,398.46,2199.56,dollars
2039-JONDJ,One Year,No,Bank transfer (automatic),55.45,20.29,1477.65,0,0,547.83,2025.48,dollars
2040-LDIWQ,Two Year,Yes,Bank transfer (automatic),84.2,41.57,5324.5,0,0,2702.05,8026.55,dollars
2040-OBMLJ,One Year,No,Credit card (automatic),81.7,17.18,2548.65,0,0,532.58,3081.23,dollars
2040-VZIKE,Month-to-Month,Yes,Mailed check,10085,44.81,4847.35,0,0,2195.69,7043.04,cents
2040-XBAVJ,Two Year,No,Bank transfer (automatic),114.45,24.95,8100.55,0,0,1796.4,9896.95,dollars
2041-JIJCI,Month-to-Month,Yes,Electronic check,64,44.78,370.25,0,0,223.9,594.15,dollars
2043-WVTQJ,Month-to-Month,No,Mailed check,55.7,17.68,55.7,0,0,17.68,73.38,dollars
2045-BMBTJ,Two Year,Yes,Bank transfer (automatic),59.45,0,1884.65,0,0,0,1884.65,dollars
2049-BAFNW,Month-to-Month,No,Mailed check,35.9,0,35.9,0,0,0,35.9,dollars
2050-ONYDQ,Two Year,No,Credit card (automatic),26,2.95,1654.85,0,0,191.75,1846.6,dollars
2054-PJOCK,One Year,No,Credit card (automatic),80.55,16.11,4847.05,0,0,966.6,5813.65,dollars
2055-BFOCC,One Year,Yes,Bank transfer (automatic),84,40.65,5329.55,0,0,2560.95,7890.5,dollars
2055-PDADH,Month-to-Month,Yes,Electronic check,70.4,2.26,204.7,0,0,6.78,211.48,dollars
2055-SIFSS,One Year,No,Bank transfer (automatic),51.65,29.53,2838.55,0,0,1624.15,4462.7,dollars
2056-EVGZL,One Year,No,Credit card (automatic),105.75,8.88,7322.5,0,0,603.84,7926.34,dollars
2057-BOYKM,Two Year,Yes,Bank transfer (automatic),96.6,28.09,6827.5,0,0,2022.48,8849.98,dollars
2057-ZBLPD,Month-to-Month,Yes,Electronic check,8650,42.22,1808.7,0,0,886.62,2695.32,cents
2058-DCJBE,Month-to-Month,Yes,Electronic check,69.75,31.14,324.6,0,0,155.7,480.3,dollars
2061-VVFST,Month-to-Month,No,Bank transfer (automatic),19.5,45.19,805.2,0,0,1672.03,2477.23,dollars
2065-MMKGR,One Year,Yes,Credit card (automatic),71,41.38,2080.1,0,0,1200.02,3280.12,dollars
2067-QYTCF,Month-to-Month,Yes,Electronic check,11115,8.6,6953.4,0,0,550.4,7503.8,cents
2068-WWXQZ,Two Year,No,Bank transfer (automatic),20.05,30.25,902,0,0,1391.5,2293.5,dollars
2070-FNEXE,Month-to-Month,No,Bank transfer (automatic),7645,26.95,503.6,11.05,0,188.65,681.2,cents
2070-XYMFH,Two Year,Yes,Mailed check,7934.999999999999,8.72,1835.3,15.41,0,200.56,2020.45,cents
2072-ZVJJX,Two Year,No,Bank transfer (automatic),2525,22.83,1728.2,0,0,1552.44,3280.64,cents
2073-QBVBI,One Year,No,Mailed check,35.45,0,1391.65,0,0,0,1391.65,dollars
2074-GKOWZ,Month-to-Month,Yes,Bank transfer (automatic),89.55,8.86,185.55,0,0,17.72,203.27,dollars
2074-GUHPQ,Month-to-Month,Yes,Credit card (automatic),92.7,49.78,1556.85,0,0,846.26,2403.11,dollars
2075-PUEPR,Two Year,No,Bank transfer (automatic),19.35,24.7,1153.25,0,0,1358.5,2511.75,dollars
2075-RMJIK,Month-to-Month,Yes,Mailed check,49.4,47.06,232.55,0,10,235.3,477.85,dollars
2077-DDHJK,Two Year,No,Credit card (automatic),70.9,27.41,4911.35,49.37,0,1863.88,6725.86,dollars
2077-MPJQO,Month-to-Month,Yes,Electronic check,75.4,21.37,533.05,0,0,149.59,682.64,dollars
2079-FBMZK,Month-to-Month,Yes,Mailed check,69.25,39.36,418.4,0,0,236.16,654.56,dollars
2080-CAZNM,Month-to-Month,Yes,Electronic check,104.4,6.33,4133.95,0,0,259.53,4393.48,dollars
2080-GKCWQ,Month-to-Month,No,Electronic check,74.95,3.76,151.75,0,0,7.52,159.27,dollars
2080-SRCDE,Month-to-Month,No,Mailed check,25.4,32.73,25.4,0,0,32.73,58.13,dollars
2081-KJSQF,Month-to-Month,Yes,Mailed check,2025,42.96,20.25,0,0,42.96,63.21,cents
2081-VEYEH,Month-to-Month,Yes,Electronic check,10795,12.66,318.6,0,0,37.98,356.58,cents
2082-CEFLT,Month-to-Month,Yes,Electronic check,4560,11.73,45.6,0,0,11.73,57.33,cents
2082-OJVTK,Month-to-Month,Yes,Electronic check,89.2,4,2698.35,0,0,116,2814.35,dollars
2085-BOJKI,One Year,Yes,Bank transfer (automatic),9665,28.83,1588.25,0,0,490.11,2078.36,cents
2085-JVGAD,Month-to-Month,No,Bank transfer (automatic),20.35,2.15,697.65,45.07,0,79.55,732.13,dollars
2087-QAREY,Month-to-Month,Yes,Mailed check,5470,39.83,1178.75,0,0,876.26,2055.01,cents
2088-IEBAU,Two Year,Yes,Electronic check,8815,21.82,6148.45,36.29,0,1483.76,7595.92,cents
2091-GPPIQ,Two Year,Yes,Electronic check,7895,26.04,5730.15,0,0,1874.88,7605.03,cents
2091-MJTFX,Month-to-Month,No,Credit card (automatic),51.2,0,1561.5,0,0,0,1561.5,dollars
2091-RFFBA,Month-to-Month,Yes,Electronic check,73.9,15.43,2217.15,0,0,478.33,2695.48,dollars
2096-XOTMO,Month-to-Month,No,Mailed check,19.35,12.82,275.9,33.24,0,205.12,447.78,dollars
2097-YVPKN,Two Year,No,Mailed check,25.75,4.9,1654.75,41.74,0,318.5,1931.51,dollars
2100-BDNSN,Month-to-Month,No,Bank transfer (automatic),67.95,14.9,350.3,0,20,74.5,444.8,dollars
2101-RANCD,Month-to-Month,Yes,Electronic check,73.1,8.93,4144.9,0,0,491.15,4636.05,dollars
2103-ZRXFN,Month-to-Month,No,Mailed check,50.75,24.66,50.75,0,0,24.66,75.41,dollars
2105-PHWON,Month-to-Month,Yes,Credit card (automatic),9500,10.34,3008.15,0,60,341.22,3409.37,cents
2107-FBPTK,Two Year,Yes,Electronic check,10410,41.93,3121.1,0,0,1257.9,4379,cents
2108-GLPQB,Month-to-Month,No,Credit card (automatic),5555,11.6,1405.3,0,0,290,1695.3,cents
2108-XWMPY,Month-to-Month,Yes,Mailed check,3545.0000000000005,0,106.85,0,0,0,106.85,cents
2108-YKQTY,Month-to-Month,No,Credit card (automatic),50.7,9.81,151.3,0,0,39.24,190.54,dollars
2111-DWYHN,Month-to-Month,No,Mailed check,2110,18.81,21.1,0,0,18.81,39.91,cents
2114-MGINA,Month-to-Month,Yes,Mailed check,8980,10.3,1129.1,0,0,144.2,1273.3,cents
2115-BFTIW,Month-to-Month,No,Mailed check,70.95,24.91,1767.35,0,20,622.75,2410.1,dollars
2120-SMPEX,Month-to-Month,Yes,Mailed check,20.15,17.64,536.35,0,0,441,977.35,dollars
2121-JAFOM,Two Year,Yes,Credit card (automatic),115.55,1.67,8312.4,0,0,120.24,8432.64,dollars
2122-SZZZD,One Year,No,Credit card (automatic),1950,18.14,835.5,0,0,798.16,1633.66,cents
2122-YWVYA,Month-to-Month,Yes,Electronic check,7540.000000000001,15.01,1380.4,0,0,270.18,1650.58,cents
2123-AGEEN,One Year,Yes,Electronic check,84.35,26.29,609.65,29.17,10,184.03,774.51,dollars
2123-VSCOT,Two Year,Yes,Bank transfer (automatic),7209.999999999999,24.81,4194.85,0,0,1463.79,5658.64,cents
2126-GSEGL,Two Year,Yes,Bank transfer (automatic),8480,9.28,5917.55,0,120,649.6,6687.15,cents
2129-ALKBS,Month-to-Month,Yes,Electronic check,2620,49.22,1077.5,0,0,1968.8,3046.3,cents
2133-TSRRM,Month-to-Month,Yes,Bank transfer (automatic),105.35,32.94,3688.6,0,110,1119.96,4918.56,dollars
2135-DQWAQ,Month-to-Month,Yes,Mailed check,8530,45.74,420.45,0,10,228.7,659.15,cents
2135-RXIHG,Month-to-Month,Yes,Electronic check,45.65,14.12,45.65,0,0,14.12,59.77,dollars
2137-DQMEV,One Year,No,Mailed check,4480,0,2983.65,0,0,0,2983.65,cents
2138-VFAPZ,Two Year,Yes,Mailed check,1970,15.33,263.65,0,0,214.62,478.27,cents
2139-FQHLM,Month-to-Month,No,Mailed check,8995,9.55,1682.4,29.64,0,181.45,1834.21,cents
2141-RRYGO,Month-to-Month,Yes,Bank transfer (automatic),6865.000000000001,10.64,261.25,0,0,42.56,303.81,cents
2143-LJULT,Two Year,Yes,Credit card (automatic),25.25,35.34,1733.15,0,0,2367.78,4100.93,dollars
2144-BFDSO,Month-to-Month,No,Bank transfer (automatic),108.75,9.18,5431.9,0,0,459,5890.9,dollars
2144-ESWKO,One Year,Yes,Credit card (automatic),35.2,0,1463.7,0,0,0,1463.7,dollars
2146-EGVDT,Two Year,No,Credit card (automatic),19.3,25.57,1192.7,0,0,1508.63,2701.33,dollars
2150-OEGBV,One Year,No,Bank transfer (automatic),2010.0000000000002,33.4,562.6,0,0,901.8,1464.4,cents
2150-UWTFY,Month-to-Month,No,Mailed check,61.15,42.98,1422.05,0,80,945.56,2447.61,dollars
2150-WLKUW,One Year,No,Bank transfer (automatic),6390,42.1,2635,0,0,1684,4319,cents
2153-MREFK,One Year,Yes,Electronic check,99.2,30.16,3754.6,0,0,1115.92,4870.52,dollars
2154-KVJFF,Month-to-Month,Yes,Electronic check,79.75,42.83,1111.85,0,0,642.45,1754.3,dollars
2155-AMQRX,Month-to-Month,Yes,Credit card (automatic),5490,3.25,1505.15,0,0,91,1596.15,cents
2157-MXBJS,One Year,Yes,Mailed check,75.3,41.22,989.45,0,0,535.86,1525.31,dollars
2159-TURXX,Month-to-Month,No,Credit card (automatic),2005,22.16,95.55,0,0,110.8,206.35,cents
2160-GPFXD,Two Year,Yes,Credit card (automatic),65.65,24.59,3566.7,0,0,1327.86,4894.56,dollars
2162-FRZAA,Two Year,No,Bank transfer (automatic),3935,0,2395.05,0,0,0,2395.05,cents
2164-SOQXL,Month-to-Month,No,Mailed check,20.05,14.79,406.05,0,0,295.8,701.85,dollars
2165-VOEGB,One Year,Yes,Bank transfer (automatic),105.2,43.04,4822.85,0,0,1979.84,6802.69,dollars
2167-FQSTQ,Two Year,Yes,Electronic check,92.4,37.45,6786.1,0,150,2696.4,9632.5,dollars
2169-RRLFW,Two Year,No,Credit card (automatic),2560,11.18,1888.25,0,0,793.78,2682.03,cents
2171-UDMFD,Month-to-Month,Yes,Credit card (automatic),19.45,35.05,674.55,0,0,1121.6,1796.15,dollars
2172-EJXVF,One Year,Yes,Electronic check,10590,25.61,7521.95,6.65,100,1818.31,9433.61,cents
2176-LVPNX,Two Year,No,Mailed check,8985,37.39,6293.45,0,140,2654.69,9088.14,cents
2176-OSJUV,Two Year,No,Bank transfer (automatic),65.15,40.63,4681.75,4.7,0,2884.73,7561.78,dollars
2178-PMGCJ,Month-to-Month,Yes,Mailed check,69.7,15.77,1490.4,0,0,346.94,1837.34,dollars
2180-DXNEG,Month-to-Month,Yes,Electronic check,9600,25.54,1062.1,0,0,306.48,1368.58,cents
2181-TIDSV,Two Year,Yes,Bank transfer (automatic),19.95,19.75,1303.25,0,0,1343,2646.25,dollars
2181-UAESM,Month-to-Month,No,Electronic check,53.45,12.59,119.5,0,0,25.18,144.68,dollars
2186-QZEYA,Two Year,Yes,Bank transfer (automatic),58.55,8.88,1718.95,33.1,0,257.52,1943.37,dollars
2187-LZGPL,Month-to-Month,Yes,Credit card (automatic),40.1,0,293.3,0,0,0,293.3,dollars
2187-PKZAY,Month-to-Month,Yes,Bank transfer (automatic),7995,40.06,1043.4,0,0,480.72,1524.12,cents
2188-SXWVT,One Year,No,Mailed check,55,43.17,1885.15,0,0,1467.78,3352.93,dollars
2189-UXTKY,Month-to-Month,Yes,Electronic check,7920,13.11,1742.75,0,0,288.42,2031.17,cents
2189-WWOEW,Month-to-Month,Yes,Bank transfer (automatic),85.9,24.63,1269.55,0,0,369.45,1639,dollars
2190-BCXEC,Month-to-Month,Yes,Credit card (automatic),7884.999999999999,39.97,3126.85,0,0,1598.8,4725.65,cents
2190-PHBHR,Two Year,Yes,Credit card (automatic),94.45,22.74,6921.7,0,0,1637.28,8558.98,dollars
2192-CKRLV,Two Year,Yes,Electronic check,4920,0,3580.95,0,0,0,3580.95,cents
2192-OZITF,Two Year,No,Mailed check,73.55,44.29,3349.1,0,0,1993.05,5342.15,dollars
2193-SFWQW,Two Year,No,Bank transfer (automatic),111.95,24.08,8033.1,0,0,1733.76,9766.86,dollars
2194-IIQOF,Two Year,No,Credit card (automatic),89.3,19.9,6388.65,0,0,1412.9,7801.55,dollars
2195-VVRJF,Two Year,Yes,Credit card (automatic),59.1,5.73,1011.05,31.05,0,103.14,1083.14,dollars
2195-ZRVAX,Month-to-Month,Yes,Electronic check,85.3,44.26,4045.65,0,0,2080.22,6125.87,dollars
2197-OMWGI,Two Year,Yes,Electronic check,53,0,3656.25,0,0,0,3656.25,dollars
2200-DSAAL,Two Year,Yes,Electronic check,80.65,20.3,5330.2,0,90,1380.4,6800.6,dollars
2202-CUYXZ,Month-to-Month,Yes,Electronic check,8485,36.07,84.85,0,0,36.07,120.92,cents
2202-OUTMO,Month-to-Month,Yes,Bank transfer (automatic),60.85,12.3,2003.6,0,0,418.2,2421.8,dollars
2203-GHNWN,Month-to-Month,Yes,Mailed check,79.65,44.93,1928.7,0,0,1078.32,3007.02,dollars
2205-LPVGL,One Year,Yes,Bank transfer (automatic),8985,18.43,5125.75,0,130,1068.94,6324.69,cents
2205-YMZZJ,Month-to-Month,Yes,Electronic check,84.8,39.51,546.95,0,0,276.57,823.52,dollars
2207-NHRJK,Month-to-Month,No,Electronic check,50.8,1.28,50.8,0,0,1.28,52.08,dollars
2207-OBZNX,Month-to-Month,Yes,Mailed check,51,34.49,354.05,0,0,241.43,595.48,dollars
2207-QPJED,Two Year,No,Electronic check,9000,15.6,3371.75,0,0,577.2,3948.95,cents
2207-RYYRL,Two Year,No,Mailed check,24.55,29.55,1331.05,0,0,1536.6,2867.65,dollars
2208-MPXIO,Two Year,Yes,Bank transfer (automatic),20,21.73,886.4,0,0,977.85,1864.25,dollars
2208-NKVVH,Two Year,No,Mailed check,24.25,2.81,1077.95,0,0,120.83,1198.78,dollars
2208-NQBCT,Month-to-Month,No,Electronic check,81.95,42.95,2070.05,0,0,1116.7,3186.75,dollars
2208-UGTGR,Month-to-Month,No,Electronic check,98.6,10.99,5581.05,0,0,615.44,6196.49,dollars
2209-XADXF,Month-to-Month,No,Bank transfer (automatic),25.25,0,25.25,0,10,0,35.25,dollars
2211-RMNHO,Two Year,No,Bank transfer (automatic),85.3,25.16,5560,0,0,1710.88,7270.88,dollars
2212-LYASK,One Year,Yes,Credit card (automatic),45.85,0,1246.4,0,30,0,1276.4,dollars
2215-ZAFGX,Month-to-Month,Yes,Electronic check,8550,11.5,791.7,0,0,103.5,895.2,cents
2219-MVUSO,Month-to-Month,Yes,Mailed check,4515,35.53,438.4,0,0,284.24,722.64,cents
2220-IAHLS,Month-to-Month,No,Credit card (automatic),19.4,2.85,19.4,0,0,2.85,22.25,dollars
2223-GDSHL,Two Year,Yes,Bank transfer (automatic),116.05,26.38,8297.5,42.57,110,1872.98,10237.91,dollars
2223-KAGMX,Month-to-Month,No,Bank transfer (automatic),19.4,33.14,289.3,0,0,497.1,786.4,dollars
2225-ZRGSG,Two Year,No,Bank transfer (automatic),9390,5.48,6579.05,0,0,383.6,6962.65,cents
2226-ICFDO,Two Year,Yes,Credit card (automatic),8590,10.87,6110.75,0,0,782.64,6893.39,cents
2227-JRSJX,Month-to-Month,Yes,Bank transfer (automatic),99.15,6.12,1956.4,0,0,128.52,2084.92,dollars
2228-BZDEE,Two Year,No,Mailed check,2010.0000000000002,26.25,1079.45,0,0,1417.5,2496.95,cents
2229-DPMBI,Two Year,No,Mailed check,19.5,13.21,162.15,0,0,105.68,267.83,dollars
2229-VWQJH,Month-to-Month,Yes,Credit card (automatic),49.3,4.82,1233.25,0,0,115.68,1348.93,dollars
2230-XTUWL,Two Year,No,Mailed check,19.55,13.26,883.35,0,0,636.48,1519.83,dollars
2232-DMLXU,Month-to-Month,No,Mailed check,55.2,35.6,55.2,0,0,35.6,90.8,dollars
2233-FAGXV,Month-to-Month,Yes,Mailed check,2430,6.7,132.25,0,0,33.5,165.75,cents
2233-TXSIU,One Year,No,Credit card (automatic),44.45,0,792.15,0,0,0,792.15,dollars
2234-EOFPT,Two Year,Yes,Bank transfer (automatic),79.35,29.8,5753.25,0,40,2145.6,7938.85,dollars
2234-XADUH,One Year,Yes,Credit card (automatic),103.2,29.66,7362.9,45.38,0,2135.52,9453.04,dollars
2235-DWLJU,Month-to-Month,Yes,Electronic check,4440,0,263.05,0,0,0,263.05,cents
2235-EZAIK,Two Year,No,Credit card (automatic),79.2,22.41,5401.9,0,20,1613.52,7035.42,dollars
2235-ZGKPT,Month-to-Month,No,Mailed check,50.85,12.88,239.55,0,0,51.52,291.07,dollars
2236-HILPA,Two Year,No,Credit card (automatic),20.65,11.15,1218.45,0,0,691.3,1909.75,dollars
2237-ZFSMY,One Year,Yes,Electronic check,9555,4.48,3692.85,0,0,174.72,3867.57,cents
2239-CFOUJ,One Year,No,Mailed check,20.4,27.5,20.4,0,0,27.5,47.9,dollars
2239-CGBUZ,One Year,Yes,Bank transfer (automatic),6050,47.18,3145.15,0,0,2406.18,5551.33,cents
2239-JALAW,One Year,Yes,Bank transfer (automatic),103.25,44.5,6017.65,0,0,2581,8598.65,dollars
2240-HSJQD,Month-to-Month,Yes,Mailed check,8184.999999999999,1.27,3141.7,0,0,48.26,3189.96,cents
2242-MFOTG,One Year,No,Bank transfer (automatic),80.1,25.71,2603.3,0,0,848.43,3451.73,dollars
2243-FNMMI,Month-to-Month,No,Mailed check,19.4,31.02,415.4,0,0,620.4,1035.8,dollars
2245-ADZFJ,Two Year,No,Bank transfer (automatic),80.55,28.52,2471.6,0,0,884.12,3355.72,dollars
2249-YPRNG,Month-to-Month,Yes,Bank transfer (automatic),10585,28.79,2239.65,0,0,575.8,2815.45,cents
2250-IVBWA,Month-to-Month,No,Electronic check,81.05,49.49,5135.35,0,0,3167.36,8302.71,dollars
2251-PYLPB,Two Year,No,Credit card (automatic),79.55,45.05,5810.9,0,0,3243.6,9054.5,dollars
2252-ISRNH,One Year,Yes,Electronic check,90.35,30.46,767.9,0,0,274.14,1042.04,dollars
2252-JHJGE,One Year,No,Electronic check,10400,45.69,6363.45,0,0,2787.09,9150.54,cents
2252-NKNSI,Two Year,Yes,Mailed check,8515,32.02,4461.85,0,0,1665.04,6126.89,cents
2253-KPMNB,Two Year,No,Bank transfer (automatic),46.25,0,3121.4,0,0,0,3121.4,dollars
2254-DLXRI,Month-to-Month,Yes,Mailed check,7915.000000000001,18,79.15,0,60,18,157.15,cents
2256-YLYLP,Two Year,Yes,Bank transfer (automatic),72.95,34.13,4953.25,0,0,2320.84,7274.09,dollars
2257-BOVXD,Month-to-Month,Yes,Credit card (automatic),66.6,22.14,979.5,0,0,309.96,1289.46,dollars
2259-OUUSZ,One Year,Yes,Credit card (automatic),35.5,0,249.55,0,0,0,249.55,dollars
2260-USTRB,Month-to-Month,Yes,Bank transfer (automatic),70.2,9.55,115.95,0,0,19.1,135.05,dollars
2262-SLNVK,Month-to-Month,No,Electronic check,7009.999999999999,1.15,70.1,0,0,1.15,71.25,cents
2263-SFSQZ,Two Year,Yes,Mailed check,2495,16.85,1222.25,0,0,859.35,2081.6,cents
2265-CYWIV,Month-to-Month,Yes,Electronic check,99.6,18.91,347.65,25.79,0,75.64,397.5,dollars
2266-FUBDZ,Two Year,No,Mailed check,19.35,46.47,278.85,0,0,697.05,975.9,dollars
2266-SJNAT,One Year,No,Credit card (automatic),109.15,11.85,7789.6,0,0,853.2,8642.8,dollars
2267-FPIMA,Month-to-Month,Yes,Credit card (automatic),94.4,17.58,4914.9,0,0,879,5793.9,dollars
2267-WTPYD,Month-to-Month,No,Credit card (automatic),9400,23.05,5438.95,0,0,1313.85,6752.8,cents
2270-CHBFN,Month-to-Month,Yes,Credit card (automatic),9510,32.72,4060.55,0,0,1439.68,5500.23,cents
2272-JKMSI,One Year,Yes,Electronic check,11080,13.25,6840.95,0,0,821.5,7662.45,cents
2272-QAGFO,Month-to-Month,Yes,Electronic check,74.3,35.07,1096.25,0,0,490.98,1587.23,dollars
2272-UOINI,Month-to-Month,Yes,Electronic check,78.5,3.34,571.05,0,0,23.38,594.43,dollars
2272-WUSPA,Two Year,Yes,Electronic check,11075,39.74,7751.7,0,0,2861.28,10612.98,cents
2273-QCKXA,Month-to-Month,No,Mailed check,49.05,25.77,49.05,0,0,25.77,74.82,dollars
2274-XUATA,Two Year,Yes,Bank transfer (automatic),63.1,0,4685.55,0,0,0,4685.55,dollars
2275-RBYQS,Month-to-Month,Yes,Mailed check,4540,49.33,45.4,0,0,49.33,94.73,cents
2276-YDAVZ,Month-to-Month,Yes,Credit card (automatic),75.1,26.52,270.7,0,0,79.56,350.26,dollars
2277-AXSDC,One Year,No,Bank transfer (automatic),1975,43.8,624.15,0,0,1401.6,2025.75,cents
2277-BKJKN,Two Year,Yes,Electronic check,99.2,22,7213.75,0,0,1562,8775.75,dollars
2277-DJJDL,Two Year,Yes,Electronic check,9900,10.4,6017.9,0,150,624,6791.9,cents
2277-VWCNI,Two Year,No,Mailed check,48.75,31.13,179.85,0,0,124.52,304.37,dollars
2279-AXJJK,Month-to-Month,Yes,Credit card (automatic),95.65,8.94,5088.4,11.8,0,464.88,5541.48,dollars
2282-YGNOR,One Year,No,Credit card (automatic),5800,14.46,1734.5,0,0,419.34,2153.84,cents
2284-VFLKH,One Year,Yes,Credit card (automatic),99.25,33.93,4920.8,0,0,1662.57,6583.37,dollars
2292-XQWSV,One Year,No,Mailed check,60.3,0,2448.5,0,0,0,2448.5,dollars
2293-IJWPS,One Year,Yes,Credit card (automatic),100.75,3.72,5985,0,0,212.04,6197.04,dollars
2294-DMMUS,Month-to-Month,Yes,Credit card (automatic),70.45,36.54,4300.45,0,0,2265.48,6565.93,dollars
2294-SALNE,One Year,No,Mailed check,86.8,16.63,1940.8,0,90,382.49,2413.29,dollars
2296-DKZFP,Two Year,No,Bank transfer (automatic),71,1.29,4386.2,0,0,83.85,4470.05,dollars
2300-RQGOI,Two Year,No,Mailed check,20.05,41.63,741.5,0,0,1581.94,2323.44,dollars
2302-ANTDP,Month-to-Month,No,Electronic check,11745,43.04,5438.9,0,0,2065.92,7504.82,cents
2302-OUZXB,Two Year,No,Bank transfer (automatic),82.15,22.01,5784.3,0,0,1584.72,7369.02,dollars
2303-PJYHN,Month-to-Month,No,Bank transfer (automatic),19.85,36.05,52,0,0,72.1,124.1,dollars
2305-MRGLV,Month-to-Month,No,Bank transfer (automatic),7655,21.91,2065.4,0,0,613.48,2678.88,cents
2307-FYNNL,Two Year,Yes,Electronic check,109.05,4.4,7108.2,34.67,0,286,7359.53,dollars
2308-STERM,Month-to-Month,No,Mailed check,19.4,6.65,61.05,0,0,13.3,74.35,dollars
2309-OSFEU,Month-to-Month,Yes,Mailed check,33.9,0,298.45,0,0,0,298.45,dollars
2311-QYMUQ,Month-to-Month,Yes,Credit card (automatic),89.45,31.73,1430.25,0,0,507.68,1937.93,dollars
2314-TNDJQ,Two Year,No,Credit card (automatic),55.65,0,3880.05,0,0,0,3880.05,dollars
2316-ESMLS,One Year,No,Credit card (automatic),33.15,0,444.75,0,0,0,444.75,dollars
2320-JRSDE,Month-to-Month,Yes,Electronic check,19.9,7.49,19.9,0,0,7.49,27.39,dollars
2320-SLKMB,Month-to-Month,Yes,Credit card (automatic),44.45,0,1183.8,0,0,0,1183.8,dollars
2320-TZRRH,One Year,No,Mailed check,19.5,38.74,403.15,0,0,774.8,1177.95,dollars
2320-YKQBO,Month-to-Month,No,Mailed check,1930,7.32,144.95,0,0,51.24,196.19,cents
2321-OMBXY,One Year,No,Credit card (automatic),80.3,42.14,3058.65,0,0,1601.32,4659.97,dollars
2322-VCZHZ,Month-to-Month,Yes,Electronic check,90,31.53,2024.1,0,0,725.19,2749.29,dollars
2323-ARSVR,Two Year,Yes,Electronic check,11105,46.89,7321.05,0,0,3141.63,10462.68,cents
2324-AALNO,One Year,No,Bank transfer (automatic),24.55,23.76,1203.95,36.04,0,1140.48,2308.39,dollars
2324-EFHVG,Two Year,Yes,Bank transfer (automatic),104.4,45.82,6692.65,0,0,2932.48,9625.13,dollars
2325-NBPZG,Month-to-Month,Yes,Electronic check,74.55,10.1,233.65,0,0,30.3,263.95,dollars
2325-WINES,One Year,Yes,Credit card (automatic),104.05,14.21,3416.85,0,0,454.72,3871.57,dollars
2325-ZUSFD,One Year,Yes,Bank transfer (automatic),7009.999999999999,36.65,3913.3,0,0,2089.05,6002.35,cents
2330-PQGDQ,One Year,No,Bank transfer (automatic),84.2,9.5,4299.75,39.68,0,484.5,4744.57,dollars
2332-EFBJY,Month-to-Month,Yes,Mailed check,19.7,5.74,342.4,0,0,91.84,434.24,dollars
2332-TODQS,One Year,No,Credit card (automatic),25.05,34.96,1171.5,16.38,0,1678.08,2833.2,dollars
2333-KWEWW,Two Year,No,Credit card (automatic),20.05,26.26,388.6,0,0,472.68,861.28,dollars
2335-GSODA,Two Year,No,Mailed check,4010,0,857.75,0,0,0,857.75,cents
2338-BQEZT,Month-to-Month,Yes,Credit card (automatic),50.55,3.62,2832.75,0,0,199.1,3031.85,dollars
2342-CKIAO,Month-to-Month,No,Mailed check,20.3,12.68,41.2,0,0,25.36,66.56,dollars
2344-JMOGN,Month-to-Month,Yes,Mailed check,9485,17.47,890.6,0,0,157.23,1047.83,cents
2346-CZYIL,Two Year,No,Credit card (automatic),20.35,39.77,531.6,0,0,1073.79,1605.39,dollars
2346-DJQTB,Month-to-Month,No,Electronic check,2415,0,812.5,0,40,0,852.5,cents
2346-LOCWC,Two Year,No,Credit card (automatic),20.5,25.86,1191.4,36.92,0,1499.88,2654.36,dollars
2347-WKKAE,Month-to-Month,Yes,Electronic check,9440,41.16,4014.6,0,0,1728.72,5743.32,cents
2348-KCJLT,One Year,Yes,Mailed check,6150,44.87,2722.2,0,150,1974.28,4846.48,cents
2351-BKRZW,Two Year,No,Bank transfer (automatic),75.2,29.98,3254.35,0,0,1289.14,4543.49,dollars
2351-RRBUE,One Year,No,Mailed check,20.65,41.64,134.05,0,0,291.48,425.53,dollars
2357-COQEK,Month-to-Month,Yes,Electronic check,103.3,28.14,2890.65,0,0,787.92,3678.57,dollars
2359-KLTEK,Month-to-Month,Yes,Bank transfer (automatic),9490,43.19,3848,0,0,1770.79,5618.79,cents
2359-KMGLI,Month-to-Month,Yes,Electronic check,80.25,49.3,1861.5,0,0,1183.2,3044.7,dollars
2359-QWQUL,One Year,Yes,Credit card (automatic),10470,9.51,4134.85,0,0,370.89,4505.74,cents
2360-RDGRO,Month-to-Month,Yes,Electronic check,104.25,41.2,6812.95,0,0,2678,9490.95,dollars
2361-FJWNO,One Year,No,Credit card (automatic),3600,0,1382.9,0,130,0,1512.9,cents
2361-UPSND,One Year,No,Mailed check,70.6,44.75,3231.05,0,0,2058.5,5289.55,dollars
2362-IBOOY,Month-to-Month,Yes,Electronic check,8475,43.97,3050.15,0,0,1582.92,4633.07,cents
2363-BJLSL,Month-to-Month,Yes,Bank transfer (automatic),8040.000000000001,48.72,4981.15,0,0,3020.64,8001.79,cents
2364-UFROM,One Year,No,Electronic check,7040.000000000001,32.41,2044.75,0,0,972.3,3017.05,cents
2368-GAKKQ,Two Year,Yes,Bank transfer (automatic),113.65,17.32,7939.25,0,0,1212.4,9151.65,dollars
2369-FEVNO,Month-to-Month,Yes,Mailed check,1989.9999999999998,7.76,19.9,0,0,7.76,27.66,cents
2369-UAPKZ,Month-to-Month,No,Mailed check,104.1,38.89,541.9,0,0,194.45,736.35,dollars
2371-JQHZZ,Month-to-Month,Yes,Electronic check,9300,46.91,2248.05,0,40,1125.84,3413.89,cents
2371-JUNGC,Month-to-Month,No,Mailed check,20.25,28.62,208,0,0,314.82,522.82,dollars
2371-KFUOG,One Year,No,Bank transfer (automatic),99.15,32.67,5720.95,0,0,1894.86,7615.81,dollars
2372-HWUHI,Month-to-Month,No,Electronic check,4435,46.84,81.25,0,0,93.68,174.93,cents
2373-NTKOD,Month-to-Month,Yes,Electronic check,66.25,25.72,546.45,0,0,205.76,752.21,dollars
2378-HTWFW,Month-to-Month,No,Credit card (automatic),9100,26.19,3180.5,0,40,916.65,4137.15,cents
2378-VTKDH,Month-to-Month,Yes,Electronic check,104.35,8.59,6578.55,0,0,558.35,7136.9,dollars
2378-YIZKA,Two Year,Yes,Credit card (automatic),8500,6.28,5607.75,0,130,427.04,6164.79,cents
2379-ENZGV,Month-to-Month,Yes,Electronic check,84.85,39.32,523.5,0,0,235.92,759.42,dollars
2379-GYFLQ,One Year,Yes,Credit card (automatic),94.9,22.13,4422.95,24.08,0,1017.98,5416.85,dollars
2380-DAMQP,Two Year,No,Electronic check,11515,40.59,8349.7,0,0,2922.48,11272.18,cents
2382-BCKQJ,One Year,Yes,Electronic check,100.15,32.58,6413.65,0,0,2019.96,8433.61,dollars
2384-OVPSA,Two Year,No,Mailed check,20.2,4.09,735.9,0,0,155.42,891.32,dollars
2386-LAHRK,Month-to-Month,Yes,Mailed check,53.5,14.58,53.5,0,0,14.58,68.08,dollars
2386-OWURY,Month-to-Month,Yes,Electronic check,9530,35.55,5817.7,0,0,2061.9,7879.6,cents
2387-KDZQY,One Year,Yes,Mailed check,2010.0000000000002,31.6,279.5,0,0,537.2,816.7,cents
2388-LAESQ,Two Year,Yes,Bank transfer (automatic),114.85,28.72,8317.95,0,0,2067.84,10385.79,dollars
2391-IPLOP,One Year,Yes,Electronic check,69.65,14.32,3442.15,0,0,716,4158.15,dollars
2391-SOORI,Month-to-Month,No,Electronic check,4935,26.04,219.65,0,0,104.16,323.81,cents
2393-DIVAI,Month-to-Month,Yes,Mailed check,2000,15.37,61.7,0,0,46.11,107.81,cents
2397-BRLOM,Month-to-Month,Yes,Credit card (automatic),80.45,26.99,583.45,0,0,215.92,799.37,dollars
2398-YPMUR,Month-to-Month,Yes,Electronic check,70.15,37.86,916.75,0,90,492.18,1498.93,dollars
2400-FEQME,Two Year,No,Mailed check,20.5,40.94,1177.95,5.83,0,2251.7,3423.82,dollars
2400-XIWIO,Two Year,No,Electronic check,9010,22.33,6310.9,0,0,1585.43,7896.33,cents
2402-TAIRZ,One Year,No,Electronic check,80.05,9.61,3019.1,0,0,355.57,3374.67,dollars
2403-BCASL,One Year,Yes,Electronic check,111.95,45.04,4534.9,0,0,1846.64,6381.54,dollars
2404-JIBFC,Two Year,Yes,Bank transfer (automatic),85.1,8.39,4657.95,0,0,461.45,5119.4,dollars
2405-LBMUW,One Year,Yes,Bank transfer (automatic),50.7,0,3088.75,0,20,0,3108.75,dollars
2408-PSJVE,Month-to-Month,Yes,Mailed check,6190,37.68,2924.05,0,0,1657.92,4581.97,cents
2408-TZMJL,One Year,Yes,Electronic check,110.15,22.71,6448.05,0,0,1339.89,7787.94,dollars
2408-WITXK,Month-to-Month,Yes,Electronic check,3470.0000000000005,0,329.8,0,0,0,329.8,cents
2410-CIYFZ,Month-to-Month,No,Mailed check,20.4,49.53,42.9,0,0,99.06,141.96,dollars
2418-TPEUN,Two Year,Yes,Credit card (automatic),1980,48.56,1119.9,0,0,2719.36,3839.26,cents
2419-FSORS,Two Year,Yes,Electronic check,108.4,10.68,7719.5,0,0,768.96,8488.46,dollars
2424-WVHPL,One Year,No,Electronic check,7470,27.65,74.7,0,0,27.65,102.35,cents
2428-HYUNX,Two Year,Yes,Credit card (automatic),19.35,1.89,847.25,0,0,83.16,930.41,dollars
2428-ZMCTB,Month-to-Month,No,Credit card (automatic),19.75,20.29,208.25,0,0,202.9,411.15,dollars
2429-AYKKO,Two Year,No,Bank transfer (automatic),19.85,3.43,1434.1,0,0,246.96,1681.06,dollars
2430-RRYUW,One Year,Yes,Mailed check,5480,11.56,3465.7,0,0,762.96,4228.66,cents
2430-USGXP,Month-to-Month,Yes,Electronic check,10105,34.62,2391.8,0,0,830.88,3222.68,cents
2432-TFSMK,One Year,Yes,Credit card (automatic),89.6,34.78,1633,0,0,626.04,2259.04,dollars
2433-KMEAS,Month-to-Month,Yes,Electronic check,54.45,7.28,1127.35,0,0,160.16,1287.51,dollars
2434-EEVDB,Two Year,Yes,Credit card (automatic),94.6,1.27,5948.7,0,0,81.28,6029.98,dollars
2436-QBZFP,Month-to-Month,No,Electronic check,39.2,0,849.9,0,50,0,899.9,dollars
2439-LYPMQ,Two Year,Yes,Electronic check,102.6,4.75,4009.2,45.81,0,180.5,4143.89,dollars
2439-QKJUL,Month-to-Month,No,Mailed check,20.25,7.83,109.8,0,0,39.15,148.95,dollars
2446-BEGGB,Month-to-Month,Yes,Electronic check,98.25,47.35,560.6,0,0,284.1,844.7,dollars
2446-PLQVO,Month-to-Month,Yes,Electronic check,70.3,5.67,70.3,0,0,5.67,75.97,dollars
2446-ZKVAF,Month-to-Month,No,Credit card (automatic),56.8,1.28,1074.65,0,0,23.04,1097.69,dollars
2450-ZKEED,One Year,No,Bank transfer (automatic),53.8,7.42,651.55,0,0,81.62,733.17,dollars
2451-YMUXS,Two Year,Yes,Bank transfer (automatic),64.55,28.88,4250.1,0,0,1934.96,6185.06,dollars
2452-KDRRH,Two Year,Yes,Credit card (automatic),101.4,38.85,6841.05,0,0,2602.95,9444,dollars
2452-MRMZF,Two Year,Yes,Credit card (automatic),2570,8.48,1937.4,0,0,610.56,2547.96,cents
2452-SNHFZ,Month-to-Month,No,Credit card (automatic),75.45,48.03,3545.1,0,0,2257.41,5802.51,dollars
2453-SAFNS,One Year,No,Mailed check,72.1,45.43,3886.05,0,0,2453.22,6339.27,dollars
2454-RPBRZ,Month-to-Month,Yes,Electronic check,98.1,30.63,1060.2,49.06,0,367.56,1378.7,dollars
2455-USLMV,Month-to-Month,Yes,Credit card (automatic),84.75,24.21,2613.4,0,0,750.51,3363.91,dollars
2458-EOMRE,Month-to-Month,No,Bank transfer (automatic),6405,40.96,733.95,0,90,450.56,1274.51,cents
2460-FPSYH,Month-to-Month,Yes,Electronic check,5580,0,2109.35,0,80,0,2189.35,cents
2460-NGXBJ,One Year,Yes,Credit card (automatic),7520,28.64,775.3,0,0,315.04,1090.34,cents
2462-XIIJB,Month-to-Month,Yes,Electronic check,9250,3.25,452.7,0,0,16.25,468.95,cents
2465-BLLEU,Month-to-Month,Yes,Mailed check,19.75,10.22,19.75,0,0,10.22,29.97,dollars
2466-FCCPT,One Year,No,Bank transfer (automatic),19.7,7.31,395.6,0,0,146.2,541.8,dollars
2466-NEJOJ,Month-to-Month,No,Credit card (automatic),19.65,26.17,169.75,0,0,209.36,379.11,dollars
2468-SJFLM,Month-to-Month,Yes,Mailed check,74.3,39.55,74.3,0,0,39.55,113.85,dollars
2469-DTSGX,Two Year,No,Electronic check,111.65,44.81,7943.45,0,0,3226.32,11169.77,dollars
2472-OVKUP,Month-to-Month,Yes,Electronic check,9100,42.08,531,0,0,252.48,783.48,cents
2474-BRUCM,Month-to-Month,No,Electronic check,101.85,2.85,4086.3,0,0,114,4200.3,dollars
2474-LCNUE,Month-to-Month,Yes,Credit card (automatic),7365.000000000001,14.53,1642.75,0,0,334.19,1976.94,cents
2475-MROZF,Month-to-Month,Yes,Credit card (automatic),9500,2.87,2852.4,0,0,86.1,2938.5,cents
2476-YGEFM,Month-to-Month,Yes,Credit card (automatic),7600,7.01,2215.25,0,0,203.29,2418.54,cents
2478-EEWWM,Month-to-Month,Yes,Electronic check,44.3,0,2666.75,0,20,0,2686.75,dollars
2479-BRAMR,Month-to-Month,Yes,Bank transfer (automatic),8375,45.84,3273.55,0,0,1879.44,5152.99,cents
2480-EJWYP,One Year,Yes,Bank transfer (automatic),97.8,45.37,5458.8,0,0,2631.46,8090.26,dollars
2480-JZOSN,Month-to-Month,Yes,Mailed check,20.65,35.24,20.65,0,0,35.24,55.89,dollars
2480-SQIOB,Month-to-Month,No,Electronic check,44.8,25.9,169.65,0,0,103.6,273.25,dollars
2481-SBOYW,Two Year,Yes,Credit card (automatic),25,32.05,1498.35,0,0,1955.05,3453.4,dollars
2482-CZGBB,Month-to-Month,Yes,Electronic check,7000,27.28,740,0,0,272.8,1012.8,cents
2483-XSSMZ,One Year,Yes,Electronic check,47.85,25.33,1886.4,0,70,987.87,2944.27,dollars
2484-DGXPZ,Month-to-Month,Yes,Mailed check,1955,30.07,658.95,0,0,932.17,1591.12,cents
2485-ITVKB,Month-to-Month,Yes,Electronic check,35.1,0,68.75,0,10,0,78.75,dollars
2486-WYVVE,One Year,Yes,Mailed check,79.3,3.12,2484,0,0,96.72,2580.72,dollars
2495-INZWQ,Month-to-Month,Yes,Electronic check,44.55,0,174.3,0,10,0,184.3,dollars
2495-KZNFB,Month-to-Month,Yes,Electronic check,90.65,16.76,2989.6,0,0,553.08,3542.68,dollars
2495-TTHBQ,One Year,Yes,Mailed check,20.4,32.15,84.75,0,0,128.6,213.35,dollars
2498-XLDZR,Two Year,No,Mailed check,73.6,19.76,2316.85,12.66,0,632.32,2936.51,dollars
2499-AJYUA,Two Year,Yes,Credit card (automatic),110.8,15.85,7882.25,0,0,1141.2,9023.45,dollars
2501-XWWTZ,Month-to-Month,No,Electronic check,70.2,1.01,760.05,0,0,11.11,771.16,dollars
2504-DSHIH,One Year,No,Electronic check,86.8,42.59,1975.85,0,0,979.57,2955.42,dollars
2506-CLAKW,Month-to-Month,Yes,Bank transfer (automatic),98.15,20.26,567.45,0,0,121.56,689.01,dollars
2506-TNFCO,Month-to-Month,Yes,Electronic check,6955,12.46,69.55,0,0,12.46,82.01,cents
2507-QZPQS,Month-to-Month,No,Electronic check,95.7,9.97,1451.1,0,0,149.55,1600.65,dollars
2509-TFPJU,Two Year,No,Credit card (automatic),25.75,40.04,1864.2,0,0,2882.88,4747.08,dollars
2511-ALLCS,Two Year,No,Bank transfer (automatic),2430,18.86,821.6,0,0,660.1,1481.7,cents
2511-MORQY,One Year,No,Bank transfer (automatic),54.9,10.33,2614.1,0,0,516.5,3130.6,dollars
2514-GINMM,Month-to-Month,Yes,Electronic check,79.5,48.97,79.5,0,0,48.97,128.47,dollars
2516-VQRRV,Month-to-Month,Yes,Mailed check,75.45,23.46,158.4,0,0,46.92,205.32,dollars
2516-XSJKX,Two Year,No,Electronic check,7845,32.29,3126.45,0,0,1323.89,4450.34,cents
2519-ERQOJ,One Year,Yes,Electronic check,5460,0,1803.7,0,0,0,1803.7,cents
2519-FAKOD,Month-to-Month,Yes,Bank transfer (automatic),99.25,31.27,3777.15,0,0,1188.26,4965.41,dollars
2519-LBNQL,One Year,Yes,Electronic check,10435,22.95,6339.45,41.23,0,1377,7675.22,cents
2519-TWKFS,One Year,Yes,Mailed check,55.1,47.1,1466.1,0,0,1177.5,2643.6,dollars
2520-SGTTA,Two Year,No,Mailed check,2000,20.05,200,0,0,200.5,400.5,cents
2521-NPUZR,Two Year,No,Credit card (automatic),101,41.05,7085.5,0,0,2873.5,9959,dollars
2522-AHJXR,Month-to-Month,Yes,Bank transfer (automatic),109.45,4.59,6572.85,0,0,275.4,6848.25,dollars
2522-WLNSF,One Year,No,Bank transfer (automatic),64.2,12.33,2106.3,0,0,419.22,2525.52,dollars
2523-EWWZL,Month-to-Month,Yes,Electronic check,76.1,39.67,2093.4,30.14,0,1071.09,3134.35,dollars
2525-GVKQU,Two Year,No,Mailed check,20.6,47.07,1093,0,0,2824.2,3917.2,dollars
2528-HFYZX,Month-to-Month,Yes,Electronic check,7645,1.05,1233.4,0,0,17.85,1251.25,cents
2530-ENDWQ,Two Year,Yes,Bank transfer (automatic),93.7,40.52,6585.35,0,0,2876.92,9462.27,dollars
2530-FMFXO,Two Year,Yes,Electronic check,103.2,42.16,5873.75,0,0,2360.96,8234.71,dollars
2533-QVMSK,Two Year,Yes,Electronic check,94.1,26.94,5638.3,0,0,1643.34,7281.64,dollars
2533-TIBIX,Month-to-Month,Yes,Bank transfer (automatic),3020,0,469.65,0,0,0,469.65,cents
2535-PBCGC,Two Year,No,Bank transfer (automatic),64.55,0,4504.9,46.06,0,0,4458.84,dollars
2538-OIMXF,Month-to-Month,No,Mailed check,2470,0,24.7,0,70,0,94.7,cents
2541-YGPKE,One Year,No,Credit card (automatic),6370,44.95,2763.35,0,0,1887.9,4651.25,cents
2542-HYGIQ,Month-to-Month,No,Credit card (automatic),1995,38.84,19.95,0,0,38.84,58.79,cents
2545-EBUPK,Two Year,Yes,Electronic check,84.05,21.9,186.05,0,0,43.8,229.85,dollars
2545-LXYVJ,Two Year,No,Bank transfer (automatic),20.7,21.72,1492.1,0,0,1563.84,3055.94,dollars
2546-KZAAT,One Year,Yes,Mailed check,75.4,10.4,3865.45,0,0,540.8,4406.25,dollars
2550-AEVRU,One Year,No,Electronic check,5345,17.01,3053,0,0,969.57,4022.57,cents
2550-QHZGP,One Year,No,Mailed check,1950,30.58,128.6,0,0,214.06,342.66,cents
2558-BUOZZ,One Year,No,Bank transfer (automatic),94.8,40.25,4535.85,3.34,0,1891.75,6424.26,dollars
2560-PPCHE,One Year,Yes,Bank transfer (automatic),105.05,26.83,6744.25,0,0,1743.95,8488.2,dollars
2560-QTSBS,One Year,Yes,Bank transfer (automatic),23.3,18.14,1623.15,0,0,1306.08,2929.23,dollars
2560-WBWXF,Two Year,Yes,Bank transfer (automatic),2415,37.79,1498.85,0,0,2569.72,4068.57,cents
2565-JSLRY,Month-to-Month,Yes,Mailed check,2405,20.26,24.05,0,0,20.26,44.31,cents
2568-BRGYX,Month-to-Month,Yes,Electronic check,70.2,13.02,237.95,0,0,52.08,290.03,dollars
2568-OIADY,Month-to-Month,Yes,Electronic check,99.5,36.29,3762,0,0,1342.73,5104.73,dollars
2569-WGERO,Two Year,Yes,Bank transfer (automatic),2115,22.77,1419.4,19.31,0,1639.44,3039.53,cents
2573-GYRUU,Two Year,Yes,Credit card (automatic),91.05,25.19,4370.75,0,0,1209.12,5579.87,dollars
2575-GFSOE,Month-to-Month,Yes,Electronic check,69,8.95,506.9,0,0,62.65,569.55,dollars
2576-HXMPA,Month-to-Month,No,Credit card (automatic),19.55,8.23,19.55,0,0,8.23,27.78,dollars
2577-GVSIL,One Year,Yes,Bank transfer (automatic),73.45,13.39,2661.1,0,0,468.65,3129.75,dollars
2578-JQPHZ,Two Year,No,Bank transfer (automatic),100.1,48.95,4378.35,0,0,2153.8,6532.15,dollars
2580-ASVVY,Two Year,No,Electronic check,4540,0,1593.1,44.13,0,0,1548.97,cents
2580-ATZSQ,One Year,No,Bank transfer (automatic),6135,19.25,3874.1,0,0,1251.25,5125.35,cents
2581-VKIRT,One Year,No,Mailed check,6550,14.49,3801.3,0,0,854.91,4656.21,cents
2582-FFFZR,Month-to-Month,Yes,Electronic check,50.6,0,1073.3,0,0,0,1073.3,dollars
2585-KTFRE,Month-to-Month,Yes,Bank transfer (automatic),7045,20.1,70.45,0,0,20.1,90.55,cents
2586-CWXVV,Month-to-Month,No,Electronic check,30.4,0,1621.35,0,0,0,1621.35,dollars
2587-EKXTS,Month-to-Month,Yes,Electronic check,111.5,44.45,4915.15,0,0,1955.8,6870.95,dollars
2587-YNLES,Two Year,No,Mailed check,20.1,25.05,100.35,0,0,150.3,250.65,dollars
2589-AYCRP,One Year,No,Bank transfer (automatic),19.75,37.95,989.05,0,0,1897.5,2886.55,dollars
2592-HODOV,One Year,No,Credit card (automatic),19.3,45.03,259.65,35.28,0,585.39,809.76,dollars
2592-SEIFQ,Month-to-Month,No,Electronic check,24.75,0,66.95,0,0,0,66.95,dollars
2592-YKDIF,Month-to-Month,No,Mailed check,20.35,44.09,20.35,0,0,44.09,64.44,dollars
2595-KIWPV,Two Year,No,Credit card (automatic),19.7,32.28,509.3,0,0,871.56,1380.86,dollars
2599-CIPQE,Two Year,No,Credit card (automatic),109.3,28.47,7782.85,0,70,2021.37,9874.22,dollars
2599-CZABP,One Year,No,Electronic check,44.6,44.95,641.25,0,0,629.3,1270.55,dollars
2603-HVKCG,Month-to-Month,Yes,Electronic check,101.4,19.38,3143.65,0,0,600.78,3744.43,dollars
2604-IJPDU,Month-to-Month,Yes,Electronic check,96.55,28.57,1901.65,0,0,571.4,2473.05,dollars
2604-XVDAM,Month-to-Month,No,Bank transfer (automatic),4380,6.56,540.95,0,0,78.72,619.67,cents
2606-PKWJB,One Year,No,Mailed check,40.25,0,1564.05,0,0,0,1564.05,dollars
2606-RMDHZ,Month-to-Month,Yes,Credit card (automatic),30.5,0,208.7,0,0,0,208.7,dollars
2607-DHDAK,Two Year,Yes,Credit card (automatic),19.8,38.84,1414.65,0,0,2796.48,4211.13,dollars
2607-FBDFF,Month-to-Month,No,Credit card (automatic),4900,49.19,49,0,0,49.19,98.19,cents
2608-BHKFN,Month-to-Month,Yes,Credit card (automatic),70.05,12.58,266.9,0,0,50.32,317.22,dollars
2609-IAICY,Month-to-Month,Yes,Electronic check,77.15,27.7,77.15,0,10,27.7,114.85,dollars
2612-PHGOX,Two Year,Yes,Bank transfer (automatic),76.1,6.59,4818.8,0,0,421.76,5240.56,dollars
2612-RANWT,Month-to-Month,Yes,Bank transfer (automatic),100.15,30.54,1164.3,0,0,366.48,1530.78,dollars
2612-RRIDN,Month-to-Month,Yes,Electronic check,81,21.62,340.85,0,50,86.48,477.33,dollars
2615-YVMYX,Month-to-Month,Yes,Electronic check,107.5,30.59,7713.55,0,140,2171.89,10025.44,dollars
2616-FLVQC,Two Year,No,Mailed check,1955,38.96,1240.15,0,0,2493.44,3733.59,cents
2616-UUTFK,Month-to-Month,Yes,Bank transfer (automatic),72.75,19.11,2447.45,0,0,630.63,3078.08,dollars
2619-WFQWU,Month-to-Month,Yes,Mailed check,7015.000000000001,2.24,70.15,0,0,2.24,72.39,cents
2621-UDNLU,Month-to-Month,No,Mailed check,20.85,11.77,72,0,0,35.31,107.31,dollars
2623-DRYAM,One Year,Yes,Electronic check,101.75,19.88,7069.3,0,0,1391.6,8460.9,dollars
2625-TRCZQ,Month-to-Month,Yes,Electronic check,49.65,0,2553.35,0,0,0,2553.35,dollars
2626-URJFX,Month-to-Month,Yes,Electronic check,50.9,8.58,225.6,0,0,34.32,259.92,dollars
2626-VEEWG,Two Year,Yes,Credit card (automatic),1939.9999999999998,5.48,1284.2,0,0,367.16,1651.36,cents
2632-IVXVF,Two Year,No,Credit card (automatic),111.75,14.11,7511.3,0,0,959.48,8470.78,dollars
2632-TACXW,Two Year,No,Bank transfer (automatic),23.65,8.91,1416.75,0,0,552.42,1969.17,dollars
2632-UCGVD,Month-to-Month,Yes,Credit card (automatic),100.05,49.85,6871.9,0,0,3290.1,10162,dollars
2634-HCZGT,One Year,Yes,Electronic check,6005,21.67,3229.65,0,100,1148.51,4478.16,cents
2636-ALXXZ,Month-to-Month,Yes,Electronic check,69.6,45.8,69.6,0,0,45.8,115.4,dollars
2636-OHFMN,Month-to-Month,Yes,Electronic check,48.55,0,201,0,0,0,201,dollars
2636-SJDOU,One Year,Yes,Credit card (automatic),84.3,30.27,5289.05,0,0,1937.28,7226.33,dollars
2637-FKFSY,Month-to-Month,Yes,Mailed check,46.1,2.66,130.15,0,0,7.98,138.13,dollars
2639-UGMAZ,One Year,Yes,Electronic check,56.45,0,3985.35,0,0,0,3985.35,dollars
2640-LYMOV,Month-to-Month,Yes,Mailed check,19.65,9.61,38.8,0,0,19.22,58.02,dollars
2640-PMGFL,Month-to-Month,Yes,Electronic check,79.5,24.72,2180.55,0,0,667.44,2847.99,dollars
2642-DTVCO,Month-to-Month,Yes,Electronic check,85.05,12.18,746.5,0,30,109.62,886.12,dollars
2642-MAWLJ,Two Year,No,Bank transfer (automatic),2025,42.51,717.95,0,0,1530.36,2248.31,cents
2645-QTLMB,Month-to-Month,Yes,Electronic check,94.25,12.05,669,0,0,84.35,753.35,dollars
2649-HWLYB,Two Year,No,Bank transfer (automatic),76.15,21.58,4929.55,0,0,1402.7,6332.25,dollars
2650-GYRYL,One Year,Yes,Bank transfer (automatic),19.45,5.86,600.25,0,0,193.38,793.63,dollars
2651-ZCBXV,Two Year,Yes,Credit card (automatic),10800,17.76,5760.65,0,0,959.04,6719.69,cents
2654-VBVPB,Month-to-Month,No,Bank transfer (automatic),19.9,11.83,19.9,0,0,11.83,31.73,dollars
2656-FMOKZ,Month-to-Month,Yes,Mailed check,7445,44.07,1145.7,0,0,661.05,1806.75,cents
2656-TABEH,Month-to-Month,Yes,Electronic check,100.2,28.22,420.2,0,0,112.88,533.08,dollars
2657-ALMWY,Month-to-Month,No,Electronic check,8495,18.26,2169.75,0,0,474.76,2644.51,cents
2657-VPXTA,Month-to-Month,Yes,Electronic check,8885,32.76,929.45,0,0,327.6,1257.05,cents
2659-VXMWZ,One Year,Yes,Electronic check,111.3,29.24,7482.1,0,0,1959.08,9441.18,dollars
2660-EMUBI,Month-to-Month,Yes,Electronic check,9535,41.37,898.35,0,0,413.7,1312.05,cents
2661-GKBTK,Two Year,No,Bank transfer (automatic),76.95,27.2,4543.95,0,0,1632,6175.95,dollars
2662-NNTDK,One Year,No,Credit card (automatic),2480,45.87,1600.95,0,0,2981.55,4582.5,cents
2664-XJZNO,Two Year,Yes,Credit card (automatic),104.9,6.95,7559.55,0,0,500.4,8059.95,dollars
2665-NPTGL,Two Year,Yes,Bank transfer (automatic),98.1,18.66,2510.7,44.17,0,485.16,2951.69,dollars
2667-WYLWJ,One Year,Yes,Mailed check,19.75,46.13,145,0,0,369.04,514.04,dollars
2668-TZSPS,Month-to-Month,No,Mailed check,20.45,39.61,20.45,0,0,39.61,60.06,dollars
2669-OIDSD,Month-to-Month,Yes,Credit card (automatic),100.05,1.02,4834,37.45,0,48.96,4845.51,dollars
2669-QVCRG,Month-to-Month,Yes,Credit card (automatic),81.3,7.83,3190.65,0,0,321.03,3511.68,dollars
2672-DZUOY,Month-to-Month,Yes,Electronic check,25.15,0,25.15,0,0,0,25.15,dollars
2672-HUYVI,Month-to-Month,Yes,Electronic check,91.1,11.81,455.3,0,0,70.86,526.16,dollars
2672-OJQZP,Month-to-Month,No,Mailed check,4475,40.87,44.75,0,0,40.87,85.62,cents
2672-TGEFF,Month-to-Month,Yes,Electronic check,88.8,1.08,3340.55,0,0,39.96,3380.51,dollars
2673-CXQEU,One Year,No,Electronic check,11050,47.13,6139.5,0,0,2639.28,8778.78,cents
2673-ZALNP,One Year,No,Mailed check,1989.9999999999998,16.2,173.15,0,0,113.4,286.55,cents
2674-MIAHT,Month-to-Month,Yes,Mailed check,80.3,38.74,324.2,0,0,154.96,479.16,dollars
2674-MLXMN,Two Year,Yes,Credit card (automatic),9965,34.36,6951.15,3.33,0,2439.56,9387.38,cents
2675-DHUTR,Two Year,Yes,Electronic check,98.9,31.11,5780.7,0,0,1804.38,7585.08,dollars
2675-IJRGJ,Two Year,No,Bank transfer (automatic),19.65,23.17,978,0,0,1228.01,2206.01,dollars
2675-OTVVJ,Two Year,No,Electronic check,89.45,46.06,2807.65,31.58,0,1427.86,4203.93,dollars
2676-ISHSF,Month-to-Month,No,Mailed check,20.3,29.19,20.3,0,0,29.19,49.49,dollars
2676-OXPPQ,Month-to-Month,Yes,Bank transfer (automatic),55.7,3.16,335.65,0,0,18.96,354.61,dollars
2676-SSLTO,Two Year,Yes,Bank transfer (automatic),6615.000000000001,17.77,3199,0,0,870.73,4069.73,cents
2680-XKKNJ,One Year,No,Bank transfer (automatic),58.2,17.52,469.25,0,30,140.16,639.41,dollars
2682-KEVRP,One Year,Yes,Mailed check,20.05,34.39,417,0,0,756.58,1173.58,dollars
2683-BPJSO,Month-to-Month,Yes,Electronic check,84.45,28.37,2467.1,0,0,822.73,3289.83,dollars
2683-JXWQQ,Month-to-Month,No,Bank transfer (automatic),33.6,0,2117.2,0,110,0,2227.2,dollars
2684-EIWEO,Month-to-Month,No,Credit card (automatic),9170,45.88,2758.15,0,0,1376.4,4134.55,cents
2685-SREOM,Month-to-Month,Yes,Electronic check,89.1,23.24,2368.4,0,0,581,2949.4,dollars
2688-BHGOG,Two Year,Yes,Electronic check,7955,24.85,718.55,0,10,223.65,952.2,cents
2690-DVRVK,One Year,No,Electronic check,20.55,41.21,99.45,0,0,206.05,305.5,dollars
2691-NZETQ,Month-to-Month,Yes,Electronic check,85.35,49.14,758.6,0,0,442.26,1200.86,dollars
2692-AQCPF,One Year,Yes,Credit card (automatic),10805,41.34,7118.9,0,0,2687.1,9806,cents
2692-BUCFV,One Year,Yes,Bank transfer (automatic),101.45,6.59,2948.6,0,60,191.11,3199.71,dollars
2692-PFYTJ,Month-to-Month,Yes,Mailed check,25.75,15.22,25.75,0,0,15.22,40.97,dollars
2694-CIUMO,Month-to-Month,Yes,Credit card (automatic),7955,21.93,958.25,0,0,263.16,1221.41,cents
2696-ECXKC,One Year,No,Mailed check,100.9,41.18,5448.6,0,0,2264.9,7713.5,dollars
2696-NARTR,Month-to-Month,Yes,Electronic check,73.85,44.94,926.25,0,0,494.34,1420.59,dollars
2696-RZVZW,Two Year,No,Credit card (automatic),25.05,25.19,1629.2,0,0,1712.92,3342.12,dollars
2697-NQBPF,Month-to-Month,Yes,Electronic check,105.35,28,3540.65,0,0,952,4492.65,dollars
2700-LUEVA,Month-to-Month,No,Credit card (automatic),20.75,36.28,20.75,0,0,36.28,57.03,dollars
2703-AMTUL,One Year,No,Mailed check,5365,8,1939.35,0,0,288,2227.35,cents
2706-QZIHY,Two Year,No,Mailed check,2520,46.68,387.9,0,0,700.2,1088.1,cents
2709-UQGNP,Month-to-Month,Yes,Mailed check,51.65,49.04,524.5,0,0,490.4,1014.9,dollars
2710-WYVXG,Two Year,No,Mailed check,71.1,37,213.35,2.62,0,111,321.73,dollars
2712-SYWAY,Month-to-Month,Yes,Electronic check,25.7,43.84,25.7,0,0,43.84,69.54,dollars
2716-GFZOR,Month-to-Month,Yes,Credit card (automatic),8610,7.63,3551.65,0,0,328.09,3879.74,cents
2717-HVIZY,Month-to-Month,No,Mailed check,20.05,15.66,163.6,0,0,125.28,288.88,dollars
2718-GAXQD,Month-to-Month,No,Electronic check,4600,42.13,181.6,0,0,168.52,350.12,cents
2718-YSKCS,Two Year,Yes,Bank transfer (automatic),19.6,16.13,1387.45,0,0,1145.23,2532.68,dollars
2719-BDAQO,Month-to-Month,No,Electronic check,93.85,4.51,1625.65,0,0,76.67,1702.32,dollars
2720-FVBQP,Month-to-Month,Yes,Credit card (automatic),48.95,24.83,273.25,0,0,148.98,422.23,dollars
2720-WGKHP,Month-to-Month,Yes,Electronic check,9400,20.99,181.7,0,0,41.98,223.68,cents
2722-JMONI,Month-to-Month,Yes,Electronic check,49.55,24.24,49.55,0,0,24.24,73.79,dollars
2722-VOJQL,One Year,Yes,Credit card (automatic),10565,24.23,6903.1,0,0,1550.72,8453.82,cents
2724-FJDYW,One Year,No,Bank transfer (automatic),54.85,0,2191.7,0,0,0,2191.7,dollars
2725-IWWBA,One Year,No,Mailed check,56.9,38.45,2560.1,0,0,1768.7,4328.8,dollars
2725-KXXWT,Month-to-Month,Yes,Electronic check,9075,23.06,90.75,0,0,23.06,113.81,cents
2725-TTRIQ,Two Year,Yes,Bank transfer (automatic),84.2,37.84,5986.55,0,0,2724.48,8711.03,dollars
2729-VNVAP,Two Year,No,Credit card (automatic),19.8,12.51,641.35,0,0,412.83,1054.18,dollars
2731-GJRDG,One Year,Yes,Bank transfer (automatic),109.55,4.61,3608,0,0,147.52,3755.52,dollars
2732-ISEZX,Month-to-Month,Yes,Mailed check,2050,24.61,104.3,0,0,123.05,227.35,cents
2737-WFVYW,Month-to-Month,Yes,Electronic check,45.25,0,85.5,0,10,0,95.5,dollars
2737-YNGYW,Month-to-Month,No,Electronic check,80.55,33.89,184.1,0,0,67.78,251.88,dollars
2739-CACDQ,One Year,Yes,Credit card (automatic),82.65,1.06,1470.05,0,0,18.02,1488.07,dollars
2739-CCZMB,Month-to-Month,No,Credit card (automatic),2035.0000000000002,8.01,122,0,0,40.05,162.05,cents
2740-JFBOK,Month-to-Month,Yes,Electronic check,2400,3.01,226.55,0,0,30.1,256.65,cents
2740-TVLFN,Month-to-Month,Yes,Electronic check,5015,39.87,50.15,0,0,39.87,90.02,cents
2746-DIJLO,One Year,Yes,Credit card (automatic),56.3,36.47,2364,0,0,1495.27,3859.27,dollars
2748-MYRVK,One Year,No,Bank transfer (automatic),9990,8.38,6137,0,0,527.94,6664.94,cents
2749-CTKAJ,One Year,No,Mailed check,20.15,48.06,419.9,0,0,1057.32,1477.22,dollars
2750-BJLSB,One Year,Yes,Electronic check,10370,2.45,4730.6,0,0,115.15,4845.75,cents
2753-JMMCV,Two Year,Yes,Credit card (automatic),74.2,22.23,4805.65,0,0,1444.95,6250.6,dollars
2754-SDJRD,Two Year,Yes,Credit card (automatic),100.15,39.86,908.55,0,0,318.88,1227.43,dollars
2754-VDLTR,Month-to-Month,No,Electronic check,95.2,35.63,930.4,0,0,356.3,1286.7,dollars
2754-XBHTB,Month-to-Month,Yes,Bank transfer (automatic),7765.000000000001,22.88,714.15,0,0,205.92,920.07,cents
2758-RNWXS,One Year,Yes,Electronic check,8920,49.61,3251.3,0,0,1736.35,4987.65,cents
2761-OCIAX,Month-to-Month,Yes,Electronic check,7470,6.51,165.4,0,0,13.02,178.42,cents
2761-XECQW,Two Year,Yes,Mailed check,43.35,0,371.4,0,0,0,371.4,dollars
2770-NSVDG,Month-to-Month,No,Electronic check,29.1,0,688,0,0,0,688,dollars
2773-MADBQ,Two Year,Yes,Mailed check,53.1,0,1901.25,0,0,0,1901.25,dollars
2773-OVBPK,Two Year,Yes,Bank transfer (automatic),111.3,21.71,7567.2,36.66,0,1454.57,8985.11,dollars
2774-LVQUS,Month-to-Month,Yes,Electronic check,83.05,44.13,1258.3,0,110,661.95,2030.25,dollars
2775-SEFEE,Two Year,Yes,Bank transfer (automatic),61.9,29.95,619,0,0,299.5,918.5,dollars
2777-PHDEI,Month-to-Month,No,Electronic check,7805,29.41,78.05,0,10,29.41,117.46,cents
2778-OCLGR,Month-to-Month,No,Bank transfer (automatic),3910,0,971.3,0,0,0,971.3,cents
2782-JEEBU,Month-to-Month,Yes,Mailed check,36,0,780.15,0,0,0,780.15,dollars
2782-LFZVW,Month-to-Month,Yes,Mailed check,5895,24.57,601.6,0,70,270.27,941.87,cents
2786-GCDPI,Month-to-Month,Yes,Electronic check,10495,17.65,5222.35,0,0,882.5,6104.85,cents
2788-CJQAQ,One Year,No,Mailed check,1945,22.31,270.2,0,0,290.03,560.23,cents
2789-CZANW,Two Year,No,Bank transfer (automatic),110.3,21.16,6997.3,0,0,1354.24,8351.54,dollars
2789-HQBOU,Month-to-Month,Yes,Electronic check,80.35,49.63,253.8,0,0,148.89,402.69,dollars
2790-XUYMV,One Year,Yes,Credit card (automatic),85.45,31.89,6028.95,0,0,2264.19,8293.14,dollars
2791-SFVEW,Month-to-Month,No,Bank transfer (automatic),20.15,34.79,238.15,0,0,313.11,551.26,dollars
2792-LSHWX,Month-to-Month,Yes,Mailed check,83.4,43.06,83.4,0,0,43.06,126.46,dollars
2792-VPPET,Month-to-Month,Yes,Electronic check,20.5,37.01,76.95,0,0,111.03,187.98,dollars
2794-XIMMO,One Year,Yes,Electronic check,6045,0,3184.25,0,0,0,3184.25,cents
2796-NNUFI,Two Year,Yes,Mailed check,19.95,30.47,927.1,0,0,1401.62,2328.72,dollars
2796-UUZZO,Month-to-Month,Yes,Credit card (automatic),80.3,18.88,4896.35,0,40,1189.44,6125.79,dollars
2798-NYLMZ,Two Year,Yes,Credit card (automatic),108.55,31.97,7616,0,0,2269.87,9885.87,dollars
2799-ARNLO,One Year,Yes,Electronic check,69.35,9.56,341.6,0,0,47.8,389.4,dollars
2799-TSLAG,Two Year,Yes,Bank transfer (automatic),25.3,34.03,1748.55,0,0,2211.95,3960.5,dollars
2800-QQUSO,Month-to-Month,Yes,Electronic check,100.3,25.69,4222.95,0,0,1078.98,5301.93,dollars
2800-VEQXM,Month-to-Month,Yes,Mailed check,74.75,12.5,238.1,38.84,0,37.5,236.76,dollars
2801-NISEI,Month-to-Month,No,Electronic check,54.95,30.07,1348.5,0,0,721.68,2070.18,dollars
2804-ETQDK,Two Year,No,Mailed check,2055,20.63,1357.1,17.14,0,1361.58,2701.54,cents
2805-AUFQN,Two Year,No,Credit card (automatic),1980,13.93,475.2,0,0,348.25,823.45,cents
2805-EDJPQ,One Year,Yes,Credit card (automatic),99.75,20.53,5608.4,0,0,1149.68,6758.08,dollars
2806-MLNTI,One Year,Yes,Bank transfer (automatic),105.1,29.15,5376.4,0,0,1515.8,6892.2,dollars
2808-CHTDM,Two Year,No,Mailed check,25.1,35.86,611.45,0,0,824.78,1436.23,dollars
2809-ILCYT,One Year,Yes,Mailed check,26.8,3.6,733.55,0,0,90,823.55,dollars
2809-ZMYOQ,Month-to-Month,Yes,Electronic check,101.35,41.53,3334.9,0,0,1328.96,4663.86,dollars
2810-FTLEM,Month-to-Month,Yes,Electronic check,5015,14.26,762.25,0,0,228.16,990.41,cents
2811-POVEX,Two Year,Yes,Bank transfer (automatic),88.45,2.03,2130.55,0,0,46.69,2177.24,dollars
2812-ENYMO,One Year,No,Credit card (automatic),5455,0,1362.85,0,0,0,1362.85,cents
2812-REYAT,One Year,Yes,Bank transfer (automatic),20.05,22.1,923.1,0,0,1082.9,2006,dollars
2812-SFXMJ,Month-to-Month,No,Mailed check,20.05,7.66,20.05,0,0,7.66,27.71,dollars
2815-CPTUL,Month-to-Month,Yes,Mailed check,7025,2.27,331.9,12.48,0,11.35,330.77,cents
2817-LVCPP,Two Year,No,Credit card (automatic),19.4,12.62,1023.95,0,0,631,1654.95,dollars
2817-NTQDO,Month-to-Month,Yes,Credit card (automatic),4555,0,597,0,0,0,597,cents
2819-GWENI,One Year,No,Mailed check,19.9,21.91,543,0,0,613.48,1156.48,dollars
2821-WARNZ,One Year,No,Credit card (automatic),19.45,45.64,921.3,0,0,2236.36,3157.66,dollars
2823-LKABH,Month-to-Month,Yes,Bank transfer (automatic),9505,7.42,1679.4,38.65,0,133.56,1774.31,cents
2824-DXNKN,Two Year,Yes,Bank transfer (automatic),7145,38.99,5025.85,0,0,2807.28,7833.13,cents
2824-MYYBN,Month-to-Month,Yes,Electronic check,9525,1.6,3314.15,0,0,59.2,3373.35,cents
2826-DXLQO,One Year,No,Bank transfer (automatic),29.8,0,220.45,11.83,0,0,208.62,dollars
2826-UWHIS,Month-to-Month,No,Bank transfer (automatic),81.4,1.59,3775.85,0,0,71.55,3847.4,dollars
2828-SLQPF,Month-to-Month,Yes,Bank transfer (automatic),45,29.52,865.85,22.55,0,560.88,1404.18,dollars
2829-HYVZP,One Year,Yes,Mailed check,1980,46.12,572.2,0,0,1337.48,1909.68,cents
2830-LEWOA,One Year,No,Credit card (automatic),103.9,43.08,6449.15,0,0,2627.88,9077.03,dollars
2831-EBWRN,Month-to-Month,Yes,Electronic check,45.9,33.93,199.75,0,0,135.72,335.47,dollars
2832-KJCRD,Month-to-Month,Yes,Electronic check,103.65,23.95,3988.5,0,140,910.1,5038.6,dollars
2832-SCUCO,Month-to-Month,No,Electronic check,1989.9999999999998,26.9,57.4,0,0,53.8,111.2,cents
2833-SLKDQ,Month-to-Month,No,Mailed check,45.05,48.03,45.05,0,0,48.03,93.08,dollars
2834-JKOOW,One Year,No,Mailed check,45.9,0,693.45,16.27,0,0,677.18,dollars
2834-JRTUA,Two Year,Yes,Electronic check,10805,49.42,7532.15,0,0,3508.82,11040.97,cents
2834-SPCJV,Month-to-Month,No,Electronic check,84.1,38.37,4348.65,0,0,1995.24,6343.89,dollars
2839-RFSQE,Month-to-Month,No,Mailed check,2065,24.71,38.7,0,0,49.42,88.12,cents
2840-XANRC,Month-to-Month,Yes,Electronic check,9315,16.1,2231.05,0,0,386.4,2617.45,cents
2842-BCQGE,Month-to-Month,Yes,Credit card (automatic),75.35,19.66,3161.4,0,0,845.38,4006.78,dollars
2842-JTCCU,Month-to-Month,No,Bank transfer (automatic),4605,29.69,80.35,0,10,59.38,149.73,cents
2843-CQMEG,Month-to-Month,Yes,Mailed check,49.7,3.72,1218.25,0,0,89.28,1307.53,dollars
2845-AFFTX,Month-to-Month,Yes,Electronic check,9980,22.56,4259.3,8.88,0,924.96,5175.38,cents
2845-HSJCY,Month-to-Month,Yes,Electronic check,8725,29.18,1258.6,0,0,408.52,1667.12,cents
2845-KDHVX,Two Year,Yes,Mailed check,68.3,23.29,4378.8,0,0,1490.56,5869.36,dollars
2848-YXSMW,Two Year,No,Credit card (automatic),19.4,49.5,1363.25,0,0,3564,4927.25,dollars
2851-MMUTZ,Month-to-Month,Yes,Mailed check,56.15,1.31,1439.35,0,0,35.37,1474.72,dollars
2851-STERV,One Year,Yes,Electronic check,73,3.04,2471.25,0,0,106.4,2577.65,dollars
2853-CWQFQ,Month-to-Month,Yes,Mailed check,59.55,41.39,59.55,0,0,41.39,100.94,dollars
2856-HYAPG,Month-to-Month,No,Electronic check,68.65,12.4,68.65,0,0,12.4,81.05,dollars
2856-NNASM,Month-to-Month,Yes,Mailed check,89.55,39.12,3856.75,0,0,1682.16,5538.91,dollars
2858-EIMXH,One Year,Yes,Credit card (automatic),95.85,30.09,5016.25,18.85,0,1594.77,6592.17,dollars
2858-MOFSQ,One Year,Yes,Mailed check,55.85,24.31,937.5,0,0,413.27,1350.77,dollars
2860-RANUS,Month-to-Month,Yes,Credit card (automatic),85.8,29.29,1727.5,0,0,585.8,2313.3,dollars
2862-JVEOY,One Year,No,Mailed check,1914.9999999999998,10.54,124.4,0,0,63.24,187.64,cents
2862-PFNIK,Month-to-Month,Yes,Electronic check,2470,0,24.7,0,0,0,24.7,cents
2863-IMQDR,Two Year,No,Electronic check,89.65,23.45,5308.7,0,0,1430.45,6739.15,dollars
2865-TCHJW,Month-to-Month,Yes,Electronic check,89.2,48.35,346.2,0,0,193.4,539.6,dollars
2866-IKBTM,Month-to-Month,No,Mailed check,19.55,40.63,19.55,0,0,40.63,60.18,dollars
2867-UIMSS,Month-to-Month,No,Electronic check,80.5,35.77,80.5,0,0,35.77,116.27,dollars
2868-LLSKM,One Year,Yes,Bank transfer (automatic),83.65,15.94,5733.4,46.99,0,1083.92,6770.33,dollars
2868-MZAGQ,Month-to-Month,Yes,Electronic check,79.25,19.98,79.25,0,0,19.98,99.23,dollars
2868-SNELZ,Month-to-Month,No,Mailed check,80.6,5.32,155.8,0,0,10.64,166.44,dollars
2869-ADAWR,Month-to-Month,Yes,Credit card (automatic),8930,14.12,4016.85,44.63,0,635.4,4607.62,cents
2873-ZLIWT,Month-to-Month,Yes,Electronic check,8485,2.03,3303.05,0,0,81.2,3384.25,cents
2874-YXVVA,Month-to-Month,Yes,Electronic check,105.1,2.82,3634.8,0,0,95.88,3730.68,dollars
2876-GZYZC,Month-to-Month,Yes,Electronic check,85.95,29.21,1215.65,0,0,379.73,1595.38,dollars
2876-VBBBL,Month-to-Month,Yes,Mailed check,2025,10.71,20.25,0,0,10.71,30.96,cents
2877-VDUER,One Year,No,Mailed check,40.9,0,1383.6,0,0,0,1383.6,dollars
2878-DHMIN,One Year,No,Electronic check,19.9,24.23,666,0,0,848.05,1514.05,dollars
2878-RMWXY,Two Year,Yes,Credit card (automatic),102.65,28.5,7550.3,0,0,2052,9602.3,dollars
2880-FPNAE,Two Year,Yes,Electronic check,74.2,7.29,140.1,0,0,14.58,154.68,dollars
2882-DDZPG,Month-to-Month,No,Bank transfer (automatic),19.45,35.81,227.45,0,0,429.72,657.17,dollars
2882-WDTBA,Two Year,Yes,Bank transfer (automatic),7575,44.33,5388.15,0,0,3058.77,8446.92,cents
2883-ILGWO,Two Year,Yes,Bank transfer (automatic),10490,32.12,5913.95,1.69,90,1830.84,7833.1,cents
2884-GBPFB,Month-to-Month,Yes,Electronic check,70.3,10.43,2416.55,0,80,365.05,2861.6,dollars
2885-HIJDH,Two Year,No,Bank transfer (automatic),8690,26.35,6194.1,0,0,1818.15,8012.25,cents
2886-KEFUM,One Year,Yes,Electronic check,107.5,1.93,6873.75,0,60,121.59,7055.34,dollars
2887-JPYLU,Month-to-Month,No,Bank transfer (automatic),45.2,38.94,1841.9,0,0,1596.54,3438.44,dollars
2888-ADFAO,Two Year,Yes,Bank transfer (automatic),2130,3.95,1041.8,0,0,185.65,1227.45,cents
2889-FPWRM,One Year,Yes,Bank transfer (automatic),117.8,34.87,8684.8,0,0,2510.64,11195.44,dollars
2890-WFBHU,One Year,No,Credit card (automatic),79.85,1.94,4786.1,0,0,114.46,4900.56,dollars
2892-GESUL,Two Year,No,Mailed check,19.35,20,309.25,0,0,360,669.25,dollars
2894-QOJRX,Month-to-Month,Yes,Bank transfer (automatic),34,0,853,0,0,0,853,dollars
2896-TBNBE,One Year,No,Electronic check,8080,12.97,3132.75,0,0,518.8,3651.55,cents
2897-DOVND,Month-to-Month,Yes,Electronic check,69.8,11.19,146.65,0,10,22.38,179.03,dollars
2898-LSJGD,One Year,Yes,Electronic check,55.95,0,1157.05,0,10,0,1167.05,dollars
2898-MRKPI,One Year,Yes,Credit card (automatic),10105,34.62,6770.5,0,0,2354.16,9124.66,cents
2900-PHPLN,Two Year,Yes,Credit card (automatic),19.55,15.9,1462.05,0,0,1113,2575.05,dollars
2903-YYTBW,Month-to-Month,No,Electronic check,44.55,41.1,44.55,0,0,41.1,85.65,dollars
2904-GGUAZ,Two Year,Yes,Bank transfer (automatic),8405,16.15,6052.25,0,0,1162.8,7215.05,cents
2905-KFQUV,Month-to-Month,Yes,Credit card (automatic),70.4,7.49,154.8,0,0,14.98,169.78,dollars
2907-ILJBN,One Year,No,Mailed check,20.6,1.92,233.9,0,0,21.12,255.02,dollars
2908-WGAXL,Two Year,Yes,Credit card (automatic),24.95,29.06,1468.9,0,0,1627.36,3096.26,dollars
2908-ZTPNF,Month-to-Month,Yes,Bank transfer (automatic),3485,0,1267.2,0,0,0,1267.2,cents
2911-IJORQ,One Year,Yes,Bank transfer (automatic),90.6,44.52,3358.65,8.96,0,1647.24,4996.93,dollars
2911-UREFD,Month-to-Month,No,Electronic check,55.9,0,2184.35,0,0,0,2184.35,dollars
2911-WDXMV,Month-to-Month,Yes,Credit card (automatic),80.55,41.08,1406.65,0,0,739.44,2146.09,dollars
2916-BQZLN,Month-to-Month,Yes,Electronic check,8475,11.42,1651.95,49.38,0,216.98,1819.55,cents
2919-HBCJO,Month-to-Month,Yes,Bank transfer (automatic),76.65,24.09,333.6,0,0,96.36,429.96,dollars
2920-RNCEZ,Month-to-Month,Yes,Credit card (automatic),69.95,11.45,69.95,0,0,11.45,81.4,dollars
2921-XWDJH,Two Year,Yes,Electronic check,83.45,3.42,3147.15,24.98,0,129.96,3252.13,dollars
2923-ARZLG,One Year,Yes,Mailed check,19.7,46.23,197.54,0,0,462.3,659.84,dollars
2924-KHUVI,One Year,Yes,Electronic check,10055,46.9,5514.95,0,0,2626.4,8141.35,cents
2925-MXLSX,One Year,Yes,Credit card (automatic),68.95,22.64,2038.7,0,0,679.2,2717.9,dollars
2925-VDZHY,Two Year,No,Credit card (automatic),88.7,28.63,6501.35,0,0,2061.36,8562.71,dollars
2926-JEJJC,One Year,Yes,Bank transfer (automatic),20.2,5.27,140.95,0,0,42.16,183.11,dollars
2927-CVULT,Two Year,Yes,Bank transfer (automatic),104.05,28.36,5566.4,0,0,1503.08,7069.48,dollars
2927-QRRQV,One Year,Yes,Electronic check,94.65,10.13,4312.5,0,0,465.98,4778.48,dollars
2928-HLDBA,Month-to-Month,No,Mailed check,20.7,7.72,112.75,0,0,46.32,159.07,dollars
2929-ERCFZ,Month-to-Month,Yes,Electronic check,94.2,38.83,777.3,0,0,310.64,1087.94,dollars
2929-QNSRW,One Year,Yes,Electronic check,98.25,19.16,5508.35,0,150,1072.96,6731.31,dollars
2930-UOTMB,Month-to-Month,No,Credit card (automatic),65.25,31.14,1994.3,0,120,965.34,3079.64,dollars
2931-FSOHN,Month-to-Month,Yes,Electronic check,59.9,49.9,788.35,0,0,648.7,1437.05,dollars
2931-SVLTV,Month-to-Month,Yes,Credit card (automatic),11010,11.5,4469.1,0,0,460,4929.1,cents
2931-VUVJN,One Year,Yes,Electronic check,94.05,19.14,5483.9,0,30,1129.26,6643.16,dollars
2931-XIQBR,One Year,No,Mailed check,10305,47.48,5153.5,0,0,2374,7527.5,cents
2933-FILNV,Month-to-Month,Yes,Mailed check,24.4,0,36.55,0,0,0,36.55,dollars
2933-XEUJM,Two Year,No,Mailed check,79.2,46.83,3593.8,0,0,2154.18,5747.98,dollars
2937-FTHUR,Month-to-Month,No,Electronic check,64.8,42.45,1166.7,0,0,764.1,1930.8,dollars
2946-KIQSP,Month-to-Month,Yes,Mailed check,33.45,0,1175.85,0,30,0,1205.85,dollars
2947-DOMLJ,Month-to-Month,No,Mailed check,50.6,11.86,50.6,0,0,11.86,62.46,dollars
2951-QOQTK,Month-to-Month,No,Credit card (automatic),80.8,42.33,332.45,0,0,169.32,501.77,dollars
2952-QAYZF,Month-to-Month,Yes,Electronic check,85.3,36.52,424.15,0,0,182.6,606.75,dollars
2954-PIBKO,Two Year,Yes,Credit card (automatic),6415.000000000001,39.88,4254.1,0,40,2751.72,7045.82,cents
2955-BJZHG,Month-to-Month,No,Electronic check,80.85,16.61,1400.85,0,0,282.37,1683.22,dollars
2955-PSXOE,Month-to-Month,Yes,Bank transfer (automatic),20.2,43.52,20.2,0,0,43.52,63.72,dollars
2956-GGUCQ,Month-to-Month,Yes,Electronic check,78.85,2.05,1772.25,0,0,49.2,1821.45,dollars
2957-JIRMN,One Year,No,Electronic check,8445,19.52,4959.15,0,0,1210.24,6169.39,cents
2957-LOLHO,Month-to-Month,Yes,Bank transfer (automatic),45.4,11.12,518.9,0,0,133.44,652.34,dollars
2958-NHPPS,Month-to-Month,No,Electronic check,2085,35.32,473.9,0,0,812.36,1286.26,cents
2959-EEXWB,Month-to-Month,Yes,Bank transfer (automatic),50.9,0,2333.85,0,0,0,2333.85,dollars
2959-FENLU,Month-to-Month,Yes,Credit card (automatic),85.3,48.38,781.4,0,10,435.42,1226.82,dollars
2959-MJHIC,Month-to-Month,Yes,Electronic check,80.35,32.43,307.4,0,0,129.72,437.12,dollars
2960-NKRSO,Month-to-Month,Yes,Electronic check,8595,9.53,2107.15,0,0,228.72,2335.87,cents
2961-VNFKL,Two Year,Yes,Credit card (automatic),25.95,24.71,1801.9,0,0,1754.41,3556.31,dollars
2962-XPMCQ,Month-to-Month,Yes,Electronic check,45.15,6.47,98.5,0,0,12.94,111.44,dollars
2967-MXRAV,One Year,No,Mailed check,18.8,43.57,18.8,0,0,43.57,62.37,dollars
2968-SSGAA,Month-to-Month,Yes,Electronic check,100.6,45.21,1060.2,0,0,452.1,1512.3,dollars
2969-QWUBZ,Month-to-Month,No,Electronic check,51.4,0,96.8,0,0,0,96.8,dollars
2969-VAPYH,One Year,No,Credit card (automatic),60.5,35.99,3870,0,0,2411.33,6281.33,dollars
2969-WGHQO,One Year,No,Electronic check,69.45,18.91,477.05,0,0,132.37,609.42,dollars
2971-SGAFL,Month-to-Month,Yes,Electronic check,78.75,38.4,995.35,0,50,499.2,1544.55,dollars
2972-YDYUW,One Year,No,Electronic check,94.7,38.94,5468.95,0,0,2219.58,7688.53,dollars
2974-GGUXS,Month-to-Month,Yes,Credit card (automatic),9195,11.32,3301.05,17.76,0,407.52,3690.81,cents
2977-CEBSX,Two Year,Yes,Credit card (automatic),90.05,13.28,5965.95,0,0,876.48,6842.43,dollars
2978-XXSOG,Month-to-Month,Yes,Mailed check,5905,32.75,1253.5,0,0,720.5,1974,cents
2979-SXESE,Month-to-Month,No,Electronic check,9440,25.79,1607.2,0,0,438.43,2045.63,cents
2982-IHMFT,Month-to-Month,Yes,Mailed check,74.45,39.61,74.45,0,0,39.61,114.06,dollars
2982-VPSGI,Month-to-Month,Yes,Electronic check,94,25.67,1078.9,0,0,282.37,1361.27,dollars
2983-ZANRP,Month-to-Month,Yes,Bank transfer (automatic),73.55,8.5,145.4,0,0,17,162.4,dollars
2984-AFWNC,Month-to-Month,No,Electronic check,95.4,17.01,293.15,0,0,51.03,344.18,dollars
2984-MIIZL,Month-to-Month,Yes,Bank transfer (automatic),74.8,7.26,321.9,0,0,29.04,350.94,dollars
2984-RGEYA,Two Year,No,Bank transfer (automatic),19.75,5.27,1375.4,0,0,363.63,1739.03,dollars
2984-TBYKU,Two Year,Yes,Credit card (automatic),104.9,32.22,7732.65,0,0,2319.84,10052.49,dollars
2985-FMWYF,Month-to-Month,Yes,Electronic check,93.5,18.12,2341.55,0,0,416.76,2758.31,dollars
2985-JUUBZ,Month-to-Month,Yes,Electronic check,74.55,13.86,3015.75,0,0,554.4,3570.15,dollars
2987-BJXIK,Two Year,No,Mailed check,84.7,16.93,5991.05,0,0,1185.1,7176.15,dollars
2988-GBIVW,Two Year,Yes,Electronic check,90.85,38.5,6470.1,0,0,2695,9165.1,dollars
2988-PLAHS,One Year,Yes,Electronic check,69.95,29.51,220.45,0,30,88.53,338.98,dollars
2988-QRAJY,Two Year,Yes,Credit card (automatic),110.05,5.71,7430.75,23.16,0,393.99,7801.58,dollars
2990-HWIML,Month-to-Month,Yes,Electronic check,8950,47.92,573.3,0,0,287.52,860.82,cents
2990-IAJSV,Two Year,No,Bank transfer (automatic),92,45.41,6632.75,0,0,3269.52,9902.27,dollars
2990-OGYTD,Two Year,No,Bank transfer (automatic),8615,3.2,5883.85,0,0,214.4,6098.25,cents
2995-UPRYS,One Year,Yes,Credit card (automatic),99.2,19.76,4062.2,0,0,790.4,4852.6,dollars
2995-YWTCD,Two Year,Yes,Bank transfer (automatic),2490,31.58,467.7,0,0,600.02,1067.72,cents
2996-XAUVF,Two Year,Yes,Mailed check,40.05,0,2799.75,0,0,0,2799.75,dollars
2999-AANRQ,Two Year,No,Credit card (automatic),7105,17.35,1524.85,16.91,140,364.35,2012.29,cents
3001-CBHLQ,Month-to-Month,Yes,Electronic check,10490,43.51,3351.55,33.73,0,1392.32,4710.14,cents
3001-UNBTL,Month-to-Month,Yes,Electronic check,10395,49.36,2964.8,0,0,1431.44,4396.24,cents
3002-WQZWT,Month-to-Month,Yes,Electronic check,74.2,16.38,1993.25,0,0,475.02,2468.27,dollars
3003-CMDUU,Month-to-Month,Yes,Electronic check,9515,29.81,2395.7,0,80,745.25,3220.95,cents
3005-NFMTA,Month-to-Month,Yes,Electronic check,98.8,8.93,5617.75,0,0,491.15,6108.9,dollars
3005-TYFRD,Month-to-Month,Yes,Credit card (automatic),10365,33.66,5676.65,0,0,1851.3,7527.95,cents
3006-XIMLN,Month-to-Month,Yes,Bank transfer (automatic),9420,42.89,193.8,0,0,85.78,279.58,cents
3007-FDPEA,Month-to-Month,Yes,Bank transfer (automatic),2070,13.89,39.85,0,0,27.78,67.63,cents
3009-JWMPU,One Year,Yes,Electronic check,96.75,22.64,6125.4,0,0,1403.68,7529.08,dollars
3011-WQKSZ,Month-to-Month,Yes,Electronic check,2000,24.1,377.55,0,0,457.9,835.45,cents
3012-VFFMN,Month-to-Month,No,Mailed check,20.65,5.01,158.95,0,0,35.07,194.02,dollars
3014-WJKSM,Month-to-Month,Yes,Credit card (automatic),7530,3.35,2263.4,0,0,97.15,2360.55,cents
3016-KSVCP,Month-to-Month,No,Mailed check,33.75,0,1009.25,0,0,0,1009.25,dollars
3018-TFTSU,Month-to-Month,No,Bank transfer (automatic),81.7,18.38,858.6,0,0,220.56,1079.16,dollars
3021-VLNRJ,One Year,Yes,Credit card (automatic),7080,37.52,3478.15,0,0,1876,5354.15,cents
3022-BEXHZ,Two Year,Yes,Bank transfer (automatic),111.2,40.96,7530.8,0,0,2744.32,10275.12,dollars
3023-GFLBR,Month-to-Month,No,Credit card (automatic),8615,14.34,2745.7,0,0,473.22,3218.92,cents
3026-ATZYV,One Year,No,Bank transfer (automatic),75.1,1.12,2658.8,0,0,41.44,2700.24,dollars
3027-YNWZU,Two Year,No,Credit card (automatic),25,6.81,1584.8,0,0,435.84,2020.64,dollars
3027-ZTDHO,Month-to-Month,Yes,Electronic check,89.9,32.85,89.9,0,0,32.85,122.75,dollars
3030-YDNRM,Month-to-Month,Yes,Electronic check,7484.999999999999,11.58,572.45,0,0,92.64,665.09,cents
3030-YZADT,Month-to-Month,No,Mailed check,44.95,2.88,431,0,10,25.92,466.92,dollars
3030-ZKIWL,Month-to-Month,No,Mailed check,2005,18.15,20.05,0,0,18.15,38.2,cents
3034-ZBEQN,One Year,No,Mailed check,3470.0000000000005,0,1604.5,0,0,0,1604.5,cents
3038-PQIUY,Month-to-Month,Yes,Bank transfer (automatic),66.15,20.14,2522.4,0,0,765.32,3287.72,dollars
3039-MJSLN,Month-to-Month,No,Bank transfer (automatic),2020,18.43,50.6,0,0,55.29,105.89,cents
3043-SUDUA,Month-to-Month,No,Bank transfer (automatic),1989.9999999999998,15.53,601.55,0,0,496.96,1098.51,cents
3043-TYBNO,Month-to-Month,No,Mailed check,60.65,22.49,196.9,0,0,67.47,264.37,dollars
3045-XETSH,Month-to-Month,Yes,Electronic check,94.85,43.26,953.45,0,0,432.6,1386.05,dollars
3049-NDXFL,Month-to-Month,No,Mailed check,85.8,34.47,85.8,0,0,34.47,120.27,dollars
3049-SOLAY,Month-to-Month,Yes,Electronic check,9520,23.26,292.85,0,20,69.78,382.63,cents
3050-GBUSH,Month-to-Month,Yes,Credit card (automatic),34.8,0,113.95,0,0,0,113.95,dollars
3050-RLLXC,Two Year,No,Credit card (automatic),81.25,25.9,4620.4,0,0,1450.4,6070.8,dollars
3055-MJDSB,Month-to-Month,Yes,Mailed check,24.6,0,190.1,0,0,0,190.1,dollars
3055-OYMSE,Month-to-Month,Yes,Credit card (automatic),73.8,16.74,4003.85,0,0,887.22,4891.07,dollars
3055-VTCGS,One Year,No,Credit card (automatic),58.55,27.38,3503.5,0,0,1724.94,5228.44,dollars
3057-VJJQE,Two Year,No,Mailed check,55.25,20.39,1924.1,0,0,713.65,2637.75,dollars
3058-HJCUY,One Year,Yes,Electronic check,10260,45.03,4213.35,2.93,0,1846.23,6056.65,cents
3058-WQDRE,Month-to-Month,Yes,Bank transfer (automatic),25.15,0,331.85,48.59,0,0,283.26,dollars
3059-NGMXB,Month-to-Month,No,Mailed check,6920,2.96,944.65,0,0,41.44,986.09,cents
3061-BCKYI,Month-to-Month,No,Mailed check,1989.9999999999998,43.5,283.75,0,0,609,892.75,cents
3062-ICYZQ,Month-to-Month,Yes,Electronic check,93.8,27.23,4539.35,0,0,1388.73,5928.08,dollars
3063-QFSZL,Month-to-Month,Yes,Electronic check,55.4,13.01,55.4,0,0,13.01,68.41,dollars
3066-RRJIO,Month-to-Month,Yes,Mailed check,69.95,13.04,69.95,0,0,13.04,82.99,dollars
3067-SVMTC,One Year,No,Bank transfer (automatic),5590,44.79,3848.8,0,20,3045.72,6914.52,cents
3068-OMWZA,Month-to-Month,Yes,Electronic check,88.8,49.6,88.8,0,10,49.6,148.4,dollars
3069-SSVSN,One Year,No,Mailed check,25.85,0,25.85,0,0,0,25.85,dollars
3070-BDOQC,Two Year,Yes,Electronic check,99.65,16.81,5941.05,0,0,1008.6,6949.65,dollars
3070-DVEYC,Month-to-Month,No,Mailed check,7375,32.4,545.15,0,0,226.8,771.95,cents
3070-FNFZQ,Two Year,No,Bank transfer (automatic),20.4,39.59,478.75,0,0,910.57,1389.32,dollars
3071-MVJCD,Two Year,No,Bank transfer (automatic),82.3,48.44,5815.15,0,0,3487.68,9302.83,dollars
3071-VBYPO,Month-to-Month,No,Electronic check,89.85,33.3,248.4,0,0,99.9,348.3,dollars
3074-GQWYX,Month-to-Month,Yes,Bank transfer (automatic),7590.000000000001,46.88,357.75,0,0,234.4,592.15,cents
3077-RSNTJ,Month-to-Month,No,Mailed check,1970,5.52,113.5,0,0,33.12,146.62,cents
3078-ZKNTS,Two Year,Yes,Bank transfer (automatic),1975,5.58,246.7,0,0,72.54,319.24,cents
3079-BCHLN,One Year,No,Bank transfer (automatic),19.9,43.2,942.95,0,0,2030.4,2973.35,dollars
3082-VQXNH,Month-to-Month,No,Credit card (automatic),29.8,0,94.4,0,0,0,94.4,dollars
3082-WQRVY,One Year,No,Mailed check,19.65,45.76,228.65,0,0,640.64,869.29,dollars
3082-YVEKW,Two Year,Yes,Bank transfer (automatic),77.15,33.02,1759.4,0,0,759.46,2518.86,dollars
3084-DOWLE,Two Year,No,Bank transfer (automatic),92,43.29,6474.4,0,110,3116.88,9701.28,dollars
3085-QUOZK,Month-to-Month,No,Mailed check,43.95,34.48,43.95,0,0,34.48,78.43,dollars
3086-RUCRN,Month-to-Month,Yes,Bank transfer (automatic),10310,43.14,6595,0,0,2847.24,9442.24,cents
3088-FVYWK,Two Year,No,Credit card (automatic),25.55,33.31,1336.1,37.37,0,1765.43,3064.16,dollars
3088-LHEFH,Month-to-Month,Yes,Bank transfer (automatic),7900,10.06,929.3,0,0,110.66,1039.96,cents
3090-HAWSU,Two Year,Yes,Credit card (automatic),111.6,7.82,6876.05,0,0,477.02,7353.07,dollars
3090-LETTY,Month-to-Month,No,Bank transfer (automatic),60.95,14.88,134.6,0,0,29.76,164.36,dollars
3090-QFUVD,Month-to-Month,No,Credit card (automatic),20.3,4.09,20.3,0,0,4.09,24.39,dollars
3091-FYHKI,Month-to-Month,Yes,Electronic check,35.45,0,35.45,0,0,0,35.45,dollars
3092-IGHWF,One Year,No,Electronic check,87.4,28.4,5918.8,0,0,1902.8,7821.6,dollars
3094-JOJAI,Month-to-Month,No,Mailed check,74.15,4.38,1387,0,0,78.84,1465.84,dollars
3096-GKWEB,Month-to-Month,Yes,Electronic check,94.75,34.17,1691.9,0,0,615.06,2306.96,dollars
3096-IZETN,Month-to-Month,No,Bank transfer (automatic),7809.999999999999,42.55,947.3,0,0,510.6,1457.9,cents
3096-JRDSO,Month-to-Month,Yes,Bank transfer (automatic),104.3,10.19,2867.75,0,0,275.13,3142.88,dollars
3096-WPXBT,One Year,Yes,Credit card (automatic),10070,18.26,6018.65,0,90,1113.86,7222.51,cents
3096-YXENJ,Two Year,Yes,Bank transfer (automatic),10765,27.69,7082.85,0,0,1799.85,8882.7,cents
3097-FQTVJ,Two Year,No,Mailed check,20,10.09,810.3,0,0,413.69,1223.99,dollars
3097-IDVPU,Month-to-Month,No,Credit card (automatic),50.1,9.47,910.45,0,120,179.93,1210.38,dollars
3097-NNSPB,Month-to-Month,Yes,Credit card (automatic),4905,14.7,91.1,0,40,29.4,160.5,cents
3097-NQYSN,Month-to-Month,Yes,Mailed check,86.85,4.19,156.35,0,40,8.38,204.73,dollars
3097-PYWXL,Month-to-Month,Yes,Electronic check,19.95,28.55,82.9,0,0,114.2,197.1,dollars
3099-OONVS,Month-to-Month,No,Electronic check,5430,37.97,1296.8,0,0,949.25,2246.05,cents
3104-OWCGK,One Year,No,Electronic check,90.95,33.25,5453.4,0,0,1995,7448.4,dollars
3106-ULWFW,Month-to-Month,Yes,Credit card (automatic),8520,26.41,627.4,0,0,211.28,838.68,cents
3108-PCCGG,Two Year,No,Credit card (automatic),84.45,16.72,5899.85,0,0,1203.84,7103.69,dollars
3113-IWHLC,Month-to-Month,Yes,Mailed check,5580,41.29,274.35,0,0,206.45,480.8,cents
3115-CZMZD,Two Year,No,Mailed check,2025,13.16,202.5,0,0,131.6,334.1,cents
3115-JPJDD,One Year,Yes,Credit card (automatic),81.25,29.6,4639.45,0,0,1746.4,6385.85,dollars
3118-UHVVQ,Two Year,No,Credit card (automatic),2580,17.12,1911.5,0,0,1164.16,3075.66,cents
3120-FAZKD,Two Year,Yes,Bank transfer (automatic),24.05,41.58,1230.9,0,0,2245.32,3476.22,dollars
3125-RAHBV,One Year,No,Credit card (automatic),20.3,23.03,467.15,0,0,506.66,973.81,dollars
3126-WQMGH,Month-to-Month,Yes,Credit card (automatic),52.15,28.42,2583.75,0,50,1392.58,4026.33,dollars
3128-YOVTD,Month-to-Month,Yes,Bank transfer (automatic),7915.000000000001,2.53,4018.55,0,0,129.03,4147.58,cents
3129-AAQOU,Two Year,No,Mailed check,25.6,38.43,485.9,0,0,730.17,1216.07,dollars
3130-ICDUP,Month-to-Month,No,Credit card (automatic),80.55,5.3,188.1,0,0,10.6,198.7,dollars
3131-NWVFJ,One Year,No,Mailed check,19.55,19.03,294.5,0,0,266.42,560.92,dollars
3132-TVFDZ,Month-to-Month,Yes,Electronic check,44.85,0,2572.95,12.07,0,0,2560.88,dollars
3133-PZNSR,Two Year,Yes,Credit card (automatic),9775,20.79,6991.6,0,0,1496.88,8488.48,cents
3134-DSHVC,Two Year,No,Credit card (automatic),98,23.62,6218.45,0,0,1488.06,7706.51,dollars
3137-LUPIX,Month-to-Month,Yes,Mailed check,64.4,1.1,253,0,0,4.4,257.4,dollars
3137-NYQQI,One Year,No,Mailed check,64.8,45.35,1175.6,0,0,770.95,1946.55,dollars
3138-BKYAV,Month-to-Month,Yes,Electronic check,85.35,11.97,489.45,0,0,71.82,561.27,dollars
3143-ILDAL,Month-to-Month,Yes,Electronic check,9445,25.41,5124.6,0,0,1422.96,6547.56,cents
3143-JQEGI,Month-to-Month,No,Electronic check,88.35,17.83,1222.8,0,0,231.79,1454.59,dollars
3144-AUDBS,Month-to-Month,Yes,Electronic check,4915,6.94,270.8,0,0,41.64,312.44,cents
3144-KMTWZ,Month-to-Month,Yes,Bank transfer (automatic),93.25,26.56,6669.45,0,90,1885.76,8645.21,dollars
3146-JTQHR,One Year,No,Bank transfer (automatic),19.6,39.35,189.45,0,0,393.5,582.95,dollars
3146-MSEGF,Two Year,Yes,Credit card (automatic),88.05,20.48,6425.65,0,0,1474.56,7900.21,dollars
3148-AOIQT,Two Year,Yes,Credit card (automatic),24.95,45.12,1718.35,0,0,3113.28,4831.63,dollars
3148-BLQJT,Month-to-Month,No,Mailed check,20.1,16.81,20.1,0,0,16.81,36.91,dollars
3154-CFSZG,Month-to-Month,No,Electronic check,9005,38.25,4137.2,0,0,1797.75,5934.95,cents
3154-HMWUU,Two Year,Yes,Bank transfer (automatic),20.5,31.29,1198.8,0,0,1877.4,3076.2,dollars
3156-QLHBO,Month-to-Month,No,Mailed check,19.25,21.18,48.35,0,0,42.36,90.71,dollars
3158-MOERK,Month-to-Month,Yes,Electronic check,96,48.34,174.8,0,0,96.68,271.48,dollars
3160-TYXLT,Month-to-Month,Yes,Bank transfer (automatic),46.3,0,2546.85,0,0,0,2546.85,dollars
3161-GETRM,Month-to-Month,Yes,Credit card (automatic),9005,20.05,3097,0,0,681.7,3778.7,cents
3161-ONRWK,One Year,Yes,Bank transfer (automatic),6584.999999999999,43.57,3928.3,0,0,2614.2,6542.5,cents
3162-KKZXO,One Year,Yes,Electronic check,100.15,29.6,5409.75,0,0,1628,7037.75,dollars
3162-ZJZFU,Month-to-Month,Yes,Electronic check,92.55,24.33,4779.45,0,0,1289.49,6068.94,dollars
3164-AALRN,One Year,Yes,Mailed check,70,45.25,347.4,0,10,226.25,583.65,dollars
3164-YAXFY,Month-to-Month,Yes,Electronic check,53.75,0,3196,0,0,0,3196,dollars
3165-HDOEW,Month-to-Month,Yes,Mailed check,45.85,14.9,45.85,0,0,14.9,60.75,dollars
3166-PNEOF,Two Year,No,Credit card (automatic),86.45,4.51,5175.3,0,0,275.11,5450.41,dollars
3167-SNQPL,One Year,No,Electronic check,101.15,28.3,3741.85,0,0,1075.4,4817.25,dollars
3170-GWYKC,Month-to-Month,Yes,Bank transfer (automatic),10495,22.88,6236.75,0,0,1372.8,7609.55,cents
3170-NMYVV,Two Year,No,Bank transfer (automatic),20.15,26.95,930.9,0,0,1347.5,2278.4,dollars
3173-NVMPX,Month-to-Month,Yes,Mailed check,5530,23.36,501.2,0,0,210.24,711.44,cents
3173-WSSUE,Two Year,No,Credit card (automatic),1970,22.36,1415.85,0,0,1587.56,3003.41,cents
3174-AKMAS,Two Year,Yes,Credit card (automatic),64.2,37.02,3009.5,0,0,1702.92,4712.42,dollars
3174-RKMOW,Month-to-Month,Yes,Electronic check,109.95,48.3,3782.4,31.9,0,1690.5,5441,dollars
3177-LASXD,Month-to-Month,No,Electronic check,71.35,40.4,71.35,0,0,40.4,111.75,dollars
3178-CIFOT,One Year,Yes,Credit card (automatic),19.65,10.41,478.1,0,0,239.43,717.53,dollars
3178-FESZO,Month-to-Month,Yes,Credit card (automatic),10025,20.23,100.25,0,0,20.23,120.48,cents
3179-GBRWV,One Year,Yes,Bank transfer (automatic),64.95,42.95,1339.8,0,0,901.95,2241.75,dollars
3181-MIZBN,Month-to-Month,No,Electronic check,19.75,31.99,313.4,0,0,511.84,825.24,dollars
3181-VTHOE,One Year,Yes,Bank transfer (automatic),51.05,0,3635.15,0,120,0,3755.15,dollars
3186-AJIEK,Two Year,Yes,Bank transfer (automatic),10565,30.96,6844.5,0,0,2043.36,8887.86,cents
3186-BAXNB,Month-to-Month,No,Electronic check,9170,17.23,91.7,0,0,17.23,108.93,cents
3190-FZATL,Month-to-Month,No,Mailed check,19.95,40.66,268.4,0,0,569.24,837.64,dollars
3190-ITQXP,Two Year,No,Bank transfer (automatic),20.25,27.65,890.35,0,0,1271.9,2162.25,dollars
3190-XFANI,One Year,Yes,Bank transfer (automatic),10060,18.97,5069.65,0,0,929.53,5999.18,cents
3191-CSNMG,Month-to-Month,Yes,Electronic check,8070,23.72,239.45,0,0,71.16,310.61,cents
3192-LNKRK,Month-to-Month,Yes,Mailed check,84.05,5.65,2909.95,0,0,192.1,3102.05,dollars
3192-NQECA,Two Year,Yes,Bank transfer (automatic),110,14.79,7611.85,0,0,1005.72,8617.57,dollars
3194-ORPIK,Month-to-Month,Yes,Bank transfer (automatic),84.4,35.33,4116.15,0,0,1766.5,5882.65,dollars
3195-TQDZX,Month-to-Month,Yes,Electronic check,20.25,1.57,61.45,0,0,4.71,66.16,dollars
3196-NVXLZ,Month-to-Month,Yes,Mailed check,8460,9.57,2088.05,0,0,239.25,2327.3,cents
3197-ARFOY,One Year,Yes,Mailed check,105,7.95,2007.25,0,20,151.05,2178.3,dollars
3197-NNYNB,Two Year,No,Credit card (automatic),105.1,27.75,6631.85,0,0,1803.75,8435.6,dollars
3198-VELRD,Month-to-Month,Yes,Bank transfer (automatic),84.75,38.09,264.85,0,0,114.27,379.12,dollars
3199-NPKCN,One Year,Yes,Electronic check,111.25,35.03,7511.65,0,0,2347.01,9858.66,dollars
3199-XGZCY,Month-to-Month,Yes,Electronic check,7525,18.82,576.7,0,0,150.56,727.26,cents
3200-MNQTF,Two Year,No,Credit card (automatic),70.9,28.06,4677.1,0,0,1880.02,6557.12,dollars
3205-MXZRA,One Year,No,Credit card (automatic),59.45,3.26,1507,0,0,84.76,1591.76,dollars
3207-OYBWH,Month-to-Month,Yes,Bank transfer (automatic),95.25,49.91,5427.05,12.59,0,2844.87,8259.33,dollars
3208-YPIOE,Month-to-Month,No,Electronic check,7525,36.17,3017.65,0,0,1410.63,4428.28,cents
3209-ZPKFI,Month-to-Month,No,Electronic check,54.25,39.25,2538.2,0,0,1844.75,4382.95,dollars
3211-AAPKX,Month-to-Month,Yes,Mailed check,98.55,23.22,2031.95,0,0,464.4,2496.35,dollars
3211-ILJTT,Month-to-Month,Yes,Bank transfer (automatic),7040.000000000001,13.68,1214.05,0,0,232.56,1446.61,cents
3212-KXOCR,Two Year,No,Bank transfer (automatic),21,28.3,1107.2,0,0,1471.6,2578.8,dollars
3213-VVOLG,Two Year,No,Mailed check,2535,36.37,253.5,0,0,363.7,617.2,cents
3214-IYUUQ,One Year,No,Bank transfer (automatic),9370,10.21,5860.7,0,0,622.81,6483.51,cents
3217-FZDMN,Month-to-Month,Yes,Credit card (automatic),9445,5.21,742.95,0,0,41.68,784.63,cents
3219-JQRSL,Two Year,No,Credit card (automatic),8910,24.44,6352.4,0,0,1759.68,8112.08,cents
3221-CJMSG,Month-to-Month,Yes,Credit card (automatic),51.1,2.33,1269.6,0,0,55.92,1325.52,dollars
3223-DWFIO,Two Year,No,Electronic check,69.35,30.11,261.65,0,0,120.44,382.09,dollars
3223-WZWJM,Month-to-Month,Yes,Electronic check,83.95,14.3,2254.2,0,0,371.8,2626,dollars
3224-DFQNQ,One Year,No,Electronic check,89,37.38,5898.6,0,0,2467.08,8365.68,dollars
3227-WLKLI,Two Year,No,Bank transfer (automatic),91.55,10.11,5963.95,0,0,657.15,6621.1,dollars
3229-USWAR,One Year,Yes,Bank transfer (automatic),7995,5.32,2727.3,0,0,180.88,2908.18,cents
3230-IUALN,Two Year,Yes,Mailed check,8100,26.01,3533.6,0,0,1170.45,4704.05,cents
3230-JCNZS,Two Year,Yes,Credit card (automatic),99,15.73,7061.65,0,0,1116.83,8178.48,dollars
3230-WYKIR,One Year,Yes,Credit card (automatic),82,12.5,1425.45,0,0,225,1650.45,dollars
3234-VKACU,Month-to-Month,No,Electronic check,70.3,23.52,132.4,0,0,47.04,179.44,dollars
3235-ETOOB,Month-to-Month,Yes,Electronic check,74.5,47.91,609.9,0,0,383.28,993.18,dollars
3237-AJGEH,Month-to-Month,Yes,Mailed check,31,0,95.05,0,20,0,115.05,dollars
3239-TPHPZ,Two Year,Yes,Electronic check,2005,40.34,264.55,0,0,484.08,748.63,cents
3243-ZHOHY,One Year,No,Mailed check,20.1,20.65,296.15,0,0,330.4,626.55,dollars
3244-CQPHU,Two Year,Yes,Bank transfer (automatic),11010,14.12,7746.7,44.81,0,1016.64,8718.53,cents
3244-DCJWY,Month-to-Month,Yes,Electronic check,7025,23,70.25,0,0,23,93.25,cents
3247-MHJKM,Month-to-Month,No,Mailed check,20.2,42.15,20.2,0,0,42.15,62.35,dollars
3247-ZVOUO,Month-to-Month,No,Electronic check,85.55,6.01,851.75,0,0,60.1,911.85,dollars
3249-VHRIP,Two Year,Yes,Credit card (automatic),43.6,0,2748.7,0,0,0,2748.7,dollars
3249-ZPQRG,Month-to-Month,No,Electronic check,78.45,42.06,330.05,0,0,168.24,498.29,dollars
3251-YMVWZ,One Year,No,Bank transfer (automatic),24.05,39.37,1301.9,0,0,2086.61,3388.51,dollars
3253-HKOKL,One Year,No,Electronic check,100.3,7.99,5244.45,0,0,415.48,5659.93,dollars
3254-YRILK,Month-to-Month,Yes,Electronic check,8820,39.97,1775.8,0,0,759.43,2535.23,cents
3255-GRXMG,Month-to-Month,Yes,Credit card (automatic),45.65,34.07,747.2,0,40,613.26,1400.46,dollars
3256-EZDBI,Month-to-Month,Yes,Credit card (automatic),29.45,0,1459.35,0,0,0,1459.35,dollars
3258-SANFR,Month-to-Month,No,Credit card (automatic),4470,19.74,276.5,0,0,118.44,394.94,cents
3258-SYSWS,Two Year,No,Bank transfer (automatic),11380,24.67,7845.8,0,0,1776.24,9622.04,cents
3258-ZKPAI,Two Year,Yes,Bank transfer (automatic),116.6,21.29,8337.45,26.7,0,1532.88,9843.63,dollars
3259-FDWOY,Two Year,Yes,Bank transfer (automatic),106,47.34,7723.7,0,0,3361.14,11084.84,dollars
3259-KNMRR,Two Year,Yes,Bank transfer (automatic),79.75,9.1,4438.2,0,0,518.7,4956.9,dollars
3259-QMXUN,Two Year,Yes,Electronic check,86.1,22.14,4890.5,0,110,1284.12,6284.62,dollars
3261-CQXOL,Two Year,No,Bank transfer (automatic),2545,4.15,1813.35,0,0,294.65,2108,cents
3262-EIDHV,Two Year,No,Credit card (automatic),84.7,24.9,5893.9,0,0,1792.8,7686.7,dollars
3266-FTKHB,Two Year,No,Mailed check,19.15,27.66,343.45,28.63,0,470.22,785.04,dollars
3269-ATYWD,Month-to-Month,Yes,Bank transfer (automatic),95.65,41.93,3759.05,0,150,1635.27,5544.32,dollars
3272-VUHPV,Month-to-Month,No,Bank transfer (automatic),56.3,31.86,401.5,0,30,254.88,686.38,dollars
3274-NSDWE,Two Year,No,Credit card (automatic),19.6,32.99,1441.65,0,0,2243.32,3684.97,dollars
3275-RHRNE,One Year,Yes,Credit card (automatic),60,0,1682.05,0,0,0,1682.05,dollars
3276-HDUEG,Month-to-Month,Yes,Mailed check,75.05,32.86,75.05,0,0,32.86,107.91,dollars
3278-FSIXX,Month-to-Month,Yes,Mailed check,45.25,39.5,74.2,0,0,79,153.2,dollars
3279-DYZQM,Two Year,No,Mailed check,19.45,11.3,1378.45,0,0,802.3,2180.75,dollars
3280-MRDOF,Two Year,Yes,Credit card (automatic),69.1,19.92,2093.9,21.08,0,597.6,2670.42,dollars
3280-NMUVX,One Year,No,Credit card (automatic),19.6,26.03,678.8,0,0,885.02,1563.82,dollars
3282-ZISZV,One Year,No,Credit card (automatic),83.7,37.48,2633.3,0,0,1199.36,3832.66,dollars
3283-WCWXT,Two Year,No,Mailed check,25.4,31.73,153.3,0,0,190.38,343.68,dollars
3284-SVCRO,Two Year,No,Mailed check,25.5,42.32,1121.05,0,0,1904.4,3025.45,dollars
3285-UCQVC,Month-to-Month,No,Credit card (automatic),28.6,0,973.55,0,0,0,973.55,dollars
3292-PBZEJ,Two Year,Yes,Electronic check,111.4,2.63,1183.05,0,40,28.93,1251.98,dollars
3295-YVUSR,Month-to-Month,Yes,Mailed check,7259.999999999999,15.19,154.3,0,0,30.38,184.68,cents
3296-SILRA,Month-to-Month,Yes,Mailed check,76.4,41.16,76.4,0,0,41.16,117.56,dollars
3298-QEICA,Two Year,No,Mailed check,3460,0,813.45,0,0,0,813.45,cents
3301-LSLWQ,Month-to-Month,Yes,Electronic check,6609.999999999999,17.87,1912.15,0,0,518.23,2430.38,cents
3301-VKTGC,One Year,Yes,Bank transfer (automatic),85.5,29.67,5696.6,0,0,2017.56,7714.16,dollars
3307-TLCUD,Month-to-Month,No,Mailed check,34.4,0,592.75,0,0,0,592.75,dollars
3308-DGHKL,Two Year,Yes,Bank transfer (automatic),19.3,17.74,1447.9,0,0,1224.06,2671.96,dollars
3308-JSGML,Two Year,Yes,Credit card (automatic),64.05,0,3886.85,0,0,0,3886.85,dollars
3308-MHOOC,Month-to-Month,Yes,Mailed check,19.2,17.89,19.2,0,0,17.89,37.09,dollars
3312-UUMZW,Month-to-Month,Yes,Credit card (automatic),98.85,47.89,3145.9,0,0,1532.48,4678.38,dollars
3312-ZWLGF,Month-to-Month,Yes,Electronic check,79.3,10.55,2414.55,0,0,305.95,2720.5,dollars
3313-QKNKB,One Year,No,Electronic check,85.55,6.91,5084.65,0,0,407.69,5492.34,dollars
3315-IKYZQ,One Year,No,Mailed check,50.8,0,1386.8,0,0,0,1386.8,dollars
3315-TOTBP,Month-to-Month,Yes,Mailed check,76,44.86,1130.85,0,0,672.9,1803.75,dollars
3316-UWXUY,Month-to-Month,Yes,Credit card (automatic),93.5,40.83,4747.5,0,0,2041.5,6789,dollars
3317-HRTNN,Month-to-Month,No,Electronic check,45.7,0,198,0,0,0,198,dollars
3317-VLGQT,Month-to-Month,Yes,Electronic check,7809.999999999999,4.45,1122.4,0,0,62.3,1184.7,cents
3318-ISQFQ,Month-to-Month,Yes,Bank transfer (automatic),19.5,10.97,413,0,0,219.4,632.4,dollars
3318-NMQXL,Month-to-Month,Yes,Electronic check,92,15.6,266.8,0,0,46.8,313.6,dollars
3318-OSATS,Month-to-Month,Yes,Electronic check,9545,35.1,3474.05,0,80,1228.5,4782.55,cents
3319-DWOEP,Month-to-Month,Yes,Electronic check,9575,47.9,573.75,0,0,287.4,861.15,cents
3320-VEOYC,Month-to-Month,Yes,Electronic check,95.6,37.62,1273.3,0,0,526.68,1799.98,dollars
3323-CPBWR,Month-to-Month,Yes,Credit card (automatic),96.9,8.5,2085.45,0,0,195.5,2280.95,dollars
3324-OIRTO,One Year,Yes,Bank transfer (automatic),104.65,14.14,7288.4,0,0,1003.94,8292.34,dollars
3325-FUYCG,One Year,No,Electronic check,106.1,9.62,2847.4,0,0,269.36,3116.76,dollars
3327-YBAKM,One Year,Yes,Mailed check,96.9,19.22,6314.35,13.37,0,1230.08,7531.06,dollars
3329-WDIOK,Month-to-Month,Yes,Electronic check,5060,0,155.35,0,0,0,155.35,cents
3331-HQDTW,Month-to-Month,Yes,Mailed check,109.8,7.99,3587.25,0,0,271.66,3858.91,dollars
3334-CTHOL,Month-to-Month,Yes,Bank transfer (automatic),49.95,43.49,49.95,0,0,43.49,93.44,dollars
3336-JORSO,Month-to-Month,Yes,Electronic check,11045,17.24,3655.45,0,70,568.92,4294.37,cents
3338-CVVEH,Month-to-Month,No,Electronic check,94.55,13.88,1173.55,0,0,166.56,1340.11,dollars
3339-EAQNV,One Year,Yes,Credit card (automatic),9725,11.23,7133.1,0,0,808.56,7941.66,cents
3340-QBBFM,One Year,No,Credit card (automatic),54.1,47.16,1992.85,1.09,0,1697.76,3689.52,dollars
3345-JHUEO,Month-to-Month,Yes,Electronic check,20.2,46.53,55.7,0,0,186.12,241.82,dollars
3345-PBBFH,Month-to-Month,Yes,Bank transfer (automatic),49.55,2.38,393.45,0,0,19.04,412.49,dollars
3346-BRMIS,Month-to-Month,Yes,Electronic check,48.35,0,810.7,0,0,0,810.7,dollars
3347-YJZZE,Month-to-Month,No,Credit card (automatic),80.1,6.73,2211.8,0,0,195.17,2406.97,dollars
3348-CFRNX,Month-to-Month,Yes,Mailed check,9235,37.66,2602.9,0,0,1054.48,3657.38,cents
3349-ANQNH,One Year,Yes,Electronic check,9950,24.27,5890,0,0,1431.93,7321.93,cents
3351-NGXYI,One Year,Yes,Electronic check,54.1,9.72,889,0,0,155.52,1044.52,dollars
3351-NQLDI,One Year,Yes,Credit card (automatic),94.35,30.94,6341.45,0,0,2072.98,8414.43,dollars
3352-ALMCK,Month-to-Month,Yes,Mailed check,102.65,32.78,4108.15,0,0,1311.2,5419.35,dollars
3352-RICWQ,Two Year,No,Mailed check,1975,16.13,210.65,0,0,145.17,355.82,cents
3354-OADJP,One Year,No,Bank transfer (automatic),54.25,42.78,447.75,0,0,342.24,789.99,dollars
3359-DSRKA,Two Year,Yes,Mailed check,1985.0000000000002,11.81,1158.85,0,0,684.98,1843.83,cents
3363-DTIVD,Two Year,No,Electronic check,105.55,25.02,7405.5,0,0,1776.42,9181.92,dollars
3363-EWLGO,Month-to-Month,No,Mailed check,1995,34.8,109.6,0,0,174,283.6,cents
3365-SAIGS,Month-to-Month,Yes,Electronic check,8355,22.61,1329.15,0,0,384.37,1713.52,cents
3370-GQEAL,Month-to-Month,No,Electronic check,8545,21.72,2509.95,23.13,120,651.6,3258.42,cents
3370-HXOPH,Month-to-Month,No,Electronic check,76.1,14.35,257.6,0,0,43.05,300.65,dollars
3372-CDXFJ,One Year,No,Bank transfer (automatic),24.5,48.7,343.6,0,0,633.1,976.7,dollars
3372-KWFBM,Month-to-Month,Yes,Electronic check,86.6,19.18,1281,0,0,306.88,1587.88,dollars
3373-DIUUN,Two Year,No,Mailed check,21.25,40,711.9,0,0,1200,1911.9,dollars
3373-YZZYM,Month-to-Month,No,Mailed check,19.2,32.78,19.2,0,0,32.78,51.98,dollars
3374-LXDEV,Month-to-Month,No,Electronic check,8940,8.59,1132.35,0,0,111.67,1244.02,cents
3374-PZLXD,Month-to-Month,No,Mailed check,1970,36.52,675.6,0,0,1241.68,1917.28,cents
3374-TTZTK,Two Year,Yes,Electronic check,10630,49.82,5487,0,0,2590.64,8077.64,cents
3376-BMGFE,Month-to-Month,Yes,Bank transfer (automatic),70.9,33.5,273,8.74,0,134,398.26,dollars
3378-AJRAO,One Year,No,Electronic check,2485,32.22,1013.6,0,0,1417.68,2431.28,cents
3384-CTMSF,Month-to-Month,Yes,Electronic check,104.1,48.69,5135.15,0,0,2288.43,7423.58,dollars
3387-PLKUI,Month-to-Month,No,Mailed check,1880,16.74,251.25,0,0,217.62,468.87,cents
3387-VATUS,Month-to-Month,Yes,Bank transfer (automatic),94.85,40.15,462.8,0,0,200.75,663.55,dollars
3389-KTRXV,Two Year,No,Mailed check,23.85,7.11,625.65,0,0,163.53,789.18,dollars
3389-YGYAI,Month-to-Month,Yes,Electronic check,105.5,45.16,829.55,0,0,361.28,1190.83,dollars
3391-JSQEW,Month-to-Month,Yes,Mailed check,50.15,24.3,2058.5,37.03,0,972,2993.47,dollars
3392-EHMNK,Two Year,No,Credit card (automatic),94.1,11.4,6302.8,0,0,763.8,7066.6,dollars
3393-FMZPV,Month-to-Month,Yes,Electronic check,100.25,36.24,2387.75,0,0,906,3293.75,dollars
3396-DKDEL,Two Year,Yes,Credit card (automatic),115.15,11.36,8250,0,0,795.2,9045.2,dollars
3397-AVTKU,Two Year,Yes,Electronic check,60,21.64,2548.55,0,0,930.52,3479.07,dollars
3398-FSHON,Month-to-Month,Yes,Electronic check,91.3,34.01,1094.5,0,0,408.12,1502.62,dollars
3398-GCPMU,Two Year,Yes,Credit card (automatic),8955,5.77,6448.85,0,0,415.44,6864.29,cents
3398-ZOUAA,Month-to-Month,Yes,Electronic check,69.1,19.74,1474.75,0,0,414.54,1889.29,dollars
3399-BMLVW,Two Year,No,Credit card (automatic),6050,9.53,3121.45,0,0,486.03,3607.48,cents
3400-ESFUW,Two Year,No,Bank transfer (automatic),57.55,8.8,3046.4,0,60,484,3590.4,dollars
3401-URHDA,One Year,No,Credit card (automatic),59.9,9.85,3043.6,0,0,502.35,3545.95,dollars
3402-XRIUO,Two Year,Yes,Mailed check,63.55,17.22,1381.8,0,0,378.84,1760.64,dollars
3404-JNXAX,Month-to-Month,Yes,Electronic check,8075,29.56,4116.9,0,0,1507.56,5624.46,cents
3407-JMJQQ,Two Year,Yes,Bank transfer (automatic),109,1.84,7661.8,0,150,130.64,7942.44,dollars
3407-QGWLG,Month-to-Month,Yes,Mailed check,20.05,37.85,75.45,0,0,113.55,189,dollars
3410-MHHUM,One Year,No,Electronic check,94.4,24.71,4295.35,0,40,1087.24,5422.59,dollars
3410-YOQBQ,Two Year,No,Mailed check,79.2,25.57,2497.2,0,70,792.67,3359.87,dollars
3411-WLRSQ,Month-to-Month,Yes,Bank transfer (automatic),74.6,39.51,239.05,0,30,118.53,387.58,dollars
3413-BMNZE,One Year,No,Bank transfer (automatic),45.25,11.89,45.25,0,0,11.89,57.14,dollars
3413-CSSTH,Month-to-Month,Yes,Bank transfer (automatic),55.7,6.6,2237.55,0,0,270.6,2508.15,dollars
3413-DHLPB,Month-to-Month,Yes,Bank transfer (automatic),10375,2.83,5969.95,0,0,169.8,6139.75,cents
3415-TAILE,Month-to-Month,No,Mailed check,65.7,27.27,134.35,0,0,54.54,188.89,dollars
3417-TSCIC,One Year,Yes,Mailed check,24.85,0,788.05,0,0,0,788.05,dollars
3419-SNJJD,Month-to-Month,No,Bank transfer (automatic),10525,18.39,6786.4,0,0,1195.35,7981.75,cents
3420-YJLQT,Month-to-Month,No,Electronic check,79.55,25.56,151.75,0,0,51.12,202.87,dollars
3420-ZDBMA,Two Year,Yes,Mailed check,71.45,17.13,371.6,0,0,85.65,457.25,dollars
3422-GALYP,Month-to-Month,Yes,Electronic check,79.45,28.61,145.15,0,0,57.22,202.37,dollars
3422-LYEPQ,Month-to-Month,Yes,Electronic check,7100,18.84,71,0,0,18.84,89.84,cents
3422-WJOYD,One Year,No,Mailed check,54.35,33.63,1426.45,0,30,941.64,2398.09,dollars
3423-HHXAO,One Year,Yes,Mailed check,1950,41.05,272,0,0,574.7,846.7,cents
3424-NMNBO,One Year,Yes,Electronic check,108.85,49.38,6287.25,0,0,2864.04,9151.29,dollars
3426-NIYYL,Month-to-Month,No,Electronic check,51.55,3.15,765.5,0,20,47.25,832.75,dollars
3427-GGZZI,Month-to-Month,Yes,Electronic check,89.1,45.37,1620.8,0,0,862.03,2482.83,dollars
3428-MMGUB,Two Year,Yes,Electronic check,89.55,7.1,5231.2,0,0,426,5657.2,dollars
3428-XZMAZ,Month-to-Month,Yes,Electronic check,69.35,45.86,69.35,0,0,45.86,115.21,dollars
3429-IFLEM,Two Year,No,Credit card (automatic),77.35,18.2,5550.1,0,0,1292.2,6842.3,dollars
3439-GVUSX,Month-to-Month,No,Mailed check,24.4,0,24.4,0,0,0,24.4,dollars
3440-JPSCL,Month-to-Month,Yes,Mailed check,99.95,5.16,547.65,0,0,30.96,578.61,dollars
3441-CGZJH,One Year,Yes,Credit card (automatic),60.4,0,2640.55,0,100,0,2740.55,dollars
3442-ZHHCC,One Year,Yes,Credit card (automatic),7690.000000000001,1.27,5023,0,0,86.36,5109.36,cents
3445-HXXGF,Month-to-Month,Yes,Electronic check,45.3,0,2651.2,40.95,0,0,2610.25,dollars
3446-QDSZF,Month-to-Month,No,Credit card (automatic),55.5,38.96,227.35,0,0,155.84,383.19,dollars
3450-WXOAT,Month-to-Month,Yes,Credit card (automatic),4520,24.13,2065.15,0,0,1109.98,3175.13,cents
3451-VAWLI,Two Year,No,Credit card (automatic),1970,15.41,730.4,0,0,539.35,1269.75,cents
3452-ABWRL,One Year,Yes,Credit card (automatic),86.05,44.08,3865.6,0,0,2071.76,5937.36,dollars
3452-FLHYD,One Year,Yes,Bank transfer (automatic),20.95,25.08,495.15,0,0,627,1122.15,dollars
3452-GWUIN,Two Year,Yes,Electronic check,94.95,19.57,1760.25,0,0,371.83,2132.08,dollars
3452-SRFEG,Month-to-Month,Yes,Bank transfer (automatic),74.6,23.82,3720.35,0,0,1167.18,4887.53,dollars
3453-RTHJQ,Month-to-Month,Yes,Electronic check,69.1,18.65,435,0,0,111.9,546.9,dollars
3454-JFUBC,Two Year,Yes,Credit card (automatic),20,10.48,1396,0,0,712.64,2108.64,dollars
3457-PQBYH,Two Year,No,Credit card (automatic),20.3,17.21,1160.75,25.57,0,998.18,2133.36,dollars
3458-IDMFK,Two Year,Yes,Mailed check,20.75,29.38,499.4,0,0,734.5,1233.9,dollars
3460-TJBWI,Two Year,No,Mailed check,2420,7.37,609.05,0,0,176.88,785.93,cents
3462-BJQQA,Month-to-Month,Yes,Electronic check,8975,34.42,552.65,0,60,206.52,819.17,cents
3466-BYAVD,Month-to-Month,Yes,Mailed check,69.5,8.44,1071.4,0,0,126.6,1198,dollars
3466-RITXD,Month-to-Month,Yes,Credit card (automatic),9240,37.59,2349.8,0,0,977.34,3327.14,cents
3466-WAESX,Month-to-Month,Yes,Electronic check,69.1,13.99,1083.7,0,0,223.84,1307.54,dollars
3468-DRVQJ,One Year,No,Electronic check,70.3,26.37,676.15,0,0,263.7,939.85,dollars
3470-BTGQO,Month-to-Month,No,Mailed check,4565,19.57,985.05,0,0,410.97,1396.02,cents
3470-OBUET,Two Year,No,Credit card (automatic),74,43.01,4868.4,0,0,2881.67,7750.07,dollars
3472-OAOOR,Month-to-Month,Yes,Mailed check,3495.0000000000005,0,610.2,0,0,0,610.2,cents
3472-QPRCH,Two Year,No,Credit card (automatic),2525,27.95,1006.9,44.51,0,1118,2080.39,cents
3473-XIIIT,Month-to-Month,Yes,Electronic check,100,37.83,1534.75,0,0,605.28,2140.03,dollars
3474-BAFSJ,Two Year,Yes,Bank transfer (automatic),5750,0,3265.95,0,150,0,3415.95,cents
3481-JHUZH,Month-to-Month,Yes,Electronic check,80.25,39.39,3439,2.18,0,1614.99,5051.81,dollars
3482-ABPKK,One Year,No,Mailed check,54.3,28.42,1546.3,0,150,795.76,2492.06,dollars
3486-HOOGQ,Two Year,No,Bank transfer (automatic),79.7,8.36,5743.3,0,0,585.2,6328.5,dollars
3486-KHMLI,Month-to-Month,No,Mailed check,2470,31.26,467.15,0,0,656.46,1123.61,cents
3486-NPGST,One Year,No,Mailed check,19.55,41.33,620.75,0,0,1487.88,2108.63,dollars
3487-EARAT,One Year,No,Credit card (automatic),74.1,19.1,5222.3,0,0,1337,6559.3,dollars
3488-PGMQJ,Month-to-Month,Yes,Electronic check,74.5,1.78,606.55,0,0,14.24,620.79,dollars
3489-HHPFY,Month-to-Month,Yes,Electronic check,8405,22.23,134.05,0,0,44.46,178.51,cents
3489-VSFRD,One Year,Yes,Credit card (automatic),60.25,30.86,3282.75,0,0,1728.16,5010.91,dollars
3494-JCHRQ,Month-to-Month,Yes,Electronic check,7005,27.89,70.05,0,0,27.89,97.94,cents
3496-LFSZU,Month-to-Month,No,Electronic check,70.5,28.47,294.2,0,10,113.88,418.08,dollars
3498-LZGQZ,Two Year,Yes,Mailed check,1914.9999999999998,30.1,1177.05,0,0,1896.3,3073.35,cents
3500-NSDOA,Two Year,No,Credit card (automatic),7080,11.12,4859.95,0,0,756.16,5616.11,cents
3500-RMZLT,Month-to-Month,Yes,Mailed check,96.3,19.11,1426.75,0,150,286.65,1863.4,dollars
3503-TYDAY,Month-to-Month,No,Electronic check,80.45,41.83,3398.9,0,0,1798.69,5197.59,dollars
3506-LCJDC,Month-to-Month,No,Bank transfer (automatic),19.95,8.03,19.95,0,0,8.03,27.98,dollars
3506-OVLKD,One Year,No,Bank transfer (automatic),26.2,49.13,954.9,0,0,1719.55,2674.45,dollars
3507-GASNP,Two Year,No,Mailed check,19.95,16.59,1189.9,0,0,995.4,2185.3,dollars
3508-CFVZL,Two Year,No,Mailed check,111.3,49.52,7985.9,0,0,3515.92,11501.82,dollars
3508-VLHCZ,Two Year,Yes,Credit card (automatic),90.55,41.71,6239.05,0,0,2961.41,9200.46,dollars
3509-GWQGF,One Year,No,Credit card (automatic),7000,31.73,1732.6,0,140,761.52,2634.12,cents
3511-APPBJ,One Year,Yes,Credit card (automatic),99.95,41.94,2292.75,0,0,964.62,3257.37,dollars
3511-BFTJW,Two Year,No,Credit card (automatic),3850,0,2763,0,0,0,2763,cents
3512-IZIKN,Two Year,No,Credit card (automatic),65.3,42.67,4759.75,0,0,2986.9,7746.65,dollars
3518-FSTWG,Two Year,Yes,Bank transfer (automatic),109.55,17.71,7920.7,0,0,1275.12,9195.82,dollars
3518-PZXZQ,Month-to-Month,Yes,Mailed check,5530,36.69,55.3,0,0,36.69,91.99,cents
3519-ZKXGG,Month-to-Month,Yes,Electronic check,7584.999999999999,44.34,256.6,0,0,133.02,389.62,cents
3520-FJGCV,Two Year,Yes,Credit card (automatic),112.6,17.3,8126.65,0,0,1245.6,9372.25,dollars
3521-HTQTV,Two Year,No,Bank transfer (automatic),26.1,20.47,980.35,0,0,695.98,1676.33,dollars
3521-MNKLV,Month-to-Month,Yes,Mailed check,49.7,38.68,1167.8,0,0,928.32,2096.12,dollars
3521-SYVOR,Month-to-Month,Yes,Electronic check,6475,3.27,2345.2,0,0,120.99,2466.19,cents
3522-CDKHF,Month-to-Month,Yes,Bank transfer (automatic),75.5,19.3,2324.7,0,0,617.6,2942.3,dollars
3523-BRGUW,One Year,No,Credit card (automatic),19.3,29.88,504.2,9.49,0,776.88,1271.59,dollars
3523-QRQLL,One Year,Yes,Bank transfer (automatic),69.5,35.04,1498.2,49.57,0,770.88,2219.51,dollars
3524-WQDSG,Month-to-Month,Yes,Bank transfer (automatic),99.3,5.25,4209.95,0,0,225.75,4435.7,dollars
3525-DVKFN,Two Year,No,Mailed check,19.4,30.07,358.05,0,0,511.19,869.24,dollars
3528-HFRIQ,Month-to-Month,Yes,Bank transfer (automatic),52.3,0,3765.05,0,40,0,3805.05,dollars
3530-CRZSB,Month-to-Month,No,Mailed check,2065,15.54,155.9,0,0,108.78,264.68,cents
3530-VWVGU,Month-to-Month,No,Mailed check,19.9,49.51,400.3,0,0,1089.22,1489.52,dollars
3533-UVMOM,Two Year,No,Bank transfer (automatic),70.95,11.94,4741.45,0,0,811.92,5553.37,dollars
3536-IQCTX,Month-to-Month,No,Electronic check,8530,49.6,2661.1,0,0,1587.2,4248.3,cents
3537-HPKQT,Month-to-Month,Yes,Credit card (automatic),77.75,23.45,4266.4,0,0,1289.75,5556.15,dollars
3537-RYBHH,Two Year,Yes,Credit card (automatic),67.45,46.77,3252,0,0,2198.19,5450.19,dollars
3538-WZPHD,Month-to-Month,Yes,Electronic check,29.6,0,79.45,0,0,0,79.45,dollars
3540-RZJYU,Month-to-Month,No,Electronic check,8620,20.03,1270.2,0,100,300.45,1670.65,cents
3541-ZNUHK,Month-to-Month,Yes,Electronic check,8510,20.1,4600.95,14.3,0,1105.5,5692.15,cents
3544-FBCAS,Two Year,Yes,Credit card (automatic),8360,12.84,5959.3,0,0,924.48,6883.78,cents
3545-CNWRG,Month-to-Month,Yes,Electronic check,98.35,27.38,4889.2,0,0,1341.62,6230.82,dollars
3546-GHEAE,Two Year,No,Mailed check,19.45,9.43,165.35,0,0,66.01,231.36,dollars
3547-LQRIK,One Year,No,Electronic check,26.9,11.68,1250.85,0,0,548.96,1799.81,dollars
3549-ZTMNH,Two Year,Yes,Bank transfer (automatic),24,26.17,269.65,0,0,314.04,583.69,dollars
3550-SAHFP,Month-to-Month,Yes,Electronic check,83.35,20.29,2757.85,0,40,669.57,3467.42,dollars
3551-GAEGL,One Year,No,Bank transfer (automatic),30.4,0,938.65,0,0,0,938.65,dollars
3551-HUAZH,Month-to-Month,Yes,Electronic check,74.4,11.08,74.4,0,0,11.08,85.48,dollars
3552-CTCYF,Two Year,Yes,Bank transfer (automatic),104.8,40.73,6597.25,0,0,2565.99,9163.24,dollars
3556-BVQGL,One Year,Yes,Mailed check,20,19.15,416.45,0,0,383,799.45,dollars
3557-HTYWR,Two Year,No,Mailed check,74.05,45.67,3496.3,0,0,2146.49,5642.79,dollars
3563-SVYLG,Two Year,No,Credit card (automatic),62.65,36.51,4375.8,0,0,2482.68,6858.48,dollars
3565-UNOCC,Month-to-Month,Yes,Bank transfer (automatic),9905,22.33,2952.85,0,0,647.57,3600.42,cents
3566-CAAYU,Two Year,No,Electronic check,4985,0,3210.35,0,0,0,3210.35,cents
3566-HJGPK,Month-to-Month,Yes,Mailed check,4555,16.34,45.55,0,0,16.34,61.89,cents
3566-VVORZ,Month-to-Month,No,Bank transfer (automatic),45.9,30.79,505.95,0,0,369.48,875.43,dollars
3567-PQTSO,One Year,Yes,Electronic check,105.25,3.78,5576.3,0,0,200.34,5776.64,dollars
3569-EDBPQ,Month-to-Month,Yes,Electronic check,84.35,25.81,1938.05,0,0,619.44,2557.49,dollars
3569-JFODW,Two Year,No,Credit card (automatic),9095,45.66,6652.45,0,0,3287.52,9939.97,cents
3569-VLDHH,One Year,Yes,Electronic check,7509.999999999999,29.5,5013,0,0,1947,6960,cents
3570-YUEKJ,Month-to-Month,Yes,Electronic check,4955,8.71,2077.95,0,0,365.82,2443.77,cents
3571-DPYUH,One Year,Yes,Credit card (automatic),94.7,43.75,5430.35,0,0,2537.5,7967.85,dollars
3571-RFHAR,Month-to-Month,Yes,Electronic check,109.15,9.36,6941.2,0,140,608.4,7689.6,dollars
3572-UOLYZ,Month-to-Month,Yes,Bank transfer (automatic),84.8,4.08,3958.85,0,0,187.68,4146.53,dollars
3572-UUHRS,One Year,No,Bank transfer (automatic),18.85,40.59,867.3,0,0,1826.55,2693.85,dollars
3577-AMVUX,Month-to-Month,No,Mailed check,55.05,14.65,55.05,0,0,14.65,69.7,dollars
3580-GICBM,Two Year,Yes,Mailed check,24.2,34.84,1445.2,0,0,2125.24,3570.44,dollars
3580-HYCSP,Two Year,Yes,Bank transfer (automatic),110.3,33.01,7966.9,0,0,2376.72,10343.62,dollars
3580-REOAC,Month-to-Month,Yes,Credit card (automatic),44.85,49.58,435.4,0,0,495.8,931.2,dollars
3583-EKAPL,Month-to-Month,Yes,Electronic check,55,47.22,55,0,0,47.22,102.22,dollars
3583-KRKMD,Month-to-Month,Yes,Bank transfer (automatic),75.9,26.84,1373.05,15.57,0,483.12,1840.6,dollars
3584-WKTTW,One Year,Yes,Electronic check,11155,39.32,5720.35,0,0,2005.32,7725.67,cents
3585-ISXZP,Month-to-Month,No,Bank transfer (automatic),9565,29.66,778.1,0,0,237.28,1015.38,cents
3585-YNADK,One Year,No,Bank transfer (automatic),74.6,6.63,4368.95,0,0,377.91,4746.86,dollars
3587-PMCOY,One Year,Yes,Electronic check,98.9,46.33,1064.95,0,0,463.3,1528.25,dollars
3588-WSTTJ,Month-to-Month,Yes,Electronic check,99.05,31.64,3554.6,0,0,1107.4,4662,dollars
3589-PPVKW,Month-to-Month,Yes,Mailed check,44.4,38.65,348.15,0,0,347.85,696,dollars
3590-TCXTB,Month-to-Month,No,Mailed check,20.35,31.97,20.35,0,0,31.97,52.32,dollars
3594-BDSOA,One Year,No,Credit card (automatic),20.4,35.86,482.8,0,0,860.64,1343.44,dollars
3594-IVHJZ,Month-to-Month,Yes,Mailed check,2045,47.19,42.45,0,0,94.38,136.83,cents
3594-KADLU,Month-to-Month,No,Mailed check,35.1,0,101.1,0,0,0,101.1,dollars
3594-UVONA,One Year,Yes,Credit card (automatic),8595,8.8,3110.1,0,0,308,3418.1,cents
3597-MVHJT,Month-to-Month,Yes,Bank transfer (automatic),95.6,35.17,2595.25,0,0,949.59,3544.84,dollars
3597-YASZG,Two Year,Yes,Bank transfer (automatic),10445,39.34,7349.35,0,0,2753.8,10103.15,cents
3604-WLABM,Month-to-Month,No,Electronic check,5425,12.96,583,0,0,129.6,712.6,cents
3605-JISKB,One Year,No,Credit card (automatic),6000,9.08,3316.1,0,0,499.4,3815.5,cents
3606-SBKRY,One Year,Yes,Electronic check,5005,0,1523.4,0,0,0,1523.4,cents
3606-TWKGI,Month-to-Month,Yes,Electronic check,106.9,32.68,1364.3,0,10,424.84,1799.14,dollars
3612-YUNGG,Two Year,Yes,Credit card (automatic),10920,13.73,6741.15,17.3,0,878.72,7602.57,cents
3612-YVGSJ,Two Year,Yes,Credit card (automatic),24.45,33,1681.6,0,0,2343,4024.6,dollars
3617-XLSGQ,Two Year,No,Bank transfer (automatic),109.25,20.11,7082.5,0,80,1327.26,8489.76,dollars
3620-EHIMZ,Two Year,No,Mailed check,1935.0000000000002,9.87,1031.7,0,0,513.24,1544.94,cents
3620-MWJNE,Month-to-Month,Yes,Mailed check,5445,19.87,87.3,0,0,39.74,127.04,cents
3621-CEOVK,Month-to-Month,Yes,Electronic check,10020,47.01,1369.8,0,0,658.14,2027.94,cents
3621-CHYVB,Month-to-Month,Yes,Bank transfer (automatic),49.9,0,2782.4,0,0,0,2782.4,dollars
3623-FQBOX,Month-to-Month,Yes,Mailed check,19.95,44.01,416.4,0,0,924.21,1340.61,dollars
3627-FCRDW,Month-to-Month,No,Electronic check,71,24.52,672.55,8.35,0,220.68,884.88,dollars
3627-FHKBK,Month-to-Month,No,Mailed check,75.3,4.13,75.3,0,0,4.13,79.43,dollars
3629-WEAAM,Month-to-Month,No,Mailed check,64.1,45.04,504.05,0,10,360.32,874.37,dollars
3629-ZNKXA,Two Year,Yes,Electronic check,101.8,17.26,1752.45,27.15,90,293.42,2108.72,dollars
3633-CDBUW,One Year,No,Electronic check,80.85,45.92,1445.95,0,50,780.64,2276.59,dollars
3635-JBPSG,Two Year,Yes,Mailed check,3879.9999999999995,0,603,0,0,0,603,cents
3635-QQRQD,Two Year,Yes,Credit card (automatic),20.05,33.68,1201.65,0,0,2088.16,3289.81,dollars
3638-DIMPH,One Year,No,Electronic check,43.8,29.49,592.65,0,0,383.37,976.02,dollars
3638-VBZTA,Two Year,Yes,Bank transfer (automatic),86.5,11.5,5882.75,0,0,782,6664.75,dollars
3638-WEABW,Two Year,Yes,Credit card (automatic),5990,48.98,3505.1,0,0,2840.84,6345.94,cents
3639-XJHKQ,Month-to-Month,Yes,Electronic check,60.6,36.48,1297.8,0,0,693.12,1990.92,dollars
3640-JQGJG,Month-to-Month,No,Bank transfer (automatic),44.8,6.18,559.2,37.49,90,80.34,692.05,dollars
3640-PHQXK,Month-to-Month,Yes,Electronic check,89.9,6.33,2806.9,41.18,0,196.23,2961.95,dollars
3642-BYHDO,Two Year,No,Bank transfer (automatic),19.9,12.22,1389.35,0,0,867.62,2256.97,dollars
3642-GKTCT,One Year,Yes,Mailed check,11510,5.55,6993.65,0,0,338.55,7332.2,cents
3643-AHCFP,Month-to-Month,Yes,Bank transfer (automatic),95.6,21.91,644.35,0,0,153.37,797.72,dollars
3644-QXEHN,Month-to-Month,No,Electronic check,9700,44.05,1334.45,0,0,572.65,1907.1,cents
3645-DEYGF,Month-to-Month,No,Mailed check,2075,7.57,20.75,0,0,7.57,28.32,cents
3646-ITDGM,Two Year,No,Bank transfer (automatic),1970,32.88,1051.9,0,0,1841.28,2893.18,cents
3647-GMGDH,Month-to-Month,Yes,Credit card (automatic),94.7,37.8,1914.9,0,0,831.6,2746.5,dollars
3648-GZPHF,One Year,Yes,Mailed check,36.25,0,1151.05,0,0,0,1151.05,dollars
3649-JPUGY,Two Year,Yes,Bank transfer (automatic),8860,44.46,6201.95,0,0,3201.12,9403.07,cents
3653-NCRDJ,One Year,Yes,Mailed check,19.2,14.97,776.25,9.48,0,643.71,1410.48,dollars
3654-ARMGP,Two Year,No,Credit card (automatic),88.65,19.58,5321.25,0,0,1194.38,6515.63,dollars
3655-SNQYZ,Two Year,No,Credit card (automatic),113.25,33.23,7895.15,0,0,2292.87,10188.02,dollars
3656-TKRVZ,Month-to-Month,No,Electronic check,55.35,1.24,165.2,0,0,3.72,168.92,dollars
3657-COGMW,Two Year,No,Credit card (automatic),10810,11.01,5839.3,0,0,572.52,6411.82,cents
3658-KIBGF,Month-to-Month,Yes,Electronic check,54.9,44.36,54.9,0,0,44.36,99.26,dollars
3658-QQJYD,One Year,Yes,Credit card (automatic),7430,38.33,4698.05,0,0,2376.46,7074.51,cents
3662-FXJFO,Two Year,Yes,Mailed check,20.5,10.83,1035.7,0,0,584.82,1620.52,dollars
3663-MITLP,Month-to-Month,Yes,Electronic check,101.25,16.82,1457.25,0,0,252.3,1709.55,dollars
3665-JATSN,Month-to-Month,Yes,Electronic check,39.7,0,710.05,0,110,0,820.05,dollars
3668-QPYBK,Month-to-Month,Yes,Mailed check,53.85,10.47,108.15,0,0,20.94,129.09,dollars
3669-LVWZB,Month-to-Month,Yes,Mailed check,5100,0,305.95,0,0,0,305.95,cents
3669-OYSJI,Month-to-Month,No,Credit card (automatic),46.2,48.58,46.2,0,0,48.58,94.78,dollars
3669-WHAFY,Two Year,Yes,Credit card (automatic),11515,9.44,8078.1,0,0,670.24,8748.34,cents
3671-SHRSP,Month-to-Month,Yes,Mailed check,8059.999999999999,14.3,319.15,0,0,57.2,376.35,cents
3672-YITQD,Month-to-Month,Yes,Electronic check,84.1,31.65,3021.6,0,0,1139.4,4161,dollars
3675-EQOZA,Month-to-Month,No,Bank transfer (automatic),20.65,42.52,93.55,0,0,212.6,306.15,dollars
3675-YDUPJ,Month-to-Month,Yes,Mailed check,1985.0000000000002,1.98,193.05,0,0,19.8,212.85,cents
3677-IYRBF,Month-to-Month,Yes,Electronic check,3040,0,78.65,0,0,0,78.65,cents
3677-TNKIO,Month-to-Month,Yes,Credit card (automatic),71,36.25,914,0,0,507.5,1421.5,dollars
3678-MNGZX,Two Year,No,Bank transfer (automatic),19.95,35.89,1377.7,28.98,0,2440.52,3789.24,dollars
3679-XASPY,Month-to-Month,No,Electronic check,1945,16.44,19.45,0,0,16.44,35.89,cents
3680-CTHUH,One Year,Yes,Credit card (automatic),11660,44.24,7049.5,0,0,2654.4,9703.9,cents
3682-YEUWS,Month-to-Month,Yes,Mailed check,2440,4.16,253.9,0,0,41.6,295.5,cents
3683-QKIUE,Month-to-Month,Yes,Bank transfer (automatic),5080,21.91,288.05,0,0,131.46,419.51,cents
3685-YLCMQ,One Year,Yes,Electronic check,104.65,41.14,6219.6,0,40,2386.12,8645.72,dollars
3688-FTHLT,Month-to-Month,Yes,Bank transfer (automatic),63.05,42.73,1067.05,0,10,683.68,1760.73,dollars
3689-MOZGR,Month-to-Month,Yes,Electronic check,31.2,0,926.2,0,0,0,926.2,dollars
3692-JHONH,One Year,Yes,Electronic check,10650,27.74,5621.85,0,90,1442.48,7154.33,cents
3694-DELSO,Month-to-Month,No,Credit card (automatic),38.55,0,156.1,0,0,0,156.1,dollars
3694-GLTJM,Month-to-Month,Yes,Credit card (automatic),19.65,41.93,92.05,0,0,209.65,301.7,dollars
3696-DFHHB,Two Year,No,Bank transfer (automatic),25.5,9.82,1821.8,16.85,0,667.76,2472.71,dollars
3696-XRIEN,One Year,Yes,Credit card (automatic),8250,21.25,4179.1,21.35,0,1062.5,5220.25,cents
3701-SFMUH,Month-to-Month,No,Credit card (automatic),69.7,5.17,516.15,0,0,36.19,552.34,dollars
3703-KBKZP,Two Year,Yes,Bank transfer (automatic),74.45,22.02,1261.35,0,0,352.32,1613.67,dollars
3703-TTEPD,Month-to-Month,No,Bank transfer (automatic),6534.999999999999,16.16,1424.4,0,0,339.36,1763.76,cents
3703-VAVCL,Month-to-Month,No,Credit card (automatic),90,46.92,190.05,0,0,93.84,283.89,dollars
3704-IEAXF,Two Year,No,Credit card (automatic),53.65,0,3784,0,0,0,3784,dollars
3705-PSNGL,One Year,Yes,Electronic check,2039.9999999999998,25.4,930.45,0,0,1143,2073.45,cents
3705-RHRFR,Two Year,No,Bank transfer (automatic),99.15,45.35,6875.35,0,0,3129.15,10004.5,dollars
3707-GNWHM,Month-to-Month,Yes,Mailed check,74.25,21.8,74.25,0,0,21.8,96.05,dollars
3707-LRWZD,One Year,No,Electronic check,84.05,40.26,2781.85,0,0,1288.32,4070.17,dollars
3709-OIJEA,One Year,Yes,Electronic check,85.2,29.72,2184.6,0,0,772.72,2957.32,dollars
3712-PKXZA,One Year,Yes,Credit card (automatic),20.55,19.27,1252,0,0,1175.47,2427.47,dollars
3714-JTVOV,Month-to-Month,Yes,Credit card (automatic),7415.000000000001,2.9,3229.4,0,0,121.8,3351.2,cents
3714-NTNFO,Month-to-Month,Yes,Electronic check,84.5,27.2,3906.7,0,0,1332.8,5239.5,dollars
3714-XPXBW,Month-to-Month,Yes,Credit card (automatic),78.9,42.41,2976.95,0,30,1569.17,4576.12,dollars
3716-BDVDB,Month-to-Month,Yes,Electronic check,69.1,38.66,69.1,0,0,38.66,107.76,dollars
3716-LRGXK,Two Year,No,Credit card (automatic),10115,10.05,6067.4,0,0,603,6670.4,cents
3716-UVSPD,Month-to-Month,Yes,Electronic check,4930,14.97,49.3,0,10,14.97,74.27,cents
3717-FDJFU,Two Year,No,Mailed check,2045,29.15,106.9,0,0,145.75,252.65,cents
3717-LNXKW,Month-to-Month,No,Bank transfer (automatic),9170,12.71,3479.05,0,0,482.98,3962.03,cents
3717-OEAUQ,Month-to-Month,No,Mailed check,70.7,2.72,129.2,0,10,5.44,144.64,dollars
3717-OFRTN,Month-to-Month,No,Bank transfer (automatic),19.75,5.32,19.75,0,0,5.32,25.07,dollars
3719-TDVQB,Two Year,Yes,Mailed check,18.95,23.94,1031.1,0,0,1292.76,2323.86,dollars
3720-DBRWL,Two Year,Yes,Credit card (automatic),83.85,6.89,4307.1,0,0,351.39,4658.49,dollars
3721-CNEYS,Month-to-Month,Yes,Electronic check,70.95,15.33,137.95,0,0,30.66,168.61,dollars
3721-CNZHX,One Year,No,Mailed check,1980,5.54,304.6,0,0,83.1,387.7,cents
3721-WKIIL,Two Year,Yes,Mailed check,19.6,15.41,561.15,13.07,0,416.07,964.15,dollars
3722-WPXTK,Month-to-Month,Yes,Electronic check,88.35,14.26,88.35,0,0,14.26,102.61,dollars
3723-BFBGR,Two Year,No,Credit card (automatic),54.8,8.66,1291.3,0,110,207.84,1609.14,dollars
3724-BSCVH,One Year,No,Mailed check,20.45,37.59,242.4,0,0,375.9,618.3,dollars
3724-UCSHY,Month-to-Month,No,Mailed check,1955,36.54,122.9,0,0,219.24,342.14,cents
3726-TBHQT,Two Year,Yes,Bank transfer (automatic),114,25.45,8175.9,0,0,1806.95,9982.85,dollars
3727-JEZTU,Month-to-Month,No,Mailed check,2039.9999999999998,45.91,20.4,0,0,45.91,66.31,cents
3727-OVPRY,One Year,Yes,Credit card (automatic),25.7,42.84,1714.55,0,0,2827.44,4541.99,dollars
3727-OWVYD,One Year,No,Mailed check,61.2,38.38,2021.2,0,0,1343.3,3364.5,dollars
3727-RJMEO,Month-to-Month,Yes,Electronic check,82.85,8.59,460.25,48.95,0,51.54,462.84,dollars
3729-OWRVL,Two Year,Yes,Electronic check,11035,44.23,7246.15,0,0,2874.95,10121.1,cents
3733-LSYCE,Month-to-Month,No,Bank transfer (automatic),75.35,30.09,1114.55,0,0,451.35,1565.9,dollars
3733-UOCWF,One Year,Yes,Bank transfer (automatic),8555,46.65,5251.75,0,0,2845.65,8097.4,cents
3733-ZEECP,Month-to-Month,Yes,Electronic check,5110,27.91,1232.9,0,0,614.02,1846.92,cents
3736-BLEPA,One Year,Yes,Bank transfer (automatic),91.25,13.69,2483.65,0,0,383.32,2866.97,dollars
3737-GCSPV,Month-to-Month,Yes,Credit card (automatic),9620,26.88,1222.05,0,0,295.68,1517.73,cents
3737-XBQDD,Month-to-Month,Yes,Bank transfer (automatic),8485,13.13,2048.8,0,80,315.12,2443.92,cents
3739-YBWAB,One Year,No,Mailed check,35.35,0,1317.95,0,0,0,1317.95,dollars
3740-RLMVT,One Year,Yes,Bank transfer (automatic),60.95,42.07,4119.4,17.19,0,2818.69,6920.9,dollars
3744-ZBHON,Month-to-Month,No,Electronic check,20.2,31.81,65.95,0,0,95.43,161.38,dollars
3744-ZRRDZ,Month-to-Month,Yes,Electronic check,82.35,12.76,1852.85,0,0,267.96,2120.81,dollars
3745-HRPHI,Two Year,No,Bank transfer (automatic),54.65,0,3632,46.75,0,0,3585.25,dollars
3746-EUBYR,Month-to-Month,Yes,Bank transfer (automatic),74.6,44.73,74.6,0,0,44.73,119.33,dollars
3748-FVMZZ,Month-to-Month,Yes,Electronic check,40.05,0,162.45,0,0,0,162.45,dollars
3750-CKVKH,Month-to-Month,Yes,Electronic check,67.75,11.75,116.65,0,0,23.5,140.15,dollars
3750-RNQKR,Month-to-Month,No,Mailed check,1945,18.12,246.25,0,0,217.44,463.69,cents
3750-YHRYO,One Year,No,Mailed check,2065,21.09,150,0,0,147.63,297.63,cents
3751-KTZEL,Month-to-Month,No,Mailed check,3504.9999999999995,0,35.05,0,0,0,35.05,cents
3752-CQSJI,Month-to-Month,Yes,Mailed check,2045,16.4,254.5,0,0,213.2,467.7,cents
3753-TSEMP,Month-to-Month,No,Electronic check,88.15,12.27,1390.6,0,0,184.05,1574.65,dollars
3754-DXMRT,Month-to-Month,Yes,Electronic check,44.15,43.66,92.65,0,0,87.32,179.97,dollars
3755-JBMNH,Month-to-Month,Yes,Bank transfer (automatic),71.8,45.9,1167.8,0,0,734.4,1902.2,dollars
3756-VNWDH,One Year,Yes,Electronic check,10075,32.08,6674.65,0,0,2085.2,8759.85,cents
3757-NJYBX,Month-to-Month,No,Bank transfer (automatic),106.35,7.92,3520.75,0,0,253.44,3774.19,dollars
3758-CKOQL,One Year,Yes,Credit card (automatic),10700,41.15,6152.3,0,0,2427.85,8580.15,cents
3761-FLYZI,Two Year,Yes,Bank transfer (automatic),108.8,48.53,7082.45,21.52,0,3154.45,10215.38,dollars
3763-GCZHZ,One Year,Yes,Electronic check,104.05,20.07,6890,0,0,1324.62,8214.62,dollars
3764-MNMOI,Two Year,No,Credit card (automatic),19.2,30.99,908.15,0,0,1425.54,2333.69,dollars
3765-JXVKY,Month-to-Month,Yes,Electronic check,7470,44.11,74.7,0,0,44.11,118.81,cents
3766-EJLFL,Two Year,Yes,Bank transfer (automatic),10905,18.42,7508.55,0,0,1252.56,8761.11,cents
3768-NLUBH,Month-to-Month,No,Electronic check,100.6,42.1,5746.15,0,0,2399.7,8145.85,dollars
3768-VHXQO,Two Year,No,Credit card (automatic),2485,3.28,1583.5,0,0,219.76,1803.26,cents
3769-MHZNV,Two Year,No,Mailed check,2010.0000000000002,24.27,670.35,0,0,800.91,1471.26,cents
3771-PZOBW,Month-to-Month,Yes,Credit card (automatic),90.7,25.41,1781.35,0,0,508.2,2289.55,dollars
3774-VBNXY,Two Year,No,Mailed check,2020,36.24,1277.75,0,0,2319.36,3597.11,cents
3776-EKTKM,Month-to-Month,Yes,Electronic check,3645.0000000000005,0,36.45,0,0,0,36.45,cents
3777-XROBG,Two Year,No,Credit card (automatic),1955,43.52,1079.65,0,0,2524.16,3603.81,cents
3778-FOAQW,One Year,No,Mailed check,20.15,32.86,456.85,0,0,788.64,1245.49,dollars
3779-OSWCF,Two Year,No,Credit card (automatic),93.2,12.12,6506.15,0,0,860.52,7366.67,dollars
3780-DDGSE,One Year,Yes,Electronic check,76.05,14.19,2747.2,0,0,496.65,3243.85,dollars
3780-YVMFA,Month-to-Month,Yes,Electronic check,68.55,29.94,564.35,0,0,239.52,803.87,dollars
3785-KTYSH,Two Year,No,Mailed check,24.6,34.16,1279,37.68,0,1810.48,3051.8,dollars
3785-NRHYR,Month-to-Month,No,Mailed check,19.65,16.91,19.65,0,0,16.91,36.56,dollars
3786-WOVKF,One Year,Yes,Bank transfer (automatic),10685,7.85,7677.4,0,100,565.2,8342.6,cents
3787-TRIAL,Month-to-Month,Yes,Electronic check,26.05,0,565.75,0,0,0,565.75,dollars
3791-LGQCY,Month-to-Month,Yes,Bank transfer (automatic),10065,33.81,5688.05,0,130,1893.36,7711.41,cents
3793-MMFUH,Month-to-Month,Yes,Electronic check,9505,19.03,1290,0,0,247.39,1537.39,cents
3794-NFNCH,Month-to-Month,Yes,Mailed check,50,23.16,1474.9,0,0,694.8,2169.7,dollars
3795-CAWEX,Two Year,Yes,Credit card (automatic),116.55,40.77,8152.3,0,0,2853.9,11006.2,dollars
3795-GWTRD,Two Year,No,Credit card (automatic),75.55,6.33,4707.85,0,0,398.79,5106.64,dollars
3796-ENZGF,Two Year,No,Mailed check,6725,48.14,4234.15,0,150,3032.82,7416.97,cents
3797-FKOGQ,Month-to-Month,No,Electronic check,8620,5.84,893.2,0,30,64.24,987.44,cents
3797-VTIDR,Month-to-Month,Yes,Electronic check,2345,0,23.45,0,0,0,23.45,cents
3798-EPWRR,Month-to-Month,No,Electronic check,4395,19.09,85.1,0,0,38.18,123.28,cents
3799-ISUZQ,Month-to-Month,Yes,Bank transfer (automatic),69.95,35.42,529.5,0,0,247.94,777.44,dollars
3800-LYTRK,One Year,No,Mailed check,5570,27.68,795.15,0,100,387.52,1282.67,cents
3801-HMYNL,Month-to-Month,No,Mailed check,89.15,32.35,89.15,0,0,32.35,121.5,dollars
3803-KMQFW,Month-to-Month,No,Mailed check,2055,37.92,20.55,0,0,37.92,58.47,cents
3804-RVTGV,Month-to-Month,Yes,Bank transfer (automatic),103.85,42.21,5017.9,0,0,2110.5,7128.4,dollars
3806-DXQOM,Month-to-Month,Yes,Electronic check,33.65,0,137.85,0,0,0,137.85,dollars
3806-YAZOV,Month-to-Month,No,Mailed check,18.8,6.61,56,0,0,19.83,75.83,dollars
3807-BPOMJ,One Year,Yes,Electronic check,94.75,24.93,5276.1,0,0,1371.15,6647.25,dollars
3807-XHCJH,Month-to-Month,No,Electronic check,20,6.86,20,0,0,6.86,26.86,dollars
3808-HFKDE,Month-to-Month,Yes,Electronic check,4435,4.15,927.15,0,0,83,1010.15,cents
3810-DVDQQ,Two Year,Yes,Bank transfer (automatic),11760,47.02,8308.9,5.44,0,3385.44,11688.9,cents
3810-PJUHR,Two Year,No,Mailed check,2535,10.46,1715.15,0,0,732.2,2447.35,cents
3811-VBYBZ,Month-to-Month,Yes,Electronic check,99.8,47.03,673.25,0,10,329.21,1012.46,dollars
3812-LRZIR,Two Year,No,Electronic check,24.5,35.52,761.95,0,0,959.04,1720.99,dollars
3813-DHBBB,Two Year,Yes,Bank transfer (automatic),50.95,0,3521.7,0,0,0,3521.7,dollars
3814-MLAXC,Month-to-Month,Yes,Credit card (automatic),7984.999999999999,16.63,2404.15,0,0,515.53,2919.68,cents
3815-SLMEF,Month-to-Month,No,Mailed check,3425,0,139.35,0,0,0,139.35,cents
3823-KYNQY,One Year,No,Credit card (automatic),2495,25.57,280.4,0,0,306.84,587.24,cents
3824-RHKVR,Month-to-Month,No,Credit card (automatic),1970,22.26,340.35,0,0,378.42,718.77,cents
3831-YCPUO,Two Year,Yes,Credit card (automatic),109.5,32.23,7854.9,0,0,2320.56,10175.46,dollars
3834-XUIFC,Month-to-Month,Yes,Mailed check,85.2,18.83,602.55,0,0,131.81,734.36,dollars
3836-FZSDJ,Two Year,No,Bank transfer (automatic),24.85,22.19,1901,0,0,1575.49,3476.49,dollars
3838-OZURD,Month-to-Month,Yes,Credit card (automatic),10500,7.28,7133.25,0,0,480.48,7613.73,cents
3841-CONLJ,Month-to-Month,No,Electronic check,35,0,35,0,0,0,35,dollars
3841-NFECX,Two Year,Yes,Credit card (automatic),9635,47.02,6766.95,0,0,3338.42,10105.37,cents
3842-IYKUE,Month-to-Month,No,Credit card (automatic),85.3,45.14,2917.5,23.89,130,1579.9,4603.51,dollars
3842-QTGDL,Month-to-Month,No,Bank transfer (automatic),80.75,46,1321.3,0,0,736,2057.3,dollars
3845-FXCYS,Month-to-Month,Yes,Electronic check,1964.9999999999998,7.8,31.2,0,0,15.6,46.8,cents
3845-JHAMY,Month-to-Month,Yes,Credit card (automatic),35.5,0,552.7,0,80,0,632.7,dollars
3847-BAERP,Month-to-Month,Yes,Mailed check,20.9,12.39,247,0,0,123.9,370.9,dollars
3850-OKINF,One Year,Yes,Electronic check,66.2,37.03,4692.55,0,0,2629.13,7321.68,dollars
3853-LYGAM,Month-to-Month,Yes,Bank transfer (automatic),9565,21.14,1640,0,0,359.38,1999.38,cents
3855-ONCAR,Month-to-Month,Yes,Mailed check,7890.000000000001,41.93,299.75,37.01,0,167.72,430.46,cents
3858-VOBET,Month-to-Month,Yes,Electronic check,74.95,28.8,1710.45,0,0,662.4,2372.85,dollars
3858-XHYJO,One Year,No,Bank transfer (automatic),105.75,22.2,4228.55,0,0,888,5116.55,dollars
3859-CVCET,Month-to-Month,No,Mailed check,45.65,45.4,191.05,0,0,181.6,372.65,dollars
3863-IUBJR,One Year,No,Credit card (automatic),53.65,27.82,696.35,0,0,333.84,1030.19,dollars
3863-QSTYI,Month-to-Month,Yes,Electronic check,64.65,16.8,3735.45,0,0,991.2,4726.65,dollars
3865-QBWSJ,Two Year,Yes,Mailed check,8045,45.13,3162.65,0,0,1714.94,4877.59,cents
3865-YIOTT,One Year,Yes,Bank transfer (automatic),10610,11.67,7848.5,0,0,840.24,8688.74,cents
3865-ZFZIB,Two Year,No,Mailed check,19.65,34.68,358.15,0,0,658.92,1017.07,dollars
3865-ZYKAD,Month-to-Month,Yes,Credit card (automatic),84.9,14.76,5785.65,0,0,1018.44,6804.09,dollars
3866-MDTUB,Month-to-Month,Yes,Electronic check,7075,26.93,146.9,0,0,53.86,200.76,cents
3870-MQAMG,One Year,No,Electronic check,110.35,2.18,5893.15,0,0,117.72,6010.87,dollars
3870-SPZSI,Two Year,Yes,Credit card (automatic),113.05,33.25,7869.05,0,0,2327.5,10196.55,dollars
3871-IKPYH,Month-to-Month,No,Electronic check,6909.999999999999,16.19,69.1,0,0,16.19,85.29,cents
3873-NFTGI,Month-to-Month,Yes,Credit card (automatic),5550,18.48,767.55,0,0,258.72,1026.27,cents
3873-WOSBC,Two Year,No,Credit card (automatic),25.6,11.74,1784.9,0,0,786.58,2571.48,dollars
3874-EQOEP,Month-to-Month,No,Mailed check,9500,20.52,655.5,36.6,10,143.64,772.54,cents
3877-JRJIP,Month-to-Month,Yes,Electronic check,59.85,22.05,59.85,0,0,22.05,81.9,dollars
3878-AVSOQ,Two Year,Yes,Electronic check,71.25,17.6,71.25,0,10,17.6,98.85,dollars
3882-IYOIJ,Two Year,No,Credit card (automatic),115.25,43.33,6758.45,11.85,0,2599.8,9346.4,dollars
3884-HCSWG,Month-to-Month,Yes,Electronic check,70,7.66,1144.5,0,80,130.22,1354.72,dollars
3884-UEBXB,Two Year,No,Bank transfer (automatic),36.15,0,2434.45,0,0,0,2434.45,dollars
3886-CERTZ,One Year,Yes,Electronic check,109.25,31.13,8109.8,0,0,2241.36,10351.16,dollars
3887-PBQAO,One Year,Yes,Credit card (automatic),25.9,22.49,1216.6,0,0,1012.05,2228.65,dollars
3889-VWBID,Two Year,No,Bank transfer (automatic),82.85,27.59,5776.45,0,0,1876.12,7652.57,dollars
3890-RTCMS,Month-to-Month,Yes,Mailed check,49.45,48.45,799,0,0,775.2,1574.2,dollars
3891-NLXJB,Two Year,Yes,Mailed check,40.55,0,1390.85,0,50,0,1440.85,dollars
3891-PUQOD,Month-to-Month,No,Electronic check,59.2,13.58,59.2,0,0,13.58,72.78,dollars
3892-NXAZG,Two Year,Yes,Credit card (automatic),114.05,5.81,8289.2,0,0,418.32,8707.52,dollars
3893-JRNFS,Month-to-Month,Yes,Bank transfer (automatic),3990,0,2796.35,0,0,0,2796.35,cents
3896-RCYYE,Month-to-Month,Yes,Credit card (automatic),5340,0,3579.15,0,0,0,3579.15,cents
3896-ZVNET,Two Year,No,Mailed check,24.7,20.74,571.75,0,0,497.76,1069.51,dollars
3898-BSJYF,One Year,No,Credit card (automatic),73.55,14.24,693.3,0,0,142.4,835.7,dollars
3898-GUYTS,Two Year,Yes,Electronic check,97.05,12.67,4385.05,0,0,570.15,4955.2,dollars
3900-AQPHZ,Month-to-Month,No,Mailed check,1989.9999999999998,49.51,19.9,0,0,49.51,69.41,cents
3902-FOIGH,Month-to-Month,Yes,Electronic check,101.35,48.5,1218.55,0,0,582,1800.55,dollars
3902-MIVLE,Two Year,No,Mailed check,75.7,12.15,4676.7,0,0,765.45,5442.15,dollars
3904-UKFRE,Month-to-Month,Yes,Electronic check,80.1,44.16,336.15,0,0,176.64,512.79,dollars
3908-BLSYF,Month-to-Month,No,Electronic check,83.9,25.93,497.55,0,0,155.58,653.13,dollars
3908-MKIMJ,Two Year,Yes,Electronic check,41.95,0,2965.75,0,0,0,2965.75,dollars
3910-MRQOY,Two Year,No,Bank transfer (automatic),1939.9999999999998,12.87,1496.45,0,0,926.64,2423.09,cents
3911-RSNHI,Two Year,Yes,Credit card (automatic),6140,0,4310.35,0,0,0,4310.35,cents
3913-FCUUW,Two Year,Yes,Bank transfer (automatic),7045,6.85,5165.7,0,0,493.2,5658.9,cents
3913-RDSJZ,Two Year,No,Mailed check,25.55,49.39,1714.95,0,0,3160.96,4875.91,dollars
3914-FDRHP,Month-to-Month,No,Electronic check,86.25,46.34,770.5,0,0,417.06,1187.56,dollars
3915-ODIYG,One Year,Yes,Electronic check,71.75,10.2,4374.55,0,10,612,4996.55,dollars
3916-NRPAP,Month-to-Month,No,Credit card (automatic),85.7,29.84,256.75,0,0,89.52,346.27,dollars
3920-HIHMQ,Month-to-Month,Yes,Mailed check,49.5,16.34,1265.65,0,150,424.84,1840.49,dollars
3923-CSIHK,Month-to-Month,Yes,Electronic check,71.05,4.6,3444.85,0,0,230,3674.85,dollars
3926-CUQZX,Month-to-Month,Yes,Bank transfer (automatic),45.1,11.06,45.1,0,0,11.06,56.16,dollars
3926-YZVVX,One Year,No,Bank transfer (automatic),50.05,12.42,2029.05,0,0,509.22,2538.27,dollars
3927-NLNRY,One Year,Yes,Bank transfer (automatic),94.25,15.77,4867.95,0,0,835.81,5703.76,dollars
3930-ZGWVE,Month-to-Month,No,Mailed check,19.75,15.77,19.75,0,0,15.77,35.52,dollars
3932-CMDTD,One Year,Yes,Electronic check,10565,43.45,443.9,0,0,173.8,617.7,cents
3932-IJWDZ,Month-to-Month,Yes,Bank transfer (automatic),103.65,24.75,4747.85,0,0,1113.75,5861.6,dollars
3933-DQPWX,Two Year,No,Credit card (automatic),3970.0000000000005,0,1932.75,0,0,0,1932.75,cents
3934-HXCFZ,Month-to-Month,Yes,Electronic check,9925,19.2,2186.4,0,0,441.6,2628,cents
3935-TBRZZ,One Year,No,Mailed check,25.7,15.33,1110.5,0,0,674.52,1785.02,dollars
3936-QQFLL,Month-to-Month,No,Mailed check,19.75,1.97,39.3,0,0,3.94,43.24,dollars
3938-YFPXD,Two Year,No,Credit card (automatic),84.3,29.03,5997.1,0,0,2090.16,8087.26,dollars
3941-XTSKM,One Year,Yes,Credit card (automatic),45.1,0,2049.05,0,0,0,2049.05,dollars
3943-KDREE,Month-to-Month,Yes,Bank transfer (automatic),74.95,17.53,1834.95,0,0,455.78,2290.73,dollars
3945-GFWQL,Month-to-Month,Yes,Electronic check,44.55,5.16,480.6,18.21,0,61.92,524.31,dollars
3946-JEWRQ,One Year,Yes,Credit card (automatic),95.2,20.93,4563,0,80,983.71,5626.71,dollars
3946-MHCZW,Month-to-Month,No,Mailed check,50.9,6.95,50.9,0,0,6.95,57.85,dollars
3948-FVVRP,Month-to-Month,No,Mailed check,54.8,44.46,452.8,0,0,400.14,852.94,dollars
3948-KXDUF,Two Year,No,Bank transfer (automatic),6875,20.52,4447.55,0,0,1354.32,5801.87,cents
3948-XHGNA,Month-to-Month,Yes,Bank transfer (automatic),49.55,14.39,1210.4,0,0,345.36,1555.76,dollars
3950-VPYJB,One Year,No,Mailed check,59.6,14.55,3509.4,0,70,829.35,4408.75,dollars
3951-NJCVI,One Year,Yes,Electronic check,95.05,42.29,3944.5,0,100,1776.18,5820.68,dollars
3955-JBZZM,Month-to-Month,No,Electronic check,78.8,45.39,1641.3,0,0,907.8,2549.1,dollars
3956-CJUST,One Year,Yes,Bank transfer (automatic),75.4,17.62,1643.55,0,80,405.26,2128.81,dollars
3956-MGXOG,Month-to-Month,Yes,Electronic check,8059.999999999999,33.84,2244.95,0,0,947.52,3192.47,cents
3957-HHLMR,One Year,No,Bank transfer (automatic),6520,29.72,4543.15,0,0,2080.4,6623.55,cents
3957-LXOLK,Month-to-Month,Yes,Electronic check,106.15,9.67,3152.5,0,0,270.76,3423.26,dollars
3957-SQXML,Two Year,No,Credit card (automatic),24.95,25.21,894.3,0,0,857.14,1751.44,dollars
3961-SXAXY,Month-to-Month,Yes,Bank transfer (automatic),4405,30.73,44.05,0,0,30.73,74.78,cents
3963-RYFNS,Two Year,Yes,Bank transfer (automatic),116.45,48.52,8013.55,0,90,3493.44,11596.99,dollars
3966-HRMZA,One Year,No,Mailed check,7505,41.44,202.9,5.49,10,124.32,331.73,cents
3967-KXAPS,Two Year,No,Credit card (automatic),9230,13.59,6719.9,0,0,978.48,7698.38,cents
3967-VQOGC,Two Year,Yes,Mailed check,24.9,17.43,1680.25,0,0,1167.81,2848.06,dollars
3969-GYXEL,Month-to-Month,No,Electronic check,76.4,36.52,838.7,0,0,401.72,1240.42,dollars
3969-JQABI,Month-to-Month,Yes,Credit card (automatic),65.25,40.16,3791.6,0,110,2329.28,6230.88,dollars
3970-XGJDU,Two Year,Yes,Credit card (automatic),1920,24.03,1123.65,0,0,1489.86,2613.51,cents
3973-SKMLN,Two Year,Yes,Credit card (automatic),1989.9999999999998,22.22,1355.1,42.18,0,1577.62,2890.54,cents
3976-BWUCK,Month-to-Month,Yes,Credit card (automatic),9410,7.01,2804.45,0,0,210.3,3014.75,cents
3976-HXHCE,Two Year,No,Bank transfer (automatic),19.3,45.75,1414.8,0,0,3294,4708.8,dollars
3976-NLDEZ,Month-to-Month,No,Mailed check,2060,1.48,20.6,0,0,1.48,22.08,cents
3977-QCRSL,Month-to-Month,No,Mailed check,2014.9999999999998,3.37,117.95,0,0,16.85,134.8,cents
3978-YNKDD,Two Year,No,Credit card (automatic),2085,36.16,467.5,0,0,687.04,1154.54,cents
3981-QSVQI,Month-to-Month,Yes,Bank transfer (automatic),19.7,22.15,168.9,0,0,177.2,346.1,dollars
3982-DQLUS,Two Year,Yes,Electronic check,8575,9.68,5688.45,38.09,0,629.2,6279.56,cents
3982-JGSFD,One Year,Yes,Credit card (automatic),20.35,12.72,695.85,0,0,457.92,1153.77,dollars
3982-XWFZQ,Month-to-Month,Yes,Electronic check,50.25,10.79,2203.65,28.49,0,453.18,2628.34,dollars
3985-HOYPM,One Year,No,Mailed check,1939.9999999999998,6.38,525.55,4.25,0,165.88,687.18,cents
3987-KQDDU,Month-to-Month,No,Electronic check,75.6,21.11,661.55,0,0,189.99,851.54,dollars
3988-RQIXO,Month-to-Month,Yes,Electronic check,91.3,43.61,91.3,0,0,43.61,134.91,dollars
3990-QYKBE,Month-to-Month,Yes,Electronic check,9250,49.37,3473.4,0,0,1826.69,5300.09,cents
3992-YWPKO,Month-to-Month,Yes,Credit card (automatic),109.9,20.36,669.45,0,0,122.16,791.61,dollars
3995-WFCSM,Month-to-Month,No,Electronic check,6085,15.25,111.4,0,0,30.5,141.9,cents
3996-ZNWYK,Two Year,No,Credit card (automatic),19.8,32.12,1388.45,0,0,2280.52,3668.97,dollars
3999-QGRJH,Month-to-Month,Yes,Electronic check,6970,14.89,560.85,0,0,119.12,679.97,cents
3999-WRNGR,Month-to-Month,Yes,Electronic check,4975,0,3069.45,0,0,0,3069.45,cents
4000-VGMQP,One Year,No,Credit card (automatic),78.95,13.67,2862.55,0,0,519.46,3382.01,dollars
4001-TSBTV,Month-to-Month,Yes,Electronic check,91.55,40.74,5511.65,0,0,2362.92,7874.57,dollars
4002-BQWPQ,Month-to-Month,No,Bank transfer (automatic),81.75,25.2,2028.8,0,0,630,2658.8,dollars
4003-FUSHP,Month-to-Month,Yes,Credit card (automatic),6155,46.49,1093.2,0,0,883.31,1976.51,cents
4003-OCTMP,One Year,Yes,Electronic check,64,28.8,1910.75,0,0,892.8,2803.55,dollars
4006-HKYHO,Two Year,Yes,Bank transfer (automatic),86.7,29.58,5309.5,0,0,1863.54,7173.04,dollars
4007-NHVHI,Two Year,Yes,Electronic check,96.85,46.67,5219.65,0,0,2613.52,7833.17,dollars
4009-ALQFH,Month-to-Month,Yes,Electronic check,99.5,48.42,2369.05,19.5,0,1210.5,3560.05,dollars
4010-YLMVT,Month-to-Month,Yes,Credit card (automatic),106.6,24.77,5893.95,0,0,1387.12,7281.07,dollars
4011-ARPHK,Month-to-Month,No,Mailed check,50.35,18.51,1411.35,0,150,499.77,2061.12,dollars
4012-YCFAI,Two Year,Yes,Mailed check,61.35,22.22,3766.2,0,0,1333.2,5099.4,dollars
4012-ZTHBR,Month-to-Month,Yes,Electronic check,4495,38.95,926.25,0,0,817.95,1744.2,cents
4013-GUXND,Month-to-Month,No,Mailed check,20.8,48.14,20.8,0,0,48.14,68.94,dollars
4013-TLDHQ,Month-to-Month,Yes,Electronic check,78.25,20.26,1490.95,0,0,384.94,1875.89,dollars
4013-UBXWQ,Month-to-Month,Yes,Electronic check,74.65,48.82,521.1,28.35,0,341.74,834.49,dollars
4016-BJKTZ,Two Year,No,Electronic check,10890,32.33,2809.05,0,0,808.25,3617.3,cents
4018-KJYUY,Month-to-Month,No,Credit card (automatic),20.15,34.07,432.5,0,0,749.54,1182.04,dollars
4018-PPNDW,Two Year,Yes,Mailed check,2410,13.35,1551.6,0,0,814.35,2365.95,cents
4020-KIUDI,Month-to-Month,No,Credit card (automatic),1985.0000000000002,23.73,138.85,0,0,142.38,281.23,cents
4021-RQSNY,Month-to-Month,Yes,Electronic check,98.5,25.78,3004.15,37.55,40,747.62,3754.22,dollars
4023-RTIQM,One Year,Yes,Credit card (automatic),5040,0,1580.1,0,0,0,1580.1,cents
4024-CSNBY,Two Year,Yes,Bank transfer (automatic),94.25,11.02,6849.75,0,100,793.44,7743.19,dollars
4026-SKKHW,Month-to-Month,Yes,Mailed check,50.25,28.19,152.3,0,0,84.57,236.87,dollars
4029-HPFVY,Month-to-Month,Yes,Mailed check,70.3,9.74,220.4,0,0,29.22,249.62,dollars
4030-VPZBD,Month-to-Month,Yes,Electronic check,30.9,0,59.05,0,0,0,59.05,dollars
4032-RMHCI,One Year,No,Credit card (automatic),3540,0,1412.4,0,0,0,1412.4,cents
4039-HEUNW,Month-to-Month,Yes,Electronic check,9650,16.61,3436.1,0,0,597.96,4034.06,cents
4039-PIMHX,Two Year,No,Mailed check,49.8,1.67,2398.4,0,0,81.83,2480.23,dollars
4043-MKDTV,Two Year,Yes,Electronic check,105.25,37.69,7291.75,0,0,2675.99,9967.74,dollars
4049-ZPALD,Two Year,Yes,Bank transfer (automatic),9900,35.92,6375.8,0,0,2298.88,8674.68,cents
4054-CUMIA,Month-to-Month,Yes,Mailed check,2025,35.44,401.95,0,0,637.92,1039.87,cents
4056-QHXHZ,Two Year,No,Mailed check,107.45,2.71,7576.7,0,0,195.12,7771.82,dollars
4057-FKCZK,Two Year,No,Bank transfer (automatic),82.5,29.93,4828.05,0,0,1735.94,6563.99,dollars
4059-IIEBK,Month-to-Month,Yes,Bank transfer (automatic),78.55,40.76,522.95,47.19,0,285.32,761.08,dollars
4060-LDNLU,Month-to-Month,No,Electronic check,96.2,45.93,639.7,0,0,321.51,961.21,dollars
4061-UKJWL,Month-to-Month,No,Mailed check,4545,20.37,141.7,0,0,61.11,202.81,cents
4062-HBMOS,Month-to-Month,Yes,Electronic check,103.05,5.42,5364.8,46.67,0,281.84,5599.97,dollars
4063-EIKNQ,Month-to-Month,No,Bank transfer (automatic),20.95,15.73,267.35,18.17,0,173.03,422.21,dollars
4065-JJAVA,Month-to-Month,No,Electronic check,4950,16.99,49.5,0,30,16.99,96.49,cents
4067-HLYQI,Month-to-Month,Yes,Bank transfer (automatic),7040.000000000001,49.45,2406.1,0,60,1631.85,4097.95,cents
4070-OKWVH,Month-to-Month,No,Bank transfer (automatic),94.6,29.23,5025.8,0,0,1519.96,6545.76,dollars
4072-IPYLT,Month-to-Month,No,Credit card (automatic),5105,19.73,1815,0,0,710.28,2525.28,cents
4074-SJFFA,Month-to-Month,Yes,Mailed check,54.75,13.01,54.75,0,0,13.01,67.76,dollars
4075-JFPGR,One Year,Yes,Electronic check,93.5,21.07,4619.55,0,0,1074.57,5694.12,dollars
4075-WKNIU,Two Year,No,Mailed check,7334.999999999999,5.59,733.5,0,0,55.9,789.4,cents
4077-CROMM,Month-to-Month,Yes,Electronic check,10420,3.73,3243.45,17.01,0,115.63,3342.07,cents
4077-HWUYD,Two Year,Yes,Bank transfer (automatic),87.55,44.61,6463.15,0,0,3211.92,9675.07,dollars
4078-SAYYN,Month-to-Month,Yes,Electronic check,100.75,48.64,1129.75,0,0,535.04,1664.79,dollars
4079-ULGFR,Month-to-Month,No,Mailed check,2000,4.13,275.7,0,0,66.08,341.78,cents
4079-VTGLK,Two Year,No,Electronic check,74.85,40.5,2181.75,0,0,1215,3396.75,dollars
4079-WWQQQ,Two Year,Yes,Bank transfer (automatic),65.55,0,4807.45,0,0,0,4807.45,dollars
4080-IIARD,Month-to-Month,Yes,Electronic check,7620,11.79,981.45,0,0,153.27,1134.72,cents
4080-OGPJL,Month-to-Month,No,Electronic check,71.15,48.14,563.65,0,0,385.12,948.77,dollars
4081-DYXAV,One Year,Yes,Credit card (automatic),44.85,0,893.55,0,0,0,893.55,dollars
4083-BFNYK,One Year,No,Credit card (automatic),95,49.82,3591.25,0,70,1893.16,5554.41,dollars
4083-EUGRJ,Month-to-Month,No,Mailed check,20.25,8.91,178.5,0,0,80.19,258.69,dollars
4086-ATNFV,One Year,Yes,Mailed check,6080,49.58,2042.05,0,0,1685.72,3727.77,cents
4086-WITJG,Two Year,No,Credit card (automatic),19.7,14.86,1301.1,0,0,1055.06,2356.16,dollars
4086-YQSNZ,Month-to-Month,Yes,Electronic check,80.4,3.29,224.05,0,0,9.87,233.92,dollars
4088-YLDSU,One Year,Yes,Electronic check,104.15,10.61,5743.05,0,0,583.55,6326.6,dollars
4090-KPJIP,Month-to-Month,Yes,Electronic check,7495,1.64,212.4,27.6,0,4.92,189.72,cents
4091-TVOCN,One Year,Yes,Credit card (automatic),78.75,2.53,3682.45,0,40,121.44,3843.89,dollars
4092-OFQZS,One Year,No,Mailed check,20.65,46.47,417.5,0,0,929.4,1346.9,dollars
4094-NSEDU,Month-to-Month,Yes,Electronic check,94.25,21.15,1973.75,0,0,444.15,2417.9,dollars
4097-YODCF,One Year,Yes,Electronic check,103.8,4.28,3470.8,0,0,145.52,3616.32,dollars
4098-NAUKP,Two Year,Yes,Electronic check,84.65,20.31,5683.6,0,0,1381.08,7064.68,dollars
4102-HLENU,Two Year,No,Mailed check,65.65,22.83,4322.85,0,0,1529.61,5852.46,dollars
4102-OQUPX,Month-to-Month,Yes,Electronic check,74.4,17.36,74.4,0,30,17.36,121.76,dollars
4104-PVRPS,Month-to-Month,No,Mailed check,53.6,1.02,1315.35,0,120,24.48,1459.83,dollars
4106-HADHQ,One Year,No,Credit card (automatic),8000,35.7,3182.95,0,0,1392.3,4575.25,cents
4109-CYRBD,One Year,Yes,Electronic check,51.6,37.65,1442,0,0,1091.85,2533.85,dollars
4110-PFEUZ,Month-to-Month,No,Mailed check,69.55,29.78,69.55,0,0,29.78,99.33,dollars
4111-BNXIF,Two Year,Yes,Electronic check,59.55,0,4103.9,0,0,0,4103.9,dollars
4112-LUEIZ,Month-to-Month,Yes,Electronic check,89.5,12.78,863.1,0,0,127.8,990.9,dollars
4114-QMKVN,One Year,No,Bank transfer (automatic),68.75,7.31,3815.4,0,110,409.36,4334.76,dollars
4115-BNPJY,Two Year,No,Mailed check,75.55,32.46,2054.4,0,0,941.34,2995.74,dollars
4115-NZRKS,One Year,Yes,Electronic check,8915,16.36,574.35,0,0,114.52,688.87,cents
4115-UMJFQ,One Year,Yes,Bank transfer (automatic),35.75,0,2492.25,0,150,0,2642.25,dollars
4116-IQRFR,One Year,No,Credit card (automatic),2410,16.68,73.1,0,0,66.72,139.82,cents
4116-TZAQJ,Month-to-Month,Yes,Credit card (automatic),7425,13.86,639.65,0,0,124.74,764.39,cents
4118-CEVPF,One Year,Yes,Bank transfer (automatic),11080,32.92,3836.3,0,110,1152.2,5098.5,cents
4119-ZYPZY,Two Year,Yes,Electronic check,106.8,34.8,7623.2,0,0,2470.8,10094,dollars
4121-AGSIN,One Year,Yes,Credit card (automatic),24.5,36.45,1497.9,9.22,0,2114.1,3602.78,dollars
4123-DVHPH,Month-to-Month,Yes,Electronic check,88.05,22.41,801.3,0,0,201.69,1002.99,dollars
4123-FCVCB,One Year,Yes,Mailed check,75.85,49.25,854.45,0,0,591,1445.45,dollars
4124-MMETB,Month-to-Month,Yes,Credit card (automatic),9465,46.28,2104.55,0,40,1018.16,3162.71,cents
4128-ETESU,Month-to-Month,No,Electronic check,99.7,2.98,4747.2,0,140,140.06,5027.26,dollars
4129-LYCOI,Two Year,Yes,Electronic check,104,12.54,7039.05,0,0,840.18,7879.23,dollars
4130-MZLCC,Month-to-Month,No,Bank transfer (automatic),5055,43.02,244.75,0,0,215.1,459.85,cents
4132-KALRO,Month-to-Month,Yes,Mailed check,10085,7.94,399.25,0,10,31.76,441.01,cents
4132-POCZS,Month-to-Month,Yes,Electronic check,3990,0,2020.9,0,0,0,2020.9,cents
4134-BSXLX,Month-to-Month,No,Mailed check,60.9,28.86,1785.65,0,0,808.08,2593.73,dollars
4135-FRWKJ,One Year,No,Electronic check,76.25,34.57,4154.55,0,0,1901.35,6055.9,dollars
4137-BTIKL,Month-to-Month,No,Mailed check,9075,27.17,174.75,0,0,54.34,229.09,cents
4137-JOPHL,Two Year,Yes,Bank transfer (automatic),89.7,29.8,4304.5,0,0,1490,5794.5,dollars
4138-NAXED,Month-to-Month,No,Bank transfer (automatic),81,42.93,4085.75,0,10,2189.43,6285.18,dollars
4139-DETXS,Two Year,No,Bank transfer (automatic),64.45,0,4528,0,0,0,4528,dollars
4139-JPIAM,Month-to-Month,Yes,Credit card (automatic),44.45,0,2181.55,0,0,0,2181.55,dollars
4139-SUGLD,Month-to-Month,No,Bank transfer (automatic),3540,0,1077.5,0,0,0,1077.5,cents
4140-MUHUG,Month-to-Month,Yes,Electronic check,86.85,18.38,220.95,0,0,55.14,276.09,dollars
4140-WJAWW,Month-to-Month,No,Credit card (automatic),19.85,6.17,108.05,0,0,30.85,138.9,dollars
4143-HHPMK,Month-to-Month,Yes,Electronic check,85.35,48.13,4338.6,0,90,2502.76,6931.36,dollars
4143-OOBWZ,Month-to-Month,Yes,Electronic check,81.3,25.11,416.3,0,0,125.55,541.85,dollars
4145-UQXUQ,Month-to-Month,Yes,Electronic check,92.1,42.93,729.95,0,0,343.44,1073.39,dollars
4146-SVFUD,Month-to-Month,No,Mailed check,44.6,45.28,44.6,0,0,45.28,89.88,dollars
4154-AQUGT,Month-to-Month,Yes,Bank transfer (automatic),8905,1.47,1169.35,0,0,19.11,1188.46,cents
4159-NAAIX,Two Year,No,Bank transfer (automatic),9745,37.76,6253,0,0,2378.88,8631.88,cents
4160-AMJTL,Month-to-Month,No,Electronic check,1964.9999999999998,27.95,164.3,0,0,223.6,387.9,cents
4163-HFTUK,One Year,No,Electronic check,1910.0000000000002,29.33,1007.8,0,0,1495.83,2503.63,cents
4163-KIUHY,Month-to-Month,Yes,Electronic check,25.6,39.84,901.25,0,0,1394.4,2295.65,dollars
4163-NCJAK,One Year,Yes,Bank transfer (automatic),24.45,35.46,1066.15,0,0,1631.16,2697.31,dollars
4174-LPGTI,One Year,Yes,Bank transfer (automatic),6650,32.02,2728.6,0,0,1312.82,4041.42,cents
4176-FXYBO,Month-to-Month,No,Electronic check,109.55,49.9,6118.95,0,0,2694.6,8813.55,dollars
4176-RELJR,Two Year,No,Credit card (automatic),2510,14.69,1672.15,0,0,984.23,2656.38,cents
4177-JPDFU,Month-to-Month,No,Mailed check,34,0,442.45,0,0,0,442.45,dollars
4178-EGMON,Two Year,Yes,Credit card (automatic),88,9.28,5986.45,0,0,649.6,6636.05,dollars
4182-BGSIQ,Month-to-Month,Yes,Bank transfer (automatic),1980,19.05,196.75,0,0,190.5,387.25,cents
4183-MYFRB,Month-to-Month,Yes,Electronic check,90.05,6.49,1862.9,0,30,136.29,2029.19,dollars
4183-WCSEP,Month-to-Month,Yes,Electronic check,7845,34.38,2435.15,0,40,1065.78,3540.93,cents
4184-TJFAN,Month-to-Month,Yes,Mailed check,88.3,25.77,273.75,0,0,77.31,351.06,dollars
4184-VODJZ,One Year,Yes,Electronic check,9135,48.62,5764.7,18.78,0,3063.06,8808.98,cents
4186-ZBUEW,One Year,Yes,Mailed check,70.7,29.27,2511.95,0,60,1053.72,3625.67,dollars
4187-CINZD,One Year,No,Credit card (automatic),95.25,6.13,4424.2,0,0,281.98,4706.18,dollars
4188-FRABG,Month-to-Month,Yes,Electronic check,103.05,31.79,5925.75,0,0,1812.03,7737.78,dollars
4188-PCPIG,Two Year,Yes,Credit card (automatic),70.35,48,4124.65,0,0,2736,6860.65,dollars
4189-NAKJS,One Year,Yes,Credit card (automatic),5155,24.67,1295.4,0,0,641.42,1936.82,cents
4190-MFLUW,Month-to-Month,No,Credit card (automatic),55.2,9.41,528.35,0,0,94.1,622.45,dollars
4191-XOVOM,Month-to-Month,No,Electronic check,10540,22.73,6713.2,0,130,1431.99,8275.19,cents
4192-GORJT,Month-to-Month,Yes,Electronic check,9445,39.36,498.1,0,0,196.8,694.9,cents
4193-IBKSW,Two Year,No,Bank transfer (automatic),2475,35.33,1769.6,0,0,2543.76,4313.36,cents
4193-ORFCL,Month-to-Month,No,Mailed check,45.1,15.24,45.1,0,0,15.24,60.34,dollars
4194-FJARJ,Two Year,No,Bank transfer (automatic),60,8.53,3273.95,0,0,460.62,3734.57,dollars
4194-WHFCB,Month-to-Month,Yes,Bank transfer (automatic),9665,48.07,5580.8,0,0,2836.13,8416.93,cents
4195-NZGTA,Month-to-Month,No,Electronic check,25.25,0,25.25,0,0,0,25.25,dollars
4195-PNGZS,Two Year,No,Bank transfer (automatic),24.45,33.09,1718.2,0,0,2283.21,4001.41,dollars
4195-SMMNX,Month-to-Month,No,Mailed check,2035.0000000000002,32.03,33.2,0,0,64.06,97.26,cents
4198-VFOEA,One Year,Yes,Mailed check,3360,0,435.45,0,0,0,435.45,cents
4199-QHJNM,Two Year,No,Bank transfer (automatic),10290,48.68,6989.7,0,0,3261.56,10251.26,cents
4201-JMNGR,Month-to-Month,Yes,Electronic check,55.8,26.22,55.8,0,0,26.22,82.02,dollars
4203-QGNZA,Month-to-Month,No,Mailed check,20.25,26.09,535.35,0,0,730.52,1265.87,dollars
4208-UFFGW,Month-to-Month,No,Mailed check,4495,26.62,85.15,0,0,53.24,138.39,cents
4210-QFJMF,Month-to-Month,Yes,Electronic check,79.15,36.91,317.25,0,0,147.64,464.89,dollars
4211-MMAZN,Month-to-Month,No,Mailed check,2025,23.16,20.25,0,0,23.16,43.41,cents
4213-HKBJO,Two Year,No,Credit card (automatic),2570,36.5,826.1,0,0,1204.5,2030.6,cents
4220-TINQT,Month-to-Month,Yes,Electronic check,10635,27.63,6751.35,0,0,1685.43,8436.78,cents
4223-BKEOR,One Year,No,Mailed check,64.85,30.88,1336.8,0,0,648.48,1985.28,dollars
4223-WOZCM,Two Year,No,Mailed check,4995,37.97,107.1,0,0,75.94,183.04,cents
4226-KKDON,Month-to-Month,Yes,Electronic check,6665.000000000001,30.8,520.95,0,0,246.4,767.35,cents
4227-OJHAL,One Year,Yes,Credit card (automatic),73,20.15,5163,0,0,1370.2,6533.2,dollars
4228-ZGYUW,Month-to-Month,Yes,Electronic check,9005,12.24,368.1,0,30,48.96,447.06,cents
4229-CZMLL,Month-to-Month,Yes,Electronic check,7490.000000000001,6.32,469.8,0,0,37.92,507.72,cents
4231-LZUYM,Two Year,No,Bank transfer (automatic),25.65,12.58,1887,0,0,905.76,2792.76,dollars
4232-JGKIY,Month-to-Month,No,Electronic check,1920,26.37,19.2,0,0,26.37,45.57,cents
4234-XTNEA,Month-to-Month,Yes,Electronic check,79.95,37.7,174.45,0,0,75.4,249.85,dollars
4236-UJPWO,Month-to-Month,No,Electronic check,2450,0,46.4,0,0,0,46.4,cents
4236-XPXAV,Month-to-Month,Yes,Mailed check,99.15,9.23,465.05,0,0,46.15,511.2,dollars
4237-CLSMM,Month-to-Month,No,Mailed check,20,34.38,38,0,0,68.76,106.76,dollars
4237-RLAQD,Month-to-Month,Yes,Mailed check,4585,44.75,45.85,0,0,44.75,90.6,cents
4238-HFHSN,One Year,Yes,Electronic check,82.15,26.55,4904.85,0,0,1619.55,6524.4,dollars
4238-JSSWH,Two Year,No,Bank transfer (automatic),102.05,45.13,3452.55,0,0,1579.55,5032.1,dollars
4248-HCETZ,Month-to-Month,Yes,Mailed check,79.65,6.23,2365.15,0,0,186.9,2552.05,dollars
4248-QPAVC,Month-to-Month,Yes,Bank transfer (automatic),85.35,36.82,1463.45,0,0,625.94,2089.39,dollars
4250-FDVOU,Month-to-Month,No,Electronic check,5625,17.18,389.1,0,0,103.08,492.18,cents
4250-WAROZ,One Year,Yes,Electronic check,9325,19.68,5774.55,0,0,1180.8,6955.35,cents
4250-ZBWLV,One Year,No,Electronic check,10845,21.74,7176.55,9.68,0,1478.32,8645.19,cents
4254-QPEDE,Two Year,No,Credit card (automatic),6625,0,3330.1,0,0,0,3330.1,cents
4255-DDUOU,Month-to-Month,Yes,Mailed check,2050,34.57,20.5,0,0,34.57,55.07,cents
4256-ZWTZI,Month-to-Month,Yes,Mailed check,5100,40.03,286.8,0,0,200.15,486.95,cents
4257-GAESD,Month-to-Month,No,Credit card (automatic),4500,0,298.7,0,0,0,298.7,cents
4273-MBHYA,Month-to-Month,Yes,Electronic check,89.35,5.36,89.35,0,0,5.36,94.71,dollars
4274-DRSQT,One Year,Yes,Bank transfer (automatic),88.9,31.93,6000.1,0,0,2107.38,8107.48,dollars
4274-OWWYO,Month-to-Month,Yes,Electronic check,74.35,4.8,74.35,0,0,4.8,79.15,dollars
4277-BWBML,Two Year,No,Bank transfer (automatic),1995,8.53,1322.85,0,0,614.16,1937.01,cents
4277-PVRAN,Month-to-Month,Yes,Bank transfer (automatic),80.1,36.39,679.3,0,0,291.12,970.42,dollars
4277-UDIEF,Month-to-Month,No,Bank transfer (automatic),81,45.68,1923.85,0,0,1096.32,3020.17,dollars
4280-DLSHD,Month-to-Month,Yes,Mailed check,54.75,19,445.85,0,0,152,597.85,dollars
4282-ACRXS,Month-to-Month,Yes,Electronic check,24.85,0,955.75,0,0,0,955.75,dollars
4282-MSACW,One Year,Yes,Credit card (automatic),11720,32.67,8035.95,0,0,2221.56,10257.51,cents
4282-YMKNA,Month-to-Month,Yes,Electronic check,74.75,16.48,706.6,0,0,148.32,854.92,dollars
4283-FUTGF,Month-to-Month,Yes,Electronic check,79.85,16.78,1471.75,0,0,318.82,1790.57,dollars
4283-IVYCI,Month-to-Month,No,Mailed check,6495,27.53,547.8,0,0,247.77,795.57,cents
4285-GYRQC,Month-to-Month,Yes,Electronic check,86.25,44.66,587.1,0,0,312.62,899.72,dollars
4289-DTDKW,Month-to-Month,Yes,Electronic check,101.3,22.56,4113.1,0,0,902.4,5015.5,dollars
4290-BSXUX,Month-to-Month,Yes,Bank transfer (automatic),7965.000000000001,43.27,251.75,0,0,129.81,381.56,cents
4291-HPAXL,Month-to-Month,No,Mailed check,1985.0000000000002,29.1,19.85,0,0,29.1,48.95,cents
4291-HYEBC,One Year,Yes,Electronic check,39.1,0,1096.6,0,0,0,1096.6,dollars
4291-SHSBH,Month-to-Month,Yes,Electronic check,6955,8.95,521.35,0,0,62.65,584,cents
4291-TPNFG,Two Year,Yes,Bank transfer (automatic),8230,29.29,5980.55,0,140,2108.88,8229.43,cents
4291-YZODP,One Year,No,Mailed check,20.05,49.66,96.8,0,0,347.62,444.42,dollars
4293-ETKAP,Two Year,Yes,Bank transfer (automatic),79.4,1.83,5071.9,0,0,118.95,5190.85,dollars
4295-YURET,Two Year,Yes,Credit card (automatic),72.6,5.93,4084.35,0,140,332.08,4556.43,dollars
4298-OYIFC,Month-to-Month,Yes,Electronic check,103.45,18.6,1539.8,0,140,279,1958.8,dollars
4299-OPXEJ,Two Year,Yes,Bank transfer (automatic),19.55,13.89,1080.55,0,0,777.84,1858.39,dollars
4299-SIMNS,Month-to-Month,Yes,Electronic check,81.15,34.34,784.45,0,50,309.06,1143.51,dollars
4301-VVZKA,Month-to-Month,Yes,Electronic check,75.4,25.83,1189.4,0,0,413.28,1602.68,dollars
4302-ZYFEL,One Year,Yes,Credit card (automatic),2055,26.44,1403.1,0,0,1824.36,3227.46,cents
4304-TSPVK,Two Year,No,Bank transfer (automatic),114.9,23.14,7843.55,0,0,1573.52,9417.07,dollars
4304-XUMGI,Two Year,Yes,Bank transfer (automatic),7515.000000000001,32.9,3822.45,0,0,1645,5467.45,cents
4307-KTUMW,Month-to-Month,No,Electronic check,9390,31.24,5029.2,0,0,1655.72,6684.92,cents
4307-KWMXE,Month-to-Month,No,Electronic check,3575,0,389.8,0,0,0,389.8,cents
4310-KEDTB,Month-to-Month,Yes,Mailed check,2980,0,786.5,10.28,0,0,776.22,cents
4311-QTTAI,One Year,No,Credit card (automatic),19.35,40.95,295.55,0,0,655.2,950.75,dollars
4312-GVYNH,Two Year,Yes,Bank transfer (automatic),4985,0,3370.2,0,0,0,3370.2,cents
4312-KFRXN,Two Year,No,Mailed check,2540,34.29,1710.9,0,0,2468.88,4179.78,cents
4315-MURBD,Month-to-Month,Yes,Bank transfer (automatic),98.9,34.92,1120.95,0,0,419.04,1539.99,dollars
4316-XCSLJ,Month-to-Month,Yes,Mailed check,50.3,45.61,846.8,0,0,775.37,1622.17,dollars
4317-VTEOA,Month-to-Month,Yes,Electronic check,50.75,43.03,50.75,0,0,43.03,93.78,dollars
4318-RAJVY,One Year,Yes,Mailed check,19.8,2.84,198.25,0,0,28.4,226.65,dollars
4320-QMLLA,Month-to-Month,No,Mailed check,54.85,5.61,370.4,0,0,39.27,409.67,dollars
4322-RCYMT,One Year,Yes,Bank transfer (automatic),7580,29.18,5293.95,0,90,1984.24,7368.19,cents
4323-ELYYB,One Year,No,Mailed check,2000,4.26,218.55,0,0,55.38,273.93,cents
4323-OHFOW,One Year,Yes,Bank transfer (automatic),105.55,33.74,7195.35,0,0,2361.8,9557.15,dollars
4323-SADQS,Month-to-Month,Yes,Electronic check,3450,0,279.25,0,0,0,279.25,cents
4324-AHJKS,Month-to-Month,No,Credit card (automatic),55.8,24.83,300.4,0,0,124.15,424.55,dollars
4324-BZCKL,Month-to-Month,Yes,Mailed check,5555,5.74,551.3,0,0,57.4,608.7,cents
4325-NFSKC,Month-to-Month,Yes,Electronic check,90.6,28.12,1660,0,0,534.28,2194.28,dollars
4328-VUFWD,One Year,No,Electronic check,5930,6.77,2209.15,0,0,264.03,2473.18,cents
4329-YPDDQ,Month-to-Month,Yes,Bank transfer (automatic),108.2,16.05,2203.7,0,0,321,2524.7,dollars
4332-MUOEZ,One Year,No,Credit card (automatic),9430,32.54,1818.3,0,0,650.8,2469.1,cents
4334-HOWRP,Two Year,Yes,Credit card (automatic),64.95,0,4546,0,30,0,4576,dollars
4335-BSMJS,Two Year,Yes,Credit card (automatic),25.8,8.23,1563.95,0,0,510.26,2074.21,dollars
4335-UPJSI,Two Year,No,Mailed check,1975,34.24,498.1,0,0,821.76,1319.86,cents
4338-EYCER,Month-to-Month,No,Bank transfer (automatic),54.6,17.19,1125.2,0,0,360.99,1486.19,dollars
4342-HENTK,Month-to-Month,Yes,Electronic check,70.65,12.52,142.35,0,0,25.04,167.39,dollars
4342-HFXWS,One Year,No,Bank transfer (automatic),69.7,44.66,3023.65,0,0,2143.68,5167.33,dollars
4343-EJVQB,Month-to-Month,No,Mailed check,74.35,1.67,533.6,0,0,11.69,545.29,dollars
4349-GFQHK,Month-to-Month,No,Electronic check,5435,25.39,54.35,0,0,25.39,79.74,cents
4350-ZTLPI,One Year,Yes,Bank transfer (automatic),108.95,18,5718.2,0,0,954,6672.2,dollars
4351-QLCSU,Month-to-Month,Yes,Credit card (automatic),55,32.74,55,0,0,32.74,87.74,dollars
4353-HYOJD,Month-to-Month,No,Mailed check,49.85,19.32,1336.15,0,0,521.64,1857.79,dollars
4355-CVPVS,One Year,No,Bank transfer (automatic),88.9,12.97,4968,0,0,726.32,5694.32,dollars
4355-HBJHH,Two Year,Yes,Electronic check,7970,42.77,5293.4,0,0,2865.59,8158.99,cents
4359-INNWN,One Year,No,Credit card (automatic),20.05,3.84,337.9,43.68,0,65.28,359.5,dollars
4360-PNRQB,Month-to-Month,Yes,Bank transfer (automatic),75.6,15.18,1395.05,0,0,273.24,1668.29,dollars
4360-QRAVE,Two Year,No,Electronic check,36.65,0,1315,0,0,0,1315,dollars
4361-BKAXE,Month-to-Month,Yes,Bank transfer (automatic),114.5,21.56,4527.45,0,0,883.96,5411.41,dollars
4361-FEBGN,Two Year,No,Credit card (automatic),2014.9999999999998,33.68,982.95,0,0,1616.64,2599.59,cents
4361-JEIVL,Month-to-Month,Yes,Electronic check,4440,7.14,44.4,0,0,7.14,51.54,cents
4365-MSDYN,Month-to-Month,Yes,Bank transfer (automatic),1955,22.34,161.15,0,0,178.72,339.87,cents
4366-CTOUZ,Two Year,Yes,Mailed check,100.2,15.1,5038.45,0,0,755,5793.45,dollars
4367-NHWMM,Month-to-Month,Yes,Mailed check,24.9,0,24.9,0,0,0,24.9,dollars
4367-NUYAO,Two Year,No,Mailed check,2575,22.83,257.5,0,0,228.3,485.8,cents
4369-HTUIF,Month-to-Month,Yes,Bank transfer (automatic),85.15,29.41,503.6,0,0,176.46,680.06,dollars
4369-NYSCF,One Year,Yes,Bank transfer (automatic),75.75,18.42,4284.65,0,90,1031.52,5406.17,dollars
4373-MAVJG,Month-to-Month,Yes,Bank transfer (automatic),9090,13.64,1259,0,0,190.96,1449.96,cents
4373-VVHQL,Month-to-Month,Yes,Electronic check,44.75,18.57,44.75,0,10,18.57,73.32,dollars
4374-YMUSQ,One Year,No,Credit card (automatic),116.25,22.41,3899.05,0,0,761.94,4660.99,dollars
4376-KFVRS,Two Year,Yes,Credit card (automatic),114.05,30.75,8468.2,0,0,2214,10682.2,dollars
4377-VDHYI,One Year,Yes,Electronic check,90.8,36.65,3023.85,0,0,1172.8,4196.65,dollars
4378-BZYFP,One Year,Yes,Mailed check,2050,42.66,365.8,0,0,725.22,1091.02,cents
4378-MYPGO,Two Year,Yes,Bank transfer (automatic),105.25,31.4,7173.15,0,0,2135.2,9308.35,dollars
4381-MHQDC,Two Year,Yes,Mailed check,65,35.75,2879.9,0,0,1680.25,4560.15,dollars
4385-GZQXV,Month-to-Month,Yes,Electronic check,94.45,9.43,1511.2,0,0,150.88,1662.08,dollars
4385-ZKVNW,Month-to-Month,Yes,Bank transfer (automatic),54.9,46.54,2549.1,0,130,2047.76,4726.86,dollars
4389-UEFCZ,Two Year,Yes,Electronic check,105.5,21.96,7544,0,0,1581.12,9125.12,dollars
4390-KYULV,Month-to-Month,Yes,Credit card (automatic),20.55,37.61,51.15,0,0,112.83,163.98,dollars
4391-LNRXK,Month-to-Month,Yes,Bank transfer (automatic),9495,48.07,2142.8,0,0,1057.54,3200.34,cents
4391-RESHN,Month-to-Month,Yes,Mailed check,104.05,16.28,2470.1,0,0,374.44,2844.54,dollars
4393-GEADV,Two Year,No,Credit card (automatic),114.75,39.06,7842.3,0,0,2734.2,10576.5,dollars
4393-OBCRR,One Year,No,Mailed check,20.25,1.47,71.2,0,0,4.41,75.61,dollars
4393-RYCRE,One Year,Yes,Electronic check,106.05,38.33,4510.8,0,0,1686.52,6197.32,dollars
4395-PZMSN,Two Year,Yes,Electronic check,85.55,18.38,408.5,0,0,91.9,500.4,dollars
4396-KLSEH,Month-to-Month,Yes,Electronic check,1985.0000000000002,6.88,63,0,0,27.52,90.52,cents
4397-FRLTA,Month-to-Month,No,Mailed check,2014.9999999999998,32.54,84.5,0,0,130.16,214.66,cents
4398-HSCJH,Month-to-Month,Yes,Electronic check,6360,3.64,155.65,0,0,10.92,166.57,cents
4402-FTBXC,Month-to-Month,No,Mailed check,8980,27.17,4667,0,0,1467.18,6134.18,cents
4403-BWPAY,One Year,Yes,Credit card (automatic),24.8,33.5,321.7,0,0,469,790.7,dollars
4404-HIBDJ,One Year,No,Mailed check,7430,1.37,1863.8,0,0,34.25,1898.05,cents
4412-YLTKF,Month-to-Month,Yes,Electronic check,78.05,3.33,2135.5,0,10,89.91,2235.41,dollars
4415-IJZTP,Month-to-Month,Yes,Electronic check,74.5,13.61,74.5,0,0,13.61,88.11,dollars
4415-WNGVR,One Year,Yes,Electronic check,79.2,37.15,943.85,0,20,445.8,1409.65,dollars
4418-LZMSV,Month-to-Month,No,Bank transfer (automatic),6180,28.15,750.1,0,0,365.95,1116.05,cents
4419-UJMUS,Two Year,Yes,Electronic check,99.35,8.46,6856.45,0,0,583.74,7440.19,dollars
4422-QVIJA,Month-to-Month,No,Mailed check,50.15,38.82,1655.35,0,130,1358.7,3144.05,dollars
4423-JWZJN,One Year,No,Credit card (automatic),90.25,45.35,5629.15,0,0,2902.4,8531.55,dollars
4423-YLHDV,Month-to-Month,Yes,Bank transfer (automatic),104.4,38.52,2200.25,0,0,808.92,3009.17,dollars
4424-TKOPW,Month-to-Month,Yes,Electronic check,93.85,25.19,196.75,0,0,50.38,247.13,dollars
4425-OWHWB,One Year,Yes,Credit card (automatic),19.35,10.9,433.75,0,0,218,651.75,dollars
4429-WYGFR,Month-to-Month,No,Bank transfer (automatic),4915,44.11,1237.3,0,0,1146.86,2384.16,cents
4430-UZIPO,Month-to-Month,Yes,Mailed check,3685,0,108.7,0,0,0,108.7,cents
4430-YHXGG,Month-to-Month,Yes,Mailed check,25.45,38.97,84.2,0,0,155.88,240.08,dollars
4431-EDMIQ,Month-to-Month,Yes,Electronic check,7570,16.22,554.05,0,0,113.54,667.59,cents
4432-ADRLB,Month-to-Month,No,Mailed check,44.65,24.9,74.9,0,10,49.8,134.7,dollars
4433-JCGCG,Month-to-Month,Yes,Electronic check,101,5.36,4680.05,0,0,246.56,4926.61,dollars
4439-JMPMT,Month-to-Month,Yes,Electronic check,85.75,1.12,470.95,44.16,0,5.6,432.39,dollars
4439-YRNVD,Month-to-Month,No,Electronic check,36.25,0,374,0,0,0,374,dollars
4441-NIHPT,Month-to-Month,Yes,Electronic check,74.3,40.37,940.35,0,0,524.81,1465.16,dollars
4443-EMBNA,Two Year,No,Bank transfer (automatic),24.75,32.13,1836.9,0,0,2281.23,4118.13,dollars
4445-KWOKW,One Year,Yes,Bank transfer (automatic),60.15,29.44,2421.6,0,0,1236.48,3658.08,dollars
4445-ZJNMU,Month-to-Month,Yes,Credit card (automatic),9930,4.81,918.75,0,0,43.29,962.04,cents
4446-BZKHU,Month-to-Month,Yes,Electronic check,105.55,45.7,6281.45,0,0,2787.7,9069.15,dollars
4450-DLLMH,Month-to-Month,Yes,Credit card (automatic),71.3,6.74,157.75,0,0,13.48,171.23,dollars
4450-MDZFX,Month-to-Month,No,Bank transfer (automatic),7434.999999999999,38.44,4453.3,0,0,2306.4,6759.7,cents
4450-YOOHP,Month-to-Month,Yes,Credit card (automatic),50.65,0,1905.4,3.51,0,0,1901.89,dollars
4451-RWASJ,One Year,Yes,Mailed check,1950,49.36,239.75,0,0,740.4,980.15,cents
4452-QIIEB,Month-to-Month,No,Mailed check,43.9,30.04,278.4,0,0,210.28,488.68,dollars
4452-ROHMO,Two Year,No,Mailed check,1960.0000000000002,39.49,331.6,0,0,592.35,923.95,cents
4455-BFSPD,One Year,No,Bank transfer (automatic),101.15,36.13,6383.9,0,0,2203.93,8587.83,dollars
4456-RHSNB,Month-to-Month,Yes,Bank transfer (automatic),49.6,7.42,962.9,0,0,140.98,1103.88,dollars
4458-KVRBJ,Two Year,No,Mailed check,25,25.89,1510.5,0,0,1527.51,3038.01,dollars
4459-BBGHE,Month-to-Month,Yes,Electronic check,4450,0,1307.8,0,0,0,1307.8,cents
4462-CYWMH,Month-to-Month,Yes,Bank transfer (automatic),8980,27.49,5629.55,0,0,1704.38,7333.93,cents
4464-JCOLN,One Year,No,Mailed check,19.85,15.14,35.9,0,0,30.28,66.18,dollars
4465-VDKIQ,Month-to-Month,No,Electronic check,7780,19.93,1358.6,29.76,0,358.74,1687.58,cents
4468-KAZHE,One Year,Yes,Electronic check,60,8.98,1259.35,0,0,179.6,1438.95,dollars
4468-YDOVK,Month-to-Month,Yes,Bank transfer (automatic),48.65,13.54,235.2,0,0,67.7,302.9,dollars
4471-KXAUH,Month-to-Month,Yes,Electronic check,84.3,10.73,3588.4,0,0,450.66,4039.06,dollars
4472-LVYGI,Two Year,Yes,Bank transfer (automatic),52.55,0,525.5,0,0,0,525.5,dollars
4472-VESGY,Month-to-Month,No,Bank transfer (automatic),98.15,31.09,4993.4,0,0,1616.68,6610.08,dollars
4475-NVTLU,Two Year,No,Electronic check,19.2,17.23,903.7,0,0,775.35,1679.05,dollars
4476-OSWTN,One Year,Yes,Mailed check,110.55,8.3,7610.1,0,0,572.7,8182.8,dollars
4480-MBMLB,One Year,Yes,Bank transfer (automatic),104.8,28.41,3886.45,0,0,1022.76,4909.21,dollars
4480-QQRHC,Two Year,Yes,Bank transfer (automatic),74.05,2.18,600.15,0,0,17.44,617.59,dollars
4482-EWFMI,Month-to-Month,Yes,Electronic check,69.7,15.67,135.2,0,0,31.34,166.54,dollars
4482-FTFFX,Month-to-Month,No,Electronic check,5615,26.86,291.45,0,0,134.3,425.75,cents
4484-CGXFK,Month-to-Month,Yes,Electronic check,55.3,25.96,196.15,0,0,77.88,274.03,dollars
4484-GLZOU,Month-to-Month,Yes,Electronic check,105.05,10.59,5624.85,27.6,0,550.68,6147.93,dollars
4486-EFAEB,Month-to-Month,Yes,Electronic check,20.4,46.92,251.65,0,0,609.96,861.61,dollars
4487-ZYJZK,One Year,No,Credit card (automatic),1960.0000000000002,36.72,763.1,0,0,1395.36,2158.46,cents
4488-KQFDT,One Year,Yes,Electronic check,103.95,15.44,6423,0,0,941.84,7364.84,dollars
4488-PSYCG,Month-to-Month,No,Bank transfer (automatic),20.25,21.04,327.45,0,0,336.64,664.09,dollars
4489-SNOJF,Month-to-Month,No,Electronic check,7225,25.27,2568.55,0,0,884.45,3453,cents
4495-LHSSK,Month-to-Month,No,Mailed check,57.65,17.51,992.7,0,0,315.18,1307.88,dollars
4500-HKANN,Two Year,No,Mailed check,59.7,13.79,1414.2,0,0,317.17,1731.37,dollars
4501-EQDRN,Month-to-Month,No,Bank transfer (automatic),6970,21.52,69.7,0,0,21.52,91.22,cents
4501-UYKBC,One Year,Yes,Credit card (automatic),69.1,16.04,3255.35,0,0,737.84,3993.19,dollars
4501-VCPFK,Month-to-Month,No,Electronic check,3575,0,1022.5,0,0,0,1022.5,cents
4503-BDXBD,Month-to-Month,No,Electronic check,7495,25.24,815.5,0,0,277.64,1093.14,cents
4504-YOULA,Month-to-Month,Yes,Credit card (automatic),59.45,39.11,2136.9,0,0,1368.85,3505.75,dollars
4505-EXZHB,Month-to-Month,No,Electronic check,74.4,8.91,434.1,0,20,53.46,507.56,dollars
4508-OEBEY,One Year,Yes,Credit card (automatic),75.5,27.37,2424.45,0,0,848.47,3272.92,dollars
4510-HIMLV,Month-to-Month,Yes,Electronic check,69.8,22.86,69.8,0,10,22.86,102.66,dollars
4510-PYUSH,Month-to-Month,Yes,Credit card (automatic),57.15,26.1,2250.65,0,0,991.8,3242.45,dollars
4512-ZUIYL,Month-to-Month,No,Bank transfer (automatic),70,37.76,153.05,0,0,75.52,228.57,dollars
4513-CXYIX,Two Year,Yes,Credit card (automatic),8070,43.99,5676,0,0,3123.29,8799.29,cents
4514-GFCFI,Month-to-Month,Yes,Electronic check,84.75,17.51,1350.15,0,0,280.16,1630.31,dollars
4518-FZBSX,One Year,No,Mailed check,2025,9.33,854.9,0,0,391.86,1246.76,cents
4521-WFJAI,Two Year,Yes,Bank transfer (automatic),2595,47.82,1444.05,0,0,2677.92,4121.97,cents
4521-YEEHE,Month-to-Month,Yes,Electronic check,88.85,18.55,1594.75,21.58,0,333.9,1907.07,dollars
4522-AKYLR,One Year,Yes,Electronic check,54.8,10.51,731.3,0,0,136.63,867.93,dollars
4522-XRWWI,One Year,No,Credit card (automatic),80.45,17.31,3375.9,0,0,727.02,4102.92,dollars
4523-WXCEF,Month-to-Month,No,Electronic check,10110,9.23,6039.9,0,0,544.57,6584.47,cents
4524-QCSSM,Month-to-Month,Yes,Bank transfer (automatic),44.65,0,1156.55,0,0,0,1156.55,dollars
4525-VZCZG,One Year,Yes,Electronic check,105.85,20.93,5826.65,0,10,1130.22,6966.87,dollars
4526-EXKKN,Two Year,Yes,Mailed check,24.6,27.47,973.95,0,0,1098.8,2072.75,dollars
4526-RMTLL,Two Year,Yes,Credit card (automatic),7615.000000000001,37.28,645.8,0,0,298.24,944.04,cents
4526-ZJJTM,Two Year,No,Bank transfer (automatic),88.4,19.44,2191.15,0,0,486,2677.15,dollars
4529-CKBCL,Month-to-Month,Yes,Electronic check,80.2,49.79,146.05,0,10,99.58,255.63,dollars
4530-NDRKU,One Year,Yes,Electronic check,19.05,34.66,761.85,0,0,1455.72,2217.57,dollars
4531-AUZNK,One Year,Yes,Mailed check,95.15,18.42,5000.05,0,0,939.42,5939.47,dollars
4534-WGCIR,Two Year,No,Credit card (automatic),2515,29.5,1509.9,0,0,1711,3220.9,cents
4536-PLEQY,Month-to-Month,Yes,Credit card (automatic),8505,44.6,999.8,0,0,535.2,1535,cents
4537-CIBHB,One Year,No,Mailed check,20.25,12.55,172.35,0,0,112.95,285.3,dollars
4537-DKTAL,Month-to-Month,No,Electronic check,4555,41.9,84.4,0,10,83.8,178.2,cents
4538-WNTMJ,One Year,No,Mailed check,24.95,4.6,1165.9,0,0,211.6,1377.5,dollars
4541-RMRLG,Month-to-Month,No,Electronic check,19.25,9.14,112.3,0,0,63.98,176.28,dollars
4544-RXFMG,One Year,Yes,Mailed check,43.45,6.78,345.5,0,0,54.24,399.74,dollars
4546-FOKWR,Month-to-Month,Yes,Credit card (automatic),74.75,13.04,1129.35,39.99,0,208.64,1298,dollars
4547-FZJWE,One Year,No,Credit card (automatic),59.45,36.17,3157,0,40,1989.35,5186.35,dollars
4547-KQRTM,Month-to-Month,Yes,Bank transfer (automatic),80.05,49.7,830.7,0,0,497,1327.7,dollars
4547-LYTDD,Month-to-Month,No,Electronic check,7265.000000000001,46.99,1194.3,0,0,751.84,1946.14,cents
4548-SDBKE,Month-to-Month,Yes,Electronic check,85.2,34.49,474.8,0,0,172.45,647.25,dollars
4549-ZDQYY,One Year,No,Credit card (automatic),57.95,33.84,3042.25,0,0,1759.68,4801.93,dollars
4550-EVXNY,Month-to-Month,Yes,Electronic check,69.65,49.24,69.65,0,0,49.24,118.89,dollars
4550-VBOFE,Month-to-Month,Yes,Electronic check,10295,17.45,7101.5,15.24,0,1221.5,8307.76,cents
4553-DVPZG,Month-to-Month,Yes,Electronic check,10135,15.06,6164.7,0,0,933.72,7098.42,cents
4554-YGZIH,Month-to-Month,No,Credit card (automatic),90.05,22.92,4547.25,0,0,1123.08,5670.33,dollars
4558-CGYCZ,Month-to-Month,No,Mailed check,1975,41.94,78.3,0,0,167.76,246.06,cents
4558-FANTW,Month-to-Month,No,Electronic check,91.85,41.95,1574.45,0,0,713.15,2287.6,dollars
4559-UWIHT,Month-to-Month,Yes,Electronic check,82.65,45.57,1185,0,0,637.98,1822.98,dollars
4560-WQAQW,One Year,No,Bank transfer (automatic),6870,28.32,4070.95,0,150,1670.88,5891.83,cents
4565-EVZMJ,One Year,Yes,Mailed check,58.9,26.35,2813.05,0,0,1238.45,4051.5,dollars
4565-NLZBV,Two Year,Yes,Bank transfer (automatic),2465,43.37,1710.15,0,0,3079.27,4789.42,cents
4566-GOLUK,Month-to-Month,Yes,Bank transfer (automatic),107.35,37.74,5118.95,0,0,1773.78,6892.73,dollars
4566-NECEV,Month-to-Month,No,Electronic check,9655,39.13,500.1,0,0,195.65,695.75,cents
4566-QVRRW,Month-to-Month,Yes,Electronic check,44.05,24.83,483.7,0,0,273.13,756.83,dollars
4567-AKPIA,One Year,Yes,Bank transfer (automatic),109.1,20.41,4454.25,0,0,836.81,5291.06,dollars
4568-KNYWR,Two Year,Yes,Credit card (automatic),6325,46.24,3342.45,0,130,2404.48,5876.93,cents
4568-TTZRT,Month-to-Month,No,Mailed check,20.4,13.72,181.8,0,0,123.48,305.28,dollars
4570-QHXHL,Month-to-Month,Yes,Electronic check,43.75,40.73,405.7,5.9,0,366.57,766.37,dollars
4572-DVCGN,Month-to-Month,Yes,Bank transfer (automatic),8025,27.1,846,0,0,271,1117,cents
4573-JKNAE,Two Year,No,Bank transfer (automatic),19.35,17.23,212.3,0,0,206.76,419.06,dollars
4576-CSAJH,One Year,Yes,Credit card (automatic),55.15,33.53,1193.05,0,0,737.66,1930.71,dollars
4578-PHJYZ,One Year,Yes,Electronic check,68.75,5.51,3482.85,16.86,0,286.52,3752.51,dollars
4580-TMHJU,Month-to-Month,No,Electronic check,5615,37.25,2499.3,0,0,1601.75,4101.05,cents
4581-LNWUM,Month-to-Month,No,Electronic check,4915,0,649.4,0,0,0,649.4,cents
4581-SSPWD,Month-to-Month,Yes,Electronic check,7580,5.2,246.3,0,10,15.6,271.9,cents
4583-PARNH,Month-to-Month,Yes,Electronic check,91.55,15.44,1540.05,0,0,247.04,1787.09,dollars
4584-LBNMK,One Year,No,Credit card (automatic),24.7,44.91,1174.35,0,0,2020.95,3195.3,dollars
4585-HETAI,Month-to-Month,Yes,Electronic check,7375,48.48,325.45,0,0,193.92,519.37,cents
4587-NUKOX,Month-to-Month,Yes,Electronic check,79.1,32.43,246.5,0,0,97.29,343.79,dollars
4587-VVTOX,Month-to-Month,Yes,Electronic check,105.3,27.44,545.2,0,0,164.64,709.84,dollars
4588-YBNIB,Month-to-Month,Yes,Mailed check,19.6,5.36,19.6,0,0,5.36,24.96,dollars
4589-IUAJB,Two Year,No,Bank transfer (automatic),2425,28.54,1724.15,0,0,1997.8,3721.95,cents
4592-IWTJI,Month-to-Month,No,Credit card (automatic),2970,0,91.7,0,0,0,91.7,cents
4597-ELFTS,One Year,No,Electronic check,24.9,2.58,1334,0,0,144.48,1478.48,dollars
4597-NUCQV,Month-to-Month,Yes,Electronic check,101.25,28.98,2440.15,0,0,695.52,3135.67,dollars
4598-XLKNJ,Month-to-Month,Yes,Electronic check,9850,19.76,2514.5,13.43,0,494,2995.07,cents
4598-ZADCK,One Year,Yes,Electronic check,5360,0,2879.2,0,0,0,2879.2,cents
4603-JANFB,Month-to-Month,Yes,Electronic check,69.85,12.13,69.85,0,0,12.13,81.98,dollars
4607-CHPCA,One Year,Yes,Electronic check,90.4,35.27,2178.6,0,140,881.75,3200.35,dollars
4608-LCIMN,Month-to-Month,No,Bank transfer (automatic),44.65,30.77,369.15,0,0,246.16,615.31,dollars
4609-KNNWG,Two Year,No,Mailed check,19.9,2.4,550.1,0,0,64.8,614.9,dollars
4611-ANLQC,One Year,No,Electronic check,50.05,0,2911.5,0,0,0,2911.5,dollars
4612-SSVHJ,One Year,Yes,Electronic check,8145,23.18,1671.6,0,0,463.6,2135.2,cents
4612-THJBS,One Year,Yes,Bank transfer (automatic),10475,34.58,5510.65,0,0,1936.48,7447.13,cents
4614-NUVZD,Month-to-Month,Yes,Electronic check,81.1,22.86,81.1,0,0,22.86,103.96,dollars
4615-PIVVU,Two Year,No,Credit card (automatic),66.5,34.76,2762.75,0,0,1459.92,4222.67,dollars
4616-EWBNJ,One Year,No,Bank transfer (automatic),20.1,47.25,318.6,0,0,756,1074.6,dollars
4616-ULAOA,Two Year,Yes,Credit card (automatic),110.8,45.21,7245.9,0,0,2938.65,10184.55,dollars
4619-EVPHY,One Year,Yes,Bank transfer (automatic),91,38.85,1859.5,0,0,777,2636.5,dollars
4622-YNKIJ,Two Year,Yes,Electronic check,88.95,47.64,3027.65,0,0,1572.12,4599.77,dollars
4623-ZKHLY,Month-to-Month,Yes,Bank transfer (automatic),20.45,20.78,471.55,0,0,457.16,928.71,dollars
4625-EWPTF,Month-to-Month,Yes,Electronic check,30.45,0,226.45,0,0,0,226.45,dollars
4625-LAMOB,Two Year,No,Credit card (automatic),20.4,1.4,905.55,0,0,61.6,967.15,dollars
4625-XMOYM,Two Year,Yes,Bank transfer (automatic),2625,2.57,1988.05,0,0,185.04,2173.09,cents
4626-GYCZP,Month-to-Month,Yes,Electronic check,93.85,15.51,635.6,0,0,108.57,744.17,dollars
4626-OZDTJ,One Year,Yes,Credit card (automatic),78.65,25.45,3950.85,0,0,1297.95,5248.8,dollars
4627-MIHJH,Two Year,No,Credit card (automatic),110.25,23.4,7467.55,0,0,1614.6,9082.15,dollars
4628-CTTLA,Month-to-Month,Yes,Electronic check,39.3,0,2111.45,0,80,0,2191.45,dollars
4628-WQCQQ,One Year,Yes,Electronic check,8515,25.51,3030.6,0,0,892.85,3923.45,cents
4629-NRXKX,Month-to-Month,No,Electronic check,70.4,46.23,147.15,0,0,92.46,239.61,dollars
4631-OACRM,Month-to-Month,Yes,Electronic check,7940.000000000001,17.23,1156.1,0,0,258.45,1414.55,cents
4632-PAOYU,One Year,No,Mailed check,1995,37.4,433.5,0,0,822.8,1256.3,cents
4632-XJMEX,One Year,No,Credit card (automatic),6285,47.81,3419.5,0,0,2533.93,5953.43,cents
4633-MKHYU,Month-to-Month,Yes,Mailed check,88.4,35.45,788.6,0,0,319.05,1107.65,dollars
4634-JLRJT,Month-to-Month,Yes,Mailed check,20.35,29.86,20.35,0,0,29.86,50.21,dollars
4635-EJYPD,Two Year,No,Mailed check,18.95,35.39,613.95,0,0,1132.48,1746.43,dollars
4636-JGAAI,Month-to-Month,No,Mailed check,8885,13.97,3000.25,0,0,474.98,3475.23,cents
4636-OLWOE,One Year,Yes,Electronic check,61,4.16,3283.05,0,0,224.64,3507.69,dollars
4636-QRJKY,Month-to-Month,Yes,Electronic check,80.5,36.12,502.85,0,0,216.72,719.57,dollars
4636-TVXVG,One Year,No,Bank transfer (automatic),19.95,47.96,1244.8,0,0,2973.52,4218.32,dollars
4640-UHDOS,Month-to-Month,No,Electronic check,55.95,19.05,734.35,0,0,247.65,982,dollars
4641-FROLU,Two Year,No,Mailed check,19.3,11.6,602.9,0,0,348,950.9,dollars
4644-OBGFZ,One Year,No,Mailed check,1950,36.23,1026.35,0,0,1992.65,3019,cents
4644-PIZRT,One Year,Yes,Bank transfer (automatic),70.35,33.24,1201.65,0,0,565.08,1766.73,dollars
4646-QZXTF,Month-to-Month,No,Bank transfer (automatic),81.25,12.16,580.1,47.36,0,85.12,617.86,dollars
4647-MUZON,Month-to-Month,Yes,Credit card (automatic),9595,29.6,1745.5,6.72,0,532.8,2271.58,cents
4647-XXZAM,Month-to-Month,No,Mailed check,45.5,29.41,285.2,0,0,176.46,461.66,dollars
4648-YPBTM,Two Year,Yes,Bank transfer (automatic),73.9,6.54,3958.25,0,0,346.62,4304.87,dollars
4652-NNHNY,Month-to-Month,Yes,Bank transfer (automatic),73.85,17.96,1284.2,0,0,287.36,1571.56,dollars
4652-ODEVH,Two Year,No,Mailed check,24.45,47.31,1088.25,0,0,2128.95,3217.2,dollars
4654-DLAMQ,One Year,No,Bank transfer (automatic),9700,3.76,6430.9,0,0,240.64,6671.54,cents
4654-GGUII,One Year,Yes,Mailed check,40.2,0,711.95,0,90,0,801.95,dollars
4654-ULTTN,Two Year,Yes,Credit card (automatic),74.8,8.28,5315.8,0,0,579.6,5895.4,dollars
4656-CAURT,Two Year,No,Bank transfer (automatic),23.95,22.24,1713.1,0,0,1534.56,3247.66,dollars
4657-FWVFY,Month-to-Month,Yes,Credit card (automatic),9635,29.42,3915.4,0,0,1176.8,5092.2,cents
4658-HCOHW,Month-to-Month,Yes,Electronic check,10280,16.67,2110.15,0,0,350.07,2460.22,cents
4659-NZRUF,Month-to-Month,Yes,Electronic check,95.15,32.87,1789.25,0,120,624.53,2533.78,dollars
4660-IRIBM,Month-to-Month,Yes,Mailed check,87.9,24.16,1500.5,0,0,434.88,1935.38,dollars
4661-NJEUX,Month-to-Month,Yes,Mailed check,2005,3.23,20.05,0,0,3.23,23.28,cents
4662-EKDPQ,Month-to-Month,No,Bank transfer (automatic),62.05,37.29,118.3,0,0,74.58,192.88,dollars
4664-NJCMS,Two Year,No,Bank transfer (automatic),5955,0,2016.3,0,0,0,2016.3,cents
4667-OHGKG,Month-to-Month,Yes,Mailed check,19.3,49.2,19.3,0,0,49.2,68.5,dollars
4667-QONEA,One Year,Yes,Credit card (automatic),7484.999999999999,48.9,4456.35,0,0,2934,7390.35,cents
4670-TABXH,Two Year,Yes,Credit card (automatic),109.75,22.95,7758.9,0,0,1652.4,9411.3,dollars
4671-LXRDQ,Month-to-Month,Yes,Mailed check,45,17.25,96.45,0,30,34.5,160.95,dollars
4671-VJLCL,Two Year,Yes,Credit card (automatic),79.85,12.82,4861.45,0,0,807.66,5669.11,dollars
4672-FOTSD,Month-to-Month,Yes,Electronic check,6725,45.8,832.3,0,0,549.6,1381.9,cents
4673-KKSLS,Month-to-Month,No,Electronic check,87.6,40.92,2724.25,0,70,1268.52,4062.77,dollars
4674-HGNUA,Two Year,No,Credit card (automatic),89.9,31.33,6457.15,0,0,2224.43,8681.58,dollars
4676-MQUEA,One Year,Yes,Bank transfer (automatic),101.9,14.49,5265.5,0,0,724.5,5990,dollars
4676-WLUHT,Two Year,No,Bank transfer (automatic),4620,0,2431.95,0,0,0,2431.95,cents
4678-DVQEO,Month-to-Month,Yes,Electronic check,5220,34.04,52.2,0,0,34.04,86.24,cents
4680-KUTAJ,Two Year,Yes,Electronic check,55.6,2.81,580.8,15.2,0,30.91,596.51,dollars
4682-BLBUC,One Year,Yes,Electronic check,7095,29.61,3250.45,24.92,0,1302.84,4528.37,cents
4683-WYDOU,Two Year,Yes,Bank transfer (automatic),107.6,34.62,6912.7,0,0,2146.44,9059.14,dollars
4685-ERGHK,One Year,Yes,Electronic check,86.9,36.08,4939.25,0,0,2056.56,6995.81,dollars
4685-TFLLS,One Year,No,Bank transfer (automatic),1980,45.18,342.3,0,0,813.24,1155.54,cents
4686-GEFRM,Two Year,Yes,Bank transfer (automatic),98.7,45.24,6858.9,0,0,3166.8,10025.7,dollars
4686-UXDML,Month-to-Month,Yes,Credit card (automatic),99.85,24.86,1992.55,0,0,522.06,2514.61,dollars
4690-LLKUA,Month-to-Month,Yes,Electronic check,45.05,40.93,770.6,0,0,695.81,1466.41,dollars
4690-PKDQG,Month-to-Month,Yes,Electronic check,95.55,22.89,3930.6,0,0,961.38,4891.98,dollars
4692-NNQRU,One Year,No,Electronic check,79.2,14.51,1742.45,0,0,304.71,2047.16,dollars
4693-VWVBO,Month-to-Month,No,Electronic check,19.55,40.98,61.05,0,0,122.94,183.99,dollars
4694-PHWFW,Month-to-Month,No,Mailed check,1995,45.87,170.9,0,0,366.96,537.86,cents
4695-VADHF,Month-to-Month,No,Electronic check,57.45,2.86,990.85,15.73,0,51.48,1026.6,dollars
4695-WJZUE,Month-to-Month,Yes,Electronic check,8855,21.57,179.25,0,0,43.14,222.39,cents
4697-LUPSU,One Year,No,Mailed check,20.2,38.41,34.75,0,0,76.82,111.57,dollars
4698-KVLLG,Two Year,No,Credit card (automatic),19.6,47.46,967.9,0,0,2420.46,3388.36,dollars
4700-UBQMV,One Year,Yes,Bank transfer (automatic),7590.000000000001,31.55,1549.75,0,0,662.55,2212.3,cents
4701-AHWMW,Month-to-Month,Yes,Bank transfer (automatic),54.55,0,2978.3,0,50,0,3028.3,dollars
4701-LKOZD,Two Year,No,Credit card (automatic),89.75,29.53,6367.2,0,110,2067.1,8544.3,dollars
4701-MLJPN,Month-to-Month,Yes,Electronic check,55.25,1.53,1715.65,0,10,47.43,1773.08,dollars
4702-HDRKD,One Year,Yes,Bank transfer (automatic),49.35,0,3321.35,0,0,0,3321.35,dollars
4702-IOQDC,Month-to-Month,Yes,Electronic check,7009.999999999999,46.17,70.1,0,0,46.17,116.27,cents
4703-MQYKT,Two Year,No,Mailed check,1960.0000000000002,16.81,390.4,0,0,353.01,743.41,cents
4704-ERYFC,Month-to-Month,Yes,Electronic check,69.25,32.11,1554,0,0,706.42,2260.42,dollars
4706-AXVKM,Month-to-Month,Yes,Credit card (automatic),84.8,4.1,906.85,0,0,45.1,951.95,dollars
4706-DGAHW,Two Year,No,Electronic check,45.2,49.34,45.2,0,0,49.34,94.54,dollars
4707-MAXGU,Two Year,No,Credit card (automatic),25.85,36.03,1872.2,5.73,0,2594.16,4460.63,dollars
4707-YNOQA,One Year,Yes,Credit card (automatic),25.6,25.69,917.15,0,0,873.46,1790.61,dollars
4709-LKHYG,One Year,No,Electronic check,20,27.72,540.05,0,0,803.88,1343.93,dollars
4710-FDUIZ,One Year,No,Credit card (automatic),100.3,26.15,5614.45,0,100,1464.4,7178.85,dollars
4710-NKCAW,Month-to-Month,No,Credit card (automatic),64.4,17.37,316.9,0,0,86.85,403.75,dollars
4712-AUQZO,Month-to-Month,No,Mailed check,33.6,0,550.35,0,0,0,550.35,dollars
4712-UYOOI,Month-to-Month,No,Electronic check,20,38.6,417.65,9.73,0,772,1179.92,dollars
4713-LZDRV,Month-to-Month,Yes,Electronic check,7959.999999999999,31.91,195.05,0,0,63.82,258.87,cents
4713-ZBURT,Two Year,No,Bank transfer (automatic),99.7,23.54,4634.35,0,0,1059.3,5693.65,dollars
4716-HHKQH,One Year,No,Electronic check,107.05,27.56,2172.05,0,0,551.2,2723.25,dollars
4716-MRVEN,One Year,No,Mailed check,20,32.43,599.3,0,0,940.47,1539.77,dollars
4717-GHADL,Two Year,Yes,Mailed check,7959.999999999999,48.45,4024.2,0,0,2422.5,6446.7,cents
4718-DHSMV,Month-to-Month,Yes,Mailed check,3579.9999999999995,0,363.15,0,0,0,363.15,cents
4718-WXBGI,Two Year,Yes,Credit card (automatic),9195,27.1,6614.9,0,0,1951.2,8566.1,cents
4719-UMSIY,Month-to-Month,No,Mailed check,19.65,15.5,100.9,0,0,93,193.9,dollars
4720-VSTSI,Month-to-Month,Yes,Bank transfer (automatic),84.8,40.17,3862.55,0,0,1767.48,5630.03,dollars
4723-BEGSG,Two Year,No,Credit card (automatic),8665,12.12,6094.25,3.2,0,872.64,6963.69,cents
4724-WXVWF,Month-to-Month,Yes,Electronic check,95.4,4.15,4445.3,0,0,199.2,4644.5,dollars
4726-DLWQN,Month-to-Month,Yes,Bank transfer (automatic),7034.999999999999,25.23,3454.6,0,100,1261.5,4816.1,cents
4727-MCYZG,Month-to-Month,No,Mailed check,55.55,33.32,55.55,0,30,33.32,118.87,dollars
4729-XKASR,Month-to-Month,No,Electronic check,24.75,0,24.75,0,0,0,24.75,dollars
4730-AWNAU,One Year,No,Credit card (automatic),60.7,0,2234.55,0,0,0,2234.55,dollars
4732-RRJZC,Month-to-Month,No,Mailed check,2025,39.98,144.35,0,0,279.86,424.21,cents
4735-ASGMA,Month-to-Month,Yes,Electronic check,9835,40.17,2515.3,0,0,1044.42,3559.72,cents
4735-BJKOU,Two Year,No,Mailed check,20.15,8.36,804.85,0,0,334.4,1139.25,dollars
4737-AQCPU,Two Year,No,Credit card (automatic),72.1,42.55,5016.65,0,0,3063.6,8080.25,dollars
4737-HOBAX,Two Year,No,Credit card (automatic),79.8,10.07,5034.05,0,0,634.41,5668.46,dollars
4741-WWJQZ,Month-to-Month,Yes,Electronic check,80.15,26.58,194.55,0,0,53.16,247.71,dollars
4742-DRORA,One Year,Yes,Bank transfer (automatic),95.4,5.43,5812,0,0,325.8,6137.8,dollars
4742-TXUEX,Two Year,No,Bank transfer (automatic),19.3,2.56,890.5,0,0,120.32,1010.82,dollars
4745-LSPLO,Month-to-Month,No,Mailed check,2050,19.85,20.5,0,0,19.85,40.35,cents
4747-LCAQL,Month-to-Month,Yes,Mailed check,7900,7.55,1902,0,0,188.75,2090.75,cents
4749-OJKQU,Month-to-Month,Yes,Electronic check,7565.000000000001,23.5,302.35,0,0,94,396.35,cents
4749-VFKVB,Month-to-Month,Yes,Mailed check,50.1,46.49,50.1,0,0,46.49,96.59,dollars
4750-UKWJK,One Year,No,Mailed check,19.6,25.35,727.8,0,0,937.95,1665.75,dollars
4750-ZRXIU,Month-to-Month,Yes,Electronic check,84.6,6.68,360.1,0,0,26.72,386.82,dollars
4751-ERMAN,Two Year,Yes,Bank transfer (automatic),75.4,42.16,5480.25,0,0,3035.52,8515.77,dollars
4753-PADAS,One Year,Yes,Bank transfer (automatic),10570,25.46,6816.95,0,0,1705.82,8522.77,cents
4759-PXTAN,One Year,Yes,Electronic check,80.1,20.27,4693.2,0,0,1195.93,5889.13,dollars
4759-TRPLW,Month-to-Month,No,Electronic check,7040.000000000001,29.63,70.4,0,0,29.63,100.03,cents
4760-THGOT,Month-to-Month,Yes,Electronic check,94.1,49.48,4107.3,0,0,2127.64,6234.94,dollars
4760-XOHVN,Month-to-Month,No,Mailed check,1945,28.73,19.45,0,0,28.73,48.18,cents
4763-PGDPO,Month-to-Month,No,Electronic check,70.4,41.12,281,0,70,164.48,515.48,dollars
4765-OXPPD,Month-to-Month,No,Mailed check,65,6.35,663.05,0,0,57.15,720.2,dollars
4767-HZZHQ,Month-to-Month,No,Bank transfer (automatic),82.05,6.19,2570.2,0,120,185.7,2875.9,dollars
4770-QAZXN,Month-to-Month,No,Credit card (automatic),19.45,46.3,232.1,0,0,601.9,834,dollars
4770-UEZOX,Month-to-Month,Yes,Electronic check,74.75,43.56,144.8,0,0,87.12,231.92,dollars
4774-HHGGS,Two Year,No,Mailed check,1905,11.38,637.55,0,0,341.4,978.95,cents
4776-XSKYQ,One Year,No,Credit card (automatic),3025,0,368.85,0,0,0,368.85,cents
4778-IZARL,Two Year,Yes,Credit card (automatic),110.1,3.18,6705.7,0,0,200.34,6906.04,dollars
4779-ZGICK,Two Year,No,Mailed check,23.55,11.86,1173.35,0,0,569.28,1742.63,dollars
4781-ZXYGU,Month-to-Month,Yes,Bank transfer (automatic),20.15,18.63,20.15,0,0,18.63,38.78,dollars
4782-OSFXZ,Two Year,Yes,Bank transfer (automatic),8270,37.53,5831.2,0,0,2664.63,8495.83,cents
4785-FCIFB,Two Year,No,Mailed check,24.4,20.09,1417.9,0,0,1225.49,2643.39,dollars
4785-NKHCX,One Year,No,Bank transfer (automatic),20.05,30.14,94.15,0,0,150.7,244.85,dollars
4785-QRJHC,One Year,Yes,Bank transfer (automatic),59.9,0,2816.65,0,150,0,2966.65,dollars
4786-UKSNZ,Month-to-Month,No,Mailed check,2020,11.25,20.2,0,0,11.25,31.45,cents
4789-KWMXN,One Year,Yes,Credit card (automatic),110.85,19.02,5275.8,4.93,0,893.94,6164.81,dollars
4791-QRGMF,One Year,Yes,Bank transfer (automatic),99.5,10.76,5961.1,0,0,634.84,6595.94,dollars
4795-KTRTH,Month-to-Month,Yes,Electronic check,8100,47.28,371.65,40.64,10,236.4,577.41,cents
4795-UXVCJ,One Year,No,Credit card (automatic),1980,45.7,457.3,0,0,1188.2,1645.5,cents
4795-WRNVT,Month-to-Month,No,Mailed check,65.1,11.56,2586,0,0,462.4,3048.4,dollars
4797-AXPXK,Month-to-Month,Yes,Electronic check,60,43.48,60,0,10,43.48,113.48,dollars
4797-MIWUM,Month-to-Month,Yes,Bank transfer (automatic),20.25,49.83,174.7,0,0,348.81,523.51,dollars
4800-CZMPC,One Year,Yes,Credit card (automatic),103.25,6.36,5037.55,0,0,305.28,5342.83,dollars
4800-VHZKI,Month-to-Month,Yes,Mailed check,1989.9999999999998,36.63,19.9,0,0,36.63,56.53,cents
4801-JZAZL,Month-to-Month,Yes,Electronic check,2960,0,346.45,27.24,0,0,319.21,cents
4801-KFYKL,Month-to-Month,No,Bank transfer (automatic),19.45,1.95,159.2,0,0,15.6,174.8,dollars
4803-AXVYP,Month-to-Month,Yes,Electronic check,99.55,47.39,3734.25,0,0,1800.82,5535.07,dollars
4803-LBYPN,Month-to-Month,No,Mailed check,2080,44.54,635.9,46.07,0,1514.36,2104.19,cents
4804-NCPET,Two Year,No,Mailed check,2020,31.7,387.4,0,0,602.3,989.7,cents
4806-DXQCE,Two Year,Yes,Electronic check,113.65,35.39,7714.65,24.36,0,2477.3,10167.59,dollars
4806-HIPDW,Month-to-Month,Yes,Electronic check,68.95,21.65,68.95,0,0,21.65,90.6,dollars
4806-KEXQR,Month-to-Month,Yes,Electronic check,79.9,43.06,324.3,0,0,172.24,496.54,dollars
4807-IZYOZ,Two Year,No,Bank transfer (automatic),20.65,19.23,1020.75,19.32,0,980.73,1982.16,dollars
4808-YNLEU,One Year,Yes,Bank transfer (automatic),62.15,24.53,2215.45,0,0,858.55,3074,dollars
4811-JBUVU,Month-to-Month,Yes,Credit card (automatic),8990,31.97,2723.15,0,0,959.1,3682.25,cents
4813-HQMGZ,Month-to-Month,Yes,Electronic check,90.25,9.88,743.75,0,0,79.04,822.79,dollars
4815-GBTCD,Month-to-Month,Yes,Electronic check,2515,0,99.95,0,0,0,99.95,cents
4815-TUMEQ,One Year,Yes,Mailed check,1930,45.42,185.2,0,0,454.2,639.4,cents
4815-YOSUK,One Year,Yes,Credit card (automatic),104.9,41.18,7537.5,0,0,2964.96,10502.46,dollars
4816-JBHOV,Month-to-Month,Yes,Electronic check,4470,41.43,93.7,0,0,82.86,176.56,cents
4816-LXZYW,Month-to-Month,Yes,Electronic check,79.15,33.44,1676.95,0,0,769.12,2446.07,dollars
4816-OKWNX,One Year,Yes,Bank transfer (automatic),10340,36.21,5236.4,0,0,1810.5,7046.9,cents
4817-KEQSP,Two Year,No,Bank transfer (automatic),19.85,16.84,1326.35,0,0,1195.64,2521.99,dollars
4817-QRJSX,Month-to-Month,Yes,Credit card (automatic),81,49.5,818.05,0,0,495,1313.05,dollars
4817-VYYWS,Month-to-Month,Yes,Electronic check,10020,11.73,2983.8,0,0,351.9,3335.7,cents
4818-DRBQT,Month-to-Month,Yes,Bank transfer (automatic),80.15,26.03,2265.25,0,0,754.87,3020.12,dollars
4818-QIUFN,Month-to-Month,Yes,Electronic check,79.15,11.82,1520.9,0,0,236.4,1757.3,dollars
4819-HJPIW,Month-to-Month,No,Mailed check,2515,0,476.8,0,0,0,476.8,cents
4821-SJHJV,Month-to-Month,No,Electronic check,8960,48.49,2901.8,0,0,1551.68,4453.48,cents
4821-WQOYN,Two Year,Yes,Credit card (automatic),20.1,22.05,1326.25,0,0,1587.6,2913.85,dollars
4822-LPTYJ,Two Year,Yes,Bank transfer (automatic),103.75,16.5,7346.2,0,130,1188,8664.2,dollars
4822-NGOCH,Month-to-Month,Yes,Electronic check,8445,21.88,1058.6,0,0,284.44,1343.04,cents
4822-RVYBB,Month-to-Month,Yes,Electronic check,100.6,40.45,819.4,0,0,323.6,1143,dollars
4822-YCXMX,Month-to-Month,Yes,Electronic check,8480,8.31,2043.45,0,0,207.75,2251.2,cents
4824-GUCBY,One Year,No,Electronic check,81.7,23.43,1820.9,29.88,0,515.46,2306.48,dollars
4825-FUREZ,Two Year,No,Electronic check,2025,45.75,835.5,0,0,1921.5,2757,cents
4825-XJGDM,One Year,No,Credit card (automatic),43.7,0,2696.55,0,0,0,2696.55,dollars
4826-DXMUP,One Year,Yes,Mailed check,72.1,10.11,2495.15,0,0,353.85,2849,dollars
4826-TZEVA,Month-to-Month,No,Credit card (automatic),74.8,18.57,2971.7,0,0,742.8,3714.5,dollars
4826-XTSOH,Month-to-Month,Yes,Electronic check,86.05,38.78,86.05,0,0,38.78,124.83,dollars
4827-DPADN,Two Year,Yes,Bank transfer (automatic),8330,24.48,6042.7,0,80,1762.56,7885.26,cents
4827-LTQRJ,One Year,Yes,Credit card (automatic),11060,44.38,7210.85,0,0,2929.08,10139.93,cents
4827-USJHP,Month-to-Month,Yes,Mailed check,51.8,3.94,1023.85,0,0,78.8,1102.65,dollars
4828-FAZPK,Month-to-Month,Yes,Credit card (automatic),79.95,49.85,1267.95,0,0,797.6,2065.55,dollars
4829-AUOAX,Month-to-Month,No,Bank transfer (automatic),96.05,6.18,4399.5,0,80,284.28,4763.78,dollars
4829-ZLJTK,Two Year,Yes,Electronic check,11240,15.23,8046.85,0,0,1096.56,9143.41,cents
4830-FAXFM,Month-to-Month,Yes,Credit card (automatic),24.1,14.48,439.2,0,0,275.12,714.32,dollars
4831-EOBFE,Month-to-Month,No,Credit card (automatic),94.65,40.49,2649.15,0,0,1174.21,3823.36,dollars
4832-VRBMR,One Year,Yes,Bank transfer (automatic),10315,16.65,6792.45,0,0,1082.25,7874.7,cents
4833-QTJNO,Month-to-Month,No,Bank transfer (automatic),8385,44.9,5588.8,0,0,3008.3,8597.1,cents
4835-YSJMR,Two Year,Yes,Bank transfer (automatic),49.8,3.93,1971.15,0,0,153.27,2124.42,dollars
4836-WNFNO,Two Year,No,Credit card (automatic),25,39.98,1849.2,0,0,2878.56,4727.76,dollars
4837-PZTIC,Two Year,No,Mailed check,41.9,0,1875.25,0,0,0,1875.25,dollars
4837-QUSFT,One Year,Yes,Bank transfer (automatic),100.15,36.62,6643.5,0,0,2380.3,9023.8,dollars
4840-ORQXB,Two Year,No,Electronic check,104.75,27.64,5841.35,36.52,0,1547.84,7352.67,dollars
4844-JJWUY,Month-to-Month,Yes,Electronic check,8600,28.82,86,0,0,28.82,114.82,cents
4846-WHAFZ,Month-to-Month,Yes,Electronic check,76.5,6.33,2868.15,0,0,234.21,3102.36,dollars
4847-QNOKA,Month-to-Month,Yes,Bank transfer (automatic),4490,41.78,44.9,0,0,41.78,86.68,cents
4847-TAJYI,One Year,Yes,Electronic check,89.35,8.06,567.8,0,0,48.36,616.16,dollars
4849-PYRLQ,Two Year,No,Bank transfer (automatic),73.25,37.3,4054.2,17.16,0,2088.8,6125.84,dollars
4851-BQDNX,One Year,Yes,Electronic check,8505,14.41,3355.65,38.15,0,576.4,3893.9,cents
4853-OITSN,Month-to-Month,Yes,Electronic check,8915,15.74,413.25,0,0,78.7,491.95,cents
4853-RULSV,Two Year,Yes,Credit card (automatic),10400,12.19,7250.15,0,0,853.3,8103.45,cents
4854-CIDCF,Two Year,No,Electronic check,73.85,46.65,196.4,0,0,139.95,336.35,dollars
4854-SSLTN,Two Year,No,Mailed check,59.5,42.55,130.5,0,0,85.1,215.6,dollars
4855-SNKMY,Month-to-Month,Yes,Electronic check,44.1,4.41,44.1,0,0,4.41,48.51,dollars
4859-ZSRDZ,Two Year,Yes,Credit card (automatic),55.5,0,3166.9,0,0,0,3166.9,dollars
4860-IJUDE,Month-to-Month,Yes,Credit card (automatic),73.75,30.06,956.65,0,0,390.78,1347.43,dollars
4860-YZGZM,Month-to-Month,No,Electronic check,20,39.39,185.4,0,0,393.9,579.3,dollars
4868-AADLV,One Year,Yes,Electronic check,11625,3.27,7862.25,0,0,215.82,8078.07,cents
4869-EPIUS,One Year,Yes,Electronic check,80.9,46.18,4557.5,0,0,2586.08,7143.58,dollars
4871-JTKJF,Month-to-Month,Yes,Electronic check,6965.000000000001,31.13,69.65,0,0,31.13,100.78,cents
4872-JCVCA,Two Year,Yes,Bank transfer (automatic),4760,0,3377.8,0,0,0,3377.8,cents
4872-VXRIL,One Year,Yes,Bank transfer (automatic),64.65,48.32,3665.55,0,0,2705.92,6371.47,dollars
4873-ILOLJ,Month-to-Month,Yes,Electronic check,9035,32.49,2238.5,0,0,779.76,3018.26,cents
4877-EVATK,Month-to-Month,No,Mailed check,20,46.77,20,0,0,46.77,66.77,dollars
4877-TSOFF,One Year,Yes,Bank transfer (automatic),75.75,16.16,4264.25,0,0,888.8,5153.05,dollars
4878-BUNFV,Two Year,No,Mailed check,2070,32.02,828.85,0,0,1344.84,2173.69,cents
4879-GZLFH,Month-to-Month,Yes,Electronic check,92.15,17.75,3875.4,0,0,745.5,4620.9,dollars
4881-GQJTW,Month-to-Month,No,Credit card (automatic),1960.0000000000002,8.54,300.4,0,0,119.56,419.96,cents
4881-JVQOD,One Year,Yes,Bank transfer (automatic),3454.9999999999995,0,362.6,0,0,0,362.6,cents
4883-KCPZJ,Two Year,No,Credit card (automatic),2525,25.98,555.4,0,0,571.56,1126.96,cents
4883-QICIH,Month-to-Month,Yes,Bank transfer (automatic),69.75,5.99,2347.9,19.67,0,191.68,2519.91,dollars
4884-LEVMQ,Two Year,Yes,Bank transfer (automatic),20.45,36.39,790,0,0,1419.21,2209.21,dollars
4884-TVUQF,Two Year,No,Credit card (automatic),101.3,36.89,5779.6,0,0,2102.73,7882.33,dollars
4884-ZTHVF,Month-to-Month,Yes,Electronic check,87.1,39.01,713.6,0,0,312.08,1025.68,dollars
4890-VMUAV,One Year,No,Electronic check,71.5,18.05,4576.3,0,70,1137.15,5783.45,dollars
4891-NLUBA,Two Year,Yes,Bank transfer (automatic),61.45,0,3751.15,0,0,0,3751.15,dollars
4892-VLANZ,Month-to-Month,No,Mailed check,1980,9.66,19.8,0,0,9.66,29.46,cents
4893-GYUJU,One Year,Yes,Mailed check,1935.0000000000002,17.88,1033,29.5,0,894,1897.5,cents
4895-TMWIR,Month-to-Month,No,Mailed check,19.95,29.54,214.75,0,0,324.94,539.69,dollars
4896-CPRPF,Two Year,No,Bank transfer (automatic),25.45,13.67,809.25,0,0,478.45,1287.7,dollars
4897-QSUYC,Month-to-Month,Yes,Mailed check,20.15,21.59,20.15,0,0,21.59,41.74,dollars
4900-MSOMT,Two Year,No,Bank transfer (automatic),80.2,49.12,5714.2,0,0,3536.64,9250.84,dollars
4902-OHLSK,Month-to-Month,No,Electronic check,9865,20.98,2862.75,0,0,608.42,3471.17,cents
4903-CNOZC,One Year,No,Credit card (automatic),7090.000000000001,28.83,1964.6,0,0,836.07,2800.67,cents
4903-UYAVB,Month-to-Month,No,Mailed check,1935.0000000000002,31.76,126.05,0,0,158.8,284.85,cents
4905-JEFDW,One Year,Yes,Electronic check,41.6,0,470.6,0,0,0,470.6,dollars
4906-ZHGPK,One Year,Yes,Electronic check,70.7,48.45,3770,0,0,2616.3,6386.3,dollars
4908-XAXAY,One Year,Yes,Bank transfer (automatic),8985,47.72,4287.2,0,0,2338.28,6625.48,cents
4909-JOUPP,Two Year,No,Credit card (automatic),109.7,27.74,7898.45,0,0,1997.28,9895.73,dollars
4910-AQFFX,Month-to-Month,Yes,Bank transfer (automatic),7934.999999999999,31.67,661.25,0,10,285.03,956.28,cents
4910-GMJOT,Month-to-Month,Yes,Electronic check,9460,1.17,94.6,0,0,1.17,95.77,cents
4911-BANWH,Month-to-Month,Yes,Credit card (automatic),8655,33.38,2697.4,0,0,1034.78,3732.18,cents
4912-PIGUY,Month-to-Month,Yes,Electronic check,8460,7.34,84.6,0,0,7.34,91.94,cents
4913-EHYUI,One Year,Yes,Bank transfer (automatic),104.55,48.8,5794.65,0,0,2732.8,8527.45,dollars
4915-BFSXL,Two Year,No,Credit card (automatic),68.95,22.67,4858.7,0,0,1586.9,6445.6,dollars
4918-FYJNT,Two Year,No,Electronic check,90.45,22.74,5044.8,12.48,0,1250.7,6283.02,dollars
4918-QLLIW,Month-to-Month,No,Credit card (automatic),53.4,47.68,188.7,0,0,143.04,331.74,dollars
4919-IKATY,Month-to-Month,Yes,Electronic check,84.5,36.88,453.75,0,0,184.4,638.15,dollars
4919-MOAVT,Month-to-Month,No,Electronic check,69.65,39.38,220.1,0,0,118.14,338.24,dollars
4922-CVPDX,Two Year,Yes,Credit card (automatic),73.5,34.12,1905.7,17.03,70,887.12,2845.79,dollars
4923-ADWXJ,Month-to-Month,Yes,Bank transfer (automatic),65.8,1.22,1679.65,29.29,0,30.5,1680.86,dollars
4925-LMHOK,Month-to-Month,Yes,Credit card (automatic),58.6,14.79,939.7,0,0,221.85,1161.55,dollars
4926-UMJZD,Month-to-Month,Yes,Mailed check,4920,1.2,1498.55,0,100,37.2,1635.75,cents
4927-WWOOZ,Month-to-Month,Yes,Electronic check,9145,49.41,171.45,0,10,98.82,280.27,cents
4929-BSTRX,Month-to-Month,Yes,Mailed check,5355,1.59,53.55,0,0,1.59,55.14,cents
4929-ROART,Month-to-Month,No,Mailed check,56.25,33.8,969.85,0,30,608.4,1608.25,dollars
4929-XIHVW,One Year,Yes,Credit card (automatic),95.5,33.1,181.65,0,10,66.2,257.85,dollars
4931-TRZWN,Month-to-Month,Yes,Electronic check,71.95,10.66,923.85,10.47,0,138.58,1051.96,dollars
4933-BSAIP,Two Year,No,Mailed check,1910.0000000000002,31.37,780.1,45.6,0,1254.8,1989.3,cents
4933-IKULF,One Year,No,Mailed check,20.65,24.15,330.6,0,0,410.55,741.15,dollars
4936-YPJNK,Month-to-Month,Yes,Mailed check,19.9,23.84,199.45,0,0,238.4,437.85,dollars
4937-QPZPO,One Year,Yes,Electronic check,99.9,34.54,6241.35,0,0,2106.94,8348.29,dollars
4939-KYYPY,Month-to-Month,No,Electronic check,59.45,33.94,1611.65,0,0,916.38,2528.03,dollars
4940-KHCWD,Two Year,No,Bank transfer (automatic),37.7,0,2288.7,0,0,0,2288.7,dollars
4942-VZZOM,One Year,Yes,Credit card (automatic),66.15,37.46,4392.5,0,0,2397.44,6789.94,dollars
4945-RVMTE,Month-to-Month,Yes,Bank transfer (automatic),59.55,38.97,1646.45,0,0,1091.16,2737.61,dollars
4946-EDSEW,Month-to-Month,Yes,Mailed check,19.25,29.01,180.3,0,0,319.11,499.41,dollars
4947-DSMXK,Month-to-Month,Yes,Bank transfer (automatic),97.7,42.74,3410,0,0,1453.16,4863.16,dollars
4948-WBBKL,Two Year,Yes,Bank transfer (automatic),7490.000000000001,41.57,2659.45,0,0,1496.52,4155.97,cents
4950-BDEUX,Month-to-Month,No,Electronic check,49.2,0,1701.65,0,0,0,1701.65,dollars
4950-HKQTE,Two Year,No,Mailed check,26.25,5.28,605.9,0,0,116.16,722.06,dollars
4951-UKAAQ,Month-to-Month,Yes,Electronic check,88.95,48.32,355.2,0,40,193.28,588.48,dollars
4952-YSOGZ,Month-to-Month,Yes,Electronic check,85.95,4.14,381.3,0,0,16.56,397.86,dollars
4955-VCWBI,One Year,No,Mailed check,2000,35.2,817.95,0,0,1513.6,2331.55,cents
4957-SREEC,Two Year,No,Credit card (automatic),2035.0000000000002,31.78,1458.1,35.44,0,2224.6,3647.26,cents
4957-TIALW,One Year,No,Credit card (automatic),6559.999999999999,20.11,1010,0,0,301.65,1311.65,cents
4957-TREIR,Month-to-Month,Yes,Credit card (automatic),6440.000000000001,38.05,195.65,0,0,114.15,309.8,cents
4958-GZWIY,Month-to-Month,No,Electronic check,48.7,5.13,340.25,0,0,35.91,376.16,dollars
4958-XCBDQ,Month-to-Month,Yes,Electronic check,10140,39.69,3496.3,0,0,1389.15,4885.45,cents
4959-JOSRX,Month-to-Month,Yes,Credit card (automatic),44.6,30.19,80.55,0,0,60.38,140.93,dollars
4962-CHQPW,One Year,No,Mailed check,19.85,2,535.05,0,0,58,593.05,dollars
4967-WPNCF,Two Year,Yes,Bank transfer (automatic),63.7,0,4464.8,0,0,0,4464.8,dollars
4971-PUYQO,Month-to-Month,Yes,Mailed check,94.55,11.09,2724.6,0,0,299.43,3024.03,dollars
4973-MGTON,Two Year,Yes,Credit card (automatic),84.4,3.09,5969.3,0,0,219.39,6188.69,dollars
4973-RLZVI,One Year,No,Credit card (automatic),74.65,4.22,2308.6,0,50,126.6,2485.2,dollars
4976-LNFVV,Month-to-Month,Yes,Credit card (automatic),3429.9999999999995,0,577.15,0,0,0,577.15,cents
4979-HPRFL,Two Year,No,Bank transfer (automatic),24.15,37.67,1402.25,29.41,0,2109.52,3482.36,dollars
4980-URKXC,One Year,No,Bank transfer (automatic),2085,12.61,720.05,0,0,453.96,1174.01,cents
4981-FLTMF,Month-to-Month,No,Bank transfer (automatic),65.2,1.54,3687.85,0,0,87.78,3775.63,dollars
4983-CCWMC,Month-to-Month,Yes,Mailed check,6959.999999999999,28.97,207.4,0,20,86.91,314.31,cents
4983-CLMLV,Month-to-Month,Yes,Credit card (automatic),102.7,44.34,5138.1,0,0,2305.68,7443.78,dollars
4986-MXSFP,Month-to-Month,Yes,Mailed check,20,43.27,40.9,0,0,86.54,127.44,dollars
4987-GQWPO,Month-to-Month,No,Credit card (automatic),25.1,0,382.8,0,0,0,382.8,dollars
4988-IQIGL,Month-to-Month,Yes,Electronic check,75.35,28.49,75.35,0,0,28.49,103.84,dollars
4989-LIXVT,Month-to-Month,Yes,Electronic check,95.9,19.67,6503.2,0,0,1337.56,7840.76,dollars
4990-ALDGW,Two Year,No,Mailed check,20.75,38.73,1118.8,0,0,2207.61,3326.41,dollars
4992-LTJNE,Two Year,No,Bank transfer (automatic),5530,24.24,3983.6,0,0,1745.28,5728.88,cents
4993-JCRGJ,Month-to-Month,Yes,Mailed check,84.3,37.69,2281.6,0,0,979.94,3261.54,dollars
4994-OBRSZ,Two Year,No,Bank transfer (automatic),7609.999999999999,36.73,1054.8,0,0,514.22,1569.02,cents
4998-IKFSE,Month-to-Month,No,Electronic check,10045,34.49,3096.9,0,80,1034.7,4211.6,cents
4999-IEZLT,One Year,No,Credit card (automatic),29.45,0,1983.15,0,0,0,1983.15,dollars
5002-GCQFH,Month-to-Month,Yes,Bank transfer (automatic),93.85,47.17,4733.1,0,30,2311.33,7074.43,dollars
5003-OKNNK,One Year,No,Credit card (automatic),20.35,46.64,335.95,0,0,699.6,1035.55,dollars
5003-XZWWO,Two Year,No,Credit card (automatic),8420,15.12,5956.85,0,0,1073.52,7030.37,cents
5006-MXVRN,Two Year,No,Credit card (automatic),20.7,29.79,762.45,0,0,1161.81,1924.26,dollars
5010-IPEAQ,Two Year,No,Credit card (automatic),5420,0,3623.95,0,0,0,3623.95,cents
5012-YSPJJ,Month-to-Month,No,Mailed check,54.35,25.04,1647,0,0,776.24,2423.24,dollars
5013-SBUIH,Two Year,Yes,Electronic check,109.65,27.7,5551.15,0,0,1385,6936.15,dollars
5014-GSOUQ,Two Year,No,Mailed check,19.95,18.73,243.65,0,0,243.49,487.14,dollars
5014-WUQMG,One Year,Yes,Electronic check,9610,15.59,4391.45,0,0,732.73,5124.18,cents
5016-ETTFF,Month-to-Month,No,Mailed check,2950,0,255.25,0,40,0,295.25,cents
5016-IBERQ,Month-to-Month,No,Electronic check,8425,18.05,1968.1,8.3,0,415.15,2374.95,cents
5016-LIPDW,One Year,No,Mailed check,19.4,41.56,1061.6,0,0,2368.92,3430.52,dollars
5018-GWURO,Month-to-Month,Yes,Bank transfer (automatic),85.6,42.81,4902.8,0,0,2397.36,7300.16,dollars
5018-HEKFO,Month-to-Month,Yes,Mailed check,24.5,17.01,270.15,0,0,170.1,440.25,dollars
5018-LXQQG,Month-to-Month,No,Bank transfer (automatic),66.3,16.48,1923.5,0,0,494.4,2417.9,dollars
5019-GQVCR,Two Year,Yes,Electronic check,8485,8.81,3645.6,0,0,378.83,4024.43,cents
5020-ZSTTY,One Year,No,Bank transfer (automatic),82.45,12.08,4350.1,0,0,652.32,5002.42,dollars
5022-JNQEQ,Month-to-Month,Yes,Electronic check,7584.999999999999,8.1,647.5,0,0,72.9,720.4,cents
5022-KVDQT,Month-to-Month,Yes,Electronic check,8130,25.51,2272.8,29.93,130,688.77,3061.64,cents
5025-GOOKI,Month-to-Month,Yes,Credit card (automatic),1889.9999999999998,33.86,347.65,0,0,677.2,1024.85,cents
5027-QPKTE,Month-to-Month,Yes,Electronic check,69.35,14.75,451.1,0,10,103.25,564.35,dollars
5027-XWQHA,Month-to-Month,No,Electronic check,4475,41.16,270.95,0,10,246.96,527.91,cents
5027-YOCXN,One Year,No,Credit card (automatic),110.05,26.73,5686.4,20.28,0,1363.23,7029.35,dollars
5028-GZLDO,Month-to-Month,No,Credit card (automatic),70.7,36.06,140.7,0,0,72.12,212.82,dollars
5028-HTLJB,Month-to-Month,No,Mailed check,20.05,19.87,20.05,0,0,19.87,39.92,dollars
5032-MIYKT,Month-to-Month,Yes,Mailed check,7070,38.81,70.7,0,0,38.81,109.51,cents
5032-USPKF,One Year,No,Bank transfer (automatic),8410,25.11,3187.65,0,0,954.18,4141.83,cents
5035-BVCXS,Month-to-Month,Yes,Mailed check,7590.000000000001,13.55,866.4,0,0,149.05,1015.45,cents
5035-PGZXH,One Year,Yes,Electronic check,10680,32.43,5914.4,0,30,1816.08,7760.48,cents
5038-ETMLM,Two Year,Yes,Bank transfer (automatic),113.65,29,8182.75,0,0,2088,10270.75,dollars
5039-LZRQT,One Year,No,Mailed check,20.2,26.57,273.25,0,0,345.41,618.66,dollars
5043-TRZWM,Month-to-Month,No,Electronic check,75.55,7.11,75.55,0,0,7.11,82.66,dollars
5044-LRQAQ,Month-to-Month,Yes,Bank transfer (automatic),69.2,41.22,477.55,0,0,288.54,766.09,dollars
5044-XDPYX,Two Year,No,Mailed check,25.5,20.47,1281.25,0,0,1043.97,2325.22,dollars
5046-NUHWD,One Year,Yes,Electronic check,45,0,1228.65,0,0,0,1228.65,dollars
5047-LHVLY,Month-to-Month,Yes,Mailed check,50.15,39.78,50.15,0,0,39.78,89.93,dollars
5049-GLYVG,Month-to-Month,No,Mailed check,2060,47.26,20.6,0,0,47.26,67.86,cents
5049-MUBWG,One Year,No,Bank transfer (automatic),7500,49.61,1908.35,0,0,1289.86,3198.21,cents
5052-PNLOS,Month-to-Month,Yes,Bank transfer (automatic),10535,13.83,323.25,0,0,41.49,364.74,cents
5054-IEXZT,Month-to-Month,Yes,Electronic check,75.35,32.82,75.35,0,10,32.82,118.17,dollars
5055-BRMNE,Two Year,No,Credit card (automatic),10670,40.35,7009.5,0,0,2703.45,9712.95,cents
5055-MGMGF,Month-to-Month,Yes,Electronic check,105.05,40.71,6914.95,0,60,2646.15,9621.1,dollars
5056-FIMPT,One Year,Yes,Credit card (automatic),106,10.19,4532.3,0,130,438.17,5100.47,dollars
5057-LCOUI,Month-to-Month,Yes,Electronic check,50.75,0,2011.4,0,0,0,2011.4,dollars
5057-RKGLH,Two Year,No,Mailed check,2035.0000000000002,30.83,191.1,0,0,277.47,468.57,cents
5060-TQUQN,Month-to-Month,Yes,Bank transfer (automatic),8355,10.24,2570.2,0,0,307.2,2877.4,cents
5061-PBXFW,Month-to-Month,No,Bank transfer (automatic),61.4,46.66,1864.65,0,0,1493.12,3357.77,dollars
5062-CJJKH,One Year,No,Mailed check,53.65,36.17,1355.45,0,0,904.25,2259.7,dollars
5063-IUOKK,Two Year,No,Mailed check,19.75,10.11,265.75,0,0,131.43,397.18,dollars
5066-GFJMM,Month-to-Month,Yes,Mailed check,19.9,41.36,45.75,0,0,124.08,169.83,dollars
5067-DGXLL,Month-to-Month,No,Mailed check,20.25,15.83,36.8,0,0,31.66,68.46,dollars
5067-WJEUN,Two Year,Yes,Bank transfer (automatic),5420,10.9,3838.2,0,10,730.3,4578.5,cents
5067-XJQFU,One Year,Yes,Electronic check,10845,21.79,7076.35,0,0,1438.14,8514.49,cents
5071-FBJFS,Month-to-Month,No,Electronic check,50.3,44.64,217.1,0,0,178.56,395.66,dollars
5073-RZGBK,One Year,Yes,Bank transfer (automatic),80.05,49.18,4042.2,0,0,2459,6501.2,dollars
5073-WXOYN,Month-to-Month,Yes,Electronic check,50.8,0,3027.4,0,0,0,3027.4,dollars
5074-FBGHB,One Year,Yes,Credit card (automatic),104.65,25.95,6889.8,0,0,1660.8,8550.6,dollars
5075-JSDKI,Two Year,No,Electronic check,2445,41.23,1493.1,0,0,2432.57,3925.67,cents
5076-YVXCM,Month-to-Month,No,Bank transfer (automatic),83.4,45.92,4149.45,29.76,30,2341.92,6491.61,dollars
5077-DXTCG,Month-to-Month,Yes,Electronic check,45.3,26.41,45.3,0,0,26.41,71.71,dollars
5081-NWSUP,One Year,No,Mailed check,64.9,37.45,685.55,0,0,374.5,1060.05,dollars
5084-OOVCJ,Month-to-Month,Yes,Credit card (automatic),55.35,20.23,920.5,0,0,343.91,1264.41,dollars
5087-SUURX,Month-to-Month,Yes,Electronic check,3904.9999999999995,0,669.85,0,0,0,669.85,cents
5088-QZLRL,Month-to-Month,No,Electronic check,20.65,1.47,20.65,0,0,1.47,22.12,dollars
5089-IFSDP,Two Year,Yes,Bank transfer (automatic),109.45,27.99,6144.55,0,0,1623.42,7767.97,dollars
5090-EMGTC,Two Year,Yes,Mailed check,10005,45.75,6034.85,0,0,2699.25,8734.1,cents
5091-HFAZW,Month-to-Month,Yes,Electronic check,91.15,46.78,168.5,0,10,93.56,272.06,dollars
5092-STPKP,Month-to-Month,No,Credit card (automatic),56.35,30.18,1381.2,0,0,724.32,2105.52,dollars
5093-FEGLU,Two Year,No,Bank transfer (automatic),19.65,45.9,921.55,0,0,2157.3,3078.85,dollars
5095-AESKG,Month-to-Month,Yes,Credit card (automatic),91.5,31.61,242.95,0,10,94.83,347.78,dollars
5095-ETBRJ,Two Year,No,Mailed check,5680,2.36,3112.05,0,0,129.8,3241.85,cents
5099-BAILX,Month-to-Month,Yes,Bank transfer (automatic),110.75,14.52,4687.9,0,0,624.36,5312.26,dollars
5103-MHMHY,Month-to-Month,No,Mailed check,45.95,46.17,45.95,0,0,46.17,92.12,dollars
5108-ADXWO,Month-to-Month,Yes,Electronic check,73.5,38.88,791.75,0,0,427.68,1219.43,dollars
5110-CHOPY,Two Year,No,Electronic check,53.6,0,3237.05,0,0,0,3237.05,dollars
5115-GZDEL,Two Year,No,Credit card (automatic),67.2,0,4671.7,0,0,0,4671.7,dollars
5115-SQAAU,Two Year,Yes,Bank transfer (automatic),25.6,20.98,1673.4,28.09,0,1447.62,3092.93,dollars
5117-IFGPS,Two Year,Yes,Electronic check,84.3,36.75,2357.75,0,0,1065.75,3423.5,dollars
5117-ZSMHQ,Two Year,No,Bank transfer (automatic),8990,37.57,6342.7,0,150,2667.47,9160.17,cents
5118-MUEYH,Month-to-Month,Yes,Credit card (automatic),10510,39.25,5083.55,0,0,1884,6967.55,cents
5119-KEPFY,Month-to-Month,Yes,Bank transfer (automatic),9500,5.99,3440.25,0,0,215.64,3655.89,cents
5119-NZPTV,Month-to-Month,No,Electronic check,70.1,34.99,141.65,0,0,69.98,211.63,dollars
5120-ZBLAI,One Year,No,Bank transfer (automatic),75.7,9.47,3876.2,0,0,473.5,4349.7,dollars
5122-CYFXA,Month-to-Month,Yes,Electronic check,75.3,38.99,244.1,0,0,116.97,361.07,dollars
5124-EOGYE,Two Year,No,Mailed check,20.45,34.57,638.55,0,0,1071.67,1710.22,dollars
5125-CNDSP,One Year,Yes,Bank transfer (automatic),4060,0,2588.95,0,0,0,2588.95,cents
5126-RCXYW,Two Year,No,Credit card (automatic),46,0,2424.05,0,90,0,2514.05,dollars
5127-BZENZ,One Year,No,Bank transfer (automatic),6520,39.72,3512.15,0,0,2224.32,5736.47,cents
5129-HHMZC,Two Year,No,Credit card (automatic),86.45,21.08,3574.5,0,0,906.44,4480.94,dollars
5129-JLPIS,Month-to-Month,Yes,Electronic check,10550,10.4,2686.05,0,0,260,2946.05,cents
5130-IEKQT,Month-to-Month,No,Mailed check,105.95,46.34,2655.25,0,0,1158.5,3813.75,dollars
5130-YPIRV,Two Year,Yes,Credit card (automatic),7200,6.41,4284.2,0,0,397.42,4681.62,cents
5131-PONJI,Month-to-Month,Yes,Credit card (automatic),90.4,11.74,4494.65,0,0,575.26,5069.91,dollars
5133-POWUA,Month-to-Month,Yes,Mailed check,45.8,13.62,45.8,0,0,13.62,59.42,dollars
5133-VRSAB,Month-to-Month,No,Mailed check,29.35,0,216.45,0,10,0,226.45,dollars
5134-IKDAY,Month-to-Month,Yes,Electronic check,6980,11.08,69.8,0,0,11.08,80.88,cents
5135-GRQJV,Two Year,Yes,Mailed check,114.5,5.6,8331.95,0,0,403.2,8735.15,dollars
5135-RDDQL,Two Year,Yes,Bank transfer (automatic),50.65,25.32,3221.25,37.04,0,1595.16,4779.37,dollars
5136-GFPMB,Month-to-Month,No,Credit card (automatic),89.4,35.32,4869.5,0,0,1907.28,6776.78,dollars
5136-KCKGI,One Year,Yes,Mailed check,103.7,41.61,3467,0,0,1373.13,4840.13,dollars
5136-RGMZO,Month-to-Month,Yes,Electronic check,71.05,6.4,2168.15,0,0,198.4,2366.55,dollars
5138-WVKYJ,Month-to-Month,No,Electronic check,9855,27.57,1008.55,0,0,275.7,1284.25,cents
5140-FOMCQ,One Year,Yes,Credit card (automatic),109.15,40.47,6557.75,0,0,2387.73,8945.48,dollars
5141-ZUVBH,Month-to-Month,No,Bank transfer (automatic),9300,42.1,870.25,0,0,378.9,1249.15,cents
5143-EGQFK,Month-to-Month,Yes,Electronic check,2965,0,291.4,0,110,0,401.4,cents
5143-WMWOG,Month-to-Month,No,Electronic check,1995,17.61,19.95,0,0,17.61,37.56,cents
5144-PQCDZ,Month-to-Month,Yes,Mailed check,19.95,34.86,59.25,0,0,139.44,198.69,dollars
5144-TVGLP,Two Year,No,Electronic check,94.75,46.96,3653,45.82,0,1784.48,5391.66,dollars
5146-CBVOE,Month-to-Month,No,Bank transfer (automatic),7509.999999999999,38.02,1212.85,0,0,608.32,1821.17,cents
5146-YYFRZ,Two Year,No,Bank transfer (automatic),1995,15.32,1311.75,0,0,1026.44,2338.19,cents
5148-HKFIR,Two Year,No,Mailed check,1970,15.87,406.95,0,0,317.4,724.35,cents
5148-ORICT,Two Year,Yes,Mailed check,7434.999999999999,18.03,4759.55,0,0,1153.92,5913.47,cents
5149-CUZUJ,One Year,No,Bank transfer (automatic),92.9,27.34,2768.35,0,0,765.52,3533.87,dollars
5149-QYTTU,One Year,Yes,Credit card (automatic),95.15,34.53,6770.85,0,0,2451.63,9222.48,dollars
5149-TGWDZ,One Year,Yes,Mailed check,10455,36.31,2239.4,0,0,762.51,3001.91,cents
5150-ITWWB,Two Year,Yes,Electronic check,94.85,37.78,335.75,0,0,113.34,449.09,dollars
5150-LJNSR,One Year,No,Bank transfer (automatic),98.05,36.49,3082.1,0,0,1131.19,4213.29,dollars
5151-HQRDG,Month-to-Month,Yes,Mailed check,5505,27.41,2030.75,0,0,1014.17,3044.92,cents
5153-LXKDT,Two Year,Yes,Electronic check,110.2,18.47,7467.5,0,0,1255.96,8723.46,dollars
5153-RTHKF,Month-to-Month,No,Electronic check,85.35,23.54,2896.6,0,0,800.36,3696.96,dollars
5154-VEKBL,Month-to-Month,No,Mailed check,58.5,0,539.85,0,0,0,539.85,dollars
5155-AZQPB,Month-to-Month,No,Mailed check,49.9,41.41,1410.25,0,0,1159.48,2569.73,dollars
5156-UMKOW,Month-to-Month,No,Mailed check,29.65,0,90.05,0,0,0,90.05,dollars
5158-RIVOP,Two Year,No,Credit card (automatic),20.9,2.52,202.3,0,0,27.72,230.02,dollars
5159-YFPKQ,Month-to-Month,Yes,Electronic check,7580,24.31,160.75,0,0,48.62,209.37,cents
5160-UXJED,One Year,No,Mailed check,44.6,13.02,681.4,0,0,221.34,902.74,dollars
5161-UBZXI,Two Year,Yes,Credit card (automatic),10635,42.9,7261.75,0,0,2960.1,10221.85,cents
5161-XEUVX,Two Year,No,Mailed check,94.3,13.13,3460.95,0,0,485.81,3946.76,dollars
5167-GBFRE,Month-to-Month,Yes,Bank transfer (automatic),2520,0,102.5,0,0,0,102.5,cents
5167-ZFFMM,Month-to-Month,Yes,Credit card (automatic),90.85,8.56,90.85,0,0,8.56,99.41,dollars
5168-MQQCA,One Year,Yes,Bank transfer (automatic),108.5,38.44,8003.8,0,0,2767.68,10771.48,dollars
5168-MSWXT,Month-to-Month,Yes,Electronic check,94.75,22.14,759.55,0,0,177.12,936.67,dollars
5170-PTRKA,One Year,Yes,Credit card (automatic),35.8,0,1782,0,0,0,1782,dollars
5171-EPLKN,Two Year,No,Credit card (automatic),1985.0000000000002,47.65,470,0,0,1286.55,1756.55,cents
5172-MIGPM,Month-to-Month,No,Mailed check,65.55,13.31,237.2,0,0,53.24,290.44,dollars
5172-RKOCB,Two Year,Yes,Credit card (automatic),10895,21.26,7875,0,0,1530.72,9405.72,cents
5173-WXOQV,Month-to-Month,Yes,Mailed check,64.2,4.41,143.65,0,30,8.82,182.47,dollars
5173-ZXXXL,One Year,No,Mailed check,19.95,31.45,47.7,0,0,62.9,110.6,dollars
5174-ITUMV,One Year,Yes,Electronic check,105.4,38.98,6989.45,0,0,2611.66,9601.11,dollars
5174-RNGBH,Month-to-Month,No,Mailed check,66.25,24.81,620.55,0,10,223.29,853.84,dollars
5175-AOBHI,Month-to-Month,Yes,Mailed check,46,15.07,193.6,0,0,60.28,253.88,dollars
5175-WLYXL,Month-to-Month,Yes,Mailed check,78.85,30.35,1600.25,0,50,667.7,2317.95,dollars
5176-LDKUH,One Year,No,Electronic check,7515.000000000001,41.26,3772.65,0,0,1980.48,5753.13,cents
5176-LMJXE,Two Year,Yes,Mailed check,20.55,44.69,945.7,0,0,2100.43,3046.13,dollars
5176-OLSKT,Two Year,No,Bank transfer (automatic),6690.000000000001,44.4,4370.25,0,70,2930.4,7370.65,cents
5177-RVZNU,One Year,No,Bank transfer (automatic),20.3,10.23,755.4,0,0,378.51,1133.91,dollars
5178-LMXOP,Month-to-Month,Yes,Electronic check,95.1,4.89,95.1,0,0,4.89,99.99,dollars
5180-UCIIQ,Month-to-Month,No,Mailed check,40.05,0,880.2,0,0,0,880.2,dollars
5181-OABFK,Two Year,Yes,Credit card (automatic),61.3,18.99,3346.8,0,0,1063.44,4410.24,dollars
5183-KLYEM,Two Year,Yes,Credit card (automatic),11275,35.24,8192.6,0,0,2537.28,10729.88,cents
5183-SNMJQ,Month-to-Month,Yes,Credit card (automatic),95.1,45.69,865.1,43.25,0,456.9,1278.75,dollars
5186-EJEGL,Month-to-Month,Yes,Mailed check,69.5,34.43,653.25,0,0,309.87,963.12,dollars
5186-PEIZU,Month-to-Month,No,Bank transfer (automatic),1925,37.81,617.65,0,0,1323.35,1941,cents
5186-SAMNZ,Month-to-Month,Yes,Bank transfer (automatic),6950,41.2,69.5,0,80,41.2,190.7,cents
5188-HGMLP,Month-to-Month,No,Bank transfer (automatic),7400,35.16,3919.15,0,0,1898.64,5817.79,cents
5192-EBGOV,Month-to-Month,Yes,Electronic check,85.7,45.81,85.7,0,0,45.81,131.51,dollars
5193-QLVZB,Two Year,Yes,Bank transfer (automatic),104.75,48.75,6536.5,0,0,3071.25,9607.75,dollars
5195-KPUNQ,One Year,Yes,Mailed check,9675,34.58,5206.55,0,0,1832.74,7039.29,cents
5196-SGOAK,Month-to-Month,Yes,Electronic check,75.7,9.05,75.7,0,0,9.05,84.75,dollars
5196-WPYOW,One Year,No,Mailed check,60.05,6.53,3994.05,0,0,437.51,4431.56,dollars
5197-LQXXH,Two Year,Yes,Credit card (automatic),8330,13.41,5894.5,37.44,0,952.11,6809.17,cents
5197-PYEPU,One Year,Yes,Credit card (automatic),94.45,6.37,3923.8,0,140,267.54,4331.34,dollars
5197-YPYBZ,Two Year,No,Credit card (automatic),25.25,39.59,274.7,0,0,475.08,749.78,dollars
5198-EFNBM,One Year,Yes,Electronic check,90.65,46.62,5199.8,0,0,2657.34,7857.14,dollars
5198-HQAEN,One Year,Yes,Electronic check,89.7,1.53,3165.6,0,0,53.55,3219.15,dollars
5199-FPUSP,One Year,No,Credit card (automatic),34.05,0,1113.95,0,0,0,1113.95,dollars
5201-CBWYG,One Year,No,Bank transfer (automatic),2480,16.48,1476.25,0,0,1021.76,2498.01,cents
5201-FRKKS,Month-to-Month,No,Bank transfer (automatic),74.3,17.3,1952.25,40.54,0,432.5,2344.21,dollars
5201-USSQZ,Month-to-Month,No,Credit card (automatic),85.9,42.26,2196.45,0,0,1098.76,3295.21,dollars
5202-IVJNU,Month-to-Month,No,Credit card (automatic),3010,0,1131.3,0,150,0,1281.3,cents
5203-XEHAX,One Year,No,Electronic check,64.35,45.56,2053.05,46.39,0,1549.04,3555.7,dollars
5204-HMGYF,One Year,Yes,Mailed check,8720,33.07,4345,0,0,1620.43,5965.43,cents
5204-QZXPU,Month-to-Month,Yes,Electronic check,39.65,0,733.35,0,0,0,733.35,dollars
5206-HPJKM,Month-to-Month,Yes,Credit card (automatic),5550,33.68,934.15,0,0,572.56,1506.71,cents
5206-XZZQI,Month-to-Month,Yes,Mailed check,8059.999999999999,49.21,4348.1,39.45,90,2608.13,7006.78,cents
5207-PLSTK,Month-to-Month,Yes,Mailed check,4875,26.26,48.75,0,0,26.26,75.01,cents
5208-FVQKB,Two Year,No,Mailed check,67.95,24.93,4664.15,0,0,1745.1,6409.25,dollars
5208-HFSBT,Month-to-Month,Yes,Credit card (automatic),55.05,42.55,102.75,0,0,85.1,187.85,dollars
5213-TWWJU,Month-to-Month,No,Electronic check,91,45.24,2626.15,0,0,1266.72,3892.87,dollars
5214-CHIWJ,One Year,No,Mailed check,20.3,21.66,595.05,0,0,584.82,1179.87,dollars
5214-NLTIT,Two Year,Yes,Credit card (automatic),90.8,23.7,6511.8,0,60,1706.4,8278.2,dollars
5215-LNLDJ,Month-to-Month,Yes,Electronic check,2470,0,149.05,0,0,0,149.05,cents
5216-WASFJ,Two Year,Yes,Electronic check,8485,5.3,2633.4,0,0,164.3,2797.7,cents
5219-YIPTK,Month-to-Month,Yes,Electronic check,104.4,11.32,3409.6,0,0,373.56,3783.16,dollars
5220-AGAAX,Two Year,Yes,Bank transfer (automatic),24,2.71,1664.3,0,0,184.28,1848.58,dollars
5222-IMUKT,Month-to-Month,No,Electronic check,91.05,47.3,2871.5,0,0,1513.6,4385.1,dollars
5222-JCXZT,Month-to-Month,No,Mailed check,1900,20.16,78.9,0,0,80.64,159.54,cents
5223-UZAVK,One Year,Yes,Credit card (automatic),100.3,9.95,6603.8,0,0,636.8,7240.6,dollars
5226-NOZFC,Month-to-Month,Yes,Electronic check,85.75,40.35,2146.5,0,0,1049.1,3195.6,dollars
5227-JSCFE,Two Year,No,Credit card (automatic),4635,0,3353.4,18.64,0,0,3334.76,cents
5228-EXCET,Month-to-Month,Yes,Electronic check,80.85,12.54,1008.7,0,0,163.02,1171.72,dollars
5229-DTFYB,Two Year,Yes,Bank transfer (automatic),9880,10.26,3959.15,27.09,0,420.66,4352.72,cents
5229-PRWKT,Month-to-Month,Yes,Electronic check,86.55,24.76,649.65,0,0,198.08,847.73,dollars
5231-FIQPA,Two Year,Yes,Mailed check,19.85,2.32,810.45,0,0,95.12,905.57,dollars
5232-NXPAY,Two Year,No,Mailed check,74.45,3.47,3510.3,0,0,163.09,3673.39,dollars
5233-AOZUF,Month-to-Month,Yes,Electronic check,74.95,5.39,2149.05,0,0,156.31,2305.36,dollars
5233-GEEAX,Month-to-Month,Yes,Electronic check,29.4,0,221.9,0,0,0,221.9,dollars
5236-PERKL,Two Year,Yes,Bank transfer (automatic),112.95,48.86,6465,0,0,2785.02,9250.02,dollars
5236-XMZJY,Month-to-Month,No,Bank transfer (automatic),59.65,22.08,2536.55,0,0,927.36,3463.91,dollars
5240-CAOYT,Month-to-Month,Yes,Bank transfer (automatic),87.55,28.27,4884.85,1.83,0,1611.39,6494.41,dollars
5240-IJOQT,Month-to-Month,Yes,Electronic check,7470,11.34,74.7,0,0,11.34,86.04,cents
5242-UOWHD,Two Year,No,Mailed check,20.35,39.03,929.2,0,0,1756.35,2685.55,dollars
5243-SAOTC,Month-to-Month,Yes,Bank transfer (automatic),79.85,7.64,4308.25,0,0,412.56,4720.81,dollars
5244-IRFIH,Month-to-Month,Yes,Electronic check,94.5,27.78,3105.55,0,0,916.74,4022.29,dollars
5245-VDBUR,One Year,No,Mailed check,35.45,0,1958.95,0,0,0,1958.95,dollars
5248-KWLAR,Two Year,No,Electronic check,9035,18.42,6325.25,0,0,1307.82,7633.07,cents
5248-RPYWW,Two Year,Yes,Bank transfer (automatic),9015,9.88,6716.45,0,0,711.36,7427.81,cents
5248-YGIJN,Two Year,Yes,Credit card (automatic),90.25,10.92,6369.45,0,0,786.24,7155.69,dollars
5249-QYHEX,Two Year,Yes,Mailed check,24.8,33.44,1024.7,0,0,1337.6,2362.3,dollars
5256-SKJGO,Two Year,Yes,Electronic check,54.6,0,3423.5,0,0,0,3423.5,dollars
5260-UMPWX,Month-to-Month,Yes,Credit card (automatic),20.25,24.44,493.95,0,0,635.44,1129.39,dollars
5261-QSHQM,Month-to-Month,Yes,Electronic check,2445,0,86.6,0,0,0,86.6,cents
5266-PFRQK,One Year,Yes,Credit card (automatic),20.85,39.48,1071.6,0,0,2052.96,3124.56,dollars
5268-DSMNQ,One Year,Yes,Credit card (automatic),97.95,11.41,5936.55,0,0,707.42,6643.97,dollars
5269-NRGDP,One Year,No,Electronic check,73.15,14.8,3088.25,0,0,621.6,3709.85,dollars
5271-DBYSJ,Month-to-Month,Yes,Credit card (automatic),79.15,26.84,827.7,0,140,295.24,1262.94,dollars
5271-YNWVR,Two Year,Yes,Electronic check,11315,23.67,7856,0,0,1609.56,9465.56,cents
5274-XHAKY,Month-to-Month,Yes,Bank transfer (automatic),94.3,1.6,3893.6,0,0,65.6,3959.2,dollars
5275-PMFUT,Two Year,Yes,Credit card (automatic),64.8,0,4719.75,0,0,0,4719.75,dollars
5275-SQEIZ,Month-to-Month,Yes,Mailed check,8084.999999999999,14.91,80.85,0,0,14.91,95.76,cents
5276-KQWHG,Month-to-Month,Yes,Electronic check,6959.999999999999,15.32,131.65,0,0,30.64,162.29,cents
5277-ZLOOR,Month-to-Month,Yes,Electronic check,85.55,5.49,187.45,0,0,10.98,198.43,dollars
5278-PNYOX,Two Year,No,Credit card (automatic),100.65,11.11,4917.75,0,0,544.39,5462.14,dollars
5281-BUZGT,Month-to-Month,Yes,Electronic check,90.85,23.33,3186.7,0,0,839.88,4026.58,dollars
5285-MVEHD,One Year,Yes,Credit card (automatic),10560,34.1,6068.65,0,0,1909.6,7978.25,cents
5286-YHCVC,Two Year,Yes,Bank transfer (automatic),104.8,40.49,7470.1,0,0,2915.28,10385.38,dollars
5287-QWLKY,Month-to-Month,Yes,Credit card (automatic),10510,44.66,7548.1,0,0,3170.86,10718.96,cents
5288-AHOUP,Two Year,Yes,Electronic check,7850,41.58,874.2,0,0,457.38,1331.58,cents
5293-WXJAK,Month-to-Month,Yes,Bank transfer (automatic),104.05,17.25,1133.65,0,0,189.75,1323.4,dollars
5294-CDGWY,One Year,No,Electronic check,59.3,0,3014.65,0,0,0,3014.65,dollars
5294-DMSFH,Month-to-Month,Yes,Credit card (automatic),87.8,33.62,2621.75,0,0,974.98,3596.73,dollars
5294-IMHHT,One Year,No,Bank transfer (automatic),9775,32.94,5043.2,0,0,1745.82,6789.02,cents
5295-PCJOO,Month-to-Month,Yes,Electronic check,4940,9.77,184.4,0,10,39.08,233.48,cents
5296-BFCYD,Two Year,Yes,Mailed check,20.1,14.91,936.85,0,0,685.86,1622.71,dollars
5296-PSYVW,Two Year,No,Electronic check,24.55,8.98,1750.7,0,0,646.56,2397.26,dollars
5297-MDOIR,One Year,Yes,Credit card (automatic),8115.000000000001,34.51,5224.5,0,0,2174.13,7398.63,cents
5298-GSTLM,One Year,Yes,Bank transfer (automatic),101.4,48.92,6176.6,0,0,2935.2,9111.8,dollars
5299-RULOA,Month-to-Month,Yes,Electronic check,100.25,24.48,1064.65,0,0,244.8,1309.45,dollars
5299-SJCZT,Month-to-Month,Yes,Bank transfer (automatic),101.55,21.86,298.35,0,0,65.58,363.93,dollars
5301-GAUUY,Month-to-Month,Yes,Bank transfer (automatic),8034.999999999999,1.49,2596.15,0,0,47.68,2643.83,cents
5302-BDJNT,Month-to-Month,No,Electronic check,95.5,45.62,3418.2,0,0,1596.7,5014.9,dollars
5304-EFJLP,Two Year,Yes,Bank transfer (automatic),111.65,16.92,8022.85,0,110,1218.24,9351.09,dollars
5306-BVTKJ,One Year,Yes,Credit card (automatic),55.8,38.3,2651.2,0,0,1838.4,4489.6,dollars
5307-DZCVC,Month-to-Month,Yes,Credit card (automatic),85.95,48.95,2628.6,0,0,1566.4,4195,dollars
5307-UVGNB,Month-to-Month,Yes,Bank transfer (automatic),48.7,0,2495.2,0,0,0,2495.2,dollars
5309-TAIKL,Month-to-Month,No,Bank transfer (automatic),62.8,8.29,418.3,0,0,58.03,476.33,dollars
5310-NOOVA,Two Year,No,Electronic check,1995,13.42,907.05,0,0,617.32,1524.37,cents
5311-IHLEI,Month-to-Month,Yes,Bank transfer (automatic),50.95,0,605.75,0,0,0,605.75,dollars
5312-IRCFR,One Year,Yes,Electronic check,9285,37.47,5980.75,0,0,2398.08,8378.83,cents
5312-TSZVC,One Year,No,Mailed check,1964.9999999999998,23.56,270.6,0,0,353.4,624,cents
5312-UXESG,Month-to-Month,No,Bank transfer (automatic),98.05,29.19,3990.6,0,0,1196.79,5187.39,dollars
5313-FPXWG,One Year,Yes,Bank transfer (automatic),2460,34.36,1266.4,47.91,0,1752.36,2970.85,cents
5315-CKEQK,One Year,Yes,Electronic check,51,4.71,1381.8,0,80,131.88,1593.68,dollars
5317-FLPJF,Two Year,Yes,Bank transfer (automatic),6135,0,4193.4,0,130,0,4323.4,cents
5318-IXUZF,Month-to-Month,Yes,Bank transfer (automatic),8715,6.2,183.75,0,0,12.4,196.15,cents
5318-YKDPV,Two Year,Yes,Credit card (automatic),79.15,41.08,3566.6,0,0,1766.44,5333.04,dollars
5320-BRKGK,Two Year,No,Mailed check,75.8,2.87,4415.75,0,0,166.46,4582.21,dollars
5321-NTRKC,Two Year,No,Bank transfer (automatic),79.85,35.01,5234.95,0,0,2310.66,7545.61,dollars
5322-TEUJK,Two Year,No,Bank transfer (automatic),11460,4.91,8100.25,0,0,348.61,8448.86,cents
5322-ZSMZY,Two Year,No,Mailed check,25.75,7.03,755.6,0,0,217.93,973.53,dollars
5324-KTGCG,One Year,No,Electronic check,20.85,44.82,1539.75,0,0,3182.22,4721.97,dollars
5325-UWTWJ,Month-to-Month,Yes,Credit card (automatic),90.55,22.42,2929.75,0,0,695.02,3624.77,dollars
5327-CNLUQ,Two Year,Yes,Bank transfer (automatic),96.9,6.1,4473.45,0,0,292.8,4766.25,dollars
5327-XOKKY,Two Year,Yes,Credit card (automatic),73.45,11.26,5329,0,0,810.72,6139.72,dollars
5329-KRDTM,Two Year,No,Credit card (automatic),7734.999999999999,33.68,5396.25,0,0,2424.96,7821.21,cents
5331-RGMTT,Month-to-Month,Yes,Credit card (automatic),99.05,38.48,5295.7,0,40,2077.92,7413.62,dollars
5334-AFQJB,Two Year,Yes,Credit card (automatic),25.1,2.37,1789.9,0,0,170.64,1960.54,dollars
5334-JLAXU,Month-to-Month,Yes,Credit card (automatic),94.1,15.54,5475.9,0,0,932.4,6408.3,dollars
5336-UFNZP,One Year,Yes,Electronic check,10745,19.58,7047.5,0,0,1272.7,8320.2,cents
5337-IIWKZ,Month-to-Month,Yes,Electronic check,44.85,0,1442.6,0,0,0,1442.6,dollars
5338-YHWYT,Two Year,No,Credit card (automatic),6145,49.99,2302.35,48.79,110,1849.63,4213.19,cents
5339-PXDVH,Month-to-Month,No,Electronic check,90.65,31.57,367.95,0,0,126.28,494.23,dollars
5339-TJFEK,Month-to-Month,Yes,Electronic check,105.5,14.75,6487.2,0,150,914.5,7551.7,dollars
5343-SGUBI,One Year,Yes,Mailed check,80.2,42.9,4297.6,0,0,2230.8,6528.4,dollars
5345-BMKWB,Month-to-Month,No,Mailed check,20.25,4.98,158.35,0,0,39.84,198.19,dollars
5346-BZCHP,Two Year,No,Mailed check,19.4,25.18,1346.2,0,0,1737.42,3083.62,dollars
5348-CAGXB,Month-to-Month,Yes,Electronic check,8955,33.36,1021.75,0,0,400.32,1422.07,cents
5349-AZPEW,Month-to-Month,No,Mailed check,25.05,0,125.5,0,0,0,125.5,dollars
5349-IECLD,Month-to-Month,No,Electronic check,94.95,26.05,178.1,0,0,52.1,230.2,dollars
5351-QESIO,Month-to-Month,No,Mailed check,24.2,0,24.2,0,0,0,24.2,dollars
5353-WILCI,Month-to-Month,No,Electronic check,56.05,44.11,1522.65,0,110,1235.08,2867.73,dollars
5356-CSVSQ,Month-to-Month,No,Electronic check,6459.999999999999,40.99,174.2,0,0,122.97,297.17,cents
5356-KZCKT,Two Year,Yes,Credit card (automatic),24.45,2.38,1513.6,0,0,138.04,1651.64,dollars
5356-RHIPP,Month-to-Month,Yes,Mailed check,20.2,45.49,20.2,0,0,45.49,65.69,dollars
5357-TZHPP,Month-to-Month,Yes,Credit card (automatic),84.4,30.8,732.5,0,0,277.2,1009.7,dollars
5360-LJCNJ,Two Year,Yes,Bank transfer (automatic),10515,10.46,7555,0,60,742.66,8357.66,cents
5360-XGYAZ,Two Year,Yes,Bank transfer (automatic),65.65,0,4664.5,0,60,0,4724.5,dollars
5364-EVNIB,Month-to-Month,Yes,Electronic check,7980,30.88,973.45,0,0,401.44,1374.89,cents
5364-XYIRR,Month-to-Month,Yes,Electronic check,94.65,21.08,4812.75,0,0,1075.08,5887.83,dollars
5365-LLFYV,Month-to-Month,Yes,Mailed check,4585,5.47,105.6,0,0,10.94,116.54,cents
5366-IJEQJ,Month-to-Month,Yes,Electronic check,88.7,5.54,1761.45,0,0,110.8,1872.25,dollars
5366-OBVMR,Month-to-Month,Yes,Mailed check,50.3,35.96,908.75,0,0,647.28,1556.03,dollars
5370-IIVVL,One Year,Yes,Credit card (automatic),104.5,38.72,3778,0,0,1432.64,5210.64,dollars
5371-VYLSX,Month-to-Month,Yes,Electronic check,8340,47.99,4113.7,0,0,2399.5,6513.2,cents
5372-FBKBN,Month-to-Month,No,Mailed check,20.75,8.68,452.2,0,0,182.28,634.48,dollars
5373-SFODM,Month-to-Month,Yes,Credit card (automatic),8525,24.54,3132.75,0,0,883.44,4016.19,cents
5375-XLDOF,Two Year,Yes,Bank transfer (automatic),114.35,37.97,7665.8,0,10,2619.93,10295.73,dollars
5376-DEQCP,Month-to-Month,Yes,Electronic check,70.6,27.12,70.6,0,0,27.12,97.72,dollars
5376-PCKNB,One Year,Yes,Credit card (automatic),104.45,17.49,7459,0,130,1259.28,8848.28,dollars
5377-NDTOU,Two Year,No,Mailed check,91.05,9.5,6293.75,0,0,674.5,6968.25,dollars
5378-IKEEG,Month-to-Month,Yes,Electronic check,3575,0,35.75,0,0,0,35.75,cents
5380-AFSSK,Month-to-Month,Yes,Mailed check,93.9,46.45,486.85,0,0,232.25,719.1,dollars
5380-WJKOV,Month-to-Month,Yes,Electronic check,106.35,21.69,3549.25,0,0,737.46,4286.71,dollars
5380-XPJNZ,One Year,No,Mailed check,20.05,40.64,678.2,0,0,1544.32,2222.52,dollars
5382-SOYZL,Month-to-Month,Yes,Electronic check,95.1,11.15,2162.6,0,0,245.3,2407.9,dollars
5382-TEMLV,Month-to-Month,Yes,Bank transfer (automatic),5090,19.39,2298.55,0,0,872.55,3171.1,cents
5383-MMTWC,Month-to-Month,Yes,Electronic check,84,46.05,613.4,0,0,368.4,981.8,dollars
5384-ZTTWP,Month-to-Month,No,Mailed check,19.8,17.43,272.95,18.55,0,261.45,515.85,dollars
5385-SUIRI,Month-to-Month,Yes,Electronic check,10420,37.6,5568.35,0,0,1955.2,7523.55,cents
5386-THSLQ,One Year,No,Bank transfer (automatic),45.55,0,3027.25,0,0,0,3027.25,dollars
5387-ASZNZ,One Year,Yes,Credit card (automatic),63.85,36.48,4174.35,0,0,2407.68,6582.03,dollars
5389-FFVKB,Month-to-Month,Yes,Credit card (automatic),80.3,2.08,2483.05,0,0,66.56,2549.61,dollars
5392-AKEMH,Month-to-Month,Yes,Electronic check,45.05,31.22,523.1,0,0,374.64,897.74,dollars
5393-HJZSM,Month-to-Month,No,Bank transfer (automatic),76.3,32.43,2404.15,0,0,1037.76,3441.91,dollars
5393-RXQSZ,Month-to-Month,No,Electronic check,79.6,19.32,79.6,0,0,19.32,98.92,dollars
5394-MEITZ,Two Year,Yes,Bank transfer (automatic),80.6,14,4946.7,0,0,840,5786.7,dollars
5394-SVGJV,Month-to-Month,No,Bank transfer (automatic),98.8,30.72,3475.55,0,0,1136.64,4612.19,dollars
5396-IZEPB,Month-to-Month,No,Credit card (automatic),1970,24.89,180.7,0,0,224.01,404.71,cents
5397-NSKQG,Two Year,No,Credit card (automatic),50.9,0,3281.65,0,0,0,3281.65,dollars
5397-TUPSH,One Year,Yes,Bank transfer (automatic),7095,28.68,4555.2,7.43,0,1864.2,6411.97,cents
5399-ZIMKF,Month-to-Month,Yes,Electronic check,7465.000000000001,32.81,383.65,0,0,164.05,547.7,cents
5402-HTOTQ,Month-to-Month,No,Electronic check,55.3,5.79,875.35,0,0,92.64,967.99,dollars
5404-GGUKR,Month-to-Month,Yes,Electronic check,5135,17.16,262.3,0,0,85.8,348.1,cents
5405-ZMYXQ,Month-to-Month,Yes,Credit card (automatic),7459.999999999999,1.28,548.9,0,0,10.24,559.14,cents
5406-KGRMX,Two Year,No,Electronic check,2455,2.66,1719.15,0,0,188.86,1908.01,cents
5414-OFQCB,Two Year,Yes,Credit card (automatic),9045,30.77,5229.8,0,70,1753.89,7053.69,cents
5419-CONWX,Month-to-Month,Yes,Credit card (automatic),99.8,12.68,442.85,0,0,50.72,493.57,dollars
5419-JKZNQ,Month-to-Month,No,Mailed check,7790.000000000001,2.86,2351.45,0,0,85.8,2437.25,cents
5419-JPRRN,Month-to-Month,Yes,Electronic check,10145,10.38,101.45,0,0,10.38,111.83,cents
5419-KLXBN,Month-to-Month,Yes,Bank transfer (automatic),89.15,24.64,2257.75,0,0,616,2873.75,dollars
5423-BHIXO,Month-to-Month,Yes,Electronic check,54.2,32.02,1739.6,0,0,1024.64,2764.24,dollars
5424-RLQLC,Month-to-Month,Yes,Mailed check,5965,1.48,638.95,0,90,14.8,743.75,cents
5429-LWCMV,Month-to-Month,Yes,Electronic check,89.15,34.73,1057.55,0,70,416.76,1544.31,dollars
5433-KYGHE,Month-to-Month,Yes,Mailed check,8600,47.72,1164.05,0,0,668.08,1832.13,cents
5438-QMDDL,Month-to-Month,Yes,Mailed check,59.8,8.3,1130.85,0,0,157.7,1288.55,dollars
5439-WIKXB,Month-to-Month,Yes,Electronic check,94.55,46.46,3851.45,0,40,1904.86,5796.31,dollars
5440-FLBQG,Two Year,Yes,Bank transfer (automatic),108.4,48.88,7318.2,0,0,3372.72,10690.92,dollars
5440-VHLUL,One Year,Yes,Bank transfer (automatic),105.2,44.57,7386.05,0,0,3075.33,10461.38,dollars
5442-BHQNG,Month-to-Month,No,Electronic check,7034.999999999999,44.77,139.25,0,0,89.54,228.79,cents
5442-BXVND,Month-to-Month,No,Bank transfer (automatic),24.25,9.97,838.5,0,0,329.01,1167.51,dollars
5442-PPTJY,Two Year,No,Mailed check,19.7,4.71,258.35,0,0,56.52,314.87,dollars
5442-UTCVD,Month-to-Month,No,Electronic check,91.85,43.72,257.05,0,0,131.16,388.21,dollars
5442-XSDCW,Month-to-Month,Yes,Bank transfer (automatic),79.5,13.33,868.5,0,50,146.63,1065.13,dollars
5443-SCMKX,One Year,Yes,Electronic check,9430,21.38,5610.15,5.55,150,1240.04,6994.64,cents
5445-GLVOT,Month-to-Month,Yes,Electronic check,49.8,31.53,1049.05,0,0,693.66,1742.71,dollars
5445-PZWGX,One Year,No,Electronic check,102,8.08,6529.25,0,110,500.96,7140.21,dollars
5445-UTODQ,Month-to-Month,Yes,Electronic check,81.1,11.58,576.65,0,0,81.06,657.71,dollars
5446-DKWYW,One Year,Yes,Electronic check,6520,39.31,3965.05,0,0,2397.91,6362.96,cents
5447-VYTKW,Month-to-Month,No,Mailed check,53.45,15.09,1461.45,0,0,407.43,1868.88,dollars
5447-WZAFP,One Year,Yes,Mailed check,10030,8.33,5200.8,0,0,441.49,5642.29,cents
5448-VWNAM,Month-to-Month,Yes,Mailed check,75.9,8.02,1375.6,0,0,152.38,1527.98,dollars
5449-FIBXJ,Month-to-Month,No,Electronic check,10330,28.04,2012.7,0,0,532.76,2545.46,cents
5451-MHQOF,One Year,Yes,Mailed check,24.45,32.93,1431.65,0,0,1844.08,3275.73,dollars
5451-YHYPW,Two Year,Yes,Credit card (automatic),11575,44.89,8443.7,0,120,3232.08,11795.78,cents
5453-AXEPF,Month-to-Month,Yes,Bank transfer (automatic),8050,46.71,1336.9,0,0,794.07,2130.97,cents
5453-YBTWV,Two Year,Yes,Credit card (automatic),101.1,49.67,6994.8,0,0,3476.9,10471.7,dollars
5456-ITGIC,Two Year,Yes,Credit card (automatic),64.45,0,4641.1,0,0,0,4641.1,dollars
5457-COLHT,Two Year,No,Bank transfer (automatic),8065.000000000001,40.36,5542.55,0,0,2784.84,8327.39,cents
5458-CQJTA,Two Year,Yes,Bank transfer (automatic),74.8,40.47,4820.15,0,0,2630.55,7450.7,dollars
5461-QKNTN,One Year,Yes,Electronic check,9430,4.59,3953.15,0,0,197.37,4150.52,cents
5465-BUBFA,Two Year,No,Bank transfer (automatic),1930,21.28,772.4,0,0,872.48,1644.88,cents
5468-BPMMO,Month-to-Month,No,Electronic check,1960.0000000000002,16.07,851.2,0,0,739.22,1590.42,cents
5469-CTCWN,One Year,Yes,Electronic check,106,46.95,6547.7,0,0,2863.95,9411.65,dollars
5469-NUJUR,Two Year,Yes,Mailed check,19.95,19.1,373.5,0,0,362.9,736.4,dollars
5472-CVMDX,Two Year,No,Mailed check,38.9,0,2719.2,0,0,0,2719.2,dollars
5473-KHBPS,One Year,Yes,Credit card (automatic),95.7,8.16,4976.15,0,0,424.32,5400.47,dollars
5474-LAMUQ,One Year,No,Mailed check,2010.0000000000002,35.8,533.9,0,0,859.2,1393.1,cents
5478-JJVZK,Month-to-Month,Yes,Mailed check,60.9,15.69,2033.85,0,0,517.77,2551.62,dollars
5480-HPRRX,Month-to-Month,No,Electronic check,2530,0,77.75,0,0,0,77.75,cents
5480-TBGPH,Month-to-Month,Yes,Credit card (automatic),99.3,44.96,2431.35,0,0,1079.04,3510.39,dollars
5480-XTFFL,Two Year,No,Mailed check,21,9.8,697.7,0,0,303.8,1001.5,dollars
5481-NTDOH,One Year,Yes,Credit card (automatic),10705,38.47,7142.5,0,0,2577.49,9719.99,cents
5482-NUPNA,Month-to-Month,Yes,Mailed check,60.4,18.03,272.15,0,0,72.12,344.27,dollars
5482-PLVPE,Month-to-Month,No,Electronic check,24.35,0,41.85,0,0,0,41.85,dollars
5482-VXSXJ,Month-to-Month,Yes,Mailed check,93.2,46.5,2157.3,0,0,1023,3180.3,dollars
5485-ITNPC,Two Year,Yes,Bank transfer (automatic),8590,7.61,5595.3,0,0,502.26,6097.56,cents
5485-WUYWF,Month-to-Month,No,Bank transfer (automatic),6640.000000000001,5.57,94.55,0,0,11.14,105.69,cents
5493-SDRDQ,Month-to-Month,Yes,Mailed check,5510,5.33,113.35,0,0,10.66,124.01,cents
5494-HECPR,Month-to-Month,Yes,Electronic check,8025,32.92,80.25,0,0,32.92,113.17,cents
5494-WOZRZ,Two Year,Yes,Credit card (automatic),82,38.22,5999.85,0,0,2713.62,8713.47,dollars
5495-GPSRW,Two Year,Yes,Mailed check,1970,27.11,419.4,0,0,542.2,961.6,cents
5498-IBWPI,One Year,Yes,Credit card (automatic),49.4,48.11,3251.85,0,0,3175.26,6427.11,dollars
5498-TXHLF,Month-to-Month,No,Electronic check,87.45,40.78,2874.15,0,0,1386.52,4260.67,dollars
5499-ECUTN,One Year,Yes,Credit card (automatic),6605,6.56,3021.45,0,40,308.32,3369.77,cents
5501-TVMGM,Month-to-Month,Yes,Electronic check,55.25,39.19,55.25,0,60,39.19,154.44,dollars
5502-RLUYV,Month-to-Month,Yes,Electronic check,10395,37.2,7446.9,0,0,2566.8,10013.7,cents
5504-WSIUR,One Year,Yes,Bank transfer (automatic),9025,13.4,6385.95,0,100,938,7423.95,cents
5505-OVWQW,One Year,No,Mailed check,20.15,4.38,353.65,0,0,74.46,428.11,dollars
5510-BOIUJ,Month-to-Month,No,Mailed check,19.25,12.81,19.25,0,0,12.81,32.06,dollars
5512-IDZEI,One Year,No,Electronic check,2490,18.45,1174.8,0,0,848.7,2023.5,cents
5514-YQENT,Two Year,Yes,Electronic check,11115,30.58,4507.15,0,0,1253.78,5760.93,cents
5515-AKOAJ,Month-to-Month,Yes,Electronic check,100.1,41.83,5440.9,0,0,2258.82,7699.72,dollars
5515-IDEJJ,Month-to-Month,No,Mailed check,19.9,45.77,19.9,0,0,45.77,65.67,dollars
5515-RUGKN,Month-to-Month,Yes,Credit card (automatic),54.75,30.53,438.05,0,0,244.24,682.29,dollars
5519-NPHVG,Month-to-Month,Yes,Electronic check,9420,12.75,1046.1,7.39,120,153,1311.71,cents
5519-TEEUH,One Year,Yes,Mailed check,2014.9999999999998,21.16,682.15,0,0,698.28,1380.43,cents
5519-YLDGW,Month-to-Month,Yes,Electronic check,103.9,1.21,2254.2,0,0,25.41,2279.61,dollars
5520-FVEWJ,Month-to-Month,Yes,Electronic check,8450,40.63,916.9,0,0,487.56,1404.46,cents
5522-JBWMO,Month-to-Month,No,Electronic check,4400,15.66,44,0,0,15.66,59.66,cents
5522-NYKPB,Month-to-Month,No,Electronic check,8590,11.79,2199.05,0,0,294.75,2493.8,cents
5524-KHNJP,One Year,No,Credit card (automatic),7475,48.85,2453.3,0,0,1612.05,4065.35,cents
5527-ACHSO,Month-to-Month,No,Mailed check,70.5,47.61,829.3,0,0,523.71,1353.01,dollars
5529-GIBVH,Two Year,No,Mailed check,20.15,3.49,1046.2,0,0,164.03,1210.23,dollars
5533-NHFRF,Two Year,Yes,Electronic check,44.4,0,265.8,0,0,0,265.8,dollars
5533-RJFTJ,Month-to-Month,Yes,Bank transfer (automatic),30.2,0,1453.1,0,0,0,1453.1,dollars
5536-RTPWK,Month-to-Month,Yes,Bank transfer (automatic),9905,20.48,4853.75,14.24,0,1003.52,5843.03,cents
5536-SLHPM,Month-to-Month,Yes,Electronic check,77.75,19.41,4458.15,0,0,1067.55,5525.7,dollars
5537-UXXVS,Month-to-Month,No,Bank transfer (automatic),1925,48.03,375.25,0,0,960.6,1335.85,cents
5539-HIVAK,Month-to-Month,No,Mailed check,25.7,25.57,734.6,0,0,715.96,1450.56,dollars
5539-TMZLF,Month-to-Month,Yes,Electronic check,6975,33.84,69.75,0,0,33.84,103.59,cents
5542-DHSXL,Month-to-Month,No,Mailed check,54.7,6.77,235.05,0,0,27.08,262.13,dollars
5542-NKVRU,Two Year,Yes,Bank transfer (automatic),2075,18.31,844.45,0,0,769.02,1613.47,cents
5542-TBBWB,Month-to-Month,Yes,Electronic check,69.9,9.36,69.9,0,10,9.36,89.26,dollars
5543-QDCRY,Month-to-Month,Yes,Electronic check,5640,20.76,234.85,0,0,83.04,317.89,cents
5546-BYZSM,Month-to-Month,No,Electronic check,20.45,15.48,775.6,0,0,634.68,1410.28,dollars
5546-QUERU,One Year,Yes,Mailed check,19.95,16.35,257,0,0,212.55,469.55,dollars
5549-ZGHFB,Two Year,No,Mailed check,24.95,22.3,1261.45,0,0,1115,2376.45,dollars
5550-VFRLC,Month-to-Month,Yes,Electronic check,69.85,43.45,69.85,0,40,43.45,153.3,dollars
5552-ZNFSJ,Month-to-Month,No,Electronic check,4530,34.37,45.3,0,0,34.37,79.67,cents
5553-AOINX,One Year,Yes,Electronic check,104.9,39.38,6891.45,0,0,2599.08,9490.53,dollars
5555-RNPGT,Month-to-Month,No,Credit card (automatic),24.8,34.47,223.9,0,0,344.7,568.6,dollars
5561-NWEVX,Month-to-Month,No,Electronic check,79.2,17.73,172.85,0,0,35.46,208.31,dollars
5562-BETPV,One Year,No,Mailed check,19.65,23.41,19.65,0,0,23.41,43.06,dollars
5562-YJQGT,Month-to-Month,No,Credit card (automatic),20.35,2.46,35.1,0,0,4.92,40.02,dollars
5564-NEMQO,Month-to-Month,Yes,Bank transfer (automatic),7530,35.09,75.3,0,20,35.09,130.39,cents
5565-FILXA,Month-to-Month,Yes,Electronic check,96.15,38.75,1529.2,0,0,620,2149.2,dollars
5566-SOEZD,One Year,Yes,Credit card (automatic),80.65,15.71,2209.75,0,0,424.17,2633.92,dollars
5567-GZKQY,Two Year,No,Credit card (automatic),2030,29.25,1131.5,0,0,1696.5,2828,cents
5567-WSELE,Month-to-Month,Yes,Electronic check,94.6,32.31,279.55,0,0,96.93,376.48,dollars
5568-DMXZS,Month-to-Month,Yes,Electronic check,6545,37.37,554.45,0,0,298.96,853.41,cents
5569-IDSEY,One Year,Yes,Bank transfer (automatic),10570,29.11,7472.15,0,0,2066.81,9538.96,cents
5569-KGJHX,Month-to-Month,Yes,Bank transfer (automatic),8535,14.21,754.65,0,50,127.89,932.54,cents
5569-OUICF,Month-to-Month,Yes,Credit card (automatic),101.3,16.43,2812.2,0,0,460.04,3272.24,dollars
5570-PTWEH,Month-to-Month,Yes,Credit card (automatic),75.15,15.02,216.75,0,0,45.06,261.81,dollars
5572-ZDXHY,Month-to-Month,Yes,Mailed check,84.3,29.07,1855.65,0,0,639.54,2495.19,dollars
5574-NXZIU,Two Year,No,Credit card (automatic),10920,13.14,7049.75,0,0,827.82,7877.57,cents
5575-GNVDE,One Year,No,Mailed check,5695,17.09,1889.5,0,0,581.06,2470.56,cents
5575-TPIZQ,Month-to-Month,Yes,Credit card (automatic),89.15,37.75,4245.55,0,0,1736.5,5982.05,dollars
5577-OTWWW,Month-to-Month,No,Bank transfer (automatic),1975,39.84,297.3,0,0,597.6,894.9,cents
5578-NKCXI,One Year,No,Credit card (automatic),99.25,39.05,5846.65,0,0,2264.9,8111.55,dollars
5583-EJXRD,Two Year,Yes,Credit card (automatic),54.05,0,2375.2,47.45,0,0,2327.75,dollars
5583-SXDAG,Month-to-Month,No,Electronic check,70,19.15,70,0,10,19.15,99.15,dollars
5590-BYNII,Month-to-Month,Yes,Electronic check,100.75,35.93,2095,0,0,790.46,2885.46,dollars
5590-YRFJT,Month-to-Month,Yes,Electronic check,24.45,0,482.8,0,0,0,482.8,dollars
5590-ZSKRV,Month-to-Month,No,Mailed check,54.65,38.78,482.25,0,0,310.24,792.49,dollars
5593-SUAOO,One Year,No,Bank transfer (automatic),83.15,41.45,2033.05,0,0,994.8,3027.85,dollars
5597-GLBUC,Month-to-Month,Yes,Electronic check,85.45,22.97,85.45,0,0,22.97,108.42,dollars
5598-IKHQQ,Two Year,No,Credit card (automatic),2545,6.75,1866.45,0,0,486,2352.45,cents
5599-HVLTW,Two Year,Yes,Bank transfer (automatic),80.35,7.34,1058.1,32.71,0,102.76,1128.15,dollars
5600-KTXFM,Month-to-Month,No,Mailed check,6995,29.1,143.9,0,0,58.2,202.1,cents
5600-PDUJF,Month-to-Month,Yes,Credit card (automatic),49.5,26.76,312.7,0,0,160.56,473.26,dollars
5602-BVFMK,One Year,No,Mailed check,19.3,41.78,228.75,0,0,501.36,730.11,dollars
5605-IYGFG,Month-to-Month,Yes,Bank transfer (automatic),69.85,27.46,515.45,0,0,192.22,707.67,dollars
5605-XNWEN,Two Year,Yes,Bank transfer (automatic),2500,28.99,1802.55,28.93,0,2087.28,3860.9,cents
5606-AMZBO,Month-to-Month,Yes,Credit card (automatic),78.15,38.03,765.15,0,0,380.3,1145.45,dollars
5609-CEBID,Month-to-Month,Yes,Electronic check,9410,48.73,1782.4,0,80,974.6,2837,cents
5609-IMCGG,Month-to-Month,Yes,Credit card (automatic),84.35,6.22,1302.65,0,0,93.3,1395.95,dollars
5614-DNZCE,Two Year,Yes,Credit card (automatic),64.9,29.47,3795.45,0,0,1709.26,5504.71,dollars
5616-PRTNT,Month-to-Month,Yes,Electronic check,19.4,22.78,374.5,0,0,455.6,830.1,dollars
5619-PTMIK,Month-to-Month,No,Electronic check,53.1,44.74,2459.8,0,0,2058.04,4517.84,dollars
5619-XZZKR,One Year,No,Mailed check,1995,6.86,68.2,0,0,27.44,95.64,cents
5622-UEJFI,Two Year,Yes,Credit card (automatic),25.4,32.75,949.8,0,0,1146.25,2096.05,dollars
5624-BQSSA,Month-to-Month,No,Mailed check,20.95,40.48,20.95,0,0,40.48,61.43,dollars
5624-RYAMH,Month-to-Month,Yes,Electronic check,19.5,46.94,178.85,0,0,422.46,601.31,dollars
5626-MGTUK,Month-to-Month,Yes,Bank transfer (automatic),89.1,24.73,1879.25,15.43,30,494.6,2388.42,dollars
5627-TVBPP,One Year,Yes,Credit card (automatic),20.1,25.52,644.5,0,0,893.2,1537.7,dollars
5628-FCGYG,Month-to-Month,Yes,Electronic check,84.1,49.05,1737.45,0,0,1030.05,2767.5,dollars
5628-RKIFK,One Year,No,Credit card (automatic),101.55,24.84,5070.4,0,0,1217.16,6287.56,dollars
5630-AHZIL,Month-to-Month,Yes,Bank transfer (automatic),6450,39.55,177.4,0,60,118.65,356.05,cents
5630-IXDXV,Month-to-Month,Yes,Electronic check,106.35,14.54,4849.1,0,0,683.38,5532.48,dollars
5639-NTUPK,Month-to-Month,Yes,Credit card (automatic),52.1,19.17,670.65,0,0,249.21,919.86,dollars
5640-CAXOA,One Year,Yes,Credit card (automatic),40.35,0,1187.05,0,0,0,1187.05,dollars
5641-DMBFJ,Two Year,Yes,Electronic check,84.3,31.27,4916.4,0,0,1813.66,6730.06,dollars
5642-MHDQT,One Year,Yes,Bank transfer (automatic),19.85,11.35,1039.45,14.67,0,601.55,1626.33,dollars
5644-PDMZC,Month-to-Month,No,Electronic check,8950,47.47,161.5,0,0,94.94,256.44,cents
5647-FXOTP,Month-to-Month,Yes,Electronic check,105.9,36.71,6401.25,0,110,2202.6,8713.85,dollars
5647-URDKA,Two Year,No,Mailed check,19.7,11.57,130.25,0,0,92.56,222.81,dollars
5649-ANRML,Month-to-Month,Yes,Credit card (automatic),9510,12.96,180.25,0,0,25.92,206.17,cents
5649-RXQTV,Month-to-Month,Yes,Electronic check,9900,42.33,5038.15,0,0,2158.83,7196.98,cents
5649-TJHOV,Month-to-Month,No,Bank transfer (automatic),36.5,0,1032,0,30,0,1062,dollars
5649-VUKMC,One Year,No,Mailed check,95.5,34.81,1115.15,0,0,417.72,1532.87,dollars
5650-VDUDS,Month-to-Month,Yes,Mailed check,24.25,0,96.05,0,0,0,96.05,dollars
5650-YLIBA,Month-to-Month,Yes,Electronic check,81.15,42.05,2640.55,0,0,1303.55,3944.1,dollars
5651-CPDND,Month-to-Month,No,Mailed check,46,13.51,492.1,0,0,135.1,627.2,dollars
5651-CRHKQ,One Year,Yes,Bank transfer (automatic),86.2,13.23,3339.05,0,0,542.43,3881.48,dollars
5651-WYIPH,One Year,Yes,Credit card (automatic),49.85,41.13,865.75,0,0,740.34,1606.09,dollars
5651-YLPRD,Month-to-Month,Yes,Electronic check,86.1,26.66,2723.75,0,130,853.12,3706.87,dollars
5652-MSDEY,Month-to-Month,Yes,Mailed check,75.75,39.85,777.3,0,0,398.5,1175.8,dollars
5655-JSMZM,Month-to-Month,Yes,Electronic check,96.2,32.36,4718.25,0,0,1585.64,6303.89,dollars
5656-JAMLX,Two Year,No,Bank transfer (automatic),1985.0000000000002,14.17,1253.65,0,0,878.54,2132.19,cents
5656-MJEFC,Two Year,No,Credit card (automatic),48.15,0,2032.3,0,0,0,2032.3,dollars
5663-QBGIS,Two Year,No,Bank transfer (automatic),9835,44.61,6929.4,0,0,3211.92,10141.32,cents
5666-CYCYZ,Month-to-Month,Yes,Electronic check,89.55,18.07,2259.35,0,0,433.68,2693.03,dollars
5666-MBJPT,Two Year,Yes,Bank transfer (automatic),25.1,20.43,1725,0,0,1327.95,3052.95,dollars
5668-MEISB,Two Year,No,Credit card (automatic),106.1,6.41,7657.4,0,0,461.52,8118.92,dollars
5669-SRAIP,Month-to-Month,No,Electronic check,3950,0,210.75,39.27,0,0,171.48,cents
5671-RQRLP,Two Year,Yes,Credit card (automatic),7565.000000000001,16.87,5411.4,25.67,0,1180.9,6566.63,cents
5671-UUNXD,One Year,Yes,Electronic check,10065,36.58,5189.75,0,0,1829,7018.75,cents
5673-FSSMF,Month-to-Month,Yes,Electronic check,60.15,33.48,60.15,0,20,33.48,113.63,dollars
5673-TIYIB,Month-to-Month,Yes,Credit card (automatic),4040,0,77.15,0,0,0,77.15,cents
5676-CFLYY,Two Year,Yes,Credit card (automatic),7334.999999999999,16.24,5154.5,0,0,1153.04,6307.54,cents
5678-VFNEQ,One Year,Yes,Credit card (automatic),104.1,4.39,7412.25,0,0,311.69,7723.94,dollars
5680-LQOGP,Two Year,Yes,Credit card (automatic),82.45,14.86,5646.6,0,90,1010.48,6747.08,dollars
5681-LLOEI,One Year,Yes,Credit card (automatic),9125,42.22,4013.8,25.49,0,1815.46,5803.77,cents
5684-FJVYR,Two Year,Yes,Bank transfer (automatic),90.35,9.6,6563.4,0,0,691.2,7254.6,dollars
5685-IIXLY,Month-to-Month,Yes,Electronic check,83.6,7,404.2,24.44,0,35,414.76,dollars
5686-CMAWK,One Year,No,Electronic check,8675,49.71,1410.25,0,0,845.07,2255.32,cents
5687-DKDTV,Month-to-Month,No,Mailed check,20.35,37.66,77.5,0,0,150.64,228.14,dollars
5688-KZTSN,Month-to-Month,Yes,Electronic check,20,31.14,288.05,0,0,467.1,755.15,dollars
5692-FPTAH,Month-to-Month,Yes,Mailed check,45.4,38.31,45.4,0,0,38.31,83.71,dollars
5692-ICXLW,Two Year,Yes,Electronic check,90.7,46.71,2845.15,0,100,1448.01,4393.16,dollars
5693-PIPCS,Two Year,Yes,Credit card (automatic),99.65,21.64,4220.35,0,0,887.24,5107.59,dollars
5696-CEIQJ,Two Year,No,Bank transfer (automatic),10315,13.26,6895.5,0,0,888.42,7783.92,cents
5696-EXCYS,Two Year,No,Credit card (automatic),19.45,39.34,369.05,0,0,668.78,1037.83,dollars
5696-JVVQY,Two Year,Yes,Credit card (automatic),70.1,4.45,3238.4,0,30,213.6,3482,dollars
5696-QURRL,Month-to-Month,Yes,Mailed check,45.05,13.84,45.05,0,70,13.84,128.89,dollars
5697-GOMBF,One Year,Yes,Electronic check,35.9,0,973.65,0,40,0,1013.65,dollars
5698-BQJOH,Month-to-Month,No,Electronic check,94.4,27.21,857.25,0,0,244.89,1102.14,dollars
5699-BNCAS,Two Year,Yes,Mailed check,24.65,4.75,1766.75,0,0,337.25,2104,dollars
5701-GUXDC,One Year,No,Credit card (automatic),3540,0,978.6,0,0,0,978.6,cents
5701-SVCWR,Month-to-Month,No,Mailed check,24,32.95,24,0,0,32.95,56.95,dollars
5701-YVSVF,One Year,Yes,Electronic check,82.9,29.15,880.05,0,0,320.65,1200.7,dollars
5701-ZIKJE,Month-to-Month,Yes,Mailed check,50.55,33.95,610.75,0,0,441.35,1052.1,dollars
5702-KVQRD,Two Year,Yes,Electronic check,8255,28.21,5832.65,0,0,2002.91,7835.56,cents
5702-SKUOB,Month-to-Month,No,Mailed check,19.6,29.14,93.45,0,0,116.56,210.01,dollars
5707-ORNDZ,Month-to-Month,No,Electronic check,5455,2.45,494.05,0,0,22.05,516.1,cents
5707-ZMDJP,Two Year,Yes,Mailed check,69.7,31.69,3729.6,0,0,1679.57,5409.17,dollars
5708-EVONK,Month-to-Month,Yes,Bank transfer (automatic),9340,3.65,5435.6,0,0,211.7,5647.3,cents
5709-LVOEQ,Two Year,No,Mailed check,80.85,31.09,808.5,0,0,310.9,1119.4,dollars
5712-AHQNN,Month-to-Month,Yes,Electronic check,91.65,26.55,3954.1,0,0,1141.65,5095.75,dollars
5712-PTIWW,Month-to-Month,Yes,Electronic check,79.85,16.14,152.45,0,0,32.28,184.73,dollars
5712-VBOXD,Month-to-Month,Yes,Credit card (automatic),20.15,1.3,68.45,0,0,5.2,73.65,dollars
5716-EZXZN,Two Year,Yes,Credit card (automatic),99.05,13.2,6416.7,0,0,858,7274.7,dollars
5716-LIBJC,One Year,Yes,Credit card (automatic),10415,11.99,1299.1,2.76,0,155.87,1452.21,cents
5724-BIDBU,One Year,Yes,Electronic check,55.35,42.19,2633.95,0,0,2067.31,4701.26,dollars
5726-CVNYA,Two Year,Yes,Mailed check,19.85,17.09,146.6,0,0,136.72,283.32,dollars
5727-MYATE,Two Year,Yes,Credit card (automatic),90.8,20.63,6397.6,0,0,1485.36,7882.96,dollars
5729-KLZAR,Month-to-Month,No,Electronic check,80.85,44.28,302.75,0,40,177.12,519.87,dollars
5730-DBDSI,Two Year,No,Bank transfer (automatic),19.7,45.54,1253.8,0,0,3005.64,4259.44,dollars
5730-RIITO,Two Year,Yes,Credit card (automatic),33.45,0,1500.25,0,40,0,1540.25,dollars
5732-IKGQH,One Year,Yes,Bank transfer (automatic),104.45,39,5481.25,0,0,2028,7509.25,dollars
5734-EJKXG,One Year,Yes,Electronic check,118.6,38.78,7365.7,0,0,2365.58,9731.28,dollars
5736-YEJAX,Two Year,Yes,Credit card (automatic),79.45,26.45,5502.55,0,80,1825.05,7407.6,dollars
5740-YHGTW,Month-to-Month,Yes,Credit card (automatic),9755,32.38,6669.05,0,0,2266.6,8935.65,cents
5743-KHMNA,Two Year,No,Bank transfer (automatic),2555,39.08,1898.1,0,0,2774.68,4672.78,cents
5747-PMBSQ,Month-to-Month,Yes,Mailed check,92.5,11.12,934.1,0,100,111.2,1145.3,dollars
5748-RNCJT,Two Year,Yes,Bank transfer (automatic),106.5,26.88,7348.8,0,0,1854.72,9203.52,dollars
5751-USDBL,Two Year,No,Mailed check,8100,45.95,3846.35,0,0,2113.7,5960.05,cents
5753-QQWPW,One Year,Yes,Electronic check,5990,11.32,1654.7,0,0,316.96,1971.66,cents
5756-JYOJT,One Year,No,Credit card (automatic),64.9,5,697.25,0,0,55,752.25,dollars
5756-OZRIO,One Year,No,Bank transfer (automatic),64.05,34.24,3902.6,0,0,2088.64,5991.24,dollars
5759-RCVCB,Month-to-Month,No,Credit card (automatic),35.2,0,108.95,0,0,0,108.95,dollars
5760-FXFVO,Month-to-Month,Yes,Electronic check,78.95,29.52,494.95,0,0,177.12,672.07,dollars
5760-IFJOZ,Month-to-Month,No,Mailed check,107.95,47.5,313.6,0,0,142.5,456.1,dollars
5760-WRAHC,One Year,Yes,Mailed check,69.75,49.98,1545.4,0,0,1099.56,2644.96,dollars
5762-TJXGK,Two Year,Yes,Bank transfer (automatic),5875,0,3038.55,0,0,0,3038.55,cents
5766-FTRTS,Two Year,No,Mailed check,84.45,35.06,6033.1,0,0,2524.32,8557.42,dollars
5766-XQXMQ,Month-to-Month,Yes,Bank transfer (automatic),68.85,1.02,1970.5,0,0,29.58,2000.08,dollars
5766-ZJYBB,Month-to-Month,No,Mailed check,1939.9999999999998,3.14,19.4,0,0,3.14,22.54,cents
5774-QPLTF,One Year,Yes,Mailed check,20.35,26.98,938.95,0,0,1349,2287.95,dollars
5774-XZTQC,Month-to-Month,No,Mailed check,2045,5.84,150.75,0,0,40.88,191.63,cents
5777-KJIRB,One Year,Yes,Mailed check,5025,23.28,2023.55,0,0,931.2,2954.75,cents
5777-ZPQNC,One Year,No,Electronic check,20.15,26.67,260.7,0,0,320.04,580.74,dollars
5778-BVOFB,Month-to-Month,Yes,Bank transfer (automatic),59.5,39.19,530.05,0,0,352.71,882.76,dollars
5780-INQIK,Month-to-Month,No,Electronic check,49.4,20.9,408.25,0,0,167.2,575.45,dollars
5781-BKHOP,Two Year,No,Bank transfer (automatic),100.65,41.68,7334.05,0,0,3000.96,10335.01,dollars
5781-RFZRP,Two Year,No,Credit card (automatic),73.5,34.39,5357.75,0,0,2441.69,7799.44,dollars
5787-KXGIY,Two Year,No,Credit card (automatic),19.3,2.61,1304.8,0,0,187.92,1492.72,dollars
5788-YPOEG,Two Year,No,Mailed check,8475,9.09,2839.45,0,0,309.06,3148.51,cents
5789-LDFXO,One Year,No,Electronic check,24.6,47.33,592.65,0,0,1135.92,1728.57,dollars
5791-KAJFD,One Year,Yes,Bank transfer (automatic),68.75,42.86,3808,0,0,2400.16,6208.16,dollars
5792-JALQC,Two Year,No,Bank transfer (automatic),59.85,34,3103.25,19.16,0,1768,4852.09,dollars
5793-YOLJN,Two Year,No,Mailed check,21,38.51,1210.3,0,0,2118.05,3328.35,dollars
5795-BKOYE,One Year,No,Bank transfer (automatic),59.1,14.48,4134.7,0,0,999.12,5133.82,dollars
5795-KTGUD,Two Year,Yes,Bank transfer (automatic),110.8,46.7,7553.6,0,0,3175.6,10729.2,dollars
5797-APWZC,Month-to-Month,No,Electronic check,90.6,31.68,90.6,0,0,31.68,122.28,dollars
5799-JRCZO,Two Year,No,Credit card (automatic),19.5,24.32,1215.1,0,0,1532.16,2747.26,dollars
5802-ADBRC,One Year,Yes,Mailed check,10440,20.79,5232.9,0,0,1039.5,6272.4,cents
5803-NQJZO,Two Year,Yes,Bank transfer (automatic),6780,15.52,4804.65,0,0,1117.44,5922.09,cents
5804-HYIEZ,Month-to-Month,Yes,Electronic check,10605,40.28,7554.05,0,0,2819.6,10373.65,cents
5804-JMYIO,Two Year,No,Mailed check,19.75,15.91,757.95,0,0,620.49,1378.44,dollars
5804-LEPIM,Month-to-Month,Yes,Electronic check,70.35,13.17,139.05,0,0,26.34,165.39,dollars
5808-TOTXO,One Year,Yes,Credit card (automatic),20.55,11.27,57.4,0,0,33.81,91.21,dollars
5811-IWXYM,One Year,No,Bank transfer (automatic),10125,44.79,5301.1,0,0,2329.08,7630.18,cents
5813-UECBU,Month-to-Month,Yes,Credit card (automatic),8385,38.53,2716.3,0,0,1271.49,3987.79,cents
5815-HGGHV,One Year,Yes,Mailed check,64.15,33.78,1274.45,0,100,675.6,2050.05,dollars
5816-JMLGY,Two Year,Yes,Bank transfer (automatic),80.4,39.78,5717.85,0,0,2784.6,8502.45,dollars
5816-QVHRX,Month-to-Month,No,Credit card (automatic),100.3,45.06,3541.4,0,0,1667.22,5208.62,dollars
5816-SCGFC,Two Year,Yes,Mailed check,5130,11.01,419.35,0,0,77.07,496.42,cents
5820-PTRYM,One Year,Yes,Credit card (automatic),6845,26.82,4014,0,0,1501.92,5515.92,cents
5821-MMEIL,Two Year,No,Bank transfer (automatic),19.9,44.86,1115.6,0,0,2557.02,3672.62,dollars
5825-XJOCM,One Year,Yes,Bank transfer (automatic),64.4,26.24,3035.35,0,0,1259.52,4294.87,dollars
5827-MWCZK,Month-to-Month,Yes,Credit card (automatic),96.95,23.52,5432.2,0,0,1317.12,6749.32,dollars
5828-AVIPD,One Year,Yes,Electronic check,10095,5.93,1875.55,0,0,112.67,1988.22,cents
5828-DWPIL,Month-to-Month,Yes,Electronic check,89.1,4.76,5618.3,0,0,295.12,5913.42,dollars
5829-NVSQN,One Year,Yes,Bank transfer (automatic),68.75,31.39,1689.45,0,0,721.97,2411.42,dollars
5832-EXGTT,Month-to-Month,Yes,Mailed check,60.2,1.41,1834.15,0,0,40.89,1875.04,dollars
5832-TRLPB,One Year,Yes,Bank transfer (automatic),7534.999999999999,3.69,2243.9,2.24,0,107.01,2348.67,cents
5832-XKAES,Month-to-Month,Yes,Credit card (automatic),69.8,37.72,134.7,0,0,75.44,210.14,dollars
5834-ASPWA,Month-to-Month,Yes,Electronic check,75.45,11.58,75.45,0,0,11.58,87.03,dollars
5835-BEQEU,Month-to-Month,Yes,Electronic check,76.95,38.38,228.4,0,10,115.14,353.54,dollars
5837-LXSDN,One Year,Yes,Credit card (automatic),58.85,35.72,1215.45,0,0,750.12,1965.57,dollars
5839-SUYVZ,Month-to-Month,Yes,Credit card (automatic),74.55,38.32,1170.5,0,0,613.12,1783.62,dollars
5840-NVDCG,Two Year,No,Bank transfer (automatic),68.25,20.12,1114.85,0,0,321.92,1436.77,dollars
5842-POCOP,Month-to-Month,Yes,Mailed check,88.9,41.57,454.15,0,0,207.85,662,dollars
5843-TTHGI,Month-to-Month,Yes,Mailed check,5000,17.33,892.7,0,50,311.94,1254.64,cents
5844-QVTAT,One Year,Yes,Mailed check,5845,8.79,1955.4,0,0,290.07,2245.47,cents
5845-BZZIB,Two Year,No,Mailed check,2010.0000000000002,11.75,655.3,38.61,0,411.25,1027.94,cents
5846-ABOBJ,Two Year,No,Bank transfer (automatic),24.45,33.61,1730.65,0,0,2386.31,4116.96,dollars
5846-NEQVZ,Two Year,Yes,Credit card (automatic),7084.999999999999,2.43,4973.4,0,0,172.53,5145.93,cents
5846-QFDFI,Month-to-Month,No,Credit card (automatic),88.6,11.01,2888.7,0,0,363.33,3252.03,dollars
5847-MXBEO,One Year,No,Mailed check,20.3,10.36,475.1,0,0,227.92,703.02,dollars
5848-FHRFC,Two Year,No,Bank transfer (automatic),20.05,2.83,1386.9,0,0,192.44,1579.34,dollars
5849-ASHZJ,One Year,No,Credit card (automatic),20.05,17.3,552.9,0,0,467.1,1020,dollars
5850-BDWCY,Month-to-Month,No,Mailed check,20.2,43.18,123.65,0,0,259.08,382.73,dollars
5854-KSRBJ,Two Year,No,Mailed check,25.4,9.33,1782.05,0,0,653.1,2435.15,dollars
5855-EIBDE,Two Year,No,Credit card (automatic),10665,40.67,5174.35,0,0,1992.83,7167.18,cents
5857-TYBCJ,Two Year,Yes,Electronic check,89.2,14.65,4040.2,0,0,644.6,4684.8,dollars
5857-XRECV,One Year,No,Bank transfer (automatic),2050,31.01,38.25,0,0,62.02,100.27,cents
5858-EAFCZ,Month-to-Month,No,Mailed check,4445,23.34,44.45,0,0,23.34,67.79,cents
5859-HZYLF,Two Year,Yes,Credit card (automatic),1914.9999999999998,43.84,515.75,0,0,1139.84,1655.59,cents
5862-BRIXZ,Two Year,Yes,Bank transfer (automatic),60.75,0,2893.4,0,0,0,2893.4,dollars
5863-OOKCL,Month-to-Month,No,Mailed check,18.85,41.04,163.2,0,0,410.4,573.6,dollars
5868-CZJDR,Month-to-Month,Yes,Mailed check,3135,0,31.35,0,80,0,111.35,cents
5868-YTYKS,Month-to-Month,Yes,Mailed check,2025,47.25,20.25,0,0,47.25,67.5,cents
5868-YWPDW,Month-to-Month,Yes,Electronic check,8420,40.44,519.15,0,0,242.64,761.79,cents
5871-DGTXZ,One Year,No,Mailed check,1980,41.52,607.7,0,0,1328.64,1936.34,cents
5872-OEQNH,One Year,Yes,Electronic check,44.45,0,2773.9,0,0,0,2773.9,dollars
5875-YPQFJ,Month-to-Month,Yes,Electronic check,69.9,45.66,69.9,0,0,45.66,115.56,dollars
5876-HZVZM,Month-to-Month,No,Credit card (automatic),55.9,14.51,365.35,0,30,87.06,482.41,dollars
5876-QMYLD,One Year,No,Mailed check,20.05,17.82,415.1,0,0,409.86,824.96,dollars
5879-HMFFH,Two Year,No,Bank transfer (automatic),88.05,38.28,6520.8,29.11,0,2756.16,9247.85,dollars
5879-SESNB,Month-to-Month,No,Electronic check,75.25,33.79,888.65,0,0,371.69,1260.34,dollars
5882-CMAZQ,Month-to-Month,No,Electronic check,34.25,0,163.55,0,0,0,163.55,dollars
5883-GTGVD,Month-to-Month,Yes,Electronic check,9995,2.19,1931.75,0,0,41.61,1973.36,cents
5884-FBCTL,Two Year,No,Bank transfer (automatic),25.1,35.62,1857.85,0,0,2564.64,4422.49,dollars
5884-GCYMI,Month-to-Month,No,Mailed check,6940.000000000001,38.53,69.4,0,0,38.53,107.93,cents
5886-VLQVU,Month-to-Month,Yes,Bank transfer (automatic),89.85,24.83,3161.2,0,20,869.05,4050.25,dollars
5887-IKKYO,Two Year,No,Bank transfer (automatic),9435,5.01,5563.65,0,0,290.58,5854.23,cents
5889-JTMUL,Month-to-Month,Yes,Electronic check,9505,31.56,4888.7,0,50,1578,6516.7,cents
5889-LFOLL,Month-to-Month,Yes,Electronic check,84.6,35.96,1115.2,0,0,467.48,1582.68,dollars
5893-KCLGT,Two Year,Yes,Mailed check,19.75,15.21,1567,25.98,0,1095.12,2636.14,dollars
5893-PYOLZ,Two Year,Yes,Credit card (automatic),81.8,49.36,4534.45,0,0,2764.16,7298.61,dollars
5895-QSXOD,Month-to-Month,No,Mailed check,70.05,48.25,657.5,0,0,434.25,1091.75,dollars
5896-NPFWW,Month-to-Month,Yes,Electronic check,50.15,13.54,168.15,0,0,40.62,208.77,dollars
5897-ZYEKH,One Year,Yes,Electronic check,105.6,11.91,7112.15,0,0,797.97,7910.12,dollars
5898-IGSLP,Month-to-Month,No,Electronic check,89.3,20.76,2823,0,0,643.56,3466.56,dollars
5899-MQZZL,Month-to-Month,Yes,Mailed check,7500,6.03,999.45,0,0,78.39,1077.84,cents
5899-OUVKV,Month-to-Month,Yes,Electronic check,94.5,45.92,2979.2,0,0,1423.52,4402.72,dollars
5902-WBLSE,Two Year,Yes,Credit card (automatic),2014.9999999999998,26.85,1411.2,0,0,1879.5,3290.7,cents
5906-BFOZT,Month-to-Month,Yes,Mailed check,1950,8.02,19.5,0,0,8.02,27.52,cents
5906-CVLHP,One Year,Yes,Credit card (automatic),54.15,42.04,2319.8,0,0,1891.8,4211.6,dollars
5906-DVAPM,One Year,Yes,Credit card (automatic),75,33.5,4213.9,0,0,1842.5,6056.4,dollars
5908-QMGOE,Month-to-Month,Yes,Credit card (automatic),74.2,23.53,1133.9,43.31,0,352.95,1443.54,dollars
5909-ECHUI,Month-to-Month,Yes,Electronic check,56.25,26.14,56.25,0,0,26.14,82.39,dollars
5913-INRQV,One Year,No,Mailed check,9015,26.49,3128.8,0,0,900.66,4029.46,cents
5914-DVBWJ,Month-to-Month,Yes,Electronic check,85.45,2.36,1505.85,0,0,42.48,1548.33,dollars
5914-GXMDA,One Year,No,Mailed check,19.3,45.26,593.2,0,0,1448.32,2041.52,dollars
5914-XRFQB,Two Year,Yes,Bank transfer (automatic),11580,43.12,8424.9,0,0,3104.64,11529.54,cents
5915-ANOEI,Two Year,No,Mailed check,7915.000000000001,39.35,5536.5,0,0,2754.5,8291,cents
5915-DGNVC,One Year,No,Electronic check,7180,25.1,3472.05,0,0,1229.9,4701.95,cents
5916-QEWPT,Month-to-Month,No,Credit card (automatic),69,27.41,147.8,0,0,54.82,202.62,dollars
5917-HBSDW,Month-to-Month,No,Electronic check,19.35,2.68,683.75,0,0,99.16,782.91,dollars
5917-RYRMG,One Year,No,Credit card (automatic),19.8,25.89,587.7,0,0,828.48,1416.18,dollars
5918-VUKWP,One Year,No,Bank transfer (automatic),20.55,35.97,654.55,0,0,1151.04,1805.59,dollars
5919-TMRGD,Month-to-Month,Yes,Electronic check,79.35,13.13,79.35,0,0,13.13,92.48,dollars
5919-VCZYM,Month-to-Month,No,Mailed check,20.05,40.28,42.7,0,0,80.56,123.26,dollars
5921-NGYRH,Month-to-Month,Yes,Mailed check,73.55,48.41,4764,21.9,0,3098.24,7840.34,dollars
5922-ABDVO,Month-to-Month,No,Mailed check,89.65,21.71,1761.05,0,80,412.49,2253.54,dollars
5923-GXUOC,Month-to-Month,Yes,Electronic check,104.4,8.38,1081.45,0,0,83.8,1165.25,dollars
5924-IFQTT,Month-to-Month,Yes,Electronic check,7280,13.77,930.05,0,0,179.01,1109.06,cents
5924-SNGKP,One Year,Yes,Credit card (automatic),20.25,6.61,865,46.78,0,271.01,1089.23,dollars
5928-QLDHB,Month-to-Month,Yes,Electronic check,7625,34.75,684.85,0,0,312.75,997.6,cents
5930-GBIWP,Two Year,Yes,Credit card (automatic),81.5,3.24,5553.25,0,0,223.56,5776.81,dollars
5931-FLJJF,Month-to-Month,Yes,Mailed check,70.1,16.05,467.55,20.23,0,112.35,559.67,dollars
5934-RMPOV,Month-to-Month,Yes,Electronic check,8475,33.73,1816.75,0,0,742.06,2558.81,cents
5934-TSSAU,Month-to-Month,Yes,Credit card (automatic),7530,48.73,1702.9,0,0,1120.79,2823.69,cents
5935-FCCNB,Two Year,Yes,Electronic check,94.2,32.19,1608.15,36.4,0,547.23,2118.98,dollars
5937-EORGB,Month-to-Month,Yes,Electronic check,96.5,22.83,1392.25,0,0,342.45,1734.7,dollars
5939-SXWHM,Two Year,No,Bank transfer (automatic),26.3,20.73,1245.05,0,0,995.04,2240.09,dollars
5939-XAIXZ,Month-to-Month,Yes,Mailed check,56.1,36.88,1033.9,0,0,700.72,1734.62,dollars
5940-AHUHD,Month-to-Month,No,Mailed check,70.6,44.59,70.6,0,0,44.59,115.19,dollars
5940-NFXKV,Month-to-Month,Yes,Electronic check,8365,14.09,1465.75,0,130,267.71,1863.46,cents
5944-UGLLK,One Year,No,Credit card (automatic),5490,0,3045.75,0,0,0,3045.75,cents
5945-AZYHT,One Year,Yes,Electronic check,10960,49.32,7854.15,0,0,3501.72,11355.87,cents
5947-SGKCL,Month-to-Month,Yes,Bank transfer (automatic),10535,4.19,1559.25,0,0,62.85,1622.1,cents
5948-UJZLF,Month-to-Month,No,Mailed check,4925,40.75,97,0,0,81.5,178.5,cents
5949-EBSQK,Month-to-Month,No,Credit card (automatic),6145,27.24,229.55,0,0,108.96,338.51,cents
5949-HGVJL,Month-to-Month,Yes,Electronic check,7305,23.31,1959.5,47.59,50,606.06,2567.97,cents
5949-XIKAE,Month-to-Month,Yes,Electronic check,83.55,32.32,680.05,0,0,258.56,938.61,dollars
5950-AAAGJ,Month-to-Month,No,Bank transfer (automatic),8430,2.26,1537.9,0,0,40.68,1578.58,cents
5951-AOFIH,Month-to-Month,Yes,Credit card (automatic),66.4,45.72,2245.4,0,0,1508.76,3754.16,dollars
5954-BDFSG,Two Year,Yes,Credit card (automatic),107.5,9.47,7853.7,0,60,681.84,8595.54,dollars
5955-EPOAZ,Month-to-Month,Yes,Mailed check,2095,43.19,109.5,0,0,259.14,368.64,cents
5955-ERIHD,Month-to-Month,Yes,Electronic check,9470,31.49,1687.95,0,0,566.82,2254.77,cents
5956-VKDTT,Month-to-Month,Yes,Electronic check,7434.999999999999,45.76,334.8,0,0,228.8,563.6,cents
5956-YHHRX,Two Year,Yes,Electronic check,104.35,24.91,2271.85,0,130,523.11,2924.96,dollars
5959-BELXA,Month-to-Month,Yes,Credit card (automatic),9615,25.45,3019.25,0,0,814.4,3833.65,cents
5960-MVTUK,Month-to-Month,Yes,Electronic check,29.75,0,96.85,0,0,0,96.85,dollars
5960-WPXQM,Month-to-Month,Yes,Electronic check,7905,31.34,79.05,0,0,31.34,110.39,cents
5961-VUSRV,One Year,Yes,Bank transfer (automatic),1935.0000000000002,16.72,219.35,0,0,200.64,419.99,cents
5965-GGPRW,Two Year,No,Bank transfer (automatic),105.25,36.05,7609.75,0,0,2595.6,10205.35,dollars
5966-EMAZU,One Year,Yes,Mailed check,108.5,4.01,6880.85,0,0,256.64,7137.49,dollars
5968-HYJRZ,Two Year,No,Mailed check,24.55,15.68,1160.45,0,0,736.96,1897.41,dollars
5968-VXZLG,Month-to-Month,Yes,Bank transfer (automatic),4660,1.87,87.9,0,0,3.74,91.64,cents
5968-XQIVE,One Year,Yes,Electronic check,89.7,11.57,6588.95,0,0,833.04,7421.99,dollars
5970-GHJAW,Two Year,No,Credit card (automatic),19.95,26.12,862.4,0,0,1201.52,2063.92,dollars
5973-EJGDP,Month-to-Month,Yes,Electronic check,87.35,1.51,4473,0,0,77.01,4550.01,dollars
5975-BAICR,One Year,Yes,Credit card (automatic),6370,47.45,2188.5,0,0,1708.2,3896.7,cents
5976-JCJRH,Month-to-Month,Yes,Electronic check,70.3,31.72,738.2,0,0,317.2,1055.4,dollars
5977-CKHON,Month-to-Month,Yes,Bank transfer (automatic),92.55,27.49,4039,0,0,1182.07,5221.07,dollars
5980-BDHPY,Two Year,Yes,Bank transfer (automatic),87.1,12.02,6230.1,0,0,865.44,7095.54,dollars
5980-NOPLP,Month-to-Month,Yes,Electronic check,96.1,11.24,4364.1,0,0,494.56,4858.66,dollars
5981-ITEMU,Month-to-Month,Yes,Bank transfer (automatic),9710,16.33,3706.95,41.85,0,653.2,4318.3,cents
5981-ZVXOT,One Year,Yes,Electronic check,108.35,10.73,3726.15,0,0,375.55,4101.7,dollars
5982-FPVQN,Month-to-Month,Yes,Electronic check,9515,41.03,3532.85,0,0,1518.11,5050.96,cents
5982-PSMKW,Two Year,Yes,Credit card (automatic),9110,27.97,2198.3,0,0,643.31,2841.61,cents
5982-XMDEX,Two Year,No,Bank transfer (automatic),2650,33.71,1698.55,0,0,2191.15,3889.7,cents
5985-BEHZK,One Year,No,Credit card (automatic),10500,27.79,7578.05,0,0,2000.88,9578.93,cents
5985-TBABQ,One Year,No,Mailed check,74.75,33.45,2282.95,0,0,1070.4,3353.35,dollars
5986-WWXDV,One Year,No,Bank transfer (automatic),19.35,48.61,779.2,0,0,1895.79,2674.99,dollars
5989-AXPUC,Two Year,No,Mailed check,11860,1.29,7990.05,38.57,0,87.72,8039.2,cents
5989-OMNJE,One Year,No,Electronic check,57.6,0,1367.75,0,0,0,1367.75,dollars
5989-PGKJB,Month-to-Month,Yes,Electronic check,8625,22.3,1340.1,0,0,356.8,1696.9,cents
5993-BQHEA,One Year,No,Credit card (automatic),20.05,16.59,267,0,0,199.08,466.08,dollars
5993-JSUWV,Two Year,Yes,Bank transfer (automatic),61.15,21.37,4017.45,0,0,1410.42,5427.87,dollars
5995-LFTLE,Two Year,Yes,Credit card (automatic),2530,48.78,1474.35,0,0,2829.24,4303.59,cents
5995-OIGLP,Month-to-Month,No,Mailed check,56.65,7.97,654.85,0,0,95.64,750.49,dollars
5995-SNNEW,Month-to-Month,Yes,Electronic check,104.45,45.21,2184.85,0,60,1039.83,3284.68,dollars
5995-WWKKG,One Year,Yes,Electronic check,19.8,30.17,695.05,0,0,1116.29,1811.34,dollars
5996-DAOQL,Month-to-Month,Yes,Mailed check,20.45,42.17,20.45,0,0,42.17,62.62,dollars
5996-EBTKM,Two Year,Yes,Bank transfer (automatic),6990.000000000001,14.83,4615.9,0,0,993.61,5609.51,cents
5996-NRVXR,One Year,Yes,Credit card (automatic),98.15,15.15,4116.8,27.89,0,606,4694.91,dollars
5997-OPVFA,Two Year,Yes,Bank transfer (automatic),89.05,6.05,6254.45,0,0,435.6,6690.05,dollars
5998-DZLYR,Two Year,Yes,Bank transfer (automatic),9435,25.14,5703,29.88,0,1533.54,7206.66,cents
5998-VVEJY,Month-to-Month,Yes,Electronic check,8050,24.16,2088.8,0,0,628.16,2716.96,cents
5999-LCXAO,Month-to-Month,No,Mailed check,2990,0,29.9,0,0,0,29.9,cents
6000-APYLU,Month-to-Month,Yes,Electronic check,80.8,20.34,713.1,0,0,183.06,896.16,dollars
6000-UKLWI,Two Year,No,Mailed check,20.15,36.76,802.35,29.95,0,1507.16,2279.56,dollars
6005-OBZPH,Month-to-Month,Yes,Electronic check,89.15,9.09,2277.65,0,0,236.34,2513.99,dollars
6007-TCTST,Two Year,Yes,Bank transfer (automatic),115.8,12.29,8476.5,0,0,884.88,9361.38,dollars
6008-NAIXK,One Year,Yes,Electronic check,55.45,0,2966.95,0,0,0,2966.95,dollars
6010-DDPPW,Two Year,No,Bank transfer (automatic),2515,9.03,1940.85,0,0,632.1,2572.95,cents
6013-BHCAW,Two Year,Yes,Bank transfer (automatic),8100,32.96,4976.15,0,0,2010.56,6986.71,cents
6015-VVHHE,Month-to-Month,Yes,Credit card (automatic),8315,41.83,446.05,0,0,209.15,655.2,cents
6016-LVTJQ,Month-to-Month,No,Mailed check,20.65,9.66,716.4,0,0,328.44,1044.84,dollars
6016-NXBNJ,One Year,Yes,Mailed check,1914.9999999999998,7.74,638,0,0,270.9,908.9,cents
6017-PPLPX,Month-to-Month,Yes,Electronic check,70.45,16.49,1470.95,0,0,329.8,1800.75,dollars
6022-KOUQO,Month-to-Month,No,Bank transfer (automatic),29.05,0,44.75,0,0,0,44.75,dollars
6022-UGGSO,Month-to-Month,Yes,Electronic check,74.4,33.22,2276.95,44.31,0,1063.04,3295.68,dollars
6023-GSSXW,Two Year,Yes,Credit card (automatic),61.45,2.73,4131.2,0,0,188.37,4319.57,dollars
6023-YEBUP,Month-to-Month,Yes,Electronic check,10095,11.94,329.95,0,10,35.82,375.77,cents
6024-RUGGH,Two Year,Yes,Bank transfer (automatic),25.2,28.06,1798.9,0,0,2020.32,3819.22,dollars
6029-CSMJE,Month-to-Month,Yes,Mailed check,2565,0,440.2,0,0,0,440.2,cents
6029-WTIPC,Month-to-Month,Yes,Electronic check,101.1,38.06,3744.05,0,0,1408.22,5152.27,dollars
6030-REHUX,One Year,Yes,Electronic check,110.85,45.67,3204.4,0,0,1278.76,4483.16,dollars
6032-IGALN,Month-to-Month,Yes,Mailed check,25.1,0,25.1,0,0,0,25.1,dollars
6032-KRXXO,Month-to-Month,Yes,Electronic check,90.25,30.06,2755.35,0,0,901.8,3657.15,dollars
6034-YMTOB,Month-to-Month,Yes,Mailed check,75.65,29.75,399.45,0,0,148.75,548.2,dollars
6034-ZRYCV,Two Year,Yes,Electronic check,5420,0,3937.45,0,0,0,3937.45,cents
6035-BXTTY,One Year,No,Bank transfer (automatic),54.65,19.92,1830.1,0,10,637.44,2477.54,dollars
6035-RIIOM,Two Year,Yes,Bank transfer (automatic),9720,31.55,5129.45,0,0,1703.7,6833.15,cents
6036-TTFYU,Month-to-Month,No,Mailed check,19.6,46.86,314.45,26.83,0,749.76,1037.38,dollars
6038-GCYEC,Month-to-Month,Yes,Credit card (automatic),54.15,0,1240.25,0,0,0,1240.25,dollars
6040-CGACY,Month-to-Month,No,Mailed check,19.6,39.87,299.4,0,0,598.05,897.45,dollars
6047-SUHPR,One Year,No,Electronic check,59.8,13.8,2343.85,0,140,538.2,3022.05,dollars
6047-YHPVI,Month-to-Month,Yes,Electronic check,69.7,12.6,316.9,0,0,63,379.9,dollars
6048-NJXHX,Two Year,Yes,Electronic check,1975,35.46,899.45,0,0,1453.86,2353.31,cents
6048-QBXKL,Month-to-Month,Yes,Credit card (automatic),56.55,31.74,118.25,0,0,63.48,181.73,dollars
6048-UWKAL,Two Year,No,Credit card (automatic),10540,19.39,6998.95,0,0,1337.91,8336.86,cents
6050-FFXES,Two Year,No,Bank transfer (automatic),10535,14.69,7240.65,0,50,1013.61,8304.26,cents
6050-IJRHS,One Year,Yes,Electronic check,106.5,5.93,7397,0,0,415.1,7812.1,dollars
6051-PTVNS,One Year,No,Credit card (automatic),19.15,27.7,998.1,0,0,1523.5,2521.6,dollars
6060-DRTNL,Month-to-Month,Yes,Mailed check,8485,27.35,415.55,0,20,136.75,572.3,cents
6060-QBMGV,Two Year,No,Credit card (automatic),19.85,3.51,1433.8,45.47,0,245.7,1634.03,dollars
6061-GWWAV,One Year,No,Mailed check,70.2,13.76,2894.55,0,0,564.16,3458.71,dollars
6061-PQHMK,One Year,No,Credit card (automatic),1989.9999999999998,1.36,527.5,0,0,34,561.5,cents
6064-PUPMC,One Year,No,Credit card (automatic),57.2,37.86,1423.35,0,0,870.78,2294.13,dollars
6064-ZATLR,Two Year,No,Bank transfer (automatic),52.85,10.55,1498.65,0,0,284.85,1783.5,dollars
6067-NGCEU,Month-to-Month,Yes,Credit card (automatic),111.05,41.78,7107,0,0,2715.7,9822.7,dollars
6072-NUQCB,One Year,No,Bank transfer (automatic),2025,37.7,488.25,0,0,829.4,1317.65,cents
6075-QMNRR,Month-to-Month,Yes,Bank transfer (automatic),49.75,38.93,2535.55,0,0,2024.36,4559.91,dollars
6075-SLNIL,Month-to-Month,Yes,Credit card (automatic),9510,6.71,3691.2,0,0,254.98,3946.18,cents
6077-BDPXA,Month-to-Month,Yes,Electronic check,7015.000000000001,5.63,194.2,0,0,16.89,211.09,cents
6078-VESFR,Month-to-Month,No,Bank transfer (automatic),7045,36.57,849.1,0,0,475.41,1324.51,cents
6080-LNESI,Two Year,No,Mailed check,24.75,18.07,1234.6,0,0,921.57,2156.17,dollars
6080-TCMYC,Month-to-Month,Yes,Electronic check,81.2,3.52,3292.3,0,0,140.8,3433.1,dollars
6082-GLJIX,Month-to-Month,No,Mailed check,1925,31.33,331.35,0,0,563.94,895.29,cents
6082-OQFBA,One Year,No,Mailed check,19.65,24.88,436.9,0,0,572.24,1009.14,dollars
6086-ESGRL,Month-to-Month,No,Credit card (automatic),8015.000000000001,4.67,80.15,0,0,4.67,84.82,cents
6087-MVHJH,Month-to-Month,Yes,Electronic check,88.45,17.8,1422.1,0,140,284.8,1846.9,dollars
6087-YPWHO,Two Year,No,Mailed check,6815.000000000001,17.31,4808.7,0,0,1246.32,6055.02,cents
6088-BXMRG,Month-to-Month,Yes,Electronic check,98.85,24.04,3089.6,0,0,769.28,3858.88,dollars
6092-QZVPP,Month-to-Month,Yes,Credit card (automatic),79.2,42.51,2854.95,0,40,1530.36,4425.31,dollars
6094-ZIVKX,One Year,Yes,Credit card (automatic),54.45,17.41,3674.95,0,0,1183.88,4858.83,dollars
6096-EGVTU,One Year,No,Mailed check,2490,19.23,1595.5,0,0,1230.72,2826.22,cents
6097-EQISJ,One Year,Yes,Credit card (automatic),10245,48.77,6615.15,0,130,3218.82,9963.97,cents
6100-FJZDG,One Year,Yes,Bank transfer (automatic),20.05,45.28,505.9,0,0,1177.28,1683.18,dollars
6100-QQHEB,Month-to-Month,Yes,Electronic check,92.55,17.71,1515.1,0,0,301.07,1816.17,dollars
6101-IMRMM,Month-to-Month,No,Mailed check,94.5,16.58,575.45,0,10,99.48,684.93,dollars
6103-BOCOU,Month-to-Month,Yes,Electronic check,8070,20.64,2193,0,0,536.64,2729.64,cents
6103-LIANB,Two Year,Yes,Credit card (automatic),9950,41.09,5861.75,0,0,2424.31,8286.06,cents
6103-QCKFX,Month-to-Month,No,Bank transfer (automatic),56.25,43.7,2419.55,14.78,40,1922.8,4367.57,dollars
6108-OQZDQ,Month-to-Month,Yes,Electronic check,97.95,9.98,384.5,0,0,39.92,424.42,dollars
6110-OHIHY,Month-to-Month,No,Electronic check,79.25,49.76,267.6,0,10,149.28,426.88,dollars
6112-KTHFQ,Month-to-Month,Yes,Mailed check,1930,21.36,279.3,0,0,277.68,556.98,cents
6114-TCFID,One Year,No,Credit card (automatic),3950,0,1082.75,0,0,0,1082.75,cents
6115-ZTBFQ,Two Year,No,Bank transfer (automatic),65.5,0,4919.7,0,0,0,4919.7,dollars
6116-RFVHN,Month-to-Month,Yes,Electronic check,100.45,35.29,3414.65,0,0,1199.86,4614.51,dollars
6119-SPUDB,Two Year,No,Mailed check,38.25,0,1755.35,0,0,0,1755.35,dollars
6120-RJKLU,Two Year,Yes,Credit card (automatic),79.95,24.62,4819.75,0,0,1526.44,6346.19,dollars
6121-TNHBO,One Year,No,Bank transfer (automatic),8300,15.62,5243.05,0,0,984.06,6227.11,cents
6121-VZNQB,Month-to-Month,Yes,Mailed check,1910.0000000000002,34.79,19.1,0,0,34.79,53.89,cents
6122-EFVKN,Two Year,No,Mailed check,3575,0,830.8,0,0,0,830.8,cents
6122-LJADA,Two Year,Yes,Credit card (automatic),90.15,2.5,6237.05,0,0,175,6412.05,dollars
6124-ACRHJ,Month-to-Month,No,Mailed check,19.75,41.28,19.75,0,0,41.28,61.03,dollars
6127-ISGTU,Month-to-Month,Yes,Electronic check,84.95,6.82,1378.25,0,0,109.12,1487.37,dollars
6127-IYJOZ,Month-to-Month,Yes,Mailed check,45.85,40.38,45.85,0,0,40.38,86.23,dollars
6128-AQBMT,Two Year,Yes,Electronic check,53.95,0,2215.4,0,0,0,2215.4,dollars
6128-CZOMY,Month-to-Month,Yes,Electronic check,4565,36.99,45.65,0,0,36.99,82.64,cents
6128-DAFVY,Month-to-Month,Yes,Credit card (automatic),44.85,0,2564.95,0,0,0,2564.95,dollars
6131-FOYAS,Month-to-Month,Yes,Electronic check,59.6,20.61,2094.9,0,0,721.35,2816.25,dollars
6131-IUNXN,Month-to-Month,No,Mailed check,20.2,46.91,382.2,0,0,891.29,1273.49,dollars
6131-JLWZM,Month-to-Month,Yes,Mailed check,20.3,22.01,275.4,0,0,286.13,561.53,dollars
6133-OZILE,Month-to-Month,Yes,Electronic check,35.2,0,607.3,0,50,0,657.3,dollars
6134-KWTBV,Two Year,No,Bank transfer (automatic),23.4,48.93,1429.65,0,0,3033.66,4463.31,dollars
6135-OZQVA,Month-to-Month,Yes,Electronic check,53.65,40.42,404.35,0,0,282.94,687.29,dollars
6137-MFAJN,Month-to-Month,Yes,Electronic check,44.8,0,2104.55,0,0,0,2104.55,dollars
6137-NICCO,Month-to-Month,Yes,Mailed check,94.05,41.29,518.75,0,0,247.74,766.49,dollars
6139-ZZRBQ,Two Year,Yes,Bank transfer (automatic),20.05,4.99,1198.05,0,0,319.36,1517.41,dollars
6140-QNRQQ,Month-to-Month,Yes,Mailed check,7155,17.27,71.55,0,0,17.27,88.82,cents
6141-OOXUQ,Month-to-Month,No,Mailed check,1964.9999999999998,17.25,19.65,0,0,17.25,36.9,cents
6142-VSJQO,Month-to-Month,Yes,Bank transfer (automatic),44.35,40.42,44.35,0,0,40.42,84.77,dollars
6143-JQKEA,Month-to-Month,Yes,Credit card (automatic),45.8,15.45,436.2,0,0,154.5,590.7,dollars
6145-NNPNO,Month-to-Month,No,Bank transfer (automatic),4415,9.82,44.15,0,0,9.82,53.97,cents
6147-CBCRA,Month-to-Month,No,Mailed check,2005,4.15,669.45,0,0,136.95,806.4,cents
6152-ONASV,One Year,No,Bank transfer (automatic),5825,41.46,3975.7,0,140,2819.28,6934.98,cents
6156-UZDLF,One Year,Yes,Credit card (automatic),8715,45.09,2274.1,0,20,1172.34,3466.44,cents
6158-DWPZT,One Year,No,Bank transfer (automatic),2410,0,259.8,0,0,0,259.8,cents
6158-HDPXZ,Month-to-Month,No,Mailed check,25.35,0,25.35,0,0,0,25.35,dollars
6161-ERDGD,One Year,No,Electronic check,85.45,23.41,6300.85,0,0,1662.11,7962.96,dollars
6161-UUUTA,Month-to-Month,Yes,Electronic check,7990.000000000001,2.98,260.9,0,0,8.94,269.84,cents
6164-HAQTX,Two Year,No,Bank transfer (automatic),5395,0,3888.65,0,0,0,3888.65,cents
6164-HXUGH,Month-to-Month,No,Mailed check,19.85,6.48,119.3,0,0,38.88,158.18,dollars
6166-ILMNY,Month-to-Month,No,Bank transfer (automatic),69.75,26.44,144.55,0,0,52.88,197.43,dollars
6166-YIPFO,Two Year,Yes,Electronic check,64.7,0,4746.05,0,140,0,4886.05,dollars
6168-WFVVF,Month-to-Month,Yes,Electronic check,70.3,5.54,235.5,0,0,16.62,252.12,dollars
6168-YBYNP,Month-to-Month,Yes,Electronic check,111.35,48.12,6519.75,0,0,2839.08,9358.83,dollars
6169-PGNCD,Two Year,Yes,Credit card (automatic),74.3,6.45,4166.35,0,0,367.65,4534,dollars
6169-PPETC,Two Year,No,Bank transfer (automatic),20.5,47.33,759.35,0,0,1656.55,2415.9,dollars
6171-ZTVYB,Month-to-Month,No,Bank transfer (automatic),66.25,26.1,2907.35,6.41,0,1122.3,4023.24,dollars
6172-FECYY,Month-to-Month,No,Electronic check,8450,39.6,4254.85,0,0,1940.4,6195.25,cents
6173-GOLSU,Two Year,Yes,Credit card (automatic),94.65,7.2,6079,0,0,482.4,6561.4,dollars
6173-ITPWD,Month-to-Month,Yes,Bank transfer (automatic),83.35,17.54,4065,0,140,824.38,5029.38,dollars
6174-NRBTZ,One Year,Yes,Bank transfer (automatic),30.75,0,1489.3,0,0,0,1489.3,dollars
6175-IRFIT,Month-to-Month,No,Mailed check,78.75,32.91,426.35,0,10,164.55,600.9,dollars
6176-YJWAS,Two Year,Yes,Credit card (automatic),97.95,38.3,7114.25,0,0,2757.6,9871.85,dollars
6177-PEVRA,Two Year,No,Credit card (automatic),55.5,13.03,2627.35,0,0,625.44,3252.79,dollars
6178-KFNHS,Month-to-Month,Yes,Electronic check,7830,35.8,909.25,0,0,429.6,1338.85,cents
6179-GJPSO,Month-to-Month,Yes,Credit card (automatic),10815,31.83,4600.7,0,0,1368.69,5969.39,cents
6180-YBIQI,Month-to-Month,No,Mailed check,24.3,0,100.2,0,0,0,100.2,dollars
6181-AXXYF,Two Year,No,Credit card (automatic),24.75,47.69,1859.1,0,0,3433.68,5292.78,dollars
6184-DYUOB,Month-to-Month,Yes,Mailed check,19.6,41.9,55.25,0,0,125.7,180.95,dollars
6185-TASNN,Two Year,No,Electronic check,46.3,11.51,46.3,0,0,11.51,57.81,dollars
6188-UXBBR,One Year,Yes,Credit card (automatic),20.25,10.54,814.75,0,0,400.52,1215.27,dollars
6194-HBGQN,One Year,Yes,Credit card (automatic),81.15,34.75,4126.2,0,0,1772.25,5898.45,dollars
6195-MELTI,One Year,Yes,Mailed check,54.65,9.32,3134.7,0,0,531.24,3665.94,dollars
6196-HBOBZ,Two Year,Yes,Electronic check,99.35,30.44,6347.55,0,0,1978.6,8326.15,dollars
6198-PNNSZ,One Year,No,Bank transfer (automatic),109.8,37.76,6109.65,0,0,2114.56,8224.21,dollars
6198-RTPMF,Month-to-Month,No,Electronic check,92.6,9.22,1579.7,0,0,156.74,1736.44,dollars
6198-ZFIOJ,Month-to-Month,No,Electronic check,75.6,19.3,402.5,0,10,96.5,509,dollars
6199-IPCAO,Two Year,No,Mailed check,2610,5.35,692.55,0,0,155.15,847.7,cents
6199-IWKGC,One Year,No,Electronic check,100.25,21.46,4753.85,0,0,987.16,5741.01,dollars
6202-DYYFX,One Year,Yes,Credit card (automatic),76,19.72,1783.6,0,0,433.84,2217.44,dollars
6202-JVYEU,One Year,Yes,Electronic check,19.9,4.02,164.6,0,0,36.18,200.78,dollars
6203-HBZPA,Two Year,No,Credit card (automatic),6390,0,3334.95,0,0,0,3334.95,cents
6204-IEUXJ,Month-to-Month,No,Credit card (automatic),8009.999999999999,40.67,217.55,0,0,122.01,339.56,cents
6207-WIOLX,Month-to-Month,Yes,Credit card (automatic),5860,0,1502.65,4.48,0,0,1498.17,cents
6210-KBBPI,Month-to-Month,Yes,Credit card (automatic),99.45,10.66,919.4,0,0,95.94,1015.34,dollars
6211-WHMYA,Month-to-Month,Yes,Electronic check,43.85,0,2751,0,30,0,2781,dollars
6211-WWLTF,Two Year,No,Credit card (automatic),99.7,26.81,6330.4,0,0,1689.03,8019.43,dollars
6212-ATMLK,Month-to-Month,Yes,Electronic check,95.7,49.14,4729.75,0,140,2457,7326.75,dollars
6214-EDAKZ,Month-to-Month,No,Electronic check,5515,5.26,1206.05,0,30,115.72,1351.77,cents
6215-NQCPY,Month-to-Month,Yes,Electronic check,99.7,10.12,1566.75,0,0,151.8,1718.55,dollars
6217-KDYWC,Two Year,Yes,Mailed check,1960.0000000000002,5.71,1170.55,0,0,325.47,1496.02,cents
6217-TOWGS,Month-to-Month,Yes,Bank transfer (automatic),75.4,7.6,1322.55,0,0,129.2,1451.75,dollars
6218-KNUBD,Month-to-Month,No,Electronic check,59.45,10.88,357.6,0,0,65.28,422.88,dollars
6221-AVQYL,Month-to-Month,Yes,Credit card (automatic),73.25,2.96,131.05,0,0,5.92,136.97,dollars
6223-DHJGV,One Year,Yes,Mailed check,20.65,23.25,958.1,0,0,976.5,1934.6,dollars
6227-FBDXH,One Year,No,Bank transfer (automatic),99.5,3.81,6841.45,0,0,262.89,7104.34,dollars
6227-HWPWX,Month-to-Month,No,Bank transfer (automatic),6900,4.67,994.8,0,0,70.05,1064.85,cents
6229-LSCKB,Month-to-Month,Yes,Electronic check,79.7,48.32,497.6,0,0,289.92,787.52,dollars
6229-UOLQL,One Year,Yes,Mailed check,52,0,2884.9,0,0,0,2884.9,dollars
6230-BSUXY,Month-to-Month,Yes,Electronic check,8500,42.5,85,0,0,42.5,127.5,cents
6231-WFGFH,Month-to-Month,Yes,Mailed check,20.5,3.63,77.6,0,0,14.52,92.12,dollars
6233-HXJMX,Month-to-Month,Yes,Credit card (automatic),89.3,13.82,4192.15,0,0,621.9,4814.05,dollars
6234-PFPXL,Month-to-Month,No,Credit card (automatic),95.9,35.62,2234.95,0,0,783.64,3018.59,dollars
6234-RAAPL,Two Year,No,Bank transfer (automatic),9990,23.66,7251.7,0,0,1703.52,8955.22,cents
6235-VDHOM,Month-to-Month,No,Electronic check,28.45,0,131.05,0,0,0,131.05,dollars
6240-EURKS,Month-to-Month,Yes,Electronic check,35,0,553,0,70,0,623,dollars
6242-FEGFD,Two Year,No,Mailed check,9660,36.55,6424.25,0,0,2412.3,8836.55,cents
6242-MBHPK,One Year,Yes,Electronic check,95.1,41.88,2326.05,0,0,963.24,3289.29,dollars
6242-SGYTS,One Year,Yes,Credit card (automatic),94.95,15.76,5791.85,0,0,977.12,6768.97,dollars
6243-OZGFH,Month-to-Month,Yes,Electronic check,44.95,0,996.85,25.84,40,0,1011.01,dollars
6244-BESBM,Two Year,Yes,Credit card (automatic),95.2,12.02,6671.7,0,0,829.38,7501.08,dollars
6248-BSHKG,One Year,No,Mailed check,20.4,31.49,1226.45,0,0,1920.89,3147.34,dollars
6248-TKCQV,Two Year,Yes,Bank transfer (automatic),8059.999999999999,43.81,5460.2,0,0,3066.7,8526.9,cents
6250-CGGUN,One Year,No,Electronic check,84.4,30.66,4484.05,0,0,1655.64,6139.69,dollars
6252-DFGTK,One Year,No,Credit card (automatic),68.1,30.36,2479.25,0,0,1123.32,3602.57,dollars
6253-GNHWH,Two Year,No,Mailed check,7109.999999999999,45.81,5224.95,0,0,3252.51,8477.46,cents
6253-WRFHY,One Year,Yes,Electronic check,64.75,13.32,877.35,0,0,173.16,1050.51,dollars
6257-DTAYD,Two Year,Yes,Credit card (automatic),104.15,3.86,7365.3,0,0,274.06,7639.36,dollars
6257-RJOHI,Month-to-Month,Yes,Mailed check,5080,1.88,202.3,0,0,7.52,209.82,cents
6258-NGCNG,Month-to-Month,No,Mailed check,23.5,1.41,173,0,0,9.87,182.87,dollars
6258-PVZWJ,Two Year,Yes,Credit card (automatic),90.8,11.83,6302.85,0,0,804.44,7107.29,dollars
6259-WJQLC,One Year,Yes,Credit card (automatic),81.1,1.12,2619.25,19.25,0,35.84,2635.84,dollars
6260-ONULR,Month-to-Month,Yes,Mailed check,62.8,42.19,62.8,0,0,42.19,104.99,dollars
6260-XLACS,One Year,No,Mailed check,19.7,23.04,117.8,0,0,92.16,209.96,dollars
6261-LHRTG,Month-to-Month,Yes,Credit card (automatic),54.75,39.84,1406.9,0,0,1035.84,2442.74,dollars
6261-RCVNS,One Year,No,Credit card (automatic),73.9,5.75,3160.55,0,0,241.5,3402.05,dollars
6265-FRMTQ,Two Year,No,Bank transfer (automatic),20.4,25.58,609.1,0,0,792.98,1402.08,dollars
6265-SXWBU,One Year,No,Credit card (automatic),95.75,42.45,6511.25,0,0,2929.05,9440.3,dollars
6266-QHOJZ,One Year,Yes,Electronic check,89.85,38.33,5844.65,0,0,2491.45,8336.1,dollars
6267-DCFFZ,Two Year,Yes,Electronic check,9005,47.75,2627.2,0,0,1432.5,4059.7,cents
6270-OMFIW,One Year,Yes,Electronic check,94.4,47.4,5610.25,0,0,2844,8454.25,dollars
6275-YDUVO,Month-to-Month,Yes,Mailed check,8620,24.05,178.7,0,0,48.1,226.8,cents
6278-FEPBZ,Month-to-Month,No,Mailed check,20.25,2.6,186.15,0,0,23.4,209.55,dollars
6281-FKEWS,One Year,Yes,Electronic check,49.05,0,2265,0,0,0,2265,dollars
6283-GITPX,Two Year,Yes,Credit card (automatic),7690.000000000001,4.76,5522.7,0,0,337.96,5860.66,cents
6284-AHOOQ,Month-to-Month,Yes,Bank transfer (automatic),9050,46.11,1910.6,0,0,1014.42,2925.02,cents
6284-KMNUF,One Year,Yes,Electronic check,98,37.5,5270.6,0,0,2100,7370.6,dollars
6285-FTQBF,Two Year,No,Credit card (automatic),25.55,36.82,1867.7,0,0,2651.04,4518.74,dollars
6286-SUUWT,Month-to-Month,No,Mailed check,19.95,27.08,19.95,0,0,27.08,47.03,dollars
6286-ZHAOK,Month-to-Month,Yes,Bank transfer (automatic),25.55,36.85,507.4,0,0,737,1244.4,dollars
6288-CHQJB,Two Year,No,Bank transfer (automatic),69.95,28.17,3871.85,0,0,1521.18,5393.03,dollars
6288-LBEAR,Month-to-Month,Yes,Mailed check,79.1,15.18,1783.75,0,0,349.14,2132.89,dollars
6289-CPNLD,One Year,Yes,Mailed check,7390.000000000001,33.32,2405.05,0,0,1099.56,3504.61,cents
6292-TOSSS,Two Year,No,Bank transfer (automatic),24.9,47.16,1195.25,0,0,2358,3553.25,dollars
6295-OSINB,Two Year,Yes,Electronic check,109.65,6.89,7880.25,0,10,496.08,8386.33,dollars
6296-DDOOR,One Year,No,Electronic check,58.2,24.35,1045.25,0,0,462.65,1507.9,dollars
6297-NOOPG,Two Year,Yes,Electronic check,110.5,28.54,7752.05,0,0,1997.8,9749.85,dollars
6298-QDFNH,Month-to-Month,Yes,Electronic check,79.35,19.19,1730.35,0,0,422.18,2152.53,dollars
6300-BWMJX,Month-to-Month,No,Electronic check,93.35,20.78,5386.5,36.07,0,1226.02,6576.45,dollars
6302-JGYRJ,One Year,Yes,Mailed check,79.45,6.71,2587.7,0,0,208.01,2795.71,dollars
6303-KFWSL,One Year,Yes,Electronic check,55.25,39.35,1620.2,0,0,1141.15,2761.35,dollars
6304-IJFSQ,Month-to-Month,Yes,Mailed check,49.9,46.57,130.1,0,0,139.71,269.81,dollars
6305-YLBMM,One Year,Yes,Bank transfer (automatic),10405,2.52,7262,0,0,173.88,7435.88,cents
6308-CQRBU,Two Year,No,Electronic check,10925,29.78,7707.7,0,0,2114.38,9822.08,cents
6311-UEUME,Month-to-Month,Yes,Electronic check,7890.000000000001,44.33,2384.15,0,0,1285.57,3669.72,cents
6313-GIDIT,Month-to-Month,Yes,Electronic check,54.45,0,2854.55,20.16,0,0,2834.39,dollars
6317-YPKDH,Month-to-Month,No,Bank transfer (automatic),29.95,0,29.95,0,0,0,29.95,dollars
6319-IEJWJ,Month-to-Month,Yes,Electronic check,90.2,49.69,1776.55,0,0,993.8,2770.35,dollars
6319-QSUSR,Month-to-Month,No,Credit card (automatic),1970,44.88,216.2,0,0,493.68,709.88,cents
6322-HRPFA,Month-to-Month,No,Credit card (automatic),59.6,5.29,2970.3,0,0,259.21,3229.51,dollars
6322-PJJDJ,Two Year,Yes,Electronic check,94.8,36.3,4690.65,0,70,1778.7,6539.35,dollars
6323-AYBRX,Two Year,No,Mailed check,1935.0000000000002,26.63,1099.6,14.22,0,1571.17,2656.55,cents
6326-MTTXK,Month-to-Month,No,Electronic check,100.85,3.27,819.55,0,0,26.16,845.71,dollars
6328-ZPBGN,Month-to-Month,Yes,Bank transfer (automatic),95.15,3.62,997.65,0,0,39.82,1037.47,dollars
6330-JKLPC,Month-to-Month,Yes,Bank transfer (automatic),80.5,11.5,896.9,0,0,126.5,1023.4,dollars
6331-EWIEB,Month-to-Month,Yes,Electronic check,85.25,1.36,1734.5,0,0,27.2,1761.7,dollars
6331-LWDTQ,Month-to-Month,Yes,Credit card (automatic),72.15,33.75,794.25,0,80,337.5,1211.75,dollars
6332-FBZRI,One Year,Yes,Credit card (automatic),6934.999999999999,36.21,4653.25,9.99,0,2426.07,7069.33,cents
6333-YDVLT,One Year,Yes,Credit card (automatic),11000,33.11,7138.65,0,0,2152.15,9290.8,cents
6338-AVWCY,Month-to-Month,Yes,Mailed check,4015,0,130.75,0,0,0,130.75,cents
6339-DKLMK,Month-to-Month,Yes,Electronic check,31.65,0,389.95,0,0,0,389.95,dollars
6339-RZCBJ,Two Year,No,Credit card (automatic),78.9,3.59,3771.5,0,0,172.32,3943.82,dollars
6339-TBELP,Two Year,Yes,Credit card (automatic),86.4,6.75,6172,0,0,479.25,6651.25,dollars
6339-YPSAH,Month-to-Month,Yes,Electronic check,7380,1.85,704.3,0,50,16.65,770.95,cents
6340-DACFT,Two Year,No,Credit card (automatic),20.55,10.13,1070.25,0,0,506.5,1576.75,dollars
6341-AEVKX,One Year,Yes,Electronic check,104.3,44.95,6613.65,0,0,2786.9,9400.55,dollars
6341-JVQGF,One Year,Yes,Mailed check,8115.000000000001,39.34,2545.75,0,0,1219.54,3765.29,cents
6344-SFJVH,Month-to-Month,No,Credit card (automatic),2490,0,505.95,0,0,0,505.95,cents
6345-FZOQH,Two Year,No,Mailed check,19.9,30.86,1363.45,0,0,2129.34,3492.79,dollars
6345-HOVES,Month-to-Month,Yes,Bank transfer (automatic),2505,0,852.7,0,0,0,852.7,cents
6345-ULYRW,One Year,No,Mailed check,88.4,24.62,3912.9,0,0,1083.28,4996.18,dollars
6347-DCUIK,Month-to-Month,Yes,Mailed check,74.15,29.24,811.8,0,0,292.4,1104.2,dollars
6348-SNFUS,Two Year,Yes,Credit card (automatic),55.45,0,4179.2,0,0,0,4179.2,dollars
6349-JDHQP,Two Year,No,Credit card (automatic),1985.0000000000002,18.81,1049.6,0,0,996.93,2046.53,cents
6350-XFYGW,Two Year,Yes,Electronic check,94.75,19,422.4,0,0,76,498.4,dollars
6351-SCJKT,Month-to-Month,No,Mailed check,4135,0,107.25,0,0,0,107.25,cents
6352-GIGGQ,One Year,Yes,Bank transfer (automatic),88.8,37.32,5903.15,0,0,2500.44,8403.59,dollars
6352-TWCAU,Month-to-Month,Yes,Electronic check,86.45,19.07,3029.1,0,0,667.45,3696.55,dollars
6353-BRMMA,Month-to-Month,Yes,Bank transfer (automatic),10410,42.35,5645.8,0,0,2286.9,7932.7,cents
6356-ELRKD,Month-to-Month,Yes,Electronic check,95.6,6.67,95.6,0,0,6.67,102.27,dollars
6357-JJPQT,Month-to-Month,Yes,Electronic check,80.5,26.86,232.35,0,0,80.58,312.93,dollars
6358-LYNGM,Month-to-Month,Yes,Electronic check,74.9,1.84,74.9,0,0,1.84,76.74,dollars
6360-SVNWV,Two Year,Yes,Credit card (automatic),73.55,47.48,2094.65,0,0,1471.88,3566.53,dollars
6362-QHAFM,One Year,Yes,Electronic check,108.3,42.45,4586.15,0,0,1782.9,6369.05,dollars
6365-HITVU,Two Year,No,Credit card (automatic),87.25,48.08,6328.7,0,0,3413.68,9742.38,dollars
6365-MTGZX,Month-to-Month,Yes,Electronic check,96,24.76,2122.45,0,0,594.24,2716.69,dollars
6366-XIVKZ,Month-to-Month,Yes,Mailed check,63.15,39.2,816.8,0,0,509.6,1326.4,dollars
6366-ZGQGL,Month-to-Month,No,Bank transfer (automatic),2480,0,24.8,0,0,0,24.8,cents
6368-NWMCE,Month-to-Month,No,Credit card (automatic),68.15,21.19,2656.3,0,0,805.22,3461.52,dollars
6368-TZZDT,Two Year,No,Credit card (automatic),19.5,3.57,96.85,0,0,14.28,111.13,dollars
6369-MCAKO,Two Year,Yes,Bank transfer (automatic),89.05,47.91,6185.8,0,0,3257.88,9443.68,dollars
6370-ZVHDV,Two Year,No,Bank transfer (automatic),25.3,40.37,1554.9,0,0,2462.57,4017.47,dollars
6371-NZYEG,Two Year,No,Mailed check,6425,23.31,1024,0,0,372.96,1396.96,cents
6372-RFVNS,Month-to-Month,No,Electronic check,78.8,28.04,78.8,0,0,28.04,106.84,dollars
6374-AFWOX,Two Year,No,Mailed check,65.65,46.71,3047.15,0,0,2148.66,5195.81,dollars
6374-NTQLP,Two Year,Yes,Credit card (automatic),104.1,16.82,7447.7,0,40,1211.04,8698.74,dollars
6376-GAHQE,Month-to-Month,No,Electronic check,77.85,42.8,299.2,0,10,171.2,480.4,dollars
6377-KSLXC,Month-to-Month,No,Mailed check,1995,24.16,107.05,0,0,120.8,227.85,cents
6377-WHAOX,Month-to-Month,Yes,Electronic check,106.15,9.98,6411.25,0,0,598.8,7010.05,dollars
6379-RXJRQ,Month-to-Month,Yes,Electronic check,7009.999999999999,22.03,659.65,34.69,0,220.3,845.26,cents
6380-ARCEH,Month-to-Month,No,Mailed check,2020,41.1,20.2,0,0,41.1,61.3,cents
6383-ZTSIW,One Year,No,Mailed check,99.1,9.13,3877.95,0,0,356.07,4234.02,dollars
6384-VMJHP,Two Year,Yes,Credit card (automatic),73,23.02,5265.2,0,0,1657.44,6922.64,dollars
6386-SZZKH,Two Year,Yes,Bank transfer (automatic),107.95,6.45,5293.2,0,0,316.05,5609.25,dollars
6388-TABGU,One Year,No,Bank transfer (automatic),56.15,7.96,3487.95,0,0,493.52,3981.47,dollars
6390-DSAZX,Month-to-Month,Yes,Mailed check,7359.999999999999,6.19,73.6,0,0,6.19,79.79,cents
6393-WRYZE,Month-to-Month,Yes,Electronic check,97.65,43.33,3207.55,0,0,1473.22,4680.77,dollars
6394-HHHZM,Month-to-Month,No,Mailed check,2070,38.41,57.5,0,0,115.23,172.73,cents
6394-MFYNG,Month-to-Month,Yes,Bank transfer (automatic),10740,5.19,5121.3,0,0,249.12,5370.42,cents
6397-JNZZG,Month-to-Month,No,Credit card (automatic),5555,0,2342.2,0,0,0,2342.2,cents
6400-BWQKW,Month-to-Month,Yes,Electronic check,7905,19.74,434.5,0,0,118.44,552.94,cents
6402-EJMWF,Month-to-Month,Yes,Mailed check,55.3,21.03,238.5,0,0,84.12,322.62,dollars
6402-SSEJG,One Year,No,Electronic check,61.05,0,1540.2,0,0,0,1540.2,dollars
6402-ZFPPI,Month-to-Month,Yes,Mailed check,102.8,36.5,2660.2,0,0,912.5,3572.7,dollars
6407-GSJNL,Two Year,No,Bank transfer (automatic),24.95,44.35,1288,0,0,2261.85,3549.85,dollars
6407-UTSLV,Two Year,Yes,Bank transfer (automatic),8380,32.98,163.7,0,0,65.96,229.66,cents
6408-OTUBZ,One Year,Yes,Bank transfer (automatic),104.55,16.39,6779.05,0,0,1081.74,7860.79,dollars
6408-WHTEF,Two Year,Yes,Mailed check,89.4,2.75,6376.55,0,0,198,6574.55,dollars
6410-LEFEN,Month-to-Month,No,Electronic check,45.15,15.62,416.45,0,0,140.58,557.03,dollars
6413-XKKPU,Month-to-Month,Yes,Electronic check,8940,19.19,1539.45,0,0,326.23,1865.68,cents
6416-JNVRK,One Year,No,Credit card (automatic),55.65,2.03,2688.85,0,0,93.38,2782.23,dollars
6416-TVAIH,Month-to-Month,Yes,Electronic check,68.5,30.62,68.5,0,0,30.62,99.12,dollars
6416-YJTTB,Month-to-Month,Yes,Bank transfer (automatic),7950,8.48,795.65,0,0,93.28,888.93,cents
6418-HNFED,Two Year,Yes,Credit card (automatic),8325,40.34,4089.45,0,0,2057.34,6146.79,cents
6418-PIQSP,Two Year,No,Mailed check,8100,13.32,4985.9,0,0,825.84,5811.74,cents
6419-ZTTLE,One Year,Yes,Electronic check,2075,45.83,485.2,37.64,0,1054.09,1501.65,cents
6421-SZVEM,One Year,Yes,Bank transfer (automatic),8285,16.13,2320.8,0,0,451.64,2772.44,cents
6424-ELEYH,Month-to-Month,Yes,Credit card (automatic),74.75,35.18,229.5,0,0,105.54,335.04,dollars
6425-JWTDV,Two Year,No,Mailed check,19.25,15.95,855.1,0,0,765.6,1620.7,dollars
6425-YQLLO,One Year,Yes,Credit card (automatic),105.95,27.75,6975.25,0,0,1831.5,8806.75,dollars
6427-FEFIG,Two Year,No,Credit card (automatic),78.6,21.43,1846.65,0,0,514.32,2360.97,dollars
6429-SHBCB,Month-to-Month,No,Mailed check,69.6,13.76,1394.55,0,0,261.44,1655.99,dollars
6432-TWQLB,Month-to-Month,Yes,Electronic check,8540,42.29,401.1,45.37,0,211.45,567.18,cents
6434-TTGJP,Two Year,No,Credit card (automatic),5370,0,521,22.97,0,0,498.03,cents
6435-SRWBJ,Month-to-Month,Yes,Electronic check,82.75,29.74,417.75,0,0,148.7,566.45,dollars
6435-VWCCY,Two Year,Yes,Credit card (automatic),9270,27.14,5968.4,0,0,1764.1,7732.5,cents
6437-UDQJM,Two Year,Yes,Credit card (automatic),84.1,47.4,6129.65,0,0,3412.8,9542.45,dollars
6437-UKHMV,Month-to-Month,Yes,Electronic check,79.7,28.92,586.05,0,0,202.44,788.49,dollars
6439-GTPCA,Month-to-Month,Yes,Electronic check,8725,4.48,3941.7,0,0,201.6,4143.3,cents
6439-LAJXL,Month-to-Month,Yes,Mailed check,68.95,34.64,593.85,0,0,311.76,905.61,dollars
6439-PKTRR,Two Year,No,Electronic check,80.7,4.11,5617.95,0,0,287.7,5905.65,dollars
6440-DKQGE,One Year,No,Credit card (automatic),64.5,27.88,1929.95,0,0,836.4,2766.35,dollars
6445-TNRXS,Two Year,Yes,Bank transfer (automatic),114.7,32.59,7849.85,0,0,2216.12,10065.97,dollars
6447-EGDIV,One Year,No,Mailed check,2095,31.79,683.25,0,0,985.49,1668.74,cents
6447-GORXK,Month-to-Month,No,Credit card (automatic),25,0,789.2,22.4,0,0,766.8,dollars
6457-GIRWB,Month-to-Month,Yes,Electronic check,69.35,22.03,69.35,0,0,22.03,91.38,dollars
6457-USBER,Month-to-Month,Yes,Electronic check,8080,41.77,80.8,0,0,41.77,122.57,cents
6458-CYIDZ,Month-to-Month,No,Electronic check,80.7,36.27,374.8,0,0,181.35,556.15,dollars
6461-PPAXN,One Year,Yes,Bank transfer (automatic),54.95,42.18,1916,0,0,1476.3,3392.3,dollars
6461-SZMCV,Two Year,No,Bank transfer (automatic),8795,9.06,6365.35,0,0,643.26,7008.61,cents
6463-HHXJR,Two Year,No,Bank transfer (automatic),10050,36.5,7030.65,0,0,2591.5,9622.15,cents
6463-MVYRY,Two Year,No,Bank transfer (automatic),69.85,11.23,4003,0,0,640.11,4643.11,dollars
6464-KEXXH,Month-to-Month,Yes,Credit card (automatic),25.25,0,186.3,0,0,0,186.3,dollars
6465-GSRCL,One Year,Yes,Bank transfer (automatic),106.6,18.74,7244.7,0,0,1255.58,8500.28,dollars
6467-CHFZW,Month-to-Month,Yes,Electronic check,99.35,31.35,4749.15,0,0,1473.45,6222.6,dollars
6469-MRVET,One Year,Yes,Electronic check,20.2,44.69,20.2,0,0,44.69,64.89,dollars
6469-QJKZW,Month-to-Month,No,Electronic check,20.15,45.84,91.4,0,0,183.36,274.76,dollars
6473-ULUHT,Month-to-Month,No,Electronic check,84.9,9.16,1398.25,0,0,146.56,1544.81,dollars
6474-FVJLC,Month-to-Month,Yes,Electronic check,86,43.47,165.45,0,0,86.94,252.39,dollars
6475-VHUIZ,Month-to-Month,No,Electronic check,54.25,38.93,1221.55,0,0,895.39,2116.94,dollars
6476-EPYZR,Month-to-Month,No,Mailed check,20.5,46.06,255.5,0,0,552.72,808.22,dollars
6476-YHMGA,Month-to-Month,No,Bank transfer (automatic),76.5,39.77,1155.6,0,0,596.55,1752.15,dollars
6478-HRRCZ,One Year,No,Mailed check,7050,44.45,2201.75,0,0,1422.4,3624.15,cents
6479-OAUSD,One Year,No,Credit card (automatic),1989.9999999999998,7.17,510.8,0,0,179.25,690.05,cents
6479-SZPLM,Two Year,No,Credit card (automatic),19.45,32.3,754.5,0,0,1162.8,1917.3,dollars
6479-VDGRK,Two Year,No,Bank transfer (automatic),85.3,36.13,6129.2,0,0,2601.36,8730.56,dollars
6480-YAGIY,One Year,No,Credit card (automatic),112.2,28.72,5031.85,0,0,1292.4,6324.25,dollars
6481-ESCNL,Month-to-Month,No,Bank transfer (automatic),100.55,10.67,2878.75,0,0,309.43,3188.18,dollars
6481-LXPWL,One Year,Yes,Credit card (automatic),3610,0,1971.5,0,60,0,2031.5,cents
6481-OGDOO,One Year,Yes,Credit card (automatic),9060,30.75,6056.15,0,0,2060.25,8116.4,cents
6483-OATDN,Month-to-Month,Yes,Credit card (automatic),5130,10.36,411.6,15.02,0,82.88,479.46,cents
6484-LATFU,Two Year,No,Mailed check,24.55,5.84,1657.4,0,0,397.12,2054.52,dollars
6485-QXWWE,Two Year,No,Bank transfer (automatic),2600,2.83,1638.7,0,0,175.46,1814.16,cents
6486-LHTMA,One Year,Yes,Electronic check,90.7,44.26,2835.5,0,0,1372.06,4207.56,dollars
6490-FGZAT,Month-to-Month,No,Mailed check,2065,32.34,109.3,0,0,194.04,303.34,cents
6496-JDSSB,Month-to-Month,Yes,Bank transfer (automatic),80,39.92,624.6,0,0,319.36,943.96,dollars
6496-SLWHQ,Month-to-Month,Yes,Electronic check,105,35.43,294.45,0,0,106.29,400.74,dollars
6497-TILVL,Month-to-Month,No,Mailed check,50.7,25.64,350.35,0,0,179.48,529.83,dollars
6500-JVEGC,One Year,No,Bank transfer (automatic),101.35,11.22,7110.75,0,0,762.96,7873.71,dollars
6502-HCJTI,Month-to-Month,Yes,Credit card (automatic),94.7,9.7,673.1,0,0,67.9,741,dollars
6502-KUGLL,Month-to-Month,No,Bank transfer (automatic),5945,42.64,780.85,0,0,596.96,1377.81,cents
6502-MJQAE,Month-to-Month,Yes,Electronic check,69.6,46.21,69.6,0,0,46.21,115.81,dollars
6504-VBLFL,Two Year,No,Electronic check,58.6,6.63,3068.6,0,0,364.65,3433.25,dollars
6505-OZNPG,Two Year,Yes,Mailed check,63.4,0,348.8,0,10,0,358.8,dollars
6506-EYCNH,Month-to-Month,Yes,Bank transfer (automatic),19.55,15.85,543.8,0,0,443.8,987.6,dollars
6507-DTJZV,Month-to-Month,No,Credit card (automatic),66.4,30.19,831.75,0,0,392.47,1224.22,dollars
6507-ZJSUR,One Year,Yes,Electronic check,9045,46.82,2117.25,0,30,1076.86,3224.11,cents
6508-NJYRO,One Year,No,Mailed check,1880,14.27,294.95,0,0,214.05,509,cents
6509-TSGWN,Month-to-Month,No,Mailed check,26.45,31.83,911.6,0,0,1177.71,2089.31,dollars
6510-UPNKS,One Year,No,Credit card (automatic),24.8,43.77,615.35,0,0,1006.71,1622.06,dollars
6513-EECDB,Month-to-Month,Yes,Electronic check,73.55,36.92,73.55,0,0,36.92,110.47,dollars
6516-NKQBO,Two Year,No,Credit card (automatic),81,22.05,3084.9,0,0,837.9,3922.8,dollars
6518-KZXCB,Two Year,No,Mailed check,25.25,4.79,566.5,0,0,105.38,671.88,dollars
6518-LGAOV,Month-to-Month,Yes,Electronic check,105,19.08,4026.4,0,0,725.04,4751.44,dollars
6518-PPLMZ,Two Year,Yes,Mailed check,1939.9999999999998,25.32,1110.35,0,0,1341.96,2452.31,cents
6519-CFDBX,Month-to-Month,Yes,Electronic check,45.4,10.81,80.95,0,0,21.62,102.57,dollars
6519-ZHPXP,Two Year,Yes,Bank transfer (automatic),10830,41.55,7679.65,36.13,50,2991.6,10685.12,cents
6521-YYTYI,Month-to-Month,Yes,Electronic check,9330,7.99,93.3,0,0,7.99,101.29,cents
6522-OIQSX,Two Year,Yes,Credit card (automatic),5495,0,3772.5,0,0,0,3772.5,cents
6522-YRBXD,One Year,Yes,Electronic check,9455,20.44,3365.4,0,0,715.4,4080.8,cents
6527-PZFPV,One Year,Yes,Credit card (automatic),2080,25.84,469.65,0,0,620.16,1089.81,cents
6532-YLWSI,One Year,No,Bank transfer (automatic),20.8,37.85,1021.8,0,0,2006.05,3027.85,dollars
6537-OTKMY,One Year,No,Electronic check,50.75,0,688.2,32.55,0,0,655.65,dollars
6537-QLGEX,Month-to-Month,Yes,Electronic check,3890,0,664.4,0,0,0,664.4,cents
6538-POCHL,Month-to-Month,Yes,Credit card (automatic),7900,17.63,2576.8,0,0,581.79,3158.59,cents
6542-LWGXJ,Month-to-Month,No,Mailed check,25,0,78.25,0,0,0,78.25,dollars
6543-CPZMK,Month-to-Month,Yes,Electronic check,29.95,0,248.95,0,10,0,258.95,dollars
6543-JXSOO,One Year,Yes,Mailed check,57.75,12.88,1282.85,0,0,296.24,1579.09,dollars
6543-XRMYR,Month-to-Month,Yes,Electronic check,99.7,43.61,2967.35,0,80,1308.3,4355.65,dollars
6546-OPBBH,One Year,Yes,Mailed check,23.95,42.55,1216.35,0,0,2170.05,3386.4,dollars
6549-BTYPG,Two Year,No,Credit card (automatic),60.8,0,3603.45,0,0,0,3603.45,dollars
6549-NNDYT,Month-to-Month,Yes,Bank transfer (automatic),30.85,0,394.1,0,0,0,394.1,dollars
6549-YMFAW,One Year,Yes,Mailed check,21.25,1.66,204.55,0,0,14.94,219.49,dollars
6551-GNYDG,Month-to-Month,Yes,Bank transfer (automatic),80.9,40.22,1152.8,0,0,563.08,1715.88,dollars
6551-VLJMV,Two Year,No,Credit card (automatic),2005,4.42,679,0,0,150.28,829.28,cents
6551-ZCOTS,One Year,Yes,Bank transfer (automatic),2490,3.15,847.8,0,0,103.95,951.75,cents
6556-DBKZF,Two Year,No,Electronic check,76.05,9.4,5436.45,0,0,667.4,6103.85,dollars
6557-BZXLQ,Two Year,No,Electronic check,6965.000000000001,22.9,1043.3,0,0,366.4,1409.7,cents
6559-ILWKJ,Two Year,No,Electronic check,4935,0,3515.25,0,100,0,3615.25,cents
6559-PDZLR,Month-to-Month,Yes,Electronic check,98.65,37,2537,0,0,962,3499,dollars
6559-RAKOZ,One Year,Yes,Electronic check,9795,16.02,4917.9,0,0,784.98,5702.88,cents
6563-VNPMN,Month-to-Month,Yes,Bank transfer (automatic),85.7,4.14,3778.1,0,50,186.3,4014.4,dollars
6563-VRERX,One Year,No,Mailed check,20.6,34.22,690.25,0,0,1129.26,1819.51,dollars
6567-HOOPW,Month-to-Month,Yes,Electronic check,7920,20.06,79.2,0,0,20.06,99.26,cents
6568-POCUI,Two Year,Yes,Credit card (automatic),95.2,48.02,4285.8,43.95,50,2160.9,6452.75,dollars
6569-KTMDU,Month-to-Month,No,Mailed check,19.1,5.02,19.1,0,0,5.02,24.12,dollars
6572-ADKRS,Month-to-Month,Yes,Credit card (automatic),74.8,42.44,3548.3,0,0,1952.24,5500.54,dollars
6574-MCOEH,One Year,Yes,Electronic check,79.15,31.59,2531.4,0,20,1042.47,3593.87,dollars
6575-SUVOI,One Year,Yes,Credit card (automatic),69.5,30.6,1752.65,0,0,765,2517.65,dollars
6576-FBXOJ,One Year,No,Electronic check,54.6,0,934.8,47.73,0,0,887.07,dollars
6578-KRMAW,Month-to-Month,Yes,Credit card (automatic),9340,46.33,2979.3,0,0,1482.56,4461.86,cents
6579-JPICP,Month-to-Month,No,Mailed check,2039.9999999999998,17.81,20.4,0,0,17.81,38.21,cents
6581-NQCBA,Month-to-Month,Yes,Electronic check,49.95,0,810.2,0,0,0,810.2,dollars
6582-OIVSP,Month-to-Month,No,Mailed check,45.3,47.36,45.3,0,0,47.36,92.66,dollars
6582-PLFUU,Two Year,No,Credit card (automatic),19.55,28.96,1086.75,0,0,1476.96,2563.71,dollars
6583-KQJLK,Two Year,Yes,Electronic check,9465,37.84,1285.05,0,0,567.6,1852.65,cents
6583-QGCSI,Month-to-Month,Yes,Electronic check,88.05,37.12,4367.35,0,100,1856,6323.35,dollars
6583-SZVGP,Two Year,Yes,Bank transfer (automatic),10810,9.91,5067.45,0,0,475.68,5543.13,cents
6584-VQMYT,One Year,No,Mailed check,56.2,2.63,1567.55,0,30,71.01,1668.56,dollars
6585-WCEWR,Two Year,No,Electronic check,20.35,22.78,1354.4,0,0,1640.16,2994.56,dollars
6586-MYGKD,Two Year,Yes,Credit card (automatic),7695,18.26,5289.8,0,0,1278.2,6568,cents
6586-PSJOX,One Year,No,Credit card (automatic),55.2,1.63,864.55,0,80,24.45,969,dollars
6591-QGOYB,Month-to-Month,Yes,Bank transfer (automatic),10665,38.78,1672.1,0,0,659.26,2331.36,cents
6595-COKXZ,Month-to-Month,Yes,Mailed check,44.45,48.31,44.45,0,0,48.31,92.76,dollars
6595-YGXIT,Month-to-Month,Yes,Electronic check,8895,47.66,2291.2,0,0,1191.5,3482.7,cents
6598-KELSS,One Year,Yes,Bank transfer (automatic),43.05,0,2208.05,0,0,0,2208.05,dollars
6598-RFFVI,One Year,No,Credit card (automatic),19.3,15.79,28.3,0,0,31.58,59.88,dollars
6599-CEBNN,Month-to-Month,Yes,Credit card (automatic),73.95,1.55,2524.45,0,0,52.7,2577.15,dollars
6599-GZWCM,One Year,Yes,Mailed check,74.65,42.62,966.25,0,0,554.06,1520.31,dollars
6599-RCLCJ,Month-to-Month,Yes,Electronic check,109.55,7.62,5124.55,0,0,358.14,5482.69,dollars
6599-SFQVE,Month-to-Month,Yes,Electronic check,55,37.57,340.4,0,0,225.42,565.82,dollars
6603-QWSPR,Two Year,Yes,Bank transfer (automatic),104.4,5.86,4904.2,0,0,269.56,5173.76,dollars
6603-YRDCJ,Two Year,Yes,Mailed check,61.05,15.89,2018.4,0,0,524.37,2542.77,dollars
6608-QQLVK,Month-to-Month,Yes,Electronic check,50.5,39.58,50.5,0,0,39.58,90.08,dollars
6609-MXJHJ,Two Year,Yes,Mailed check,2510,47.21,789.55,15.41,0,1416.3,2190.44,cents
6614-FHDBO,Two Year,No,Bank transfer (automatic),109.2,35.11,7878.3,0,0,2527.92,10406.22,dollars
6614-VBEGU,Month-to-Month,Yes,Bank transfer (automatic),69.45,44.06,1614.05,0,0,1057.44,2671.49,dollars
6614-YOLAC,Two Year,No,Mailed check,58.65,0,4145.25,0,0,0,4145.25,dollars
6614-YWYSC,Two Year,No,Bank transfer (automatic),2500,19.14,1501.75,0,0,1167.54,2669.29,cents
6615-NGGZJ,Month-to-Month,Yes,Electronic check,100.55,36.97,1415.55,0,0,517.58,1933.13,dollars
6615-ZGEDR,Month-to-Month,No,Mailed check,19.7,1.91,19.7,0,0,1.91,21.61,dollars
6616-AALSR,Two Year,Yes,Credit card (automatic),104.3,13.17,6725.3,0,70,856.05,7651.35,dollars
6617-WLBQC,One Year,No,Credit card (automatic),8184.999999999999,5.7,1810.85,0,0,131.1,1941.95,cents
6618-RYATB,Month-to-Month,Yes,Mailed check,79.55,5.1,79.55,0,0,5.1,84.65,dollars
6619-RPLQZ,Two Year,No,Mailed check,2085,40.19,892.15,0,0,1808.55,2700.7,cents
6620-HVDUJ,Month-to-Month,No,Bank transfer (automatic),60.45,23.71,1440.75,0,0,569.04,2009.79,dollars
6620-JDYNW,Month-to-Month,Yes,Mailed check,60.6,10.97,1156.35,0,0,197.46,1353.81,dollars
6621-NRZAK,Two Year,No,Credit card (automatic),20,46.9,1209.25,0,0,2954.7,4163.95,dollars
6621-YOBKI,Month-to-Month,No,Mailed check,20.35,31.78,92.75,0,0,158.9,251.65,dollars
6624-JDRDS,Month-to-Month,No,Bank transfer (automatic),29.45,0,161.45,0,0,0,161.45,dollars
6625-FLENO,Two Year,No,Mailed check,2075,18.68,1185.95,0,0,1083.44,2269.39,cents
6625-IUTTT,Two Year,No,Bank transfer (automatic),65.55,49.74,4361.55,0,40,3332.58,7734.13,dollars
6625-UTXEW,Month-to-Month,Yes,Electronic check,51.25,46.88,612.1,0,0,562.56,1174.66,dollars
6627-CFOSN,Month-to-Month,Yes,Bank transfer (automatic),99.45,39.42,5623.7,0,30,2325.78,7979.48,dollars
6629-CZTTH,Month-to-Month,Yes,Mailed check,55.7,48.22,55.7,0,0,48.22,103.92,dollars
6629-LADHQ,Month-to-Month,No,Mailed check,5095,36.96,123.05,0,0,73.92,196.97,cents
6630-UJZMY,One Year,Yes,Electronic check,83.25,14.34,308.05,39.93,0,57.36,325.48,dollars
6631-HMANX,Two Year,Yes,Credit card (automatic),85.45,31.15,6227.5,0,0,2242.8,8470.3,dollars
6633-MPWBS,Month-to-Month,Yes,Electronic check,4920,7.31,216.9,0,0,36.55,253.45,cents
6633-SYEUS,Month-to-Month,No,Bank transfer (automatic),8320,19.96,2032.3,23.79,0,459.08,2467.59,cents
6635-CPNUN,Month-to-Month,No,Credit card (automatic),96.6,33.57,2684.35,0,0,939.96,3624.31,dollars
6635-MYYYZ,One Year,No,Bank transfer (automatic),85.35,43.01,2530.4,0,20,1290.3,3840.7,dollars
6637-KYRCV,Month-to-Month,Yes,Electronic check,30.5,0,167.2,0,0,0,167.2,dollars
6641-XRPSU,Month-to-Month,Yes,Credit card (automatic),70,4.66,2416.1,11,0,158.44,2563.54,dollars
6645-MXQJT,Month-to-Month,No,Electronic check,97.1,39.35,184.15,0,0,78.7,262.85,dollars
6646-JPPHA,Month-to-Month,No,Electronic check,78.85,48.01,1043.8,0,50,672.14,1765.94,dollars
6646-QVXLR,One Year,Yes,Electronic check,103.75,7.11,6383.35,0,0,440.82,6824.17,dollars
6646-VRFOL,Month-to-Month,Yes,Electronic check,10385,39.36,5485.5,0,0,2086.08,7571.58,cents
6647-ZEDXT,One Year,No,Credit card (automatic),110.45,13.16,3327.05,0,0,394.8,3721.85,dollars
6648-INWPS,Month-to-Month,No,Electronic check,20.15,38.55,341.35,0,0,616.8,958.15,dollars
6650-BWFRT,Two Year,Yes,Credit card (automatic),11715,24.89,8529.5,0,0,1792.08,10321.58,cents
6650-VJONK,Month-to-Month,Yes,Bank transfer (automatic),4385,15.9,43.85,0,10,15.9,69.75,cents
6651-AZVTJ,Month-to-Month,Yes,Electronic check,99.8,46.94,4872.45,0,130,2300.06,7302.51,dollars
6651-RLGGM,Two Year,No,Mailed check,26.3,14.54,1688.9,0,0,974.18,2663.08,dollars
6652-YFFJO,Month-to-Month,Yes,Electronic check,6490.000000000001,13.56,716.1,0,0,149.16,865.26,cents
6653-CBBOM,Month-to-Month,Yes,Electronic check,70.3,15.92,70.3,0,0,15.92,86.22,dollars
6654-QGBZZ,Month-to-Month,No,Mailed check,19.9,1.5,19.9,0,0,1.5,21.4,dollars
6655-LHBYW,One Year,No,Credit card (automatic),114.35,19.8,5791.1,0,10,990,6791.1,dollars
6656-GULJQ,Two Year,Yes,Credit card (automatic),8355,21.21,6093.3,0,90,1527.12,7710.42,cents
6656-JWRQX,Month-to-Month,No,Mailed check,30.55,0,30.55,0,40,0,70.55,dollars
6661-EIPZC,Month-to-Month,Yes,Credit card (automatic),2950,0,1423.05,0,0,0,1423.05,cents
6661-HBGWL,Month-to-Month,Yes,Bank transfer (automatic),104.75,16.22,4323.45,0,0,681.24,5004.69,dollars
6663-JOCQO,One Year,Yes,Bank transfer (automatic),75.25,29.06,2344.5,1.99,0,900.86,3243.37,dollars
6664-FPDAC,One Year,Yes,Electronic check,111.95,19.46,6418.9,0,0,1089.76,7508.66,dollars
6668-CNMFP,One Year,Yes,Bank transfer (automatic),89.35,36.92,1686.85,0,0,701.48,2388.33,dollars
6670-MFRPK,Two Year,Yes,Credit card (automatic),79.2,21.56,5420.65,0,0,1487.64,6908.29,dollars
6671-NGWON,Month-to-Month,No,Mailed check,20.35,41.57,150.6,0,0,290.99,441.59,dollars
6674-KVJHG,One Year,No,Electronic check,25.2,1.87,245.15,0,0,20.57,265.72,dollars
6680-NENYN,Two Year,Yes,Electronic check,104.6,12.88,4759.85,0,0,553.84,5313.69,dollars
6680-WKXRZ,Month-to-Month,No,Bank transfer (automatic),74.4,23.82,215.8,0,0,71.46,287.26,dollars
6681-ZSEXG,Two Year,No,Credit card (automatic),5950,35.55,3389.25,0,0,1990.8,5380.05,cents
6682-QJDGB,Month-to-Month,Yes,Mailed check,55.25,8.08,2139.2,0,0,323.2,2462.4,dollars
6682-VCIXC,One Year,Yes,Bank transfer (automatic),51.25,0,2151.6,0,0,0,2151.6,dollars
6683-VLCTZ,Month-to-Month,Yes,Electronic check,98.55,44.44,1842.8,0,120,888.8,2851.6,dollars
6685-GBWJZ,One Year,No,Credit card (automatic),70.8,46.99,4448.8,0,0,2960.37,7409.17,dollars
6685-XSHHU,Two Year,Yes,Bank transfer (automatic),20.95,32.12,1270.55,0,0,1927.2,3197.75,dollars
6686-YPGHK,Month-to-Month,No,Mailed check,85.5,36.58,4042.3,0,50,1719.26,5811.56,dollars
6688-UZPWD,Month-to-Month,Yes,Electronic check,10200,7.89,1145.35,0,0,86.79,1232.14,cents
6689-KXGBO,Month-to-Month,No,Electronic check,50.55,30.96,50.55,0,0,30.96,81.51,dollars
6689-TCZHQ,Month-to-Month,No,Electronic check,78.95,12.27,378.4,0,0,61.35,439.75,dollars
6689-VRRTK,One Year,Yes,Credit card (automatic),109.8,49.75,4860.35,0,0,2189,7049.35,dollars
6691-CCIHA,Two Year,Yes,Electronic check,84.95,4.7,5150.55,4.68,0,291.4,5437.27,dollars
6692-UDPJC,Month-to-Month,Yes,Electronic check,91.65,9.13,1301,0,0,127.82,1428.82,dollars
6692-YQHXC,Month-to-Month,Yes,Credit card (automatic),69.95,27.43,1205.5,0,0,438.88,1644.38,dollars
6693-DJWTY,One Year,No,Credit card (automatic),5560,12.56,2016.45,0,0,439.6,2456.05,cents
6693-FRIRW,Month-to-Month,No,Credit card (automatic),101.3,7.56,1794.65,0,0,136.08,1930.73,dollars
6695-AMZUF,Two Year,No,Credit card (automatic),86.45,31.15,5950.2,0,0,2180.5,8130.7,dollars
6695-FRVEC,Two Year,Yes,Bank transfer (automatic),6040,21.17,3953.7,0,40,1418.39,5412.09,cents
6696-YDAYZ,Two Year,No,Mailed check,2050,27.24,290.55,0,0,435.84,726.39,cents
6698-OXETB,Two Year,No,Mailed check,20.4,49.8,231.45,0,0,547.8,779.25,dollars
6701-DHKWQ,Two Year,No,Credit card (automatic),51.35,0,3244.4,0,0,0,3244.4,dollars
6701-YVNQG,Two Year,Yes,Credit card (automatic),88.7,47.66,6301.7,0,0,3431.52,9733.22,dollars
6702-OHFWR,Month-to-Month,Yes,Electronic check,4330,0,43.3,0,0,0,43.3,cents
6704-UTUKK,Month-to-Month,Yes,Electronic check,45.9,0,1332.4,0,20,0,1352.4,dollars
6705-LNMDD,Month-to-Month,No,Mailed check,50,49.81,1003.05,2.81,0,996.2,1996.44,dollars
6705-LXORM,One Year,No,Electronic check,70.05,5.42,302.6,0,0,27.1,329.7,dollars
6710-HSJRD,Month-to-Month,Yes,Electronic check,11410,12.32,7132.15,0,0,751.52,7883.67,cents
6711-FLDFB,Month-to-Month,Yes,Electronic check,74.9,46.79,541.15,0,0,327.53,868.68,dollars
6711-VTNRE,Month-to-Month,Yes,Electronic check,87.55,27.72,3078.1,0,0,997.92,4076.02,dollars
6712-OAWRH,Month-to-Month,Yes,Electronic check,91.25,34.69,2351.8,0,0,901.94,3253.74,dollars
6713-OKOMC,Month-to-Month,No,Mailed check,2975,0,301.9,0,0,0,301.9,cents
6715-OFDBP,Month-to-Month,Yes,Electronic check,7005,14.26,346.4,0,0,71.3,417.7,cents
6718-BDGHG,One Year,Yes,Bank transfer (automatic),64.85,12.98,2908.2,0,0,558.14,3466.34,dollars
6719-FGEDO,Two Year,Yes,Bank transfer (automatic),97,38.79,7104.2,0,0,2792.88,9897.08,dollars
6719-OXYBR,Month-to-Month,No,Electronic check,85.3,27.3,1219.85,0,0,409.5,1629.35,dollars
6723-CEGQI,Two Year,No,Mailed check,4525,0,2933.95,0,0,0,2933.95,cents
6723-WSNTY,One Year,Yes,Credit card (automatic),108.1,6.94,7181.95,0,0,458.04,7639.99,dollars
6725-TPKJO,Two Year,No,Mailed check,20.05,47.53,845.25,15.31,0,2091.32,2921.26,dollars
6726-NNFWD,Two Year,No,Credit card (automatic),89.45,16.26,6435.25,0,0,1154.46,7589.71,dollars
6726-WEXXK,One Year,Yes,Electronic check,8590,41.11,2220.1,0,0,1109.97,3330.07,cents
6727-IOTLZ,Two Year,No,Mailed check,81.95,5.17,1181.75,0,0,72.38,1254.13,dollars
6728-CZFEI,One Year,No,Mailed check,5615,6.56,931.9,35.23,0,98.4,995.07,cents
6728-DKUCO,One Year,Yes,Electronic check,104.15,25.82,7303.05,0,0,1859.04,9162.09,dollars
6728-VOIFY,One Year,Yes,Electronic check,9600,20.51,6109.75,0,30,1292.13,7431.88,cents
6728-WYQBC,Month-to-Month,No,Bank transfer (automatic),20.95,2.29,20.95,0,0,2.29,23.24,dollars
6729-FZWSY,One Year,Yes,Mailed check,19.45,9.05,1195.95,0,0,606.35,1802.3,dollars
6729-GDNGC,One Year,No,Bank transfer (automatic),80.7,21.49,1614.2,0,0,429.8,2044,dollars
6732-FZUGP,One Year,No,Credit card (automatic),9490,40.25,4615.25,0,0,1891.75,6507,cents
6732-VAILE,Two Year,Yes,Credit card (automatic),8595,30.06,5931.75,0,0,2104.2,8035.95,cents
6733-LRIZX,Two Year,Yes,Electronic check,108.95,20.07,4025.5,0,0,702.45,4727.95,dollars
6734-CKRSM,Month-to-Month,No,Mailed check,20,40.2,63.6,0,0,120.6,184.2,dollars
6734-FQAJX,Two Year,Yes,Electronic check,105.05,34.23,7171.7,0,0,2293.41,9465.11,dollars
6734-GMPVK,Month-to-Month,No,Electronic check,105.3,44.65,550.6,0,0,223.25,773.85,dollars
6734-JDTTV,Two Year,Yes,Credit card (automatic),19.85,33.47,1267.05,0,0,2175.55,3442.6,dollars
6734-PSBAW,Two Year,Yes,Bank transfer (automatic),23.55,1.86,1723.95,0,0,133.92,1857.87,dollars
6736-DHUQI,One Year,No,Bank transfer (automatic),8480,3.47,5598.3,0,0,232.49,5830.79,cents
6738-ISCBM,One Year,Yes,Electronic check,54,0,2440.25,5.47,0,0,2434.78,dollars
6741-EGCBI,Two Year,Yes,Credit card (automatic),9050,4.04,2595.85,0,0,121.2,2717.05,cents
6741-QRLUP,Two Year,Yes,Credit card (automatic),80.3,31.34,4995.35,0,0,1974.42,6969.77,dollars
6743-HHQPF,Month-to-Month,Yes,Credit card (automatic),2510,0,1097.15,0,0,0,1097.15,cents
6745-JEFZB,Month-to-Month,Yes,Credit card (automatic),91.5,23.85,3236.35,40.79,90,834.75,4120.31,dollars
6746-WAUWT,One Year,Yes,Credit card (automatic),19.7,26.54,386.5,0,0,504.26,890.76,dollars
6749-UTDVX,Two Year,Yes,Electronic check,103.65,10.87,7634.8,0,0,782.64,8417.44,dollars
6752-APNJL,Month-to-Month,No,Mailed check,5450,18.93,2301.15,0,0,795.06,3096.21,cents
6754-LZUKA,Two Year,No,Bank transfer (automatic),8090.000000000001,23.31,4932.5,0,0,1421.91,6354.41,cents
6754-WKSHP,One Year,No,Bank transfer (automatic),25.35,4.27,723.3,0,0,128.1,851.4,dollars
6762-NSODU,Two Year,No,Credit card (automatic),19.4,12.68,958.15,0,0,583.28,1541.43,dollars
6762-QVYJO,Two Year,No,Mailed check,5975,0,3624.35,0,0,0,3624.35,cents
6765-MBQNU,One Year,No,Mailed check,2600,33.47,684.05,0,0,870.22,1554.27,cents
6766-HFKLA,Two Year,No,Bank transfer (automatic),103.2,10.13,5744.35,0,0,567.28,6311.63,dollars
6769-DCQLI,One Year,Yes,Bank transfer (automatic),105,49.29,5426.85,0,0,2563.08,7989.93,dollars
6769-DYBQN,Month-to-Month,No,Electronic check,8500,36.78,3969.4,0,0,1691.88,5661.28,cents
6770-UAYGJ,Two Year,No,Mailed check,25.25,33.65,1211.65,0,0,1648.85,2860.5,dollars
6770-XUAGN,Month-to-Month,Yes,Electronic check,21,16.66,21,0,0,16.66,37.66,dollars
6771-XWBDM,Month-to-Month,Yes,Credit card (automatic),10450,40.13,5921.35,0,0,2287.41,8208.76,cents
6772-KSATR,Month-to-Month,Yes,Electronic check,8170,9.81,81.7,0,0,9.81,91.51,cents
6772-WFQRD,One Year,Yes,Bank transfer (automatic),2039.9999999999998,26.41,854.9,32.55,0,1056.4,1878.75,cents
6773-LQTVT,Two Year,Yes,Mailed check,35.65,0,1025.15,25.07,0,0,1000.08,dollars
6776-TLWOI,Month-to-Month,No,Mailed check,19.85,32.01,64.55,0,0,96.03,160.58,dollars
6777-TGHTM,One Year,Yes,Credit card (automatic),106.95,29.8,5785.5,0,0,1579.4,7364.9,dollars
6778-EICRF,One Year,No,Mailed check,7480,8.67,1821.2,0,0,208.08,2029.28,cents
6778-JFCMK,One Year,Yes,Mailed check,50.6,0,1288.75,0,0,0,1288.75,dollars
6778-YSNIH,Month-to-Month,Yes,Electronic check,59,27.02,114.15,0,0,54.04,168.19,dollars
6784-XYJAE,One Year,No,Electronic check,55.8,46.92,1941.5,0,70,1689.12,3700.62,dollars
6786-OBWQR,Month-to-Month,Yes,Electronic check,8084.999999999999,47.91,356.1,0,0,239.55,595.65,cents
6789-HJBWG,Month-to-Month,Yes,Electronic check,49.4,17.14,611.65,0,90,205.68,907.33,dollars
6791-YBNAK,Month-to-Month,No,Credit card (automatic),2555,0,467.85,0,0,0,467.85,cents
6794-HKIAJ,Month-to-Month,No,Bank transfer (automatic),90.7,18.9,5586.45,0,0,1171.8,6758.25,dollars
6797-LNAQX,Two Year,No,Bank transfer (automatic),98.3,29.59,6859.5,0,20,2071.3,8950.8,dollars
6797-UCJHZ,One Year,No,Credit card (automatic),104.6,25.51,6819.45,0,0,1683.66,8503.11,dollars
6804-GDMOI,Two Year,Yes,Electronic check,106.6,41.23,6428.4,0,0,2515.03,8943.43,dollars
6806-YDEUL,Two Year,No,Bank transfer (automatic),1950,2.03,106.8,0,0,12.18,118.98,cents
6807-SIWJI,One Year,Yes,Electronic check,104.85,4.34,3887.25,0,0,164.92,4052.17,dollars
6810-VCAEX,One Year,No,Credit card (automatic),39.65,0,1798.65,0,0,0,1798.65,dollars
6813-GZQCG,Two Year,Yes,Credit card (automatic),2465,37.57,1171.3,0,0,1690.65,2861.95,cents
6814-ZPWFQ,One Year,No,Bank transfer (automatic),25,3.11,1260.7,0,0,158.61,1419.31,dollars
6815-ABQFQ,One Year,Yes,Electronic check,107.25,14.43,6033.3,0,0,808.08,6841.38,dollars
6817-WTYHE,Month-to-Month,No,Bank transfer (automatic),44.9,5.08,111.05,0,0,10.16,121.21,dollars
6818-DJXAA,Month-to-Month,Yes,Electronic check,91.1,42.93,964.35,0,0,429.3,1393.65,dollars
6818-WOBHJ,Month-to-Month,Yes,Bank transfer (automatic),89.6,24.13,6127.6,0,0,1640.84,7768.44,dollars
6821-BUXUX,Month-to-Month,Yes,Electronic check,96.65,17.02,1244.5,0,0,221.26,1465.76,dollars
6821-JPCDC,One Year,Yes,Electronic check,97.05,47.64,4692.95,0,0,2286.72,6979.67,dollars
6823-SIDFQ,One Year,No,Credit card (automatic),1825,40.39,534.7,0,0,1130.92,1665.62,cents
6825-UYPFK,Month-to-Month,No,Bank transfer (automatic),75.6,27.61,1758.6,0,0,635.03,2393.63,dollars
6827-IEAUQ,One Year,No,Mailed check,66.15,40.21,1874.45,0,0,1085.67,2960.12,dollars
6828-HMKWP,Two Year,No,Bank transfer (automatic),2105,49.7,262.05,0,0,596.4,858.45,cents
6833-JMZYP,Month-to-Month,Yes,Credit card (automatic),9400,15.28,1505.45,0,0,229.2,1734.65,cents
6834-NXDCA,Month-to-Month,Yes,Electronic check,2390,0,300.8,0,0,0,300.8,cents
6837-BJYDQ,One Year,No,Mailed check,19.6,35.65,61.35,0,0,106.95,168.3,dollars
6837-HAEVO,Two Year,Yes,Electronic check,105,22.49,7297.75,0,0,1551.81,8849.56,dollars
6838-HVLXG,Month-to-Month,No,Mailed check,2030,32.32,246.7,0,0,387.84,634.54,cents
6838-YAUVY,Two Year,Yes,Bank transfer (automatic),95.1,11.76,5064.85,0,0,635.04,5699.89,dollars
6839-ITVZJ,Month-to-Month,Yes,Electronic check,60.05,22.33,1616.15,0,0,580.58,2196.73,dollars
6840-RESVB,One Year,Yes,Mailed check,84.8,36.05,1990.5,48.23,0,865.2,2807.47,dollars
6844-DZKRF,Month-to-Month,Yes,Credit card (automatic),50.2,6.34,109.25,0,10,12.68,131.93,dollars
6845-RGTYS,Month-to-Month,Yes,Electronic check,9875,2.87,4533.7,0,0,134.89,4668.59,cents
6847-KJLTS,Month-to-Month,Yes,Bank transfer (automatic),100.4,47.34,5749.8,0,0,2745.72,8495.52,dollars
6848-HJTXY,Two Year,No,Credit card (automatic),19.45,19.98,1208.6,0,0,1278.72,2487.32,dollars
6848-YLDFR,One Year,Yes,Credit card (automatic),75.2,35.35,4300.8,0,0,2050.3,6351.1,dollars
6849-OYAMU,One Year,No,Bank transfer (automatic),100,43.95,1888.65,0,0,835.05,2723.7,dollars
6849-WLEYG,Month-to-Month,No,Mailed check,19.75,11.91,19.75,0,0,11.91,31.66,dollars
6851-WEFYX,One Year,Yes,Electronic check,100.8,2.12,3437.5,0,0,74.2,3511.7,dollars
6854-EXGSF,Month-to-Month,Yes,Bank transfer (automatic),65.5,8.73,573.15,0,0,69.84,642.99,dollars
6855-VLGOS,Two Year,No,Electronic check,2055,37.11,1432.55,0,0,2671.92,4104.47,cents
6856-RAURS,Month-to-Month,Yes,Mailed check,74.9,41.08,136.05,0,0,82.16,218.21,dollars
6857-TKDJV,Two Year,No,Bank transfer (automatic),24.65,14.41,1620.45,0,0,965.47,2585.92,dollars
6857-VWJDT,Month-to-Month,No,Mailed check,95.65,32.33,95.65,0,0,32.33,127.98,dollars
6859-QNXIQ,Two Year,Yes,Bank transfer (automatic),113.1,26.32,8248.5,0,0,1895.04,10143.54,dollars
6859-RKMZJ,Month-to-Month,Yes,Bank transfer (automatic),55.05,44.2,608.15,0,0,486.2,1094.35,dollars
6860-YRJZP,Two Year,Yes,Electronic check,74.05,39.77,678.45,0,0,357.93,1036.38,dollars
6861-OKBCE,Month-to-Month,No,Credit card (automatic),20.1,33.06,221.35,0,0,363.66,585.01,dollars
6861-XWTWQ,Month-to-Month,Yes,Electronic check,99.25,42.92,665.45,0,0,300.44,965.89,dollars
6862-CQUMB,Month-to-Month,Yes,Credit card (automatic),9610,21.84,3646.8,0,0,808.08,4454.88,cents
6865-JZNKO,Month-to-Month,Yes,Bank transfer (automatic),55.3,19.41,1530.6,0,0,582.3,2112.9,dollars
6867-ACCZI,Two Year,Yes,Mailed check,52.5,0,1208.15,0,0,0,1208.15,dollars
6869-FGJJC,One Year,No,Credit card (automatic),7959.999999999999,18.53,5461.45,3.26,10,1260.04,6728.23,cents
6870-ECSHE,One Year,No,Mailed check,2045,46,34.8,0,0,92,126.8,cents
6870-ZWMNX,Two Year,No,Credit card (automatic),76.1,33.37,5264.25,0,110,2335.9,7710.15,dollars
6872-HXFNF,One Year,No,Bank transfer (automatic),5835,40.28,3756.45,0,0,2577.92,6334.37,cents
6873-UDNLD,Month-to-Month,No,Electronic check,6745,39.05,2731,0,0,1562,4293,cents
6874-SGLHU,One Year,Yes,Bank transfer (automatic),9700,12.17,3021.3,0,0,365.1,3386.4,cents
6876-ADESB,Month-to-Month,No,Electronic check,48.95,34.4,48.95,0,0,34.4,83.35,dollars
6877-LGWXO,Month-to-Month,No,Electronic check,7855,4.98,1422.65,0,0,89.64,1512.29,cents
6877-TJMBR,Month-to-Month,Yes,Electronic check,84.8,37.83,84.8,0,0,37.83,122.63,dollars
6878-GGDWG,Month-to-Month,No,Bank transfer (automatic),19.4,12.35,641.15,0,0,395.2,1036.35,dollars
6885-PKOAM,Two Year,No,Credit card (automatic),8575,30.68,6223.8,4.6,0,2178.28,8397.48,cents
6888-SBYAI,Month-to-Month,Yes,Mailed check,5070,38.05,50.7,0,0,38.05,88.75,cents
6890-PFRQX,Month-to-Month,No,Mailed check,69.5,12.21,1199.4,0,0,219.78,1419.18,dollars
6891-JPYFF,Month-to-Month,Yes,Credit card (automatic),105.25,30.41,4997.5,1.66,0,1459.68,6455.52,dollars
6892-BOGQE,Two Year,Yes,Bank transfer (automatic),20.9,14.91,1493.2,0,0,1058.61,2551.81,dollars
6892-EZDTG,Month-to-Month,Yes,Electronic check,9165,21.81,365.4,0,0,87.24,452.64,cents
6892-XPFPU,Month-to-Month,Yes,Electronic check,104.25,49.76,2433.9,0,0,1194.24,3628.14,dollars
6893-ODYYE,One Year,Yes,Credit card (automatic),9010,15.37,4549.45,0,0,768.5,5317.95,cents
6894-LFHLY,Month-to-Month,Yes,Electronic check,7575,8.35,75.75,0,0,8.35,84.1,cents
6896-SRVYQ,One Year,No,Electronic check,73.85,47.06,3122.4,0,100,2070.64,5293.04,dollars
6897-RWMUB,Two Year,Yes,Bank transfer (automatic),6805,42.31,4158.25,0,0,2580.91,6739.16,cents
6897-UUBNU,Month-to-Month,No,Mailed check,89.65,12.92,2623.65,0,10,374.68,3008.33,dollars
6898-MDLZW,Month-to-Month,Yes,Mailed check,53.75,1.8,648.65,0,0,21.6,670.25,dollars
6898-RBTLU,Two Year,No,Bank transfer (automatic),7930,16.6,3902.45,0,0,813.4,4715.85,cents
6899-PPEEA,Month-to-Month,Yes,Electronic check,9655,3.3,3580.3,0,0,122.1,3702.4,cents
6900-PXRMS,Month-to-Month,No,Electronic check,10575,1.26,2710.25,0,90,32.76,2833.01,cents
6900-RBKER,Two Year,Yes,Credit card (automatic),8945,15.1,4577.75,18.89,0,785.2,5344.06,cents
6901-GOGZG,Two Year,Yes,Electronic check,8495,49.96,4984.85,0,0,2997.6,7982.45,cents
6904-JLBGY,Two Year,Yes,Credit card (automatic),117.35,14.94,8436.25,0,0,1075.68,9511.93,dollars
6905-NIQIN,Month-to-Month,No,Mailed check,50.65,14.78,50.65,0,0,14.78,65.43,dollars
6906-ANDWJ,Month-to-Month,Yes,Bank transfer (automatic),7490.000000000001,34.63,1107.25,0,0,519.45,1626.7,cents
6906-MPARY,One Year,Yes,Credit card (automatic),89.6,32.27,3488.15,0,0,1290.8,4778.95,dollars
6907-CQGPN,Month-to-Month,No,Electronic check,34.3,0,1004.75,0,0,0,1004.75,dollars
6907-FLBER,Month-to-Month,No,Electronic check,5430,34.02,54.3,0,10,34.02,98.32,cents
6907-NZZIJ,Month-to-Month,Yes,Electronic check,9915,13.35,3615.6,0,30,480.6,4126.2,cents
6908-VVYHM,Month-to-Month,Yes,Electronic check,9065,19.84,5931,0,110,1289.6,7330.6,cents
6910-HADCM,Month-to-Month,No,Electronic check,76.35,7.26,76.35,0,0,7.26,83.61,dollars
6916-HIJSE,Two Year,Yes,Bank transfer (automatic),8485,41.74,5459.2,0,0,2713.1,8172.3,cents
6917-FIJHC,Two Year,Yes,Mailed check,2600,26.98,1776,0,0,1942.56,3718.56,cents
6917-IAYHD,Month-to-Month,No,Mailed check,33.6,0,33.6,0,50,0,83.6,dollars
6917-YACBP,Two Year,Yes,Electronic check,89.75,25.57,5496.9,0,0,1508.63,7005.53,dollars
6918-UMQCG,Month-to-Month,No,Electronic check,80.2,48.86,384.25,0,0,244.3,628.55,dollars
6919-ELBGL,Two Year,Yes,Bank transfer (automatic),114.95,21.38,8196.4,0,0,1539.36,9735.76,dollars
6921-OZMFH,Month-to-Month,Yes,Mailed check,55.7,18.97,259.4,0,0,94.85,354.25,dollars
6922-NCEDI,One Year,Yes,Mailed check,21.2,48.63,1238.65,0,0,2723.28,3961.93,dollars
6923-AQONU,Two Year,No,Mailed check,2090,18.91,454,0,0,434.93,888.93,cents
6923-EFPNL,Month-to-Month,No,Credit card (automatic),51.75,9.98,201.1,0,0,39.92,241.02,dollars
6923-JHPMP,Month-to-Month,Yes,Electronic check,80.45,35.41,137.1,0,0,70.82,207.92,dollars
6924-TDGMT,One Year,Yes,Mailed check,20.55,26.11,184.95,0,0,287.21,472.16,dollars
6925-BAYGL,Two Year,No,Credit card (automatic),2510,19.03,1275.6,0,0,1008.59,2284.19,cents
6927-WTFIV,Month-to-Month,No,Credit card (automatic),71.3,5.71,1389.2,0,0,114.2,1503.4,dollars
6928-ONTRW,Two Year,No,Credit card (automatic),1970,48.04,1379.8,0,0,3458.88,4838.68,cents
6933-FHBZC,One Year,Yes,Mailed check,56.05,35.75,1553.2,0,0,929.5,2482.7,dollars
6933-VLYFX,One Year,No,Electronic check,59.95,0,1848.8,0,0,0,1848.8,dollars
6937-GCDGQ,One Year,Yes,Bank transfer (automatic),48.95,11.75,955.6,0,0,223.25,1178.85,dollars
6941-KXRRV,One Year,Yes,Bank transfer (automatic),58.95,34.43,2789.7,0,0,1652.64,4442.34,dollars
6941-PMGEP,Month-to-Month,Yes,Electronic check,8000,43.99,412.5,40,10,219.95,602.45,cents
6942-LBFDP,Month-to-Month,Yes,Mailed check,2055,16.7,33.6,0,0,33.4,67,cents
6946-LMSQS,One Year,Yes,Electronic check,8905,33.63,2177.45,0,0,840.75,3018.2,cents
6950-TWMYB,Two Year,Yes,Bank transfer (automatic),79.95,46.7,4362.05,0,0,2521.8,6883.85,dollars
6952-OMNWB,One Year,Yes,Credit card (automatic),80.35,34.31,5589.3,0,0,2333.08,7922.38,dollars
6953-PBDIN,Two Year,No,Bank transfer (automatic),7295,38.58,5265.55,0,60,2700.6,8026.15,cents
6954-OOYZZ,Month-to-Month,Yes,Bank transfer (automatic),44.35,45.92,768.05,0,0,826.56,1594.61,dollars
6956-SMUCM,Month-to-Month,Yes,Credit card (automatic),9900,33.39,287.4,0,10,100.17,397.57,cents
6959-GQEGV,Month-to-Month,Yes,Electronic check,75.95,10.36,3273.8,0,0,466.2,3740,dollars
6959-UWKHF,Month-to-Month,Yes,Electronic check,42.9,4.02,42.9,0,0,4.02,46.92,dollars
6960-HVYXR,Month-to-Month,No,Electronic check,7600,35.01,76,0,0,35.01,111.01,cents
6961-MJKBO,Two Year,No,Bank transfer (automatic),20.45,6.61,943,0,0,310.67,1253.67,dollars
6961-VCPMC,Month-to-Month,Yes,Electronic check,80.4,48.62,3605.2,0,20,2236.52,5861.72,dollars
6963-EZQEE,Two Year,Yes,Credit card (automatic),88.55,40.94,6306.5,0,0,2865.8,9172.3,dollars
6963-KQYQB,Two Year,No,Mailed check,2405,4.27,1764.75,0,0,298.9,2063.65,cents
6967-PEJLL,One Year,Yes,Electronic check,40.2,0,1525.35,0,0,0,1525.35,dollars
6967-QIQRV,One Year,No,Electronic check,101.9,2.12,1667.25,0,120,31.8,1819.05,dollars
6968-GMKPR,Month-to-Month,Yes,Electronic check,8155,22.34,4509.5,0,0,1228.7,5738.2,cents
6968-MHOMU,One Year,Yes,Credit card (automatic),4500,0,2689.35,0,0,0,2689.35,cents
6968-URWQU,One Year,Yes,Mailed check,56.35,4.34,2391.15,0,0,186.62,2577.77,dollars
6969-MVBAI,Month-to-Month,Yes,Electronic check,9010,40,816.8,0,0,360,1176.8,cents
6972-SNKKW,Month-to-Month,No,Mailed check,20,47.46,109.2,0,0,284.76,393.96,dollars
6974-DAFLI,One Year,No,Electronic check,19.7,3.28,1140.05,0,0,180.4,1320.45,dollars
6976-BWGLQ,Two Year,No,Bank transfer (automatic),25.2,39.3,1787.35,0,0,2829.6,4616.95,dollars
6979-TNDEU,Month-to-Month,No,Mailed check,19.2,14.32,156.85,0,0,114.56,271.41,dollars
6979-ZNSFF,Month-to-Month,Yes,Electronic check,87.05,45.59,762.1,0,0,364.72,1126.82,dollars
6980-CDGFC,One Year,Yes,Bank transfer (automatic),20.85,7.91,1327.4,0,0,529.97,1857.37,dollars
6980-IMXXE,Two Year,No,Bank transfer (automatic),2020,42.49,1412.65,0,0,2931.81,4344.46,cents
6981-TDRFT,One Year,Yes,Electronic check,54.3,0,2317.1,0,10,0,2327.1,dollars
6982-SSHFK,Month-to-Month,No,Mailed check,4440,32.44,44.4,0,0,32.44,76.84,cents
6982-UQZLY,Month-to-Month,Yes,Mailed check,20.85,22.86,20.85,0,0,22.86,43.71,dollars
6985-HAYWX,Month-to-Month,No,Bank transfer (automatic),79.3,37.6,2015.8,0,0,977.6,2993.4,dollars
6986-IJDHX,Month-to-Month,Yes,Mailed check,8630,40.25,3266,0,0,1569.75,4835.75,cents
6986-IXNDM,Month-to-Month,Yes,Electronic check,92.9,27.8,1337.45,0,0,389.2,1726.65,dollars
6987-XQSJT,Month-to-Month,Yes,Electronic check,79.5,45.77,4370.25,0,0,2471.58,6841.83,dollars
6988-CJEYV,Month-to-Month,No,Electronic check,9870,45.46,4920.55,0,0,2227.54,7148.09,cents
6990-YNRIO,Two Year,No,Bank transfer (automatic),108.65,41.88,6937.95,0,0,2722.2,9660.15,dollars
6992-TKNYO,One Year,No,Credit card (automatic),6900,32.11,2669.45,0,0,1220.18,3889.63,cents
6993-OHLXR,Month-to-Month,No,Electronic check,68.95,30.73,119.75,0,0,61.46,181.21,dollars
6993-YCOBK,Two Year,Yes,Electronic check,110.6,40.36,6586.85,36.38,80,2421.6,9052.07,dollars
6993-YGFJV,Two Year,Yes,Bank transfer (automatic),11255,3.41,7806.5,0,0,235.29,8041.79,cents
6994-FGRHH,One Year,Yes,Electronic check,106.15,3.67,7475.1,0,0,256.9,7732,dollars
6994-KERXL,Month-to-Month,Yes,Electronic check,5590,17.7,238.5,0,0,70.8,309.3,cents
6994-ORCWG,One Year,Yes,Mailed check,54.25,21.03,773.2,0,0,294.42,1067.62,dollars
6996-KNSML,Month-to-Month,Yes,Electronic check,7490.000000000001,35.25,74.9,0,0,35.25,110.15,cents
6997-UVGOX,Two Year,No,Bank transfer (automatic),85.45,22.83,6029.9,0,0,1620.93,7650.83,dollars
6999-CHVCF,Two Year,Yes,Bank transfer (automatic),102.1,49.42,7149.35,0,0,3360.56,10509.91,dollars
7000-WCEVQ,Month-to-Month,Yes,Mailed check,61.6,27.11,1174.35,0,0,542.2,1716.55,dollars
7005-CCBKV,Month-to-Month,Yes,Electronic check,84.4,21.97,556.35,0,0,131.82,688.17,dollars
7005-CYUIL,Two Year,Yes,Electronic check,9940,12.26,7168.25,0,0,870.46,8038.71,cents
7008-LZVOZ,Two Year,Yes,Credit card (automatic),2530,38.55,1672.35,0,0,2544.3,4216.65,cents
7009-LGECI,Month-to-Month,Yes,Bank transfer (automatic),5055,22.07,235.65,0,0,88.28,323.93,cents
7009-PCARS,One Year,No,Bank transfer (automatic),19.1,39.29,1001.5,0,0,2160.95,3162.45,dollars
7010-BRBUU,Two Year,No,Credit card (automatic),24.1,19.64,1734.65,0,0,1414.08,3148.73,dollars
7010-ZMVBF,Month-to-Month,No,Mailed check,2045,14.6,357,0,0,262.8,619.8,cents
7011-CVEUC,Month-to-Month,Yes,Credit card (automatic),9570,3.81,2338.35,0,0,95.25,2433.6,cents
7013-PSXHK,One Year,Yes,Mailed check,8075,33.83,3208.65,0,0,1353.2,4561.85,cents
7014-ZZXAW,Two Year,Yes,Credit card (automatic),2425,8.21,1732.95,0,0,582.91,2315.86,cents
7016-BPGEU,Month-to-Month,Yes,Credit card (automatic),25.1,0,712.85,0,0,0,712.85,dollars
7016-NVRIC,One Year,No,Bank transfer (automatic),90.1,32.03,2656.7,0,0,928.87,3585.57,dollars
7017-VFHAY,Two Year,No,Credit card (automatic),115.1,20.01,7008.15,0,0,1220.61,8228.76,dollars
7017-VFULY,Month-to-Month,No,Bank transfer (automatic),2010.0000000000002,32.86,43.15,0,0,65.72,108.87,cents
7018-FPXHH,Two Year,Yes,Bank transfer (automatic),59.8,22.74,3457.45,35.01,0,1273.44,4695.88,dollars
7018-WBJNK,Month-to-Month,Yes,Credit card (automatic),7830,31.93,1033.95,0,150,415.09,1599.04,cents
7020-OZKXZ,Two Year,No,Credit card (automatic),75.5,24.96,637.4,0,0,224.64,862.04,dollars
7021-XSNYE,Two Year,No,Credit card (automatic),49.65,0,305.55,0,0,0,305.55,dollars
7024-OHCCK,Month-to-Month,Yes,Electronic check,93.85,19.27,170.85,0,0,38.54,209.39,dollars
7025-IWFHT,One Year,Yes,Electronic check,89.55,45.22,3729.75,0,0,1854.02,5583.77,dollars
7025-WCBNE,Two Year,No,Bank transfer (automatic),59.6,14.78,2754,0,0,694.66,3448.66,dollars
7026-YMSBE,One Year,No,Mailed check,1970,24.57,625.05,0,0,737.1,1362.15,cents
7028-DVOIQ,Month-to-Month,Yes,Electronic check,99.05,20.83,3395.8,0,120,729.05,4244.85,dollars
7029-IJEJK,One Year,No,Bank transfer (automatic),4410,0,2369.7,0,0,0,2369.7,cents
7029-RPUAV,Month-to-Month,Yes,Credit card (automatic),100.45,28.18,1622.45,0,0,479.06,2101.51,dollars
7030-FZTFM,Two Year,No,Credit card (automatic),110.9,45.32,7922.75,0,130,3263.04,11315.79,dollars
7030-NJVDP,Month-to-Month,Yes,Electronic check,89.25,10.23,2210.2,0,0,245.52,2455.72,dollars
7032-LMBHI,One Year,No,Bank transfer (automatic),6465.000000000001,37.18,2347.85,0,0,1375.66,3723.51,cents
7033-CLAMM,Two Year,No,Bank transfer (automatic),20.2,18.64,1027.25,0,0,894.72,1921.97,dollars
7036-TYDEC,Two Year,No,Electronic check,104,1.85,7028.5,0,0,127.65,7156.15,dollars
7036-ZZKBD,Month-to-Month,Yes,Credit card (automatic),6640.000000000001,25.3,2019.8,0,0,784.3,2804.1,cents
7037-MTYVW,Two Year,Yes,Bank transfer (automatic),85.4,17.52,3297,0,0,665.76,3962.76,dollars
7041-TXQJH,Month-to-Month,Yes,Credit card (automatic),4020.0000000000005,0,1478.85,0,0,0,1478.85,cents
7044-YAACC,Two Year,Yes,Electronic check,70.2,6.03,280.35,30.75,0,24.12,273.72,dollars
7047-FWEYA,One Year,Yes,Electronic check,10315,33.22,4594.65,0,130,1528.12,6252.77,cents
7047-YXDMZ,Month-to-Month,No,Mailed check,20,34.39,417.7,0,0,722.19,1139.89,dollars
7048-GXDAY,Month-to-Month,Yes,Electronic check,106.4,17.17,4040.65,0,0,669.63,4710.28,dollars
7049-GKVZY,One Year,No,Credit card (automatic),79.85,12.69,1387.35,0,0,215.73,1603.08,dollars
7054-DMVAS,Two Year,Yes,Bank transfer (automatic),6530,18.74,3512.9,0,0,1011.96,4524.86,cents
7054-ENNGU,Month-to-Month,No,Mailed check,50.85,12.59,466.6,0,0,113.31,579.91,dollars
7054-LGEQW,Month-to-Month,No,Mailed check,45.95,5.12,45.95,0,0,5.12,51.07,dollars
7055-HNEOJ,Month-to-Month,Yes,Mailed check,5580,4.19,154.55,0,0,12.57,167.12,cents
7055-JCGNI,Two Year,Yes,Credit card (automatic),111.95,44.57,7795.95,0,0,3119.9,10915.85,dollars
7055-VKGDA,One Year,Yes,Credit card (automatic),105.4,49.98,5643.4,0,0,2698.92,8342.32,dollars
7056-IMHCC,Month-to-Month,Yes,Electronic check,101.9,7.94,5549.4,0,0,420.82,5970.22,dollars
7061-OVMIM,One Year,No,Bank transfer (automatic),19.55,21.14,608.5,0,0,634.2,1242.7,dollars
7064-FRRSW,One Year,Yes,Electronic check,99,5.87,4744.35,0,0,281.76,5026.11,dollars
7064-JHXCE,Two Year,No,Credit card (automatic),20.05,20.96,1263.9,0,0,1299.52,2563.42,dollars
7065-YUNRY,Month-to-Month,Yes,Mailed check,45.3,39.94,45.3,0,0,39.94,85.24,dollars
7067-KSAZT,One Year,Yes,Electronic check,10625,18.69,6979.8,0,0,1214.85,8194.65,cents
7072-MBHEV,Month-to-Month,Yes,Credit card (automatic),78.1,17.66,864.85,0,0,194.26,1059.11,dollars
7073-QETQY,One Year,Yes,Electronic check,20.35,45.03,1359.5,0,0,2971.98,4331.48,dollars
7074-IEVOJ,Month-to-Month,Yes,Electronic check,7940.000000000001,41.9,205.05,0,0,125.7,330.75,cents
7074-STDCN,Month-to-Month,Yes,Electronic check,40.6,0,1494.5,0,0,0,1494.5,dollars
7075-BNDVQ,Month-to-Month,No,Mailed check,3500,0,135.75,0,50,0,185.75,cents
7077-XJMET,Month-to-Month,Yes,Electronic check,74.15,49.39,741.4,0,0,592.68,1334.08,dollars
7078-NVFAM,Month-to-Month,Yes,Electronic check,3515,0,1051.05,0,0,0,1051.05,cents
7079-QRCBC,Month-to-Month,Yes,Electronic check,98.75,37.69,2407.3,0,0,904.56,3311.86,dollars
7080-TNUWP,One Year,Yes,Bank transfer (automatic),95,31.13,6602.9,0,0,2179.1,8782,dollars
7083-MIOPC,Two Year,No,Credit card (automatic),20.25,42.36,1566.9,0,0,3049.92,4616.82,dollars
7083-YNSKY,Month-to-Month,Yes,Credit card (automatic),25.4,45.84,399.6,0,0,687.6,1087.2,dollars
7088-FBAWU,Month-to-Month,No,Mailed check,74.55,44.9,1215.8,0,0,763.3,1979.1,dollars
7089-IVVAZ,Month-to-Month,Yes,Bank transfer (automatic),10335,19.68,847.3,0,0,157.44,1004.74,cents
7089-RKVSZ,One Year,No,Mailed check,24.4,23.18,203.95,0,0,185.44,389.39,dollars
7089-XXAYG,One Year,Yes,Credit card (automatic),3810,0,970.4,0,100,0,1070.4,cents
7094-MSZAO,Month-to-Month,Yes,Credit card (automatic),20.05,13.83,218.5,0,0,138.3,356.8,dollars
7096-UCLNH,Month-to-Month,No,Mailed check,20.05,11.1,20.05,0,0,11.1,31.15,dollars
7096-ZNBZI,Two Year,No,Credit card (automatic),26.45,22.22,1914.5,0,0,1599.84,3514.34,dollars
7100-FQPRV,One Year,Yes,Credit card (automatic),71.9,48.1,3173.35,0,0,2068.3,5241.65,dollars
7101-HRBLJ,Two Year,Yes,Bank transfer (automatic),83.7,16.05,6096.9,0,0,1155.6,7252.5,dollars
7102-JJVTX,One Year,No,Mailed check,48.6,30.07,422.3,20.45,0,270.63,672.48,dollars
7103-IPXPJ,One Year,No,Electronic check,9940,26.06,5059.75,0,0,1303,6362.75,cents
7103-ZGVNT,One Year,No,Credit card (automatic),73.7,7.84,4885.85,0,0,540.96,5426.81,dollars
7105-BENQF,One Year,No,Mailed check,64.85,43.69,950.75,0,0,655.35,1606.1,dollars
7105-MXJLL,One Year,No,Mailed check,60.7,17.12,1597.4,0,0,445.12,2042.52,dollars
7107-UBYKY,Month-to-Month,Yes,Electronic check,25.75,24.76,882.55,0,0,866.6,1749.15,dollars
7108-DGVUU,One Year,No,Bank transfer (automatic),7170,30.3,1497.05,0,100,636.3,2233.35,cents
7109-CQYUZ,Two Year,Yes,Mailed check,89.25,6.8,4652.4,0,0,353.6,5006,dollars
7109-MFBYV,Month-to-Month,No,Electronic check,4545,29.07,1233.15,0,0,755.82,1988.97,cents
7110-BDTWG,Two Year,Yes,Electronic check,47.05,0,3263.6,0,0,0,3263.6,dollars
7112-OPOTK,Month-to-Month,No,Electronic check,68.25,28.84,2171.15,0,0,951.72,3122.87,dollars
7113-HIPFI,Two Year,No,Mailed check,65.85,26.91,4097.05,0,0,1776.06,5873.11,dollars
7114-AEOZE,Two Year,No,Bank transfer (automatic),19.85,31.12,1128.1,0,0,1867.2,2995.3,dollars
7115-IRDHS,Two Year,No,Bank transfer (automatic),24.65,24.42,1830.05,0,0,1758.24,3588.29,dollars
7120-RFMVS,Month-to-Month,No,Electronic check,84.5,6.89,84.5,0,0,6.89,91.39,dollars
7123-WQUHX,One Year,No,Bank transfer (automatic),95,3.95,3605.6,0,0,150.1,3755.7,dollars
7124-UGSUR,One Year,Yes,Credit card (automatic),104.4,35.11,6405,0,0,2141.71,8546.71,dollars
7126-RBHSD,Month-to-Month,No,Electronic check,78.9,21.15,1348.95,0,0,359.55,1708.5,dollars
7128-GGCNO,Month-to-Month,No,Bank transfer (automatic),72.8,41.1,3249.4,0,0,1890.6,5140,dollars
7129-ACFOG,Month-to-Month,Yes,Electronic check,53.8,49.4,283.95,0,10,247,540.95,dollars
7129-AZJDE,One Year,Yes,Bank transfer (automatic),78.95,3.54,2647.2,0,0,120.36,2767.56,dollars
7129-CAKJW,Month-to-Month,No,Bank transfer (automatic),8005,44.96,1345.65,0,0,764.32,2109.97,cents
7130-CTCUS,Two Year,Yes,Bank transfer (automatic),5455,35.53,825.1,0,0,568.48,1393.58,cents
7130-VTEWQ,Month-to-Month,Yes,Electronic check,75.75,13.8,606.25,0,0,110.4,716.65,dollars
7130-YXBRO,Month-to-Month,Yes,Bank transfer (automatic),111.45,22.36,5315.1,0,0,1073.28,6388.38,dollars
7131-ZQZNK,Two Year,No,Credit card (automatic),5985,0,3590.2,0,0,0,3590.2,cents
7133-VBDCG,Month-to-Month,Yes,Bank transfer (automatic),79.85,26.81,2015.35,0,0,670.25,2685.6,dollars
7134-HBPBS,Two Year,Yes,Bank transfer (automatic),108.1,26.87,7774.05,0,0,1934.64,9708.69,dollars
7134-MJPDY,One Year,Yes,Credit card (automatic),102.85,11.63,6976.75,0,60,767.58,7804.33,dollars
7136-IHZJA,Month-to-Month,Yes,Mailed check,71.35,29.14,2847.2,0,0,1165.6,4012.8,dollars
7136-RVDTZ,One Year,Yes,Electronic check,45.25,0,3264.45,0,0,0,3264.45,dollars
7137-NAXML,One Year,No,Bank transfer (automatic),20.15,26.37,405.6,0,0,606.51,1012.11,dollars
7137-RYLPP,Month-to-Month,Yes,Electronic check,85.7,46.61,3171.15,0,0,1724.57,4895.72,dollars
7138-GIRSH,Two Year,No,Bank transfer (automatic),6950,27.04,3418.2,5.73,0,1352,4764.47,cents
7139-JZFVG,Two Year,No,Bank transfer (automatic),60.5,43.24,3694.45,0,0,2594.4,6288.85,dollars
7140-ADSMJ,Month-to-Month,Yes,Credit card (automatic),20.45,35.21,162.3,0,0,281.68,443.98,dollars
7142-HVGBG,Month-to-Month,Yes,Electronic check,103,17.43,4414.3,0,0,749.49,5163.79,dollars
7143-BQIBA,Month-to-Month,No,Bank transfer (automatic),62.25,7.65,612.95,0,0,76.5,689.45,dollars
7145-FEJWU,Month-to-Month,Yes,Electronic check,10530,16.96,1275.65,0,0,203.52,1479.17,cents
7147-AYBAA,Month-to-Month,Yes,Mailed check,7034.999999999999,28.84,2552.9,0,0,1067.08,3619.98,cents
7148-XZPHA,Month-to-Month,No,Electronic check,79.4,13.45,4238.45,0,0,739.75,4978.2,dollars
7153-CHRBV,One Year,Yes,Mailed check,5930,18.85,3274.35,0,0,1074.45,4348.8,cents
7153-OANIO,Month-to-Month,No,Electronic check,69.95,27.58,69.95,0,0,27.58,97.53,dollars
7156-MHUGY,Month-to-Month,Yes,Electronic check,90.5,26.11,1201.15,29.84,140,339.43,1650.74,dollars
7156-MXBJE,One Year,No,Credit card (automatic),8510,2.49,3662.25,0,30,107.07,3799.32,cents
7157-SMCFK,Two Year,No,Mailed check,1975,15.02,1124.2,0,0,916.22,2040.42,cents
7159-FVYPK,Month-to-Month,Yes,Bank transfer (automatic),6915.000000000001,24.28,235,0,0,72.84,307.84,cents
7159-NOKYQ,Two Year,Yes,Electronic check,93.15,17.4,6368.2,0,90,1165.8,7624,dollars
7161-DFHUF,Two Year,No,Mailed check,23.85,21.19,1672.1,0,0,1504.49,3176.59,dollars
7162-WPHPM,Two Year,No,Credit card (automatic),71.6,40.57,4230.25,45.54,0,2353.06,6537.77,dollars
7163-OCEQI,One Year,Yes,Mailed check,78.65,36.15,1663.75,0,0,795.3,2459.05,dollars
7164-BPTUT,Two Year,No,Mailed check,8955,9.36,5012.35,30.45,0,533.52,5515.42,cents
7167-PCEYD,Two Year,Yes,Mailed check,19.8,4.72,1311.3,0,0,316.24,1627.54,dollars
7168-HDQHG,Month-to-Month,No,Bank transfer (automatic),19.2,20.57,702.9,0,0,740.52,1443.42,dollars
7169-YWAMK,Two Year,No,Bank transfer (automatic),6840.000000000001,15.96,4855.35,0,0,1149.12,6004.47,cents
7173-TETGO,Two Year,No,Bank transfer (automatic),78.5,32.37,5602.25,0,0,2330.64,7932.89,dollars
7175-NTIXE,Month-to-Month,Yes,Credit card (automatic),76.15,21.67,1992.95,0,0,541.75,2534.7,dollars
7176-WIONM,Month-to-Month,Yes,Bank transfer (automatic),49.85,0,617.15,0,0,0,617.15,dollars
7176-WRTNX,Two Year,Yes,Bank transfer (automatic),11495,14.63,7711.25,0,0,1024.1,8735.35,cents
7180-PISOG,Month-to-Month,Yes,Electronic check,74.5,36.44,74.5,0,0,36.44,110.94,dollars
7181-BQYBV,Month-to-Month,Yes,Electronic check,10245,25.88,102.45,0,0,25.88,128.33,cents
7181-OQCUT,Month-to-Month,No,Mailed check,103.85,15.89,2215,0,0,333.69,2548.69,dollars
7182-OVLBJ,Two Year,Yes,Bank transfer (automatic),10115,28.64,6638.35,0,30,1775.68,8444.03,cents
7184-LRUUR,One Year,No,Bank transfer (automatic),65.25,1.74,1441.8,0,0,38.28,1480.08,dollars
7188-CBBBA,One Year,Yes,Electronic check,95.5,27.68,6153.85,0,80,1799.2,8033.05,dollars
7190-XHTWJ,One Year,No,Mailed check,19.3,32.63,755.5,0,0,1239.94,1995.44,dollars
7191-ADRGF,Two Year,No,Bank transfer (automatic),54.3,0,2390.45,0,0,0,2390.45,dollars
7196-LIWRH,Two Year,No,Mailed check,19.55,7.35,124.45,0,0,44.1,168.55,dollars
7197-VOJMM,Two Year,Yes,Credit card (automatic),69.2,47.46,4671.65,0,0,3179.82,7851.47,dollars
7198-GLXTC,Month-to-Month,No,Electronic check,79,48.66,143.65,0,0,97.32,240.97,dollars
7203-OYKCT,One Year,Yes,Electronic check,104.95,33.93,7544.3,25.42,0,2442.96,9961.84,dollars
7205-BAIAD,Two Year,Yes,Bank transfer (automatic),2060,22.89,827.3,0,0,915.6,1742.9,cents
7206-GZCDC,Month-to-Month,Yes,Electronic check,6925,29.68,69.25,0,0,29.68,98.93,cents
7206-PQBBZ,Two Year,Yes,Electronic check,7020,24.42,834.7,0,0,268.62,1103.32,cents
7207-RMRDB,Month-to-Month,Yes,Electronic check,105.5,34.14,6985.65,0,0,2219.1,9204.75,dollars
7208-PSIHR,Two Year,Yes,Bank transfer (automatic),104.3,5.46,7188.5,0,30,382.2,7600.7,dollars
7209-JCUDS,Month-to-Month,Yes,Electronic check,9490,40.22,1048.85,0,0,402.2,1451.05,cents
7216-EWTRS,Month-to-Month,Yes,Electronic check,100.8,17.35,100.8,0,0,17.35,118.15,dollars
7216-KAOID,One Year,No,Bank transfer (automatic),19.5,39.53,798.2,0,0,1620.73,2418.93,dollars
7217-JYHOQ,Month-to-Month,Yes,Credit card (automatic),70.3,44.57,1706.45,0,0,1069.68,2776.13,dollars
7218-HKQFK,Month-to-Month,Yes,Electronic check,94.2,18.79,167.5,0,0,37.58,205.08,dollars
7219-TLZHO,Month-to-Month,No,Mailed check,20.85,39.89,62.9,0,0,159.56,222.46,dollars
7225-CBZPL,Two Year,Yes,Electronic check,94.8,46.44,1563.9,0,0,789.48,2353.38,dollars
7225-IILWY,Two Year,No,Mailed check,25.75,26.83,1686.15,0,0,1824.44,3510.59,dollars
7228-OMTPN,Month-to-Month,Yes,Electronic check,88.45,49.14,370.65,0,0,196.56,567.21,dollars
7228-PAQPD,One Year,No,Credit card (automatic),59.1,34.01,772.85,0,0,476.14,1248.99,dollars
7233-DRTRF,Month-to-Month,Yes,Electronic check,10240,17.75,6444.05,0,0,1118.25,7562.3,cents
7233-IOQNP,Month-to-Month,No,Bank transfer (automatic),3400,0,1505.35,49.22,0,0,1456.13,cents
7233-PAHHL,Two Year,Yes,Mailed check,84,6.22,5714.25,0,0,410.52,6124.77,dollars
7234-FECYN,Month-to-Month,No,Electronic check,10135,43.98,780.5,0,0,351.84,1132.34,cents
7234-KMNRQ,Month-to-Month,No,Mailed check,19,8.38,73.45,0,0,33.52,106.97,dollars
7235-NXZCP,Month-to-Month,Yes,Mailed check,74.85,45.41,156.4,0,0,90.82,247.22,dollars
7239-HZZCX,Month-to-Month,No,Mailed check,1975,29.33,19.75,0,0,29.33,49.08,cents
7240-ETPTR,Month-to-Month,Yes,Electronic check,4875,0,442.2,0,10,0,452.2,cents
7240-FQLHE,Month-to-Month,No,Bank transfer (automatic),99.75,25.27,1836.25,0,0,454.86,2291.11,dollars
7241-AJHFS,Month-to-Month,No,Bank transfer (automatic),87.65,6.2,2766.4,47.87,150,198.4,3066.93,dollars
7242-EDTYC,Two Year,No,Bank transfer (automatic),19.55,14.37,819.95,0,0,632.28,1452.23,dollars
7242-QZLXF,Month-to-Month,Yes,Electronic check,25.3,0,25.3,0,10,0,35.3,dollars
7243-LCGGZ,Month-to-Month,No,Mailed check,20.9,10.21,20.9,0,0,10.21,31.11,dollars
7244-KXYZN,One Year,No,Credit card (automatic),20.45,5.98,527.35,0,0,143.52,670.87,dollars
7244-QWYHG,One Year,Yes,Bank transfer (automatic),4445,0,2188.45,0,0,0,2188.45,cents
7245-JMTTQ,One Year,Yes,Electronic check,11150,43.79,5703.25,0,0,2233.29,7936.54,cents
7245-NIIWQ,Month-to-Month,Yes,Electronic check,6984.999999999999,34.76,199.85,0,0,104.28,304.13,cents
7246-ZGQDF,Month-to-Month,No,Electronic check,54.5,33.21,54.5,0,0,33.21,87.71,dollars
7247-XOZPB,One Year,No,Bank transfer (automatic),77.4,47.55,4155.95,0,0,2520.15,6676.1,dollars
7248-VZQLC,Month-to-Month,Yes,Bank transfer (automatic),85.2,16.83,3969.35,0,0,791.01,4760.36,dollars
7249-WBIYX,Month-to-Month,Yes,Electronic check,8560,30.1,813.85,0,0,301,1114.85,cents
7250-EQKIY,Month-to-Month,No,Mailed check,5045,9.73,50.45,0,0,9.73,60.18,cents
7251-LJBQN,One Year,Yes,Credit card (automatic),10375,28.54,4188.4,0,0,1141.6,5330,cents
7251-XFOIL,Month-to-Month,No,Mailed check,89.2,14.52,5500.6,0,0,885.72,6386.32,dollars
7252-NTGSS,Month-to-Month,No,Mailed check,45.15,42.34,45.15,0,0,42.34,87.49,dollars
7253-UVNDW,Two Year,No,Credit card (automatic),54.35,45.2,2460.15,0,0,2079.2,4539.35,dollars
7254-IQWOZ,Month-to-Month,Yes,Electronic check,6965.000000000001,28.7,69.65,0,0,28.7,98.35,cents
7255-SSFBC,Two Year,Yes,Bank transfer (automatic),112.25,11.66,8041.65,0,0,839.52,8881.17,dollars
7266-GSSJX,Month-to-Month,Yes,Electronic check,2045,16.67,250.8,0,0,183.37,434.17,cents
7267-FRMJW,Two Year,No,Mailed check,20.1,4.57,486.05,0,0,114.25,600.3,dollars
7268-IGMFD,Two Year,No,Bank transfer (automatic),93.9,1.92,1743.9,0,0,34.56,1778.46,dollars
7268-WNTCP,Two Year,No,Bank transfer (automatic),2045,1.87,1297.35,0,0,115.94,1413.29,cents
7269-JISCY,One Year,No,Bank transfer (automatic),45.05,33.6,2462.6,0,0,1848,4310.6,dollars
7270-BDIOA,Month-to-Month,Yes,Electronic check,90,12.19,1993.8,0,0,268.18,2261.98,dollars
7271-AJDTL,Month-to-Month,Yes,Credit card (automatic),94.45,34.61,5073.1,0,0,1903.55,6976.65,dollars
7272-QDCKA,One Year,No,Electronic check,100.2,12.36,2688.45,42.64,0,346.08,2991.89,dollars
7273-TEFQD,Month-to-Month,Yes,Electronic check,41.15,0,132.2,0,0,0,132.2,dollars
7274-CGTOD,Two Year,Yes,Bank transfer (automatic),43.7,0,2618.3,0,0,0,2618.3,dollars
7274-RTAPZ,Month-to-Month,Yes,Electronic check,90.55,7.15,90.55,0,0,7.15,97.7,dollars
7277-KAMWT,Two Year,No,Credit card (automatic),20,1.61,268.45,0,0,20.93,289.38,dollars
7277-OZCGZ,Month-to-Month,Yes,Electronic check,89.05,6,1886.25,0,0,132,2018.25,dollars
7278-CKDNC,Two Year,Yes,Electronic check,80.5,46.13,2088.45,0,0,1107.12,3195.57,dollars
7279-BUYWN,Month-to-Month,Yes,Electronic check,113.2,27.95,4689.5,0,0,1145.95,5835.45,dollars
7279-NMVJC,One Year,No,Bank transfer (automatic),1989.9999999999998,25.62,323.15,0,0,435.54,758.69,cents
7284-BUYEC,Month-to-Month,Yes,Credit card (automatic),50.95,0,229.4,0,0,0,229.4,dollars
7284-ZZLOH,Two Year,No,Credit card (automatic),5330,43.27,2296.25,0,90,1947.15,4333.4,cents
7285-KLOTR,One Year,No,Electronic check,7884.999999999999,25.09,876.75,0,0,301.08,1177.83,cents
7291-CDTMJ,Month-to-Month,Yes,Bank transfer (automatic),19.65,13.85,19.65,0,0,13.85,33.5,dollars
7293-LSCDV,Two Year,Yes,Credit card (automatic),19.25,23.68,1103.25,0,0,1420.8,2524.05,dollars
7294-TMAOP,Month-to-Month,No,Electronic check,90.55,15.44,90.55,0,60,15.44,165.99,dollars
7295-JOMMD,Month-to-Month,Yes,Bank transfer (automatic),98.1,5.63,396.3,0,0,22.52,418.82,dollars
7296-PIXQY,Month-to-Month,No,Electronic check,70.2,23,1046.5,0,0,322,1368.5,dollars
7297-DVYGA,One Year,Yes,Bank transfer (automatic),1985.0000000000002,29.87,996.95,0,0,1523.37,2520.32,cents
7298-IZWLY,Month-to-Month,Yes,Mailed check,19.4,23.97,19.4,0,0,23.97,43.37,dollars
7299-GNVPL,Month-to-Month,No,Mailed check,8440,27.24,1936.85,0,0,626.52,2563.37,cents
7301-ABVAD,Two Year,No,Bank transfer (automatic),8660,8.29,6350.5,0,0,596.88,6947.38,cents
7302-ZHMHP,Month-to-Month,No,Mailed check,19.15,22.37,19.15,0,0,22.37,41.52,dollars
7305-ZWMAJ,One Year,No,Credit card (automatic),2070,22.89,587.1,0,0,686.7,1273.8,cents
7306-YDSOI,Two Year,Yes,Bank transfer (automatic),59.75,49.4,4069.9,0,0,3408.6,7478.5,dollars
7310-EGVHZ,Month-to-Month,No,Bank transfer (automatic),2020,24.48,20.2,0,0,24.48,44.68,cents
7311-MQJCH,One Year,No,Electronic check,1955,37.97,99.6,0,0,189.85,289.45,cents
7312-XSBAT,Month-to-Month,No,Electronic check,4975,41.79,49.75,0,0,41.79,91.54,cents
7314-OXENN,Month-to-Month,Yes,Electronic check,8200,41.18,184.65,0,0,82.36,267.01,cents
7315-WYOAW,Month-to-Month,No,Electronic check,100.75,44.43,1313.25,0,120,577.59,2010.84,dollars
7317-GGVPB,Two Year,Yes,Credit card (automatic),108.6,5.76,7690.9,0,20,408.96,8119.86,dollars
7318-EIVKO,Month-to-Month,Yes,Electronic check,59.25,48.2,436.6,0,0,385.6,822.2,dollars
7319-VENRZ,Month-to-Month,No,Bank transfer (automatic),6430,31.84,445.95,0,0,222.88,668.83,cents
7319-ZNRTR,One Year,No,Electronic check,19.6,15.76,411.15,0,0,394,805.15,dollars
7321-KKSDU,Two Year,No,Mailed check,2050,16.94,696.8,0,0,542.08,1238.88,cents
7321-PKUYW,Month-to-Month,No,Electronic check,90.15,22.36,987.95,0,0,245.96,1233.91,dollars
7321-VGNKU,Month-to-Month,Yes,Electronic check,70.35,7.7,120.25,0,20,15.4,155.65,dollars
7321-ZNSLA,Two Year,No,Mailed check,40.55,0,590.35,0,0,0,590.35,dollars
7322-OCWHC,Two Year,Yes,Bank transfer (automatic),9305,1.34,6735.05,0,0,96.48,6831.53,cents
7325-ENZFI,One Year,Yes,Bank transfer (automatic),40.3,0,1630.4,0,0,0,1630.4,dollars
7326-RIGQZ,Month-to-Month,Yes,Electronic check,6980,38.5,377.85,0,0,231,608.85,cents
7328-OWMOM,One Year,No,Credit card (automatic),2010.0000000000002,33.71,589.25,0,0,1045.01,1634.26,cents
7328-ZJAJO,Two Year,No,Credit card (automatic),1950,9.51,1222.65,0,0,561.09,1783.74,cents
7330-WZLNC,Month-to-Month,Yes,Electronic check,9080,1.49,455.5,0,0,7.45,462.95,cents
7336-RLLRH,One Year,No,Mailed check,80.85,11.83,2204.35,0,0,319.41,2523.76,dollars
7337-CINUD,Two Year,No,Bank transfer (automatic),1950,17.2,159.35,0,0,137.6,296.95,cents
7338-ERIVA,One Year,No,Bank transfer (automatic),45.05,0,1790.6,0,0,0,1790.6,dollars
7339-POGZN,Month-to-Month,No,Electronic check,50.7,16.25,214.55,39.92,0,65,239.63,dollars
7340-KEFQE,Two Year,No,Bank transfer (automatic),3420.0000000000005,0,1782,9.39,0,0,1772.61,cents
7341-LXCAF,Month-to-Month,Yes,Electronic check,7465.000000000001,48.64,301.4,0,0,194.56,495.96,cents
7343-EOBEU,Month-to-Month,Yes,Mailed check,2360,14.1,89.05,0,0,42.3,131.35,cents
7346-MEDWM,Month-to-Month,Yes,Electronic check,83.25,31.23,4949.1,0,0,1842.57,6791.67,dollars
7349-ALMUX,Two Year,No,Bank transfer (automatic),65.6,38.43,2313.8,0,0,1421.91,3735.71,dollars
7351-KYHQH,Two Year,Yes,Electronic check,6495,7.82,493.65,0,0,54.74,548.39,cents
7351-MHQVU,Month-to-Month,No,Credit card (automatic),50.95,0,307.6,0,0,0,307.6,dollars
7353-YOWFP,One Year,No,Mailed check,2025,39.59,129.15,0,0,277.13,406.28,cents
7354-OIJLX,Month-to-Month,Yes,Electronic check,75.85,7.32,724.65,0,0,65.88,790.53,dollars
7356-AYNJP,One Year,No,Electronic check,2390,6.36,97.5,0,0,25.44,122.94,cents
7356-IWLFW,Month-to-Month,Yes,Bank transfer (automatic),8000,5.52,3769.7,0,0,253.92,4023.62,cents
7359-PTSXY,Month-to-Month,No,Electronic check,45.75,24.24,45.75,0,0,24.24,69.99,dollars
7359-SSBJK,Two Year,Yes,Credit card (automatic),7020,29.12,4481,0,0,1863.68,6344.68,cents
7359-WWYJV,Two Year,No,Credit card (automatic),11445,6.29,8375.05,0,0,452.88,8827.93,cents
7361-YPXFS,Two Year,No,Bank transfer (automatic),64.45,12.72,1867.6,0,0,356.16,2223.76,dollars
7363-QTBIW,Month-to-Month,Yes,Electronic check,7975,6.78,769.1,0,0,61.02,830.12,cents
7365-BVCJH,Month-to-Month,Yes,Electronic check,24.4,0,24.4,0,0,0,24.4,dollars
7369-TRPFD,One Year,No,Mailed check,1880,17.17,279.2,0,0,326.23,605.43,cents
7375-WMVMT,Two Year,Yes,Credit card (automatic),95.5,1.23,6707.15,0,0,87.33,6794.48,dollars
7377-DMMRI,Month-to-Month,Yes,Electronic check,47.8,13.73,92.45,0,0,27.46,119.91,dollars
7379-FNIUJ,Month-to-Month,No,Electronic check,10020,22.56,198.5,0,10,45.12,253.62,cents
7379-POKDZ,Month-to-Month,Yes,Electronic check,70.3,26.71,208.85,0,0,80.13,288.98,dollars
7382-DFJTU,Month-to-Month,No,Credit card (automatic),55.2,47.72,1058.1,0,0,858.96,1917.06,dollars
7384-GHBPI,Month-to-Month,Yes,Electronic check,35.15,0,99.75,0,0,0,99.75,dollars
7389-KBFIT,Month-to-Month,Yes,Mailed check,30.25,0,63.75,0,0,0,63.75,dollars
7392-YYPYJ,Month-to-Month,Yes,Electronic check,10065,28.42,2415.95,5.01,0,625.24,3036.18,cents
7394-FKDNK,Month-to-Month,No,Electronic check,89.45,26.51,853.1,0,0,238.59,1091.69,dollars
7394-LWLYN,Month-to-Month,Yes,Electronic check,70.15,33.75,123.8,0,0,67.5,191.3,dollars
7395-IGJOS,Month-to-Month,No,Bank transfer (automatic),8150,9.5,1329.2,0,0,161.5,1490.7,cents
7395-XWZOY,Month-to-Month,Yes,Credit card (automatic),55,0,1165.55,0,0,0,1165.55,dollars
7396-VJUZB,Month-to-Month,No,Mailed check,4525,35.09,155.35,0,0,140.36,295.71,cents
7398-HPYZQ,Two Year,No,Bank transfer (automatic),90.55,28.58,6404,0,0,2029.18,8433.18,dollars
7398-LXGYX,Month-to-Month,Yes,Credit card (automatic),84.8,21.39,3626.35,43.96,0,941.16,4523.55,dollars
7398-SKNQZ,Month-to-Month,No,Electronic check,94.9,2.97,273.2,0,0,8.91,282.11,dollars
7399-QHBJS,Two Year,No,Credit card (automatic),66.75,22.62,4760.3,0,0,1628.64,6388.94,dollars
7401-JIXNM,Two Year,No,Credit card (automatic),9130,29.66,4965,0,0,1601.64,6566.64,cents
7401-RUBNK,Month-to-Month,No,Electronic check,7480,43.29,1438.05,0,0,779.22,2217.27,cents
7402-EYFXX,Two Year,Yes,Electronic check,93.6,25.04,2404.1,0,0,651.04,3055.14,dollars
7402-PWYJJ,One Year,Yes,Electronic check,91.15,42.18,4862.5,0,150,2235.54,7248.04,dollars
7404-JLKQG,Month-to-Month,No,Electronic check,5755,48.3,161.45,0,0,144.9,306.35,cents
7407-SUJIZ,Month-to-Month,No,Mailed check,2060,13.36,541.5,0,0,334,875.5,cents
7408-OFWXJ,Two Year,No,Credit card (automatic),8980,44.92,6510.45,0,0,3234.24,9744.69,cents
7409-JURKQ,One Year,Yes,Bank transfer (automatic),111.8,41.82,5809.75,0,0,2216.46,8026.21,dollars
7409-KIUTL,Month-to-Month,Yes,Electronic check,71,28.64,71,0,0,28.64,99.64,dollars
7410-KTVFV,Month-to-Month,Yes,Mailed check,49.55,19.05,878.35,0,0,342.9,1221.25,dollars
7410-OIEDU,Month-to-Month,Yes,Mailed check,7984.999999999999,48.38,887.35,0,0,483.8,1371.15,cents
7410-YTJIK,Month-to-Month,No,Mailed check,75.45,18.1,480.75,0,0,126.7,607.45,dollars
7416-CKTEP,Two Year,Yes,Bank transfer (automatic),19.6,23.28,1134.25,0,0,1326.96,2461.21,dollars
7421-ZLUPA,Month-to-Month,Yes,Mailed check,2925,0,226.95,0,0,0,226.95,cents
7422-WNBTY,Month-to-Month,Yes,Electronic check,93.35,31.76,3092,0,0,1048.08,4140.08,dollars
7426-GSWPO,Month-to-Month,Yes,Bank transfer (automatic),103.5,19.2,6548.65,0,0,1228.8,7777.45,dollars
7426-RHZGU,Month-to-Month,Yes,Bank transfer (automatic),95.9,30.8,827.45,0,0,277.2,1104.65,dollars
7426-WEIJX,Two Year,Yes,Electronic check,80.95,18.23,4859.1,49.53,0,1093.8,5903.37,dollars
7427-AUFPY,Two Year,No,Credit card (automatic),19.65,25.72,1008.7,0,0,1388.88,2397.58,dollars
7432-FFVAR,One Year,No,Bank transfer (automatic),90.95,6.26,4236.6,0,50,287.96,4574.56,dollars
7434-SHXLS,Month-to-Month,No,Mailed check,20.9,15.73,20.9,0,0,15.73,36.63,dollars
7435-ZNUYY,One Year,No,Mailed check,20.6,12.17,116.6,0,0,73.02,189.62,dollars
7439-DKZTW,Month-to-Month,Yes,Electronic check,80.55,5.93,80.55,0,60,5.93,146.48,dollars
7442-YGZFK,Month-to-Month,Yes,Credit card (automatic),49.8,3.97,49.8,0,0,3.97,53.77,dollars
7445-WMRBW,One Year,Yes,Bank transfer (automatic),73.85,21.39,3581.4,0,60,1026.72,4668.12,dollars
7446-KQISO,Two Year,Yes,Bank transfer (automatic),109.75,7.48,4900.65,0,0,336.6,5237.25,dollars
7446-SFAOA,One Year,Yes,Bank transfer (automatic),19.85,15.51,717.5,0,0,573.87,1291.37,dollars
7446-YPODE,Two Year,No,Bank transfer (automatic),6025,48.33,662.95,0,120,531.63,1314.58,cents
7449-HVPIV,Month-to-Month,Yes,Credit card (automatic),90.4,22.56,5099.15,0,0,1240.8,6339.95,dollars
7450-NWRTR,Month-to-Month,Yes,Electronic check,99.45,21.89,1200.15,0,0,262.68,1462.83,dollars
7452-FOLON,One Year,No,Bank transfer (automatic),25.45,46.57,958.45,0,0,1816.23,2774.68,dollars
7459-IMVYU,Month-to-Month,No,Electronic check,69.95,28,2657.55,0,90,1064,3811.55,dollars
7459-RRWQZ,Month-to-Month,Yes,Bank transfer (automatic),64.65,47.57,994.55,0,0,713.55,1708.1,dollars
7460-ITWWP,One Year,Yes,Electronic check,8610,40.85,3861.45,12.19,0,1838.25,5687.51,cents
7463-IFMQU,Two Year,No,Bank transfer (automatic),2005,47.24,1423.65,0,0,3401.28,4824.93,cents
7465-ZZRVX,Month-to-Month,Yes,Electronic check,70.35,14.42,70.35,0,10,14.42,94.77,dollars
7469-LKBCI,Two Year,No,Credit card (automatic),18.95,32.62,326.8,0,0,521.92,848.72,dollars
7470-DYNOE,One Year,Yes,Electronic check,6110,4.82,3357.9,0,0,255.46,3613.36,cents
7470-MCQTK,Month-to-Month,Yes,Bank transfer (automatic),48.75,0,633.4,0,0,0,633.4,dollars
7471-MQPOS,One Year,Yes,Bank transfer (automatic),72.9,46.11,5139.65,0,20,3273.81,8433.46,dollars
7471-WNSUF,One Year,No,Bank transfer (automatic),2415,16.42,1505.9,0,0,985.2,2491.1,cents
7472-EQOAV,One Year,Yes,Bank transfer (automatic),86.7,30.16,6179.35,0,0,2141.36,8320.71,dollars
7473-ZBDSN,Two Year,No,Mailed check,1880,44.55,255.55,0,0,623.7,879.25,cents
7479-NITWS,Month-to-Month,Yes,Credit card (automatic),89.35,36.84,631.85,0,60,257.88,949.73,dollars
7480-QNVZJ,Month-to-Month,Yes,Electronic check,9570,18.92,4816.7,0,0,946,5762.7,cents
7480-SPLEF,Two Year,Yes,Bank transfer (automatic),26,11.6,1796.55,0,0,800.4,2596.95,dollars
7481-ATQQS,Month-to-Month,Yes,Credit card (automatic),90.85,44.88,4515.85,0,0,2199.12,6714.97,dollars
7483-IQWIB,Month-to-Month,Yes,Electronic check,92.95,38.89,3415.25,0,0,1438.93,4854.18,dollars
7486-KSRVI,One Year,Yes,Electronic check,100,39.37,4211.55,0,140,1692.91,6044.46,dollars
7488-MXJIV,Month-to-Month,Yes,Electronic check,85.65,43.32,321.65,0,10,173.28,504.93,dollars
7492-TAFJD,Two Year,No,Mailed check,38.55,0,280,0,0,0,280,dollars
7493-GVFIO,Two Year,No,Credit card (automatic),20.55,12.99,1252.85,0,0,740.43,1993.28,dollars
7493-TPUWZ,Month-to-Month,Yes,Electronic check,79.15,24.48,79.15,0,0,24.48,103.63,dollars
7495-OOKFY,Month-to-Month,Yes,Credit card (automatic),80.65,48.85,633.3,0,0,390.8,1024.1,dollars
7501-IWUNG,Two Year,Yes,Bank transfer (automatic),7380,1.27,4616.05,49.51,30,77.47,4674.01,cents
7501-VTYLJ,Month-to-Month,No,Mailed check,5155,18.61,106.2,0,0,37.22,143.42,cents
7502-BNYGS,Month-to-Month,Yes,Credit card (automatic),69.1,31.88,3168,0,0,1466.48,4634.48,dollars
7503-EPSZW,Two Year,Yes,Mailed check,24.05,17.93,1559.15,0,0,1147.52,2706.67,dollars
7503-MIOGA,Two Year,Yes,Bank transfer (automatic),8985,48.51,6697.35,0,0,3492.72,10190.07,cents
7503-QQRVF,Month-to-Month,Yes,Credit card (automatic),7430,26.12,1178.25,0,0,417.92,1596.17,cents
7503-ZGUZJ,Month-to-Month,Yes,Mailed check,8465,22.3,84.65,0,40,22.3,146.95,cents
7504-UWHNB,Month-to-Month,No,Electronic check,6975,40.11,1729.35,0,100,1002.75,2832.1,cents
7508-DQAKK,Two Year,Yes,Credit card (automatic),86.4,8.52,5442.05,0,0,545.28,5987.33,dollars
7508-KBIMB,One Year,Yes,Credit card (automatic),56.25,2.31,1454.25,0,0,55.44,1509.69,dollars
7508-MYBOG,Month-to-Month,Yes,Electronic check,86.1,7.26,1235.55,0,0,101.64,1337.19,dollars
7508-SMHXL,One Year,No,Credit card (automatic),89,1.67,1288.3,45.69,0,25.05,1267.66,dollars
7511-YMXVQ,Month-to-Month,Yes,Electronic check,45.4,0,418.8,0,20,0,438.8,dollars
7515-LODFU,Two Year,No,Credit card (automatic),20.3,20.62,1356.3,0,0,1422.78,2779.08,dollars
7516-GMHUV,Two Year,Yes,Credit card (automatic),105.05,40.9,5163.3,0,0,2045,7208.3,dollars
7517-LDMPS,Month-to-Month,Yes,Electronic check,84.6,2.57,1017.35,0,0,30.84,1048.19,dollars
7517-SAWMO,Month-to-Month,Yes,Electronic check,73.2,25.75,1441.1,0,0,489.25,1930.35,dollars
7519-JTWQH,Two Year,Yes,Bank transfer (automatic),11050,23.92,7455.45,0,0,1650.48,9105.93,cents
7520-HQWJU,Month-to-Month,Yes,Bank transfer (automatic),6745,23.2,4508.65,41.67,0,1531.2,5998.18,cents
7521-AFHAB,Month-to-Month,No,Mailed check,4480,35.6,220.45,0,0,178,398.45,cents
7521-YXVZY,Month-to-Month,No,Mailed check,19.95,5.15,58.3,0,0,15.45,73.75,dollars
7524-VRLPL,Two Year,No,Credit card (automatic),74.1,13.36,5031,0,0,921.84,5952.84,dollars
7526-BEZQB,Month-to-Month,Yes,Electronic check,96.05,44.71,1148.1,0,0,536.52,1684.62,dollars
7526-IVLYU,Month-to-Month,Yes,Mailed check,19.65,35.59,68.35,0,0,106.77,175.12,dollars
7527-QNRUS,Two Year,Yes,Mailed check,2515,45.24,412.6,0,0,769.08,1181.68,cents
7529-ZDFXI,One Year,Yes,Electronic check,89.85,36.66,4925.35,0,0,2089.62,7014.97,dollars
7530-HDYDS,Month-to-Month,Yes,Credit card (automatic),84.25,17.66,3264.5,0,0,671.08,3935.58,dollars
7531-GQHME,Month-to-Month,No,Credit card (automatic),20.05,38.96,265.45,0,0,467.52,732.97,dollars
7534-BFESC,Month-to-Month,Yes,Electronic check,76.1,30.87,1712.7,0,0,740.88,2453.58,dollars
7537-CBQUZ,Month-to-Month,Yes,Bank transfer (automatic),10940,26.11,7031.45,0,0,1644.93,8676.38,cents
7537-RBWEA,Month-to-Month,Yes,Mailed check,25.15,0,25.15,0,0,0,25.15,dollars
7538-GWHML,Month-to-Month,No,Electronic check,69.65,7.64,145.15,0,0,15.28,160.43,dollars
7541-YLXCL,One Year,Yes,Mailed check,65.4,26.51,2498.4,0,0,954.36,3452.76,dollars
7542-CYDDM,Month-to-Month,No,Mailed check,2005,22.97,358.5,0,0,413.46,771.96,cents
7544-ZVIKX,One Year,Yes,Bank transfer (automatic),105.05,33.82,6004.85,0,0,1961.56,7966.41,dollars
7547-EKNFS,Month-to-Month,Yes,Bank transfer (automatic),9525,18.26,3959.35,27.3,0,766.92,4698.97,cents
7548-SEPYI,Month-to-Month,Yes,Electronic check,96.25,32.12,512.45,0,0,160.6,673.05,dollars
7549-MYGPK,Month-to-Month,Yes,Electronic check,100.55,8.98,6215.35,0,0,565.74,6781.09,dollars
7550-WIQVA,One Year,Yes,Electronic check,108.25,41.58,5431.4,0,0,2079,7510.4,dollars
7551-DACSP,Month-to-Month,Yes,Mailed check,55.3,1.86,324.25,0,0,11.16,335.41,dollars
7551-JOHTI,Month-to-Month,No,Mailed check,1950,32.45,19.5,0,0,32.45,51.95,cents
7552-KEYGT,Two Year,No,Bank transfer (automatic),1955,44.19,520.55,0,0,1193.13,1713.68,cents
7554-AKDQF,Month-to-Month,No,Mailed check,45.65,5.69,323.45,0,0,34.14,357.59,dollars
7554-NEWDD,Two Year,No,Bank transfer (automatic),2570,32.1,251.6,0,0,321,572.6,cents
7558-IMLMT,Two Year,Yes,Mailed check,20.8,8.82,1411.9,0,0,590.94,2002.84,dollars
7560-QJAVJ,Two Year,No,Bank transfer (automatic),7959.999999999999,47.72,5589.45,42.34,0,3340.4,8887.51,cents
7560-QRBXH,One Year,No,Mailed check,19.95,9.19,936.7,0,0,441.12,1377.82,dollars
7562-GSUHK,Month-to-Month,Yes,Credit card (automatic),93.2,40.76,1573.7,35.7,0,652.16,2190.16,dollars
7562-UXTPG,Month-to-Month,Yes,Mailed check,70.15,26.13,886.7,8.53,0,339.69,1217.86,dollars
7563-BIUPC,Month-to-Month,Yes,Electronic check,8059.999999999999,5.78,415.55,36.44,40,28.9,448.01,cents
7564-GHCVB,Two Year,No,Bank transfer (automatic),79.05,7.29,5730.7,0,80,524.88,6335.58,dollars
7566-DSRLQ,Two Year,Yes,Electronic check,110.15,12.85,7998.8,0,70,925.2,8994,dollars
7567-ECMCM,Month-to-Month,Yes,Credit card (automatic),7984.999999999999,35.3,2001,0,0,847.2,2848.2,cents
7568-PODML,Month-to-Month,Yes,Mailed check,45.3,0,45.3,0,0,0,45.3,dollars
7569-NMZYQ,Two Year,Yes,Bank transfer (automatic),118.75,41.14,8672.45,0,0,2962.08,11634.53,dollars
7570-WELNY,Two Year,Yes,Bank transfer (automatic),8470,7.87,5711.05,0,0,535.16,6246.21,cents
7571-YXDAD,Month-to-Month,No,Credit card (automatic),7490.000000000001,38.28,147.15,0,0,76.56,223.71,cents
7572-KPVKK,Two Year,Yes,Electronic check,104.05,17.67,6590.5,0,0,1095.54,7686.04,dollars
7576-ASEJU,One Year,Yes,Credit card (automatic),74.7,25.16,3187.65,0,0,1031.56,4219.21,dollars
7576-JMYWV,Two Year,Yes,Electronic check,110.2,20.42,4972.1,0,0,939.32,5911.42,dollars
7576-OYWBN,Month-to-Month,Yes,Electronic check,76.05,30.25,231.8,0,0,90.75,322.55,dollars
7577-SWIFR,Month-to-Month,Yes,Electronic check,89.25,16.64,89.25,0,0,16.64,105.89,dollars
7579-KKLOE,Two Year,Yes,Mailed check,91.25,46.53,6589.6,0,0,3303.63,9893.23,dollars
7579-OOPEC,Month-to-Month,No,Credit card (automatic),50.15,6.86,115.1,0,0,13.72,128.82,dollars
7580-UGXNC,Month-to-Month,No,Mailed check,5485,25.74,104.2,0,0,51.48,155.68,cents
7581-EBBOU,One Year,Yes,Credit card (automatic),7015.000000000001,38.88,4224.7,0,0,2332.8,6557.5,cents
7586-ZATGZ,Month-to-Month,Yes,Electronic check,8490,17.83,3369.05,0,0,713.2,4082.25,cents
7587-AOVVU,Month-to-Month,No,Electronic check,100.75,14.07,2793.55,0,0,379.89,3173.44,dollars
7587-RZNME,Month-to-Month,Yes,Electronic check,43.3,48.84,123.65,0,0,146.52,270.17,dollars
7590-VHVEG,Month-to-Month,Yes,Electronic check,29.85,0,29.85,0,0,0,29.85,dollars
7593-JNWRU,Month-to-Month,Yes,Bank transfer (automatic),44.6,49.2,260.8,0,0,295.2,556,dollars
7593-XFKDI,Month-to-Month,No,Mailed check,46.3,48.22,46.3,0,0,48.22,94.52,dollars
7594-LZNWR,Two Year,No,Credit card (automatic),69.15,13.56,2275.1,0,0,461.04,2736.14,dollars
7594-RQHXR,Month-to-Month,Yes,Electronic check,79.6,21.72,79.6,0,0,21.72,101.32,dollars
7595-EHCDL,Month-to-Month,No,Credit card (automatic),5060,0,1653.45,0,0,0,1653.45,cents
7595-EUIVN,Month-to-Month,No,Electronic check,75.8,14.48,75.8,0,0,14.48,90.28,dollars
7596-IIWYC,Two Year,Yes,Bank transfer (automatic),2025,35.77,538.2,0,0,965.79,1503.99,cents
7596-LDUXP,One Year,Yes,Credit card (automatic),85.15,15.97,979.05,0,0,191.64,1170.69,dollars
7596-ZYWBB,Two Year,Yes,Mailed check,59.6,43.29,3739.8,0,120,2813.85,6673.65,dollars
7598-UAASY,Month-to-Month,No,Electronic check,7640.000000000001,20.5,151.8,0,0,41,192.8,cents
7599-FKVXZ,Month-to-Month,Yes,Bank transfer (automatic),106.15,2.41,4512.7,0,0,101.22,4613.92,dollars
7599-NTMDP,Two Year,No,Bank transfer (automatic),48.7,0,3008.55,0,120,0,3128.55,dollars
7601-DHFWZ,Two Year,No,Credit card (automatic),2400,30.82,1183.05,0,0,1479.36,2662.41,cents
7601-GNDYK,Two Year,No,Mailed check,19.6,20.85,686.95,0,0,729.75,1416.7,dollars
7601-WFVZV,Month-to-Month,No,Mailed check,1955,17.94,19.55,0,0,17.94,37.49,cents
7602-DBTOU,Two Year,No,Mailed check,19.6,37.83,1416.5,0,0,2685.93,4102.43,dollars
7602-MVRMB,Two Year,Yes,Bank transfer (automatic),110.45,46.63,8058.85,0,0,3357.36,11416.21,dollars
7603-USHJS,Month-to-Month,Yes,Credit card (automatic),73.75,14.96,871.4,0,0,179.52,1050.92,dollars
7605-BDWDC,Two Year,Yes,Bank transfer (automatic),4985,0,1520.1,0,0,0,1520.1,cents
7605-SNLQG,Month-to-Month,Yes,Credit card (automatic),50.25,6.49,2221.55,0,0,292.05,2513.6,dollars
7606-BPHHN,Two Year,Yes,Credit card (automatic),19.8,30.44,1468.75,0,0,2191.68,3660.43,dollars
7607-QKKTJ,One Year,Yes,Credit card (automatic),95,33.45,4368.85,0,60,1505.25,5934.1,dollars
7608-RGIRO,Two Year,Yes,Mailed check,24.4,17.56,1413,0,0,1088.72,2501.72,dollars
7609-NRNCA,One Year,No,Mailed check,1955,42.42,280.85,0,0,721.14,1001.99,cents
7609-YBPXG,Two Year,No,Bank transfer (automatic),8710,18.54,4735.2,0,80,1001.16,5816.36,cents
7610-TVOPG,Month-to-Month,Yes,Electronic check,26.35,7.96,378.6,0,0,119.4,498,dollars
7611-YKYTC,Month-to-Month,No,Bank transfer (automatic),75,38.82,1573.95,0,0,854.04,2427.99,dollars
7613-LLQFO,Month-to-Month,Yes,Electronic check,8445,12.36,1059.55,0,0,148.32,1207.87,cents
7614-QVWQL,One Year,Yes,Bank transfer (automatic),51.8,0,2541.25,0,50,0,2591.25,dollars
7615-ESMYF,Month-to-Month,No,Electronic check,4460,0,97.1,0,0,0,97.1,cents
7617-EYGLW,Month-to-Month,No,Electronic check,19.45,46.59,19.45,0,0,46.59,66.04,dollars
7619-ODSGN,Month-to-Month,No,Electronic check,5475,17.27,1338.15,0,0,414.48,1752.63,cents
7619-PLRLP,One Year,No,Bank transfer (automatic),74.1,37.14,3833.95,0,0,1968.42,5802.37,dollars
7621-VPNET,Month-to-Month,Yes,Credit card (automatic),85.9,20.58,3729.75,0,0,864.36,4594.11,dollars
7622-FWGEW,Two Year,Yes,Bank transfer (automatic),85.65,31.68,4824.45,0,0,1774.08,6598.53,dollars
7622-NXQZR,Month-to-Month,Yes,Credit card (automatic),30.1,0,810.85,0,0,0,810.85,dollars
7623-HKYRK,Month-to-Month,No,Mailed check,19.7,27.78,111.65,0,0,166.68,278.33,dollars
7623-TRNQN,Month-to-Month,Yes,Mailed check,4990,39.6,49.9,0,0,39.6,89.5,cents
7625-XCQRH,Month-to-Month,Yes,Electronic check,76.5,15.6,837.95,0,0,171.6,1009.55,dollars
7627-JKIAZ,Month-to-Month,Yes,Credit card (automatic),78.95,37.49,2839.65,0,0,1387.13,4226.78,dollars
7629-WFGLW,One Year,No,Electronic check,95.65,11.55,5471.75,21.71,0,646.8,6096.84,dollars
7629-WIXZF,One Year,Yes,Electronic check,59.1,6.83,369.25,0,0,47.81,417.06,dollars
7632-MNYOY,One Year,No,Credit card (automatic),110.9,9.9,7432.05,0,0,653.4,8085.45,dollars
7632-YUTXB,One Year,No,Mailed check,2005,13.06,520.1,0,0,326.5,846.6,cents
7633-MVPUY,Two Year,Yes,Electronic check,59.75,49.29,3450.15,0,0,2809.53,6259.68,dollars
7634-HLQJR,Two Year,No,Credit card (automatic),20.05,1.44,1016.7,0,0,67.68,1084.38,dollars
7634-WSWDB,Month-to-Month,Yes,Electronic check,3850,0,330.8,0,0,0,330.8,cents
7636-OWBPG,Two Year,Yes,Credit card (automatic),29.35,0,381.2,38.98,0,0,342.22,dollars
7636-PEPNS,One Year,Yes,Mailed check,4410,22.65,2413.05,0,150,1313.7,3876.75,cents
7636-XUHWW,Month-to-Month,Yes,Credit card (automatic),19.9,3.82,33.7,0,0,7.64,41.34,dollars
7638-QVMVY,Month-to-Month,Yes,Electronic check,7900,26.09,522.95,0,0,182.63,705.58,cents
7639-LIAYI,Two Year,Yes,Credit card (automatic),79.75,29.16,4217.8,0,0,1516.32,5734.12,dollars
7639-OPLNG,Two Year,Yes,Bank transfer (automatic),79.25,27.97,5731.85,0,0,1957.9,7689.75,dollars
7639-SUPCW,Month-to-Month,Yes,Credit card (automatic),48.8,3.95,1054.6,0,20,86.9,1161.5,dollars
7641-EUYET,Month-to-Month,Yes,Electronic check,10070,49.11,4541.2,46.64,0,2259.06,6753.62,cents
7641-TQFHN,Two Year,No,Mailed check,10055,14.72,3895.35,0,0,574.08,4469.43,cents
7643-RCHXS,Two Year,No,Electronic check,1935.0000000000002,41.84,1263.85,0,0,2635.92,3899.77,cents
7644-OMVMY,Two Year,No,Mailed check,1985.0000000000002,15.51,198.5,0,0,155.1,353.6,cents
7647-GYYKX,Two Year,Yes,Bank transfer (automatic),20.35,41.93,1092.35,0,0,2264.22,3356.57,dollars
7649-PHJVR,One Year,No,Mailed check,19.5,33.48,226.8,0,0,368.28,595.08,dollars
7649-SIJJF,Two Year,Yes,Mailed check,8009.999999999999,10.97,5585.4,0,0,778.87,6364.27,cents
7654-YWJUF,One Year,Yes,Bank transfer (automatic),84.25,15.2,3539.25,0,0,653.6,4192.85,dollars
7657-DYEPJ,One Year,Yes,Credit card (automatic),70.15,5.75,2497.35,0,0,218.5,2715.85,dollars
7658-UYUQS,Month-to-Month,No,Bank transfer (automatic),86.55,22.3,1857.25,0,0,468.3,2325.55,dollars
7660-HDPJV,Month-to-Month,Yes,Electronic check,69.2,10.08,69.2,0,0,10.08,79.28,dollars
7661-CPURM,One Year,Yes,Credit card (automatic),87.7,43.11,1725.95,0,0,819.09,2545.04,dollars
7663-CUXZB,Two Year,No,Electronic check,11375,14.98,6561.25,0,0,883.82,7445.07,cents
7663-RGWBC,Month-to-Month,Yes,Mailed check,44.15,8.77,44.15,0,0,8.77,52.92,dollars
7663-YJHSN,Two Year,Yes,Bank transfer (automatic),10395,44.27,7556.9,0,70,3187.44,10814.34,cents
7663-ZTEGJ,One Year,No,Credit card (automatic),10055,49.92,2830.45,0,100,1447.68,4378.13,cents
7665-NKLAV,Two Year,No,Credit card (automatic),4065,0,1547.35,0,0,0,1547.35,cents
7665-TOALD,Month-to-Month,Yes,Electronic check,6959.999999999999,14.19,69.6,0,0,14.19,83.79,cents
7665-VIGUD,One Year,No,Mailed check,20.35,17.4,176.3,0,0,174,350.3,dollars
7666-WKRON,Two Year,Yes,Electronic check,80.45,24.45,3201.55,0,0,953.55,4155.1,dollars
7668-XCFYV,Month-to-Month,Yes,Electronic check,92.55,3.83,1614.7,0,0,65.11,1679.81,dollars
7669-LCRSD,Month-to-Month,Yes,Mailed check,5630,17.27,628.65,0,0,207.24,835.89,cents
7670-ZBPOQ,One Year,Yes,Bank transfer (automatic),6105,26.36,3478.75,0,0,1528.88,5007.63,cents
7672-VFMXZ,Month-to-Month,No,Electronic check,55.7,15.48,3171.6,34.59,0,882.36,4019.37,dollars
7673-BQGKU,Two Year,No,Bank transfer (automatic),20.15,11.47,1337.5,0,0,791.43,2128.93,dollars
7673-LPRNY,One Year,Yes,Electronic check,7855,48.88,1843.05,19.63,0,1124.24,2947.66,cents
7674-YTAFD,One Year,Yes,Bank transfer (automatic),79.95,42.29,2684.85,0,0,1395.57,4080.42,dollars
7675-OZCZG,Month-to-Month,No,Electronic check,45,30.14,127.1,0,10,90.42,227.52,dollars
7677-SJJJK,One Year,No,Credit card (automatic),19.9,48.39,153.95,0,0,387.12,541.07,dollars
7682-AZNDK,Month-to-Month,Yes,Electronic check,89.85,18.36,3091.75,14.93,0,624.24,3701.06,dollars
7683-CBDKJ,Month-to-Month,Yes,Electronic check,65.45,45.6,937.6,0,0,638.4,1576,dollars
7684-XSZIY,Two Year,No,Bank transfer (automatic),2430,20.42,1643.25,0,0,1470.24,3113.49,cents
7688-AWMDX,Two Year,No,Bank transfer (automatic),54.5,48.32,3778.2,0,0,3430.72,7208.92,dollars
7690-KPNCU,One Year,Yes,Credit card (automatic),73.05,26.64,4688.65,0,0,1704.96,6393.61,dollars
7691-KGKGP,Month-to-Month,No,Credit card (automatic),65,2.11,3363.8,0,0,111.83,3475.63,dollars
7691-XVTZH,Two Year,Yes,Bank transfer (automatic),8995,28.36,5974.3,0,0,1928.48,7902.78,cents
7693-LCKZL,Month-to-Month,Yes,Electronic check,80.15,11.54,385,0,0,57.7,442.7,dollars
7693-QPEFS,Two Year,Yes,Bank transfer (automatic),72.95,42.19,3829.75,0,0,2193.88,6023.63,dollars
7694-VLBWQ,One Year,No,Electronic check,10410,8.18,7040.85,0,0,548.06,7588.91,cents
7695-PKLCZ,Two Year,No,Credit card (automatic),20.5,48.41,1424.9,0,0,3291.88,4716.78,dollars
7696-AMHOD,One Year,No,Credit card (automatic),78,9.07,3824.2,0,0,444.43,4268.63,dollars
7696-CFTAT,Two Year,No,Bank transfer (automatic),19.8,8.21,726.1,0,0,303.77,1029.87,dollars
7698-YFGEZ,Month-to-Month,No,Mailed check,20,25.99,20,0,0,25.99,45.99,dollars
7703-ZEKEF,Month-to-Month,Yes,Electronic check,81,18.7,1917.1,0,0,430.1,2347.2,dollars
7706-DZNKK,Month-to-Month,Yes,Credit card (automatic),20.45,44.53,237.3,0,0,489.83,727.13,dollars
7706-YLMQA,One Year,No,Bank transfer (automatic),19.7,10,1341.5,0,0,700,2041.5,dollars
7707-PYBBH,Month-to-Month,Yes,Mailed check,61.9,36.98,2647.1,0,0,1479.2,4126.3,dollars
7710-JSYOA,Two Year,Yes,Bank transfer (automatic),93.3,28.53,6398.05,0,0,1968.57,8366.62,dollars
7711-GQBZC,Two Year,No,Bank transfer (automatic),2470,19.49,1810.55,0,0,1383.79,3194.34,cents
7711-YIJWC,One Year,No,Bank transfer (automatic),84.9,12.72,5264.5,0,0,775.92,6040.42,dollars
7714-YXSMB,Month-to-Month,Yes,Bank transfer (automatic),100.5,25.66,2599.95,0,0,667.16,3267.11,dollars
7716-YTYHG,One Year,Yes,Mailed check,82.05,23.95,4029.95,0,0,1149.6,5179.55,dollars
7717-BICXI,Two Year,No,Mailed check,2055,15.65,1205.05,0,0,939,2144.05,cents
7718-RXDGG,Month-to-Month,Yes,Bank transfer (automatic),68.6,24.17,1108.6,0,90,362.55,1561.15,dollars
7718-UPSKJ,One Year,Yes,Credit card (automatic),106.4,24.17,7251.9,3.59,0,1667.73,8916.04,dollars
7721-DVEKZ,Month-to-Month,No,Mailed check,1964.9999999999998,23.67,19.65,0,0,23.67,43.32,cents
7721-JXEAW,Month-to-Month,Yes,Bank transfer (automatic),41.05,0,2452.7,0,0,0,2452.7,dollars
7722-CVFXN,One Year,Yes,Electronic check,10520,7.25,5637.85,23.01,0,391.5,6006.34,cents
7722-VJRQD,Two Year,No,Bank transfer (automatic),60.95,0,4549.05,0,0,0,4549.05,dollars
7727-SHVZV,Month-to-Month,No,Bank transfer (automatic),1950,43.83,150.35,0,0,394.47,544.82,cents
7729-JTEEC,Month-to-Month,Yes,Electronic check,44.5,30.87,90.05,0,0,61.74,151.79,dollars
7729-XBTWX,Two Year,Yes,Mailed check,19.75,31.53,1344.5,0,0,2080.98,3425.48,dollars
7730-CLDSV,Two Year,Yes,Bank transfer (automatic),98.65,35.21,7129.45,0,0,2535.12,9664.57,dollars
7730-IUTDZ,Month-to-Month,Yes,Electronic check,7520,34,3198.6,0,0,1462,4660.6,cents
7733-UDMTP,Two Year,Yes,Electronic check,55,0,3094.05,0,0,0,3094.05,dollars
7734-DBOAI,Month-to-Month,No,Electronic check,40.1,0,40.1,0,10,0,50.1,dollars
7739-LAXOG,Month-to-Month,Yes,Bank transfer (automatic),9105,46.92,2954.5,0,70,1501.44,4525.94,cents
7740-BTPUX,Two Year,Yes,Electronic check,113.6,12.91,6292.7,0,0,710.05,7002.75,dollars
7740-KKCXF,Month-to-Month,Yes,Credit card (automatic),30.05,0,1529.45,0,0,0,1529.45,dollars
7742-MYPGI,Month-to-Month,Yes,Mailed check,48.8,49.45,297.35,0,0,296.7,594.05,dollars
7743-EXURX,Month-to-Month,Yes,Electronic check,5105,3.85,415.05,0,0,30.8,445.85,cents
7746-AWNQW,Month-to-Month,Yes,Mailed check,3575,0,961.4,0,0,0,961.4,cents
7746-QYVCO,One Year,Yes,Mailed check,55.85,21.04,857.8,0,0,336.64,1194.44,dollars
7748-UMTRK,Two Year,Yes,Electronic check,10130,37.42,2974.5,0,0,1122.6,4097.1,cents
7750-EYXWZ,One Year,No,Electronic check,60.65,0,743.3,40.41,0,0,702.89,dollars
7752-XUSCI,Month-to-Month,Yes,Electronic check,10590,10.7,6396.45,0,0,642,7038.45,cents
7753-USQYQ,One Year,Yes,Electronic check,6420,27.65,3627.3,0,0,1520.75,5148.05,cents
7754-IXRMC,Month-to-Month,No,Mailed check,4535,12.46,45.35,0,0,12.46,57.81,cents
7758-UJWYS,Two Year,Yes,Electronic check,40.55,0,1325.85,0,0,0,1325.85,dollars
7758-XKCBS,Month-to-Month,Yes,Electronic check,29.7,0,438.25,0,90,0,528.25,dollars
7760-OYPDY,Month-to-Month,Yes,Electronic check,80.65,5.85,144.15,0,20,11.7,175.85,dollars
7762-ONLJY,One Year,No,Mailed check,1970,44.13,94.45,0,0,264.78,359.23,cents
7762-URZQH,Two Year,Yes,Credit card (automatic),106.05,23.51,6981.35,0,0,1551.66,8533.01,dollars
7764-BDPEE,Month-to-Month,No,Mailed check,20.85,19.58,60.65,0,0,58.74,119.39,dollars
7765-LWVVH,Two Year,Yes,Electronic check,95.1,18.74,6843.15,0,0,1349.28,8192.43,dollars
7766-CLTIC,Month-to-Month,Yes,Mailed check,60.95,8.35,629.55,0,0,83.5,713.05,dollars
7767-UXAGJ,Month-to-Month,Yes,Electronic check,5045,28.25,50.45,0,0,28.25,78.7,cents
7771-CFQRQ,Two Year,No,Bank transfer (automatic),63.8,30.06,3007.25,0,80,1412.82,4500.07,dollars
7771-ZONAT,Two Year,No,Bank transfer (automatic),56.75,0,1304.85,0,0,0,1304.85,dollars
7774-OJSXI,One Year,Yes,Electronic check,103.45,9.27,3066.45,0,0,287.37,3353.82,dollars
7776-QGYJC,Month-to-Month,Yes,Bank transfer (automatic),81.5,40.68,3107.3,0,0,1586.52,4693.82,dollars
7776-QWNFX,Month-to-Month,Yes,Bank transfer (automatic),50.4,4.65,1527.5,0,0,139.5,1667,dollars
7777-UNYHB,Month-to-Month,Yes,Credit card (automatic),20.1,24.65,232.4,0,0,295.8,528.2,dollars
7779-LGOVN,Month-to-Month,Yes,Electronic check,8665,46.5,856.65,0,0,465,1321.65,cents
7779-ORAEL,Two Year,No,Credit card (automatic),75.15,9.39,3480.35,0,0,422.55,3902.9,dollars
7780-OTDSO,Month-to-Month,Yes,Electronic check,9940,11.3,1742.95,0,0,203.4,1946.35,cents
7781-EWARA,One Year,No,Electronic check,60.35,0,4138.7,49.23,0,0,4089.47,dollars
7781-HVGMK,Two Year,Yes,Credit card (automatic),65.2,0,4784.45,0,0,0,4784.45,dollars
7783-YKGDV,Month-to-Month,Yes,Bank transfer (automatic),99.7,16.07,1238.45,0,0,192.84,1431.29,dollars
7785-RDVIG,Month-to-Month,No,Mailed check,19.3,10.13,54.7,0,0,30.39,85.09,dollars
7786-WBJYI,Month-to-Month,No,Bank transfer (automatic),77.95,30.95,305.55,0,0,123.8,429.35,dollars
7787-BNTZM,Month-to-Month,No,Bank transfer (automatic),20.15,6.93,130.5,0,0,41.58,172.08,dollars
7789-CRUVC,Month-to-Month,Yes,Credit card (automatic),94.2,33.75,5895.45,0,0,2058.75,7954.2,dollars
7789-HKSBS,One Year,Yes,Bank transfer (automatic),105.2,35.38,4599.15,40.46,0,1485.96,6044.65,dollars
7794-JASDG,Month-to-Month,Yes,Mailed check,50.75,45.77,50.75,0,0,45.77,96.52,dollars
7795-CFOCW,One Year,No,Bank transfer (automatic),42.3,0,1840.75,0,0,0,1840.75,dollars
7797-EJMDP,Month-to-Month,No,Bank transfer (automatic),66.05,33.54,574.5,0,0,268.32,842.82,dollars
7798-JVXYM,Month-to-Month,Yes,Electronic check,69.65,37.01,921.4,0,0,518.14,1439.54,dollars
7799-DSEWS,Month-to-Month,Yes,Electronic check,68.35,48.68,1299.8,0,0,876.24,2176.04,dollars
7799-LGRDP,Two Year,Yes,Credit card (automatic),25.7,25.53,1188.2,0,0,1097.79,2285.99,dollars
7801-CEDNV,One Year,No,Credit card (automatic),48.7,9.01,1421.75,0,0,243.27,1665.02,dollars
7801-KICAO,Month-to-Month,Yes,Electronic check,74.15,11.36,1345.75,0,0,204.48,1550.23,dollars
7802-EFKNY,Month-to-Month,Yes,Electronic check,2495,0,100.4,0,0,0,100.4,cents
7803-XOCCZ,Month-to-Month,Yes,Bank transfer (automatic),84.05,31.96,4326.8,0,0,1661.92,5988.72,dollars
7808-DVWEP,Month-to-Month,No,Bank transfer (automatic),20,31.06,49.65,0,0,93.18,142.83,dollars
7811-JIVPF,Month-to-Month,No,Credit card (automatic),4970,42.26,1081.25,0,150,971.98,2203.23,cents
7812-FZHPE,Month-to-Month,No,Mailed check,2410,18.26,409.9,0,0,310.42,720.32,cents
7813-TKCVO,One Year,No,Mailed check,2035.0000000000002,27.96,393.15,0,0,559.2,952.35,cents
7813-ZGGAW,Two Year,Yes,Bank transfer (automatic),96.6,15.35,2877.95,0,0,475.85,3353.8,dollars
7814-LEEVE,Month-to-Month,Yes,Bank transfer (automatic),2030,6.64,20.3,0,0,6.64,26.94,cents
7815-PDTHL,Two Year,Yes,Mailed check,20.2,42.8,684.4,0,0,1498,2182.4,dollars
7816-VGHTO,Two Year,No,Mailed check,40.55,0,217.5,0,50,0,267.5,dollars
7817-BOQPW,Month-to-Month,Yes,Electronic check,75.55,41.37,166.3,0,0,82.74,249.04,dollars
7817-OMJNA,One Year,No,Bank transfer (automatic),20.4,36.42,275.7,0,0,509.88,785.58,dollars
7820-ZYGNY,One Year,No,Credit card (automatic),90.45,9.21,5825.5,0,100,580.23,6505.73,dollars
7821-DPRQE,Month-to-Month,Yes,Electronic check,107.7,24.01,7320.9,0,0,1632.68,8953.58,dollars
7823-JSOAG,Month-to-Month,No,Electronic check,74.5,6.97,217.45,0,0,20.91,238.36,dollars
7824-PANSQ,Month-to-Month,No,Bank transfer (automatic),8065.000000000001,44.67,4807.35,0,0,2590.86,7398.21,cents
7825-ECJRF,Month-to-Month,Yes,Electronic check,10660,28.35,1934.45,21.72,40,538.65,2491.38,cents
7825-GKXMW,Month-to-Month,No,Electronic check,45.8,22.11,45.8,0,10,22.11,77.91,dollars
7826-VVKWT,Two Year,Yes,Electronic check,96.55,20.78,2263.45,0,0,498.72,2762.17,dollars
7831-QGOXH,Month-to-Month,Yes,Electronic check,85.2,24.4,1553.9,0,0,439.2,1993.1,dollars
7833-PKIHD,One Year,Yes,Bank transfer (automatic),76.4,31.66,3966.3,0,0,1614.66,5580.96,dollars
7838-LAZFO,One Year,No,Bank transfer (automatic),78.8,9.91,3597.5,23.28,0,445.95,4020.17,dollars
7839-NUIAA,Month-to-Month,No,Electronic check,5980,26.7,3641.5,0,100,1628.7,5370.2,cents
7839-QRKXN,Month-to-Month,Yes,Mailed check,20.2,48.25,20.2,0,0,48.25,68.45,dollars
7841-FCRQD,One Year,Yes,Credit card (automatic),53.75,15.45,1857.3,0,0,509.85,2367.15,dollars
7841-TZDMQ,Month-to-Month,Yes,Credit card (automatic),4600,49.81,84.5,0,0,99.62,184.12,cents
7845-URHJN,Month-to-Month,No,Bank transfer (automatic),20.15,11.35,156.25,0,0,90.8,247.05,dollars
7850-THJMU,Two Year,No,Credit card (automatic),1964.9999999999998,12.71,494.9,0,0,330.46,825.36,cents
7850-VWJUU,Month-to-Month,Yes,Bank transfer (automatic),75,24.04,1778.5,0,0,552.92,2331.42,dollars
7851-FLGGQ,Month-to-Month,Yes,Mailed check,4465,0,44.65,0,0,0,44.65,cents
7851-WZEKY,Month-to-Month,Yes,Electronic check,9515,38.51,196.9,0,0,77.02,273.92,cents
7852-LECYP,Two Year,No,Credit card (automatic),93.8,48.15,1261,0,0,625.95,1886.95,dollars
7853-GVUDZ,Month-to-Month,Yes,Credit card (automatic),20.15,3.09,20.15,0,0,3.09,23.24,dollars
7853-OETYL,Month-to-Month,Yes,Electronic check,29.05,0,129.6,0,0,0,129.6,dollars
7853-WNZSY,Month-to-Month,Yes,Credit card (automatic),19.75,1.61,19.75,0,0,1.61,21.36,dollars
7854-EDSSA,Month-to-Month,No,Electronic check,59,49.43,1254.7,0,0,1087.46,2342.16,dollars
7854-EKTJL,Month-to-Month,Yes,Electronic check,19.6,29.81,35.85,0,0,59.62,95.47,dollars
7854-FOKSF,Month-to-Month,No,Electronic check,35.9,0,35.9,0,0,0,35.9,dollars
7855-DIWPO,Month-to-Month,Yes,Electronic check,68.65,30.59,1493.2,0,0,642.39,2135.59,dollars
7856-GANIL,One Year,Yes,Bank transfer (automatic),9870,2.38,4525.8,0,0,107.1,4632.9,cents
7858-GTZSP,Month-to-Month,Yes,Electronic check,86.55,18.75,1066.9,0,110,225,1401.9,dollars
7860-KSUGX,Two Year,No,Credit card (automatic),64.45,32.67,4720,0,0,2352.24,7072.24,dollars
7860-UXCRM,Two Year,No,Credit card (automatic),74.5,42.17,4674.55,0,0,2656.71,7331.26,dollars
7861-UVUFT,Month-to-Month,Yes,Electronic check,84.3,28.3,1308.4,0,0,424.5,1732.9,dollars
7868-BGSZA,One Year,Yes,Electronic check,80.2,33.97,3581.6,0,0,1460.71,5042.31,dollars
7868-TMWMZ,Two Year,Yes,Bank transfer (automatic),11000,24.62,6668.35,0,0,1477.2,8145.55,cents
7869-ZYDST,Month-to-Month,Yes,Credit card (automatic),59.05,28.72,1882.8,0,0,890.32,2773.12,dollars
7872-BAAZR,One Year,No,Bank transfer (automatic),1955,30.31,1007.9,0,0,1606.43,2614.33,cents
7872-RDDLZ,Month-to-Month,No,Electronic check,54.9,48.43,3725.5,0,0,3244.81,6970.31,dollars
7873-CVMAW,Two Year,No,Credit card (automatic),88.55,46.1,6362.35,0,0,3319.2,9681.55,dollars
7874-ECPQJ,Month-to-Month,Yes,Bank transfer (automatic),2005,27.37,85.5,0,0,109.48,194.98,cents
7876-AEHIG,One Year,No,Bank transfer (automatic),60.15,0,3077,0,0,0,3077,dollars
7876-BEUTG,Month-to-Month,Yes,Mailed check,4880,26.54,720.1,0,0,398.1,1118.2,cents
7876-DNYAP,Two Year,No,Credit card (automatic),19.8,8.39,1436.95,0,0,578.91,2015.86,dollars
7878-JGDKK,Month-to-Month,No,Mailed check,44.55,30.07,220.75,0,0,120.28,341.03,dollars
7878-RTCZG,Month-to-Month,No,Mailed check,19.9,2.38,19.9,0,0,2.38,22.28,dollars
7879-CGSFV,One Year,Yes,Mailed check,100.9,42.19,5552.05,0,0,2320.45,7872.5,dollars
7880-XSOJX,Month-to-Month,No,Mailed check,42.4,0,146.4,0,0,0,146.4,dollars
7881-EVUAD,Month-to-Month,Yes,Electronic check,42.6,0,72.4,0,0,0,72.4,dollars
7881-INRLC,Month-to-Month,Yes,Credit card (automatic),10085,14.12,4740,0,0,635.4,5375.4,cents
7883-ROJOC,Month-to-Month,No,Mailed check,4490,34.51,839.65,0,0,655.69,1495.34,cents
7890-VYYWG,Month-to-Month,Yes,Mailed check,3645.0000000000005,0,93.7,0,0,0,93.7,cents
7892-POOKP,Month-to-Month,Yes,Electronic check,104.8,4.89,3046.05,0,0,136.92,3182.97,dollars
7892-QVYKW,Month-to-Month,No,Electronic check,85.6,9.84,1868.4,0,0,226.32,2094.72,dollars
7893-IXHRQ,Month-to-Month,No,Electronic check,20.55,15.91,20.55,0,0,15.91,36.46,dollars
7895-VONWT,Month-to-Month,Yes,Electronic check,48.25,0,1293.8,0,0,0,1293.8,dollars
7898-PDWQE,Two Year,No,Credit card (automatic),80.4,18.04,5727.15,0,0,1280.84,7007.99,dollars
7901-HXJVA,Month-to-Month,No,Electronic check,76.45,18.46,1117.55,0,0,258.44,1375.99,dollars
7901-IIDQV,One Year,No,Bank transfer (automatic),54.6,7.52,1242.25,28.42,0,180.48,1394.31,dollars
7901-TBKJX,Two Year,Yes,Electronic check,10105,5.19,5594,0,10,290.64,5894.64,cents
7903-CMPEY,Month-to-Month,Yes,Electronic check,8030,17.51,80.3,0,0,17.51,97.81,cents
7905-NJMXS,Two Year,No,Electronic check,64.2,3.19,475,0,0,22.33,497.33,dollars
7905-TVXTA,Month-to-Month,Yes,Electronic check,6434.999999999999,8.32,352.65,0,0,41.6,394.25,cents
7908-QCBCA,Month-to-Month,Yes,Mailed check,6940.000000000001,33.46,69.4,0,10,33.46,112.86,cents
7909-FIOIY,Month-to-Month,Yes,Mailed check,24.85,0,434.8,0,0,0,434.8,dollars
7912-SYRQT,Month-to-Month,Yes,Bank transfer (automatic),75.1,18.99,552.95,0,0,132.93,685.88,dollars
7916-VCCPB,Month-to-Month,No,Bank transfer (automatic),7325,40.03,1195.75,0,0,640.48,1836.23,cents
7919-ZODZZ,One Year,Yes,Mailed check,65.9,42,660.05,0,0,420,1080.05,dollars
7921-BEPCI,Two Year,No,Bank transfer (automatic),5975,12.63,4265,0,0,909.36,5174.36,cents
7921-LMDFQ,One Year,Yes,Bank transfer (automatic),94,4.14,4905.75,0,0,211.14,5116.89,dollars
7923-IYJWY,Two Year,Yes,Credit card (automatic),11610,44.56,7839.85,0,40,2985.52,10865.37,cents
7924-GJZFI,Two Year,Yes,Electronic check,69.3,38.59,1813.1,0,0,964.75,2777.85,dollars
7925-PNRGI,Month-to-Month,No,Mailed check,81.3,10.21,3541.1,0,0,459.45,4000.55,dollars
7926-IJOOU,Month-to-Month,No,Credit card (automatic),1930,16.36,19.3,0,0,16.36,35.66,cents
7927-AUXBZ,Month-to-Month,No,Electronic check,85.15,9.34,2555.9,0,0,280.2,2836.1,dollars
7928-VJYAB,Month-to-Month,No,Electronic check,90.6,38.48,1020.2,0,0,423.28,1443.48,dollars
7929-DMBCV,Month-to-Month,Yes,Mailed check,8100,11.39,1683.7,0,0,227.8,1911.5,cents
7929-SKFGK,Two Year,No,Credit card (automatic),11430,21.68,8244.3,0,0,1517.6,9761.9,cents
7931-PXHFC,One Year,Yes,Mailed check,62.3,46.21,2354.8,0,0,1755.98,4110.78,dollars
7932-WPTDS,Month-to-Month,Yes,Electronic check,24.8,0,24.8,0,0,0,24.8,dollars
7938-OUHIO,Month-to-Month,Yes,Electronic check,98.7,32.76,293.65,0,0,98.28,391.93,dollars
7940-UQQUG,One Year,Yes,Bank transfer (automatic),10440,13.95,6721.6,0,0,892.8,7614.4,cents
7941-RCJOW,Two Year,Yes,Credit card (automatic),19.55,44.7,1218.65,0,0,2905.5,4124.15,dollars
7943-RQCHR,Month-to-Month,Yes,Electronic check,94.75,10.07,889.9,0,30,90.63,1010.53,dollars
7945-HLKEA,One Year,No,Electronic check,64.75,37.95,4039.5,0,120,2277,6436.5,dollars
7945-PRBVF,Two Year,No,Bank transfer (automatic),2145,17.2,705.45,0,0,602,1307.45,cents
7950-XWOVN,Month-to-Month,No,Mailed check,34.7,0,383.55,22.53,150,0,511.02,dollars
7951-QKZPL,Two Year,Yes,Mailed check,24.5,35.31,740.3,35.05,0,1165.23,1870.48,dollars
7951-VRDVK,One Year,No,Bank transfer (automatic),8585,13.9,3003.55,0,0,500.4,3503.95,cents
7952-OBOYL,Month-to-Month,Yes,Mailed check,89.85,25.1,244.45,0,0,75.3,319.75,dollars
7954-MLBUN,Two Year,No,Bank transfer (automatic),99.45,10.05,3109.9,43.38,0,311.55,3378.07,dollars
7956-XQWGU,Month-to-Month,Yes,Credit card (automatic),1939.9999999999998,2.59,460.25,29.59,0,69.93,500.59,cents
7957-RYHQD,Month-to-Month,Yes,Credit card (automatic),79.2,44.86,3233.85,0,0,1794.4,5028.25,dollars
7963-GQRMY,Month-to-Month,No,Mailed check,4430,44.46,134.5,0,0,133.38,267.88,cents
7963-SHNDT,Two Year,No,Mailed check,39.1,0,1982.1,0,130,0,2112.1,dollars
7964-VEXDG,Month-to-Month,No,Electronic check,8034.999999999999,13.39,1747.2,0,0,281.19,2028.39,cents
7964-YESJC,Month-to-Month,No,Mailed check,6630,9.3,1559.45,32.59,0,223.2,1750.06,cents
7964-ZRKKG,One Year,Yes,Bank transfer (automatic),88.4,37.6,5798.3,0,0,2519.2,8317.5,dollars
7966-YOTQW,Month-to-Month,Yes,Credit card (automatic),54.5,33.98,568.2,0,0,339.8,908,dollars
7967-HYCDE,Month-to-Month,No,Bank transfer (automatic),7070,41.93,553.4,0,0,335.44,888.84,cents
7968-QUXNS,Month-to-Month,No,Mailed check,1895,27.54,110.15,0,0,165.24,275.39,cents
7969-AULMZ,Month-to-Month,Yes,Electronic check,9735,9.06,2119.5,0,0,190.26,2309.76,cents
7969-FFOWG,Two Year,No,Mailed check,19.9,18.07,1292.6,0,0,1174.55,2467.15,dollars
7971-HLVXI,Two Year,Yes,Credit card (automatic),84.5,44,6130.85,0,0,3168,9298.85,dollars
7973-DZRKH,Two Year,Yes,Credit card (automatic),90.95,27.09,5930.05,0,0,1787.94,7717.99,dollars
7975-JMZNT,Two Year,No,Bank transfer (automatic),91.7,23.27,6075.9,0,0,1535.82,7611.72,dollars
7975-TZMLR,One Year,Yes,Electronic check,10310,16.64,4889.3,0,0,782.08,5671.38,cents
7976-CICYS,Month-to-Month,Yes,Credit card (automatic),20.7,27.04,83.75,0,0,108.16,191.91,dollars
7977-HXJKU,Two Year,No,Mailed check,19.6,27.6,397,0,0,579.6,976.6,dollars
7978-DKUQH,Month-to-Month,Yes,Electronic check,7459.999999999999,37.1,1797.75,0,0,927.5,2725.25,cents
7979-CORPM,Month-to-Month,Yes,Credit card (automatic),9055,35.93,2282.55,0,0,862.32,3144.87,cents
7980-MHFLQ,Two Year,No,Mailed check,24.9,18.21,1859.2,0,0,1311.12,3170.32,dollars
7982-VCELR,Month-to-Month,Yes,Credit card (automatic),94.8,19.64,3565.65,30.26,0,707.04,4242.43,dollars
7989-AWGEH,Month-to-Month,Yes,Electronic check,39.2,0,1838.15,0,0,0,1838.15,dollars
7989-CHGTL,Month-to-Month,Yes,Mailed check,19.6,14.17,19.6,0,0,14.17,33.77,dollars
7989-VCQOH,Month-to-Month,No,Electronic check,83.25,10.29,1611.15,0,0,185.22,1796.37,dollars
7993-NQLJE,Month-to-Month,No,Mailed check,7509.999999999999,32.73,1151.55,0,0,490.95,1642.5,cents
7993-PYKOF,Month-to-Month,No,Electronic check,75,5.34,632.95,0,0,42.72,675.67,dollars
7994-UYIVZ,Month-to-Month,Yes,Bank transfer (automatic),8565,39.59,659.45,0,70,316.72,1046.17,cents
7994-XIRTR,One Year,No,Bank transfer (automatic),6525,5.14,3529.95,33.07,0,277.56,3774.44,cents
7995-ZHHNZ,One Year,No,Credit card (automatic),56.1,20.65,2386.85,28.83,0,867.3,3225.32,dollars
7996-BPXHY,Two Year,Yes,Bank transfer (automatic),2500,35.19,332.5,0,0,457.47,789.97,cents
7996-MHXLW,Two Year,Yes,Credit card (automatic),25.15,20.77,1683.6,0,0,1370.82,3054.42,dollars
7997-EASSD,One Year,Yes,Credit card (automatic),8120,38.85,4965.1,0,0,2447.55,7412.65,cents
7998-WNZEM,Two Year,No,Bank transfer (automatic),80.6,12.27,5708.2,0,0,871.17,6579.37,dollars
7998-ZLXWN,Month-to-Month,No,Credit card (automatic),20.45,12.41,330.8,0,0,186.15,516.95,dollars
8000-REIQB,Month-to-Month,Yes,Electronic check,69.95,22.5,69.95,0,10,22.5,102.45,dollars
8003-EWNDZ,Month-to-Month,Yes,Electronic check,21.2,10.46,222.65,0,0,104.6,327.25,dollars
8006-PYCSW,Month-to-Month,No,Mailed check,20.1,35.5,39.8,0,0,71,110.8,dollars
8007-YYPWD,Two Year,No,Bank transfer (automatic),25.05,40.97,369.1,0,0,614.55,983.65,dollars
8008-ESFLK,One Year,No,Electronic check,110.5,6.68,5835.5,0,0,354.04,6189.54,dollars
8008-HAWED,Month-to-Month,Yes,Electronic check,50.75,0,712.75,0,10,0,722.75,dollars
8008-OTEZX,One Year,No,Mailed check,19.65,18.29,708.8,0,0,640.15,1348.95,dollars
8010-EZLOU,Month-to-Month,Yes,Electronic check,80.2,12.08,1217.25,0,0,181.2,1398.45,dollars
8012-SOUDQ,One Year,Yes,Electronic check,90.25,12.58,3838.75,0,0,540.94,4379.69,dollars
8015-IHCGW,Two Year,Yes,Electronic check,115.5,36.82,8425.15,42.29,0,2651.04,11033.9,dollars
8016-NCFVO,Month-to-Month,Yes,Electronic check,11650,29.3,6382.55,0,0,1611.5,7994.05,cents
8016-ZMGMO,One Year,Yes,Bank transfer (automatic),7084.999999999999,44.01,4738.85,0,0,2904.66,7643.51,cents
8017-LXHFA,Month-to-Month,Yes,Electronic check,9475,31.17,2293.6,0,0,716.91,3010.51,cents
8017-UVSZU,Month-to-Month,No,Credit card (automatic),56.6,48.29,2379.1,0,0,1931.6,4310.7,dollars
8019-ENHXU,Month-to-Month,Yes,Electronic check,99.45,34.65,4138.05,30.46,140,1455.3,5702.89,dollars
8020-BWHYL,Month-to-Month,Yes,Credit card (automatic),75.3,7.99,1147.45,0,0,119.85,1267.3,dollars
8022-BECSI,One Year,No,Mailed check,19.6,20.46,422.5,0,0,450.12,872.62,dollars
8023-QHAIO,Month-to-Month,Yes,Bank transfer (automatic),76.85,27.56,4275.75,0,120,1543.36,5939.11,dollars
8024-XNAFQ,Two Year,Yes,Bank transfer (automatic),107.4,31.31,7748.75,0,0,2254.32,10003.07,dollars
8028-PNXHQ,Two Year,Yes,Bank transfer (automatic),2425,48.73,1424.6,0,0,3021.26,4445.86,cents
8029-XYPWT,Two Year,Yes,Bank transfer (automatic),11505,46.82,8016.6,0,0,3324.22,11340.82,cents
8033-ATFAS,Month-to-Month,Yes,Mailed check,5985,48.14,2341.5,0,0,1877.46,4218.96,cents
8033-VCZGH,One Year,Yes,Electronic check,10395,23.28,5231.3,0,0,1164,6395.3,cents
8034-RYTVV,One Year,Yes,Credit card (automatic),84.25,44.85,4589.85,0,0,2466.75,7056.6,dollars
8035-BUYVG,One Year,Yes,Electronic check,42.35,0,1716.45,0,0,0,1716.45,dollars
8035-PWSEV,Month-to-Month,Yes,Electronic check,89.25,35.88,487.05,0,0,215.28,702.33,dollars
8039-ACLPL,Two Year,No,Credit card (automatic),6875,12.32,4888.2,0,0,887.04,5775.24,cents
8039-EQPIM,Two Year,No,Bank transfer (automatic),60.25,0,4055.5,0,120,0,4175.5,dollars
8040-MNRTF,Month-to-Month,No,Mailed check,7109.999999999999,37.51,71.1,0,0,37.51,108.61,cents
8041-TMEID,Two Year,No,Credit card (automatic),108.5,37.12,6991.9,0,0,2338.56,9330.46,dollars
8042-JVNFH,Month-to-Month,Yes,Mailed check,71.35,35.28,71.35,0,0,35.28,106.63,dollars
8042-RNLKO,One Year,No,Bank transfer (automatic),25.45,32.22,1699.15,0,0,2126.52,3825.67,dollars
8043-PNYSD,Two Year,No,Mailed check,1955,10.67,1245.6,0,0,672.21,1917.81,cents
8044-BGWPI,Month-to-Month,Yes,Electronic check,21.15,33.9,306.05,0,0,406.8,712.85,dollars
8046-DNVTL,Two Year,Yes,Credit card (automatic),3860,0,2345.55,0,0,0,2345.55,cents
8048-DSDFQ,Month-to-Month,No,Mailed check,20.2,13.08,20.2,0,0,13.08,33.28,dollars
8049-WJCLQ,Month-to-Month,No,Mailed check,60.2,19.77,563.5,0,0,197.7,761.2,dollars
8050-DVOJX,Two Year,No,Credit card (automatic),8134.999999999999,43.19,4060.9,0,0,2116.31,6177.21,cents
8050-WYBND,One Year,Yes,Credit card (automatic),49.45,0,1031.4,0,0,0,1031.4,dollars
8050-XGRVL,One Year,No,Credit card (automatic),54.75,32.92,3425.35,8.5,0,2041.04,5457.89,dollars
8051-HJRLT,Month-to-Month,Yes,Electronic check,70.55,18.2,70.55,0,0,18.2,88.75,dollars
8053-WWDRO,Month-to-Month,No,Bank transfer (automatic),19.5,31.7,146.3,0,0,190.2,336.5,dollars
8058-DMYRU,Two Year,Yes,Electronic check,90.05,18.58,4931.8,0,0,1003.32,5935.12,dollars
8058-INTPH,Month-to-Month,Yes,Electronic check,79.65,22.48,79.65,0,0,22.48,102.13,dollars
8058-JMEQO,Month-to-Month,Yes,Electronic check,84.45,12.91,762.5,0,0,116.19,878.69,dollars
8059-UDZFY,Two Year,Yes,Bank transfer (automatic),105.35,12.75,3465.05,0,0,420.75,3885.8,dollars
8060-HIWJJ,Two Year,No,Credit card (automatic),86.55,14.39,5632.55,0,0,920.96,6553.51,dollars
8062-YBDOE,Month-to-Month,Yes,Electronic check,6965.000000000001,7.23,69.65,0,0,7.23,76.88,cents
8063-GBATB,Month-to-Month,Yes,Electronic check,8525,31.17,2287.25,0,0,841.59,3128.84,cents
8063-RJYNF,Month-to-Month,Yes,Electronic check,94.25,20.44,1483.25,0,140,327.04,1950.29,dollars
8064-RAVOH,Month-to-Month,Yes,Electronic check,49.85,42.55,49.85,0,0,42.55,92.4,dollars
8065-BVEPF,Two Year,Yes,Bank transfer (automatic),9910,18.23,6496.15,0,0,1184.95,7681.1,cents
8065-QBYTO,One Year,Yes,Credit card (automatic),9965,3.91,7181.25,0,0,277.61,7458.86,cents
8065-YKXKD,Month-to-Month,Yes,Electronic check,74.75,5.63,799.65,0,0,56.3,855.95,dollars
8066-POXGX,Month-to-Month,Yes,Electronic check,35.1,0,446.1,0,0,0,446.1,dollars
8067-NIOYM,Two Year,Yes,Credit card (automatic),21.1,20.6,490.65,0,0,494.4,985.05,dollars
8069-RHUXK,Two Year,No,Credit card (automatic),35.7,0,2545.7,0,0,0,2545.7,dollars
8069-YQQAJ,Month-to-Month,Yes,Mailed check,31.1,0,419.7,0,0,0,419.7,dollars
8070-AAWZP,Two Year,No,Mailed check,3425,0,828.2,0,0,0,828.2,cents
8071-SBTRN,Two Year,Yes,Mailed check,111.15,23.15,7737.55,46.26,0,1620.5,9311.79,dollars
8073-IJDCM,Month-to-Month,Yes,Mailed check,20.3,26.37,20.3,0,0,26.37,46.67,dollars
8075-GXIUB,One Year,No,Credit card (automatic),1985.0000000000002,22.79,183.15,0,0,205.11,388.26,cents
8076-FEZKJ,One Year,No,Mailed check,19.5,15.71,225.85,0,0,157.1,382.95,dollars
8079-XRJRS,One Year,No,Electronic check,89.75,49.33,5769.6,18.72,0,3206.45,8957.33,dollars
8080-DDEMJ,Month-to-Month,No,Electronic check,45.1,15.28,45.1,0,0,15.28,60.38,dollars
8080-POTJR,One Year,Yes,Credit card (automatic),79.3,6.74,2427.1,0,0,202.2,2629.3,dollars
8082-GHXOP,Month-to-Month,No,Mailed check,44,26.63,659.35,0,0,346.19,1005.54,dollars
8083-YTZES,Month-to-Month,Yes,Electronic check,74.35,47.82,265.35,0,0,191.28,456.63,dollars
8084-OIVBS,One Year,No,Mailed check,20,46.49,211.95,0,0,511.39,723.34,dollars
8085-MSNLK,Two Year,No,Mailed check,11395,42.68,6891.4,0,0,2646.16,9537.56,cents
8086-OVPWV,Month-to-Month,Yes,Electronic check,80.2,26.47,181.1,0,10,52.94,244.04,dollars
8087-LGYHQ,Month-to-Month,Yes,Electronic check,9405,15.53,811.65,0,0,139.77,951.42,cents
8089-UZWLX,Two Year,No,Bank transfer (automatic),104.05,47.86,7413.55,0,0,3398.06,10811.61,dollars
8091-TTVAX,One Year,No,Credit card (automatic),100.35,5.69,5681.1,0,0,330.02,6011.12,dollars
8092-NLTGF,Two Year,No,Bank transfer (automatic),24.75,29.29,1777.6,0,0,2108.88,3886.48,dollars
8095-WANWK,Month-to-Month,No,Mailed check,4525,3.55,428.7,44.9,0,35.5,419.3,cents
8096-LOIST,Month-to-Month,Yes,Electronic check,56.2,40.22,1093.4,0,0,764.18,1857.58,dollars
8097-OMULG,One Year,No,Credit card (automatic),7675,15.94,4541.9,0,0,940.46,5482.36,cents
8097-VBQTZ,Month-to-Month,Yes,Mailed check,69.9,27.62,3883.3,0,0,1491.48,5374.78,dollars
8098-LLAZX,Month-to-Month,Yes,Electronic check,9545,31.61,396.1,0,0,126.44,522.54,cents
8098-TDCBU,Two Year,No,Electronic check,25.25,33.63,1108.2,0,0,1412.46,2520.66,dollars
8099-MZPUJ,Two Year,No,Credit card (automatic),111.8,12.57,5443.65,0,0,603.36,6047.01,dollars
8100-HZZLJ,Month-to-Month,Yes,Electronic check,63.95,5.6,2737.05,0,0,240.8,2977.85,dollars
8100-PNJMH,Two Year,Yes,Credit card (automatic),8885,41.61,6132.7,0,0,2829.48,8962.18,cents
8104-OSKWT,Month-to-Month,Yes,Electronic check,79.8,14.42,1001.2,21.53,0,173.04,1152.71,dollars
8106-GWQOK,Two Year,Yes,Bank transfer (automatic),60,0,2193.2,0,0,0,2193.2,dollars
8107-KNCIM,Two Year,Yes,Electronic check,7509.999999999999,45.46,1013.35,0,0,636.44,1649.79,cents
8107-RZLNV,Two Year,Yes,Bank transfer (automatic),106.3,15.09,7565.35,0,0,1086.48,8651.83,dollars
8108-UXRQN,Month-to-Month,No,Electronic check,5055,0,565.35,0,0,0,565.35,cents
8109-YUOHE,One Year,No,Mailed check,56.1,36.47,946.95,0,0,619.99,1566.94,dollars
8111-BKVDS,Month-to-Month,No,Bank transfer (automatic),40.7,0,449.3,0,0,0,449.3,dollars
8111-RKSPX,Month-to-Month,Yes,Bank transfer (automatic),7220,29.98,305.55,0,0,119.92,425.47,cents
8111-SLLHI,Month-to-Month,Yes,Electronic check,105.65,33.25,4284.8,0,0,1296.75,5581.55,dollars
8118-LSUEL,Month-to-Month,Yes,Electronic check,106.4,17.62,2483.5,0,0,405.26,2888.76,dollars
8118-TJAFG,Month-to-Month,Yes,Electronic check,10150,36.94,906.85,0,0,332.46,1239.31,cents
8120-JDCAM,Month-to-Month,Yes,Mailed check,6955,37.23,284.9,0,0,148.92,433.82,cents
8123-QBNAZ,Month-to-Month,Yes,Credit card (automatic),10450,43.7,3684.95,0,0,1573.2,5258.15,cents
8124-NZVGJ,One Year,Yes,Mailed check,4925,0,255.6,0,0,0,255.6,cents
8125-QPFJD,Two Year,Yes,Bank transfer (automatic),84.9,1.34,6065.3,0,0,96.48,6161.78,dollars
8128-YVJRG,Month-to-Month,Yes,Mailed check,79.65,40.32,604.7,0,0,282.24,886.94,dollars
8129-GMVGI,Two Year,No,Mailed check,20.05,35.38,1090.1,0,0,1981.28,3071.38,dollars
8132-YPVBX,Month-to-Month,Yes,Mailed check,8595,40.64,514.6,0,0,243.84,758.44,cents
8133-ANHHJ,One Year,No,Bank transfer (automatic),103,36.47,5166.2,0,0,1787.03,6953.23,dollars
8138-EALND,Month-to-Month,No,Mailed check,19.75,3.49,311.6,0,0,52.35,363.95,dollars
8143-ETQTI,Two Year,Yes,Mailed check,1964.9999999999998,1.88,451.55,0,0,43.24,494.79,cents
8144-DGHXP,Two Year,No,Electronic check,80.6,36.68,4299.95,0,140,1980.72,6420.67,dollars
8146-QQKZH,Two Year,No,Bank transfer (automatic),81.85,6.23,5924.4,0,0,442.33,6366.73,dollars
8148-BPLZQ,Month-to-Month,Yes,Electronic check,49.8,4.89,1734.2,0,70,166.26,1970.46,dollars
8148-NLEGT,Two Year,No,Electronic check,2295,13.95,1014.25,0,0,585.9,1600.15,cents
8148-WOCMK,Two Year,No,Credit card (automatic),19.6,13.43,125,0,0,107.44,232.44,dollars
8149-AIQCG,Month-to-Month,Yes,Credit card (automatic),7315.000000000001,8.69,2730.85,0,0,338.91,3069.76,cents
8149-RSOUN,Month-to-Month,Yes,Electronic check,9385,16.15,93.85,0,0,16.15,110,cents
8150-QUDFX,Month-to-Month,No,Mailed check,19.85,27.47,51.6,0,0,54.94,106.54,dollars
8152-UOBNY,One Year,Yes,Electronic check,106.8,10.6,5347.95,0,0,530,5877.95,dollars
8152-VETUR,Two Year,Yes,Credit card (automatic),97.7,28.59,6869.7,0,0,2058.48,8928.18,dollars
8155-IBNHG,Month-to-Month,Yes,Credit card (automatic),75.4,17.73,1747.85,0,0,425.52,2173.37,dollars
8158-WPEZG,Month-to-Month,Yes,Electronic check,35.65,0,425.1,0,0,0,425.1,dollars
8160-HOWOX,Month-to-Month,Yes,Electronic check,66.85,48.16,458.1,0,0,337.12,795.22,dollars
8161-QYMTT,Month-to-Month,Yes,Electronic check,9410,7.37,701.3,0,0,51.59,752.89,cents
8164-OCKUJ,Two Year,No,Mailed check,20.6,2.47,1286,0,0,145.73,1431.73,dollars
8165-CBKXO,Two Year,Yes,Credit card (automatic),56.75,0,3708.4,0,0,0,3708.4,dollars
8165-ZJRNM,Two Year,No,Bank transfer (automatic),23.75,21.14,1679.25,0,0,1522.08,3201.33,dollars
8166-ORCHU,One Year,Yes,Electronic check,93.55,44.54,3055.5,0,0,1469.82,4525.32,dollars
8166-ZZTFS,Two Year,Yes,Bank transfer (automatic),80.55,21.7,5265.1,0,0,1432.2,6697.3,dollars
8167-GJLRN,Month-to-Month,No,Electronic check,30.4,0,82.15,0,0,0,82.15,dollars
8168-UQWWF,Month-to-Month,Yes,Bank transfer (automatic),97.85,27.57,1105.4,0,0,303.27,1408.67,dollars
8169-SAEJD,Two Year,No,Credit card (automatic),5655,0,3952.65,0,40,0,3992.65,cents
8173-RXAYP,Two Year,No,Mailed check,1970,30.41,452.55,0,0,729.84,1182.39,cents
8174-LNWMW,Two Year,No,Credit card (automatic),20.9,26.16,689.35,0,0,810.96,1500.31,dollars
8174-TBVCF,Two Year,Yes,Credit card (automatic),94.8,26.47,6859.05,0,0,1852.9,8711.95,dollars
8178-EYZUO,Month-to-Month,Yes,Electronic check,9370,15.78,4154.8,0,0,725.88,4880.68,cents
8180-AKMJV,Month-to-Month,Yes,Credit card (automatic),44.55,23.04,44.55,0,0,23.04,67.59,dollars
8181-YHCMF,Two Year,No,Credit card (automatic),6030,0,4109,0,0,0,4109,cents
8182-BJDSI,Month-to-Month,Yes,Electronic check,89.95,30.28,2625.55,0,0,847.84,3473.39,dollars
8182-PNAGI,Month-to-Month,No,Bank transfer (automatic),50.25,46.58,593.75,0,120,558.96,1272.71,dollars
8183-ONMXC,Month-to-Month,No,Electronic check,8075,5.11,159.45,0,0,10.22,169.67,cents
8184-WMOFI,One Year,No,Credit card (automatic),71.4,14.05,4487.3,0,0,871.1,5358.4,dollars
8185-UPYBR,Month-to-Month,Yes,Electronic check,7550,21.23,438,0,0,127.38,565.38,cents
8189-DUKMV,One Year,No,Bank transfer (automatic),20.5,44.73,79.05,0,0,178.92,257.97,dollars
8189-HBVRW,Month-to-Month,No,Electronic check,90.8,2.51,4921.2,0,60,133.03,5114.23,dollars
8189-XRIKE,Two Year,No,Electronic check,90.95,31.57,2897.95,25.55,0,1010.24,3882.64,dollars
8190-ZTQFB,One Year,Yes,Electronic check,51.35,0,2075.1,0,80,0,2155.1,dollars
8191-XWSZG,One Year,No,Mailed check,2065,22.55,1022.95,0,0,1172.6,2195.55,cents
8194-PEEBY,One Year,No,Mailed check,1989.9999999999998,4.47,533.5,0,0,107.28,640.78,cents
8197-BFWVU,Two Year,Yes,Bank transfer (automatic),93.25,1.72,6688.95,0,0,123.84,6812.79,dollars
8198-RKSZG,Month-to-Month,No,Credit card (automatic),80.45,9.77,1137.05,0,0,136.78,1273.83,dollars
8199-ZLLSA,One Year,Yes,Bank transfer (automatic),118.35,22.66,7804.15,0,0,1518.22,9322.37,dollars
8200-KLNYW,One Year,No,Mailed check,80.9,11.27,1714.95,0,60,236.67,2011.62,dollars
8200-LGKSR,Two Year,No,Electronic check,83.2,35.09,6126.1,0,0,2491.39,8617.49,dollars
8201-AAXCB,Month-to-Month,No,Electronic check,6035,25.87,1404.65,0,10,646.75,2061.4,cents
8203-XJZRC,Month-to-Month,No,Mailed check,20.25,40.46,20.25,0,0,40.46,60.71,dollars
8204-TIFGJ,Month-to-Month,Yes,Bank transfer (automatic),20.3,16.26,470.6,0,0,373.98,844.58,dollars
8204-YJCLA,Two Year,Yes,Bank transfer (automatic),6480,0,4732.35,0,0,0,4732.35,cents
8205-MQUGY,Month-to-Month,Yes,Electronic check,4920,9.58,571.15,0,80,114.96,766.11,cents
8205-OTCHB,One Year,Yes,Bank transfer (automatic),43.75,0,903.6,0,0,0,903.6,dollars
8205-VSLRB,Two Year,No,Credit card (automatic),77.3,4.8,5498.2,26.87,0,336,5807.33,dollars
8207-DMRVL,Two Year,No,Bank transfer (automatic),114.55,21.89,8306.05,21.6,40,1576.08,9900.53,dollars
8207-VVMYB,Two Year,Yes,Bank transfer (automatic),26,14.15,2006.95,0,0,990.5,2997.45,dollars
8208-EUMTE,Two Year,No,Mailed check,5485,0,916.15,0,0,0,916.15,cents
8212-CRQXP,Month-to-Month,Yes,Credit card (automatic),80,45.1,1706.45,0,50,992.2,2748.65,dollars
8212-DJRCH,Month-to-Month,Yes,Mailed check,90.35,15.01,434.5,17.33,0,75.05,492.22,dollars
8213-TAZPM,One Year,Yes,Bank transfer (automatic),108.75,46.45,7493.05,0,100,3205.05,10798.1,dollars
8215-NGSPE,Two Year,No,Mailed check,20,3.14,833.55,0,0,131.88,965.43,dollars
8216-AZUUZ,Two Year,Yes,Electronic check,100.4,12.6,4303.65,0,0,529.2,4832.85,dollars
8217-QYOHV,Month-to-Month,Yes,Mailed check,55.75,30.92,266.95,0,0,154.6,421.55,dollars
8218-FFJDS,Two Year,Yes,Bank transfer (automatic),86.4,15.35,6058.95,0,0,1105.2,7164.15,dollars
8219-VYBVI,Two Year,No,Mailed check,25,49.95,1004.35,0,0,1948.05,2952.4,dollars
8220-OCUFY,One Year,Yes,Electronic check,6025,7.41,1258.35,0,0,155.61,1413.96,cents
8221-EQDGL,Month-to-Month,No,Mailed check,6100,25.32,2130.45,10.7,0,886.2,3005.95,cents
8221-HVAYI,Two Year,Yes,Credit card (automatic),69.15,5.06,2490.15,0,0,177.1,2667.25,dollars
8224-DWCKX,Two Year,Yes,Credit card (automatic),73.3,43.4,828.05,0,0,520.8,1348.85,dollars
8224-IVVPA,Month-to-Month,Yes,Mailed check,5670,25.21,1652.95,0,0,680.67,2333.62,cents
8224-KDLKN,Two Year,No,Bank transfer (automatic),2500,19.04,1738.9,0,0,1370.88,3109.78,cents
8224-UAXBZ,One Year,Yes,Electronic check,4535,0,2540.1,4.08,0,0,2536.02,cents
8225-BTJAU,Month-to-Month,Yes,Electronic check,79.25,7.51,793.55,0,0,75.1,868.65,dollars
8226-BXGES,One Year,No,Bank transfer (automatic),8945,13.8,5692.65,0,0,883.2,6575.85,cents
8229-BUJHX,Two Year,No,Bank transfer (automatic),2050,11.13,1500.95,0,0,790.23,2291.18,cents
8229-MYEJZ,Month-to-Month,No,Electronic check,51.2,45.56,498.25,0,0,455.6,953.85,dollars
8229-TNIQA,Month-to-Month,Yes,Mailed check,45.3,39.9,196.95,0,0,159.6,356.55,dollars
8231-BSWXX,One Year,Yes,Credit card (automatic),7905,41.34,5552.5,0,0,2935.14,8487.64,cents
8232-CTLKO,Two Year,Yes,Electronic check,59.75,8.39,3996.8,0,0,553.74,4550.54,dollars
8232-UTFOZ,Two Year,No,Credit card (automatic),19.95,7.18,1399.35,0,0,495.42,1894.77,dollars
8234-GSZYK,Two Year,No,Bank transfer (automatic),26.45,28.9,1110.05,0,0,1242.7,2352.75,dollars
8237-ULIXL,Two Year,No,Credit card (automatic),2485,13.27,1871.85,0,0,955.44,2827.29,cents
8241-JUIQO,One Year,No,Bank transfer (automatic),19.45,25.91,1336.35,0,0,1580.51,2916.86,dollars
8242-JSVBO,Month-to-Month,Yes,Bank transfer (automatic),4465,26.76,322.5,0,0,187.32,509.82,cents
8242-PDSGJ,Two Year,Yes,Credit card (automatic),39.15,0,2692.75,0,0,0,2692.75,dollars
8242-SOQUO,One Year,Yes,Electronic check,84.7,14.22,392.5,41.2,0,71.1,422.4,dollars
8245-UMPYT,Month-to-Month,Yes,Electronic check,9640,32.11,1581.2,47.2,0,513.76,2047.76,cents
8246-SHFGA,Month-to-Month,No,Credit card (automatic),21.1,34.02,385.55,0,0,578.34,963.89,dollars
8249-THVEC,One Year,No,Mailed check,19.4,37.63,997.75,0,0,1919.13,2916.88,dollars
8250-ZNGGW,Two Year,No,Credit card (automatic),59.9,43.99,287.85,0,20,219.95,527.8,dollars
8257-RZAHR,Month-to-Month,Yes,Bank transfer (automatic),6470,20.4,941,0,0,285.6,1226.6,cents
8258-GSTJK,Month-to-Month,Yes,Electronic check,77,48.34,237.75,0,0,145.02,382.77,dollars
8259-DZLIZ,One Year,Yes,Bank transfer (automatic),53.85,17.07,3399.85,0,0,1092.48,4492.33,dollars
8259-NFJTV,Month-to-Month,No,Mailed check,3465,0,246.6,0,0,0,246.6,cents
8260-NGFNY,Month-to-Month,No,Mailed check,25.2,0,25.2,0,0,0,25.2,dollars
8261-GWDBQ,Two Year,Yes,Bank transfer (automatic),116.05,4.06,6925.9,0,0,243.6,7169.5,dollars
8262-COGGB,Month-to-Month,Yes,Mailed check,2045,11.61,20.45,0,0,11.61,32.06,cents
8263-JQAIK,Month-to-Month,Yes,Mailed check,2445,0,47.5,0,0,0,47.5,cents
8263-OKETD,Month-to-Month,Yes,Credit card (automatic),68.9,22.75,1370.35,0,0,455,1825.35,dollars
8263-QMNTJ,Two Year,Yes,Electronic check,115.55,47.82,8425.3,0,0,3443.04,11868.34,dollars
8265-HKSOW,Two Year,No,Credit card (automatic),107.45,17.89,7658.3,0,0,1288.08,8946.38,dollars
8266-VBFQL,Month-to-Month,Yes,Electronic check,9040,31.92,356.65,0,0,127.68,484.33,cents
8267-KFGYD,Month-to-Month,Yes,Mailed check,21.05,10.14,21.05,0,0,10.14,31.19,dollars
8267-ZNYVZ,One Year,Yes,Electronic check,103.75,15.66,3361.05,0,100,516.78,3977.83,dollars
8268-YDIXR,One Year,Yes,Electronic check,93.15,40.33,5253.95,0,0,2258.48,7512.43,dollars
8270-RKSAP,Month-to-Month,Yes,Electronic check,70.5,40.71,597.9,0,0,366.39,964.29,dollars
8272-ONJLV,One Year,No,Electronic check,95.7,49,1184,0,0,588,1772,dollars
8276-MQBYC,Month-to-Month,Yes,Electronic check,9780,19.49,4913.3,0,0,993.99,5907.29,cents
8277-RVRSV,One Year,No,Credit card (automatic),24.15,1.71,800.3,0,0,56.43,856.73,dollars
8280-MQRQN,Month-to-Month,Yes,Mailed check,5045,23.7,50.45,0,0,23.7,74.15,cents
8285-ABVLB,Two Year,No,Credit card (automatic),1985.0000000000002,40.91,1328.35,33.29,0,2863.7,4158.76,cents
8286-AFUYI,Month-to-Month,No,Electronic check,4795,46.23,47.95,0,0,46.23,94.18,cents
8290-YWKHZ,Month-to-Month,Yes,Electronic check,93.2,33.74,2931,17.88,0,1079.68,3992.8,dollars
8292-FRFZQ,One Year,No,Bank transfer (automatic),41.15,0,1700.9,0,0,0,1700.9,dollars
8292-ITGYJ,Two Year,Yes,Bank transfer (automatic),24.65,20.11,1138.8,0,0,904.95,2043.75,dollars
8292-TYSPY,Month-to-Month,Yes,Credit card (automatic),55,4.3,1046.5,0,30,81.7,1158.2,dollars
8294-UIMBA,One Year,Yes,Bank transfer (automatic),94.4,2.67,2638.1,0,0,80.1,2718.2,dollars
8295-FHIVV,Month-to-Month,Yes,Mailed check,19.4,9.19,168.65,0,0,64.33,232.98,dollars
8295-KMENE,Two Year,Yes,Mailed check,76.45,13.27,4519.5,30.22,0,782.93,5272.21,dollars
8305-VHZBZ,Month-to-Month,Yes,Mailed check,20.2,13.27,20.2,0,0,13.27,33.47,dollars
8309-IEYJD,Two Year,Yes,Mailed check,70.6,32.61,70.6,0,30,32.61,133.21,dollars
8309-PPCED,Two Year,Yes,Bank transfer (automatic),110.45,46.23,7982.5,0,0,3328.56,11311.06,dollars
8311-UEUAB,Two Year,Yes,Electronic check,75.5,1.36,5229.45,0,0,91.12,5320.57,dollars
8313-AFGBW,Two Year,No,Electronic check,73.6,14.14,3522.65,0,0,664.58,4187.23,dollars
8313-KTIHG,Month-to-Month,Yes,Electronic check,61.3,37.7,249.4,0,10,150.8,410.2,dollars
8313-NDOIA,Month-to-Month,Yes,Electronic check,10415,38.79,2494.65,0,40,930.96,3465.61,cents
8314-DPQHL,One Year,No,Mailed check,50.8,0,463.6,0,0,0,463.6,dollars
8314-HTWVE,Two Year,No,Mailed check,1985.0000000000002,35.26,144.15,0,0,246.82,390.97,cents
8316-BBQAY,Two Year,No,Credit card (automatic),59.95,0,3921.1,0,0,0,3921.1,dollars
8317-BVKSO,Month-to-Month,Yes,Electronic check,2005,9.19,299.3,0,0,128.66,427.96,cents
8318-LCNBW,One Year,No,Credit card (automatic),5315,0,1930.9,0,0,0,1930.9,cents
8319-QBEHW,One Year,Yes,Bank transfer (automatic),39.95,0,1023.75,0,0,0,1023.75,dollars
8325-QRPZR,Month-to-Month,Yes,Electronic check,75.15,30.06,525,0,10,210.42,745.42,dollars
8327-LZKAS,One Year,Yes,Electronic check,107.55,13.84,4533.9,0,140,595.12,5269.02,dollars
8327-WKMIE,One Year,No,Credit card (automatic),20.15,34.37,785.75,0,0,1271.69,2057.44,dollars
8328-SKJNO,One Year,No,Bank transfer (automatic),40.65,0,947.4,0,0,0,947.4,dollars
8329-GWVPJ,Month-to-Month,Yes,Bank transfer (automatic),69.75,10.21,3557.7,0,0,510.5,4068.2,dollars
8329-IBCTI,Month-to-Month,No,Mailed check,19.65,6.08,19.65,0,0,6.08,25.73,dollars
8329-UTMVM,One Year,Yes,Bank transfer (automatic),104.65,34.39,2964,0,0,928.53,3892.53,dollars
8331-ZXFOE,One Year,Yes,Credit card (automatic),71.1,42.33,4299.2,0,0,2455.14,6754.34,dollars
8332-OSJDW,One Year,No,Mailed check,26.4,45.15,314.95,0,0,541.8,856.75,dollars
8336-TAVKX,Two Year,No,Bank transfer (automatic),78.45,15.82,5682.25,0,0,1139.04,6821.29,dollars
8337-MSSXB,Month-to-Month,Yes,Electronic check,86.3,29.3,1180.95,0,10,410.2,1601.15,dollars
8337-UPOAQ,Month-to-Month,Yes,Electronic check,89.8,16.88,914.3,0,0,168.8,1083.1,dollars
8338-QIUNR,Two Year,Yes,Credit card (automatic),66.5,6.09,4811.6,45.61,0,438.48,5204.47,dollars
8344-WFMFH,Month-to-Month,Yes,Electronic check,50.1,27.64,484.05,0,0,248.76,732.81,dollars
8345-MVDYC,Two Year,No,Bank transfer (automatic),8165.000000000001,37.39,3618.7,0,0,1682.55,5301.25,cents
8347-GDTMP,Two Year,No,Credit card (automatic),19.45,14.78,1225.65,0,0,945.92,2171.57,dollars
8348-HFYIV,Month-to-Month,Yes,Electronic check,49.25,0,90.35,0,0,0,90.35,dollars
8348-JLBUG,One Year,No,Credit card (automatic),80.3,14.87,5017.7,0,0,951.68,5969.38,dollars
8350-NYMVI,Month-to-Month,No,Bank transfer (automatic),41.1,0,1597.05,0,0,0,1597.05,dollars
8356-WUAOJ,Month-to-Month,Yes,Electronic check,45,40.63,45,0,10,40.63,95.63,dollars
8357-EQXFO,Month-to-Month,Yes,Electronic check,9535,48.36,660.9,34.29,0,338.52,965.13,cents
8361-LBRDI,Two Year,No,Credit card (automatic),24.35,38.62,1423.85,0,0,2239.96,3663.81,dollars
8361-LTMKD,Month-to-Month,Yes,Mailed check,74.4,10.61,306.6,0,20,42.44,369.04,dollars
8364-TRMMK,Month-to-Month,Yes,Mailed check,50.65,22.56,151.3,0,0,67.68,218.98,dollars
8372-JUXUI,Month-to-Month,Yes,Electronic check,74.35,14.02,74.35,0,0,14.02,88.37,dollars
8374-UULRV,Two Year,No,Credit card (automatic),8605,48.36,6309.65,0,20,3481.92,9811.57,cents
8374-XGEJJ,Month-to-Month,Yes,Electronic check,10100,31.25,4388.4,0,150,1343.75,5882.15,cents
8375-DKEBR,Month-to-Month,Yes,Electronic check,69.6,34.51,69.6,0,0,34.51,104.11,dollars
8375-KVTHK,One Year,Yes,Electronic check,100.3,49.51,6754.35,0,90,3366.68,10211.03,dollars
8378-LKJAF,Month-to-Month,Yes,Credit card (automatic),10115,24.22,3956.7,0,0,920.36,4877.06,cents
8380-MQINP,Two Year,No,Mailed check,20.3,3.18,1079.05,0,0,174.9,1253.95,dollars
8380-PEFPE,Month-to-Month,Yes,Electronic check,7165.000000000001,17.54,71.65,0,0,17.54,89.19,cents
8382-SHQEH,Month-to-Month,Yes,Electronic check,84.9,29,764.95,0,0,232,996.95,dollars
8383-SGHJU,One Year,No,Electronic check,59.4,10.28,1952.8,0,0,339.24,2292.04,dollars
8384-FZBJK,Month-to-Month,Yes,Electronic check,10060,32.37,5611.7,0,0,1845.09,7456.79,cents
8387-MOJJT,Month-to-Month,Yes,Credit card (automatic),77.95,34.02,3384,0,0,1428.84,4812.84,dollars
8387-UGUSU,Month-to-Month,No,Mailed check,20.05,37.9,284.3,0,0,568.5,852.8,dollars
8388-DMKAE,Two Year,No,Mailed check,20.25,15.86,174.65,0,0,126.88,301.53,dollars
8388-FYNPZ,Month-to-Month,No,Electronic check,56.75,34.69,245.15,0,0,138.76,383.91,dollars
8390-FESFV,Two Year,No,Bank transfer (automatic),8450,6.05,5193.2,0,0,375.1,5568.3,cents
8393-DLHGA,Month-to-Month,Yes,Electronic check,9590,5.27,2448.75,0,0,131.75,2580.5,cents
8393-JMVMB,Month-to-Month,No,Mailed check,19.45,29.15,19.45,0,0,29.15,48.6,dollars
8395-ETZKQ,One Year,No,Bank transfer (automatic),19.5,35.14,1193.55,0,0,2389.52,3583.07,dollars
8397-MVTAZ,Month-to-Month,Yes,Electronic check,10005,23.09,3480,0,20,785.06,4285.06,cents
8398-TBIYD,Two Year,Yes,Bank transfer (automatic),8470,8.48,6185.15,0,0,610.56,6795.71,cents
8399-YNDCH,Month-to-Month,Yes,Bank transfer (automatic),60.05,34.62,1236.15,0,0,727.02,1963.17,dollars
8400-WZICQ,Month-to-Month,No,Electronic check,5570,36.41,3131.8,34.16,0,2002.55,5100.19,cents
8401-EMUWF,Month-to-Month,Yes,Bank transfer (automatic),6940.000000000001,16.67,3058.3,0,0,700.14,3758.44,cents
8402-EIVQS,One Year,Yes,Credit card (automatic),100.9,31.41,6733.15,0,0,2104.47,8837.62,dollars
8402-OOOHJ,Two Year,No,Mailed check,20.65,31.62,835.15,0,0,1296.42,2131.57,dollars
8404-FYDIB,Month-to-Month,Yes,Credit card (automatic),86.65,49.87,2208.75,0,0,1296.62,3505.37,dollars
8404-GFGCZ,Month-to-Month,No,Electronic check,65.6,10.13,250.1,0,0,40.52,290.62,dollars
8404-VIOMB,Two Year,Yes,Bank transfer (automatic),62.5,0,4136.4,0,0,0,4136.4,dollars
8404-VLQFB,Month-to-Month,Yes,Electronic check,25.25,29.55,394.85,0,0,443.25,838.1,dollars
8405-IGQFX,One Year,Yes,Credit card (automatic),90.05,40.34,5817,0,0,2541.42,8358.42,dollars
8406-LNMHF,One Year,Yes,Credit card (automatic),8295,4.21,4903.15,0,0,248.39,5151.54,cents
8409-WQJUX,One Year,No,Electronic check,5420,0,1423.15,0,0,0,1423.15,cents
8410-BGQXN,Month-to-Month,No,Mailed check,19.4,22.54,93.4,0,0,90.16,183.56,dollars
8413-VONUO,Month-to-Month,No,Electronic check,95.65,16.76,167.3,0,0,33.52,200.82,dollars
8413-YNHNV,Two Year,No,Mailed check,9065,47.43,6322.1,0,0,3272.67,9594.77,cents
8414-MYSHR,Month-to-Month,Yes,Electronic check,9140,4.59,449.75,0,0,22.95,472.7,cents
8414-OOEEL,Two Year,Yes,Credit card (automatic),7950,12.48,5196.1,0,0,823.68,6019.78,cents
8417-FMLZI,Month-to-Month,Yes,Credit card (automatic),8355,26.91,477.55,0,0,161.46,639.01,cents
8417-GSODA,One Year,No,Bank transfer (automatic),92.2,13.19,2568.15,0,0,369.32,2937.47,dollars
8421-WZOOW,Month-to-Month,Yes,Credit card (automatic),95.3,28.25,5567.45,0,0,1610.25,7177.7,dollars
8429-XIBUM,Month-to-Month,Yes,Bank transfer (automatic),10135,10.33,2317.1,0,0,227.26,2544.36,cents
8430-TWCBX,One Year,No,Credit card (automatic),20.7,29.18,1032.05,0,0,1429.82,2461.87,dollars
8433-WPJTV,One Year,Yes,Bank transfer (automatic),10390,1.58,6767.1,0,0,102.7,6869.8,cents
8433-WXGNA,Month-to-Month,Yes,Electronic check,75.7,42.16,189.2,0,0,84.32,273.52,dollars
8434-PNQZX,Two Year,Yes,Credit card (automatic),78.45,20.27,3373.4,0,0,851.34,4224.74,dollars
8434-VGEQQ,Two Year,No,Credit card (automatic),20.55,46.76,1305.95,0,0,2852.36,4158.31,dollars
8436-BJUMM,Month-to-Month,Yes,Electronic check,83.75,35.9,2070.6,0,0,933.4,3004,dollars
8439-LTUGF,Month-to-Month,Yes,Credit card (automatic),20,19.1,198.6,0,0,191,389.6,dollars
8441-SHIPE,Two Year,Yes,Bank transfer (automatic),2560,16.72,1790.35,46.06,0,1120.24,2864.53,cents
8443-WVPSS,Month-to-Month,Yes,Electronic check,9985,43.28,990.9,0,0,432.8,1423.7,cents
8443-ZRDBZ,Month-to-Month,Yes,Electronic check,76.05,42.44,318.9,0,0,169.76,488.66,dollars
8444-WRIDW,Month-to-Month,Yes,Credit card (automatic),80.45,45.59,5224.35,0,140,3008.94,8373.29,dollars
8445-DNBAE,Month-to-Month,Yes,Electronic check,5005,43.05,50.05,0,0,43.05,93.1,cents
8450-JOVAH,Month-to-Month,No,Mailed check,56.7,5.67,113.55,0,0,11.34,124.89,dollars
8450-LUGUK,Two Year,Yes,Bank transfer (automatic),24.1,44.68,861.85,0,0,1653.16,2515.01,dollars
8450-UYIBU,Two Year,Yes,Electronic check,39.85,0,1434.6,0,0,0,1434.6,dollars
8454-AATJP,Two Year,No,Credit card (automatic),115.05,19.6,8405,0,0,1411.2,9816.2,dollars
8455-HIRAQ,Month-to-Month,No,Mailed check,44.45,10.91,369.3,0,0,87.28,456.58,dollars
8456-QDAVC,Month-to-Month,Yes,Bank transfer (automatic),78.7,29.55,1495.1,26.84,0,561.45,2029.71,dollars
8457-XIGKN,Month-to-Month,Yes,Credit card (automatic),19.6,29.12,356.15,0,0,582.4,938.55,dollars
8461-EFQYM,One Year,Yes,Electronic check,24.25,46.18,914.4,35.61,0,1754.84,2633.63,dollars
8464-EETCQ,Two Year,No,Credit card (automatic),18.8,19.69,1094.35,0,0,1122.33,2216.68,dollars
8465-SBRXP,Two Year,Yes,Bank transfer (automatic),94.9,25.84,3616.25,0,0,981.92,4598.17,dollars
8466-PZBLH,Two Year,No,Bank transfer (automatic),10460,11.31,6885.75,0,0,757.77,7643.52,cents
8467-WYNSR,Month-to-Month,No,Mailed check,5510,37.11,1253.15,0,0,816.42,2069.57,cents
8468-EHYJA,Month-to-Month,Yes,Electronic check,9965,12.19,5497.05,0,0,694.83,6191.88,cents
8468-FZTOE,Two Year,Yes,Electronic check,74.35,17.21,5237.4,0,50,1239.12,6526.52,dollars
8469-SNFFH,One Year,No,Bank transfer (automatic),79.4,43.46,5528.9,0,0,3042.2,8571.1,dollars
8473-VUVJN,Month-to-Month,Yes,Electronic check,73.65,39.88,73.65,0,0,39.88,113.53,dollars
8474-UMLNT,Month-to-Month,No,Bank transfer (automatic),67.8,28.45,842.25,0,0,369.85,1212.1,dollars
8480-PPONV,Two Year,No,Bank transfer (automatic),115.55,40.66,7159.05,0,0,2520.92,9679.97,dollars
8481-YYXWG,Month-to-Month,Yes,Electronic check,89.35,10.11,461.7,0,0,50.55,512.25,dollars
8485-GJCDN,Month-to-Month,Yes,Mailed check,6905,30.05,318.5,0,0,150.25,468.75,cents
8486-AYEQH,Month-to-Month,Yes,Electronic check,76.05,38.78,2227.8,0,0,1202.18,3429.98,dollars
8490-BXHEO,Month-to-Month,Yes,Credit card (automatic),80.55,38.79,1411.65,0,0,698.22,2109.87,dollars
8495-LJDFO,Two Year,Yes,Bank transfer (automatic),108.95,22.86,7111.3,0,0,1463.04,8574.34,dollars
8495-PRWFH,Month-to-Month,No,Electronic check,55.65,27,2421.75,0,0,1134,3555.75,dollars
8496-DMZUK,One Year,No,Bank transfer (automatic),90.4,7.19,2820.65,0,0,215.7,3036.35,dollars
8496-EJAUI,Month-to-Month,Yes,Credit card (automatic),7384.999999999999,1.79,1424.5,0,130,34.01,1588.51,cents
8498-XXGWA,Month-to-Month,Yes,Mailed check,55.15,19.99,3673.15,0,0,1299.35,4972.5,dollars
8499-BRXTD,One Year,No,Mailed check,20.1,38.73,401.85,0,0,697.14,1098.99,dollars
8510-AWCXC,Month-to-Month,Yes,Electronic check,10080,7.22,1308.1,0,0,93.86,1401.96,cents
8510-BBWMU,One Year,Yes,Mailed check,1975,37.46,806.95,0,0,1535.86,2342.81,cents
8510-TMWYB,Two Year,Yes,Bank transfer (automatic),59.8,23.02,3246.45,0,0,1243.08,4489.53,dollars
8512-WIWYV,One Year,No,Credit card (automatic),20.35,36.78,707.5,0,0,1176.96,1884.46,dollars
8513-OLYGY,Two Year,No,Credit card (automatic),115.8,27.59,8332.15,0,0,1986.48,10318.63,dollars
8514-VZHEB,Two Year,No,Mailed check,19.5,18.75,1147.85,0,0,1106.25,2254.1,dollars
8515-OCTJS,Two Year,No,Credit card (automatic),24.75,19.75,692.1,0,0,493.75,1185.85,dollars
8519-IMDHU,Month-to-Month,Yes,Bank transfer (automatic),85.6,45.25,1345.55,0,0,678.75,2024.3,dollars
8519-QJGJD,Month-to-Month,No,Electronic check,7534.999999999999,18.74,1025.95,0,0,262.36,1288.31,cents
8532-UEFWH,Two Year,No,Mailed check,2575,49.51,1345.85,0,0,2574.52,3920.37,cents
8535-SFUTN,Month-to-Month,Yes,Electronic check,10645,36.05,6300.15,0,0,2199.05,8499.2,cents
8540-ZQGEA,Two Year,No,Credit card (automatic),20.05,32.72,1102.4,0,0,1766.88,2869.28,dollars
8541-QVFKM,Month-to-Month,Yes,Electronic check,73.5,17.3,632.2,0,0,138.4,770.6,dollars
8543-MSDMF,Month-to-Month,Yes,Electronic check,77.4,44.42,206.15,0,0,133.26,339.41,dollars
8544-GOQSH,Month-to-Month,Yes,Credit card (automatic),8005,1.69,1112.3,0,0,23.66,1135.96,cents
8544-JNBOX,Two Year,Yes,Mailed check,20.8,23.43,1521.2,0,0,1686.96,3208.16,dollars
8547-NSBBO,Month-to-Month,Yes,Mailed check,96.75,39.87,3403.4,0,130,1395.45,4928.85,dollars
8548-AWOFC,Month-to-Month,No,Electronic check,6385,7.67,4264.6,0,0,506.22,4770.82,cents
8550-XSXUQ,One Year,Yes,Credit card (automatic),70.55,38.82,3420.5,0,0,1863.36,5283.86,dollars
8552-OBVRU,Two Year,Yes,Electronic check,104.5,13.4,5068.05,0,0,643.2,5711.25,dollars
8559-CIZFV,One Year,No,Mailed check,77.5,17.57,1625,18.39,80,368.97,2055.58,dollars
8559-WNQZS,Two Year,No,Mailed check,20.45,43.82,20.45,0,0,43.82,64.27,dollars
8561-NMTBD,One Year,Yes,Credit card (automatic),11235,20.41,7388.45,0,0,1367.47,8755.92,cents
8562-GHPPI,Month-to-Month,No,Credit card (automatic),19.8,11.96,19.8,0,0,11.96,31.76,dollars
8563-IIOXK,One Year,Yes,Electronic check,49.75,36.14,331.3,0,0,252.98,584.28,dollars
8563-OYMQY,Month-to-Month,Yes,Credit card (automatic),9095,34.98,1612.2,0,0,594.66,2206.86,cents
8564-LDKFL,One Year,Yes,Bank transfer (automatic),106,29.46,4178.65,47.02,0,1178.4,5310.03,dollars
8565-CLBZW,Month-to-Month,Yes,Mailed check,89.85,27.97,2165.05,0,0,671.28,2836.33,dollars
8565-HBFNN,One Year,Yes,Credit card (automatic),107.2,33.37,7317.1,0,0,2302.53,9619.63,dollars
8565-WUXZU,Two Year,Yes,Credit card (automatic),8480,5.51,6141.65,0,0,396.72,6538.37,cents
8566-YPRGL,Month-to-Month,Yes,Mailed check,19.5,33.02,19.5,0,0,33.02,52.52,dollars
8570-KLJYJ,One Year,No,Mailed check,5445,25.95,1893.5,0,0,934.2,2827.7,cents
8571-ZCMCX,Two Year,Yes,Credit card (automatic),6000,0,2768.65,0,0,0,2768.65,cents
8573-CGOCC,Month-to-Month,No,Credit card (automatic),19.75,24.79,294.9,0,0,396.64,691.54,dollars
8573-JGCZW,One Year,Yes,Bank transfer (automatic),19.65,47.79,351.55,0,0,812.43,1163.98,dollars
8577-QSOCG,Two Year,Yes,Mailed check,2020,26.84,746.05,0,0,1019.92,1765.97,cents
8580-AECUZ,Month-to-Month,Yes,Electronic check,79.1,42.3,79.1,0,0,42.3,121.4,dollars
8580-QVLOC,Two Year,No,Credit card (automatic),9245,25.77,6440.25,0,0,1855.44,8295.69,cents
8582-KRHPJ,Month-to-Month,Yes,Mailed check,35,0,1782.4,0,0,0,1782.4,dollars
8584-KMVXD,Month-to-Month,No,Electronic check,75.6,11.2,535.55,0,10,89.6,635.15,dollars
8587-XYZSF,Two Year,No,Bank transfer (automatic),5055,32.58,3260.1,0,0,2182.86,5442.96,cents
8590-OHDIW,One Year,No,Mailed check,2030,44.32,749.35,10.65,0,1684.16,2422.86,cents
8590-YFFQO,Two Year,No,Credit card (automatic),64.95,1.63,4523.25,42.89,0,114.1,4594.46,dollars
8591-NXRCV,Month-to-Month,Yes,Bank transfer (automatic),74.65,31.08,3090.65,0,100,1274.28,4464.93,dollars
8591-TKMZH,Two Year,Yes,Mailed check,11110,46.1,6555.2,0,0,2719.9,9275.1,cents
8592-PLTMQ,One Year,No,Mailed check,2470,4.03,1642.75,0,0,257.92,1900.67,cents
8593-WHYHV,Month-to-Month,Yes,Electronic check,8530,14.28,264.8,0,0,42.84,307.64,cents
8595-SIZNC,One Year,No,Bank transfer (automatic),25.6,15.27,548.8,0,0,335.94,884.74,dollars
8597-CTXVJ,One Year,No,Bank transfer (automatic),64.95,26.62,4551.5,20.87,0,1863.4,6394.03,dollars
8597-CWYHH,One Year,No,Mailed check,9435,41.22,3921.3,0,0,1772.46,5693.76,cents
8601-QACRS,Month-to-Month,Yes,Mailed check,5060,37.1,249.95,0,20,185.5,455.45,cents
8603-IJWDN,Month-to-Month,Yes,Electronic check,8660,5.43,86.6,0,0,5.43,92.03,cents
8605-ITULD,Month-to-Month,No,Mailed check,19.55,5.1,19.55,0,0,5.1,24.65,dollars
8606-CIQUL,Two Year,Yes,Credit card (automatic),11575,30.78,8399.15,0,110,2216.16,10725.31,cents
8606-OEGQZ,Two Year,No,Credit card (automatic),25.3,30.22,454.65,0,0,543.96,998.61,dollars
8608-OZTLB,One Year,No,Electronic check,7405,31.45,2802.3,0,0,1195.1,3997.4,cents
8610-WFCJF,Month-to-Month,Yes,Electronic check,95.6,49.63,4783.5,0,0,2431.87,7215.37,dollars
8610-ZIKJJ,One Year,No,Mailed check,20.3,35.42,31.9,0,0,70.84,102.74,dollars
8612-GXIDD,Two Year,Yes,Bank transfer (automatic),25.4,44.12,313,0,0,529.44,842.44,dollars
8614-VGMMV,Month-to-Month,Yes,Electronic check,49.1,9.71,679.55,0,0,145.65,825.2,dollars
8617-ENBDS,Month-to-Month,Yes,Credit card (automatic),73.6,27.34,232.5,0,10,82.02,324.52,dollars
8619-IJNDK,Two Year,No,Credit card (automatic),6405,4.71,4492.9,0,0,334.41,4827.31,cents
8620-RJPZN,Month-to-Month,No,Electronic check,20.7,45.86,20.7,0,0,45.86,66.56,dollars
8621-MNIHH,Month-to-Month,Yes,Electronic check,9425,2.88,3217.55,0,0,97.92,3315.47,cents
8622-ZLFKO,Month-to-Month,Yes,Electronic check,9075,23.35,512.25,0,0,140.1,652.35,cents
8623-TMRBY,Month-to-Month,Yes,Electronic check,84.2,43.58,4146.05,0,0,2222.58,6368.63,dollars
8623-ULFNQ,Two Year,Yes,Electronic check,66.05,12.09,1652.4,47.73,0,314.34,1919.01,dollars
8624-GIOUT,Month-to-Month,Yes,Credit card (automatic),59.75,35.87,2934.3,0,0,1757.63,4691.93,dollars
8625-AZYZY,Month-to-Month,Yes,Electronic check,104.65,3,2542.45,0,0,72,2614.45,dollars
8626-PTQGE,Two Year,Yes,Bank transfer (automatic),60.05,0,4176.7,41.21,0,0,4135.49,dollars
8626-XHBIE,Two Year,Yes,Mailed check,24.8,22.47,1424.2,0,0,1258.32,2682.52,dollars
8627-EHGIP,One Year,Yes,Mailed check,53.95,0,2375.4,0,0,0,2375.4,dollars
8627-ZYGSZ,One Year,Yes,Electronic check,7890.000000000001,39.52,3650.35,0,0,1857.44,5507.79,cents
8628-MFKAX,Two Year,Yes,Credit card (automatic),116.75,14.75,8277.05,0,0,1062,9339.05,dollars
8630-FJLIB,Month-to-Month,Yes,Electronic check,69.8,34.12,1221.65,0,0,614.16,1835.81,dollars
8630-QSGXK,Two Year,Yes,Bank transfer (automatic),75.2,9.99,3901.25,0,0,509.49,4410.74,dollars
8631-NBHFZ,Two Year,No,Credit card (automatic),7940.000000000001,30.03,5154.6,0,150,1981.98,7286.58,cents
8631-WUXGY,Month-to-Month,Yes,Electronic check,99.8,17.51,4391.25,0,0,805.46,5196.71,dollars
8631-XVRZL,One Year,Yes,Mailed check,2014.9999999999998,48.61,163.7,0,0,437.49,601.19,cents
8634-CILSZ,One Year,Yes,Bank transfer (automatic),104.7,20.44,7220.35,0,0,1410.36,8630.71,dollars
8634-MPHTR,Month-to-Month,Yes,Electronic check,100.05,8.97,4871.05,0,0,421.59,5292.64,dollars
8637-XJIVR,Month-to-Month,Yes,Electronic check,78.95,25.34,927.35,0,80,304.08,1311.43,dollars
8639-NHQEI,Two Year,Yes,Bank transfer (automatic),9590,11.85,6954.15,0,0,853.2,7807.35,cents
8640-SDGKB,Month-to-Month,Yes,Electronic check,74.4,28.89,299.7,0,0,115.56,415.26,dollars
8642-GVWRF,Month-to-Month,No,Bank transfer (automatic),79.7,28.86,165,0,0,57.72,222.72,dollars
8644-XLFBW,Month-to-Month,Yes,Electronic check,71.65,28.46,71.65,0,0,28.46,100.11,dollars
8644-XYTSV,Month-to-Month,Yes,Bank transfer (automatic),40.15,0,1626.05,0,0,0,1626.05,dollars
8645-KOMJQ,Two Year,Yes,Bank transfer (automatic),81.95,49.16,5601.4,0,0,3392.04,8993.44,dollars
8645-KWHJO,Month-to-Month,Yes,Electronic check,55,0,771.95,0,0,0,771.95,dollars
8646-JCOMS,One Year,Yes,Bank transfer (automatic),90.55,11.72,6130.95,0,0,773.52,6904.47,dollars
8647-SDTWQ,Month-to-Month,Yes,Electronic check,7430,49.95,4018.35,0,70,2847.15,6935.5,cents
8648-PFRMP,Two Year,Yes,Electronic check,4635,0,672.7,0,0,0,672.7,cents
8650-RHRKE,Month-to-Month,Yes,Electronic check,29.65,0,118.5,0,0,0,118.5,dollars
8651-ENBZX,One Year,Yes,Electronic check,10600,34.39,6441.4,0,110,2063.4,8614.8,cents
8652-YHIYU,One Year,Yes,Credit card (automatic),79.5,27.23,1264.2,0,0,435.68,1699.88,dollars
8654-DHAOW,Month-to-Month,No,Mailed check,5415,21.3,101.65,0,10,42.6,154.25,cents
8659-HDIYE,Two Year,No,Credit card (automatic),74.65,27.7,4869.35,47.04,0,1772.8,6595.11,dollars
8659-IOOPU,Two Year,No,Electronic check,100.45,32.16,7159.7,16.12,0,2283.36,9426.94,dollars
8660-BUETV,Month-to-Month,No,Mailed check,4475,34.89,148.05,0,10,104.67,262.72,cents
8661-BOYNW,Two Year,Yes,Credit card (automatic),84.4,5.25,6096.45,0,0,378,6474.45,dollars
8663-UPDGF,Month-to-Month,Yes,Bank transfer (automatic),69.5,25.4,1800.05,0,0,660.4,2460.45,dollars
8665-UTDHZ,Month-to-Month,No,Electronic check,3020,0,30.2,0,0,0,30.2,cents
8668-KNZTI,One Year,No,Electronic check,53.75,47.9,2790.65,43.12,0,2490.8,5238.33,dollars
8670-ERCJH,Two Year,No,Bank transfer (automatic),11340,2.56,8164.1,0,0,184.32,8348.42,cents
8670-MEFCP,Two Year,Yes,Credit card (automatic),92.9,40.54,3379.25,0,0,1459.44,4838.69,dollars
8671-KKKOS,Month-to-Month,No,Electronic check,45.55,0,2062.15,0,0,0,2062.15,dollars
8672-OAUPW,One Year,No,Credit card (automatic),47.85,36.59,2356.75,18.39,0,1866.09,4204.45,dollars
8676-OOQEJ,Month-to-Month,No,Electronic check,30.5,0,118.4,0,0,0,118.4,dollars
8676-TRMJS,Month-to-Month,No,Mailed check,75,34.49,209.1,0,0,103.47,312.57,dollars
8677-HDZEE,Month-to-Month,Yes,Bank transfer (automatic),105.45,2.5,5916.95,0,0,140,6056.95,dollars
8679-JOEVF,Month-to-Month,No,Electronic check,5940,36.83,1023.9,0,0,589.28,1613.18,cents
8679-LZBMD,One Year,Yes,Bank transfer (automatic),90.65,23.75,3974.15,0,0,1045,5019.15,dollars
8680-CGLTP,One Year,Yes,Electronic check,58.75,8,1696.2,0,50,232,1978.2,dollars
8681-ICONS,Month-to-Month,Yes,Mailed check,20.65,24.64,654.85,0,0,714.56,1369.41,dollars
8685-WHQPW,Month-to-Month,Yes,Bank transfer (automatic),7440.000000000001,5.09,1692.6,0,0,111.98,1804.58,cents
8687-BAFGU,Month-to-Month,No,Electronic check,74,23.7,74,0,0,23.7,97.7,dollars
8690-UPCZI,One Year,No,Bank transfer (automatic),6905,36.7,1958.45,0,40,1064.3,3062.75,cents
8690-ZVLCL,Two Year,No,Credit card (automatic),88,43.51,6161.9,0,40,2958.68,9160.58,dollars
8695-ARGXZ,Month-to-Month,Yes,Electronic check,75.55,2.07,2425.4,0,0,70.38,2495.78,dollars
8695-WDYEA,Month-to-Month,No,Mailed check,5125,39.3,51.25,0,0,39.3,90.55,cents
8696-JKZNU,Month-to-Month,Yes,Electronic check,7625,26.95,2841.55,0,0,997.15,3838.7,cents
8699-ASUFO,Month-to-Month,Yes,Mailed check,7440.000000000001,8.92,527.9,32.46,0,62.44,557.88,cents
8701-DGLVH,Two Year,No,Mailed check,20.45,47.43,1042.65,0,0,2418.93,3461.58,dollars
8705-DWKTI,Month-to-Month,Yes,Credit card (automatic),83.8,5.92,4331.4,0,70,307.84,4709.24,dollars
8705-WZCYL,Month-to-Month,Yes,Electronic check,44.8,27.46,44.8,0,0,27.46,72.26,dollars
8706-HRADD,Month-to-Month,Yes,Mailed check,43.55,0,1011.5,0,0,0,1011.5,dollars
8707-HOEDG,Two Year,Yes,Electronic check,110.2,5.51,7689.8,0,150,385.7,8225.5,dollars
8707-RMEZH,One Year,No,Credit card (automatic),87.3,34.55,6055.55,0,0,2383.95,8439.5,dollars
8708-XPXHZ,Month-to-Month,Yes,Electronic check,94.2,6.84,4186.3,0,0,287.28,4473.58,dollars
8709-KRDVL,Month-to-Month,Yes,Electronic check,100,16.57,3320.6,0,0,546.81,3867.41,dollars
8710-YGLWG,Month-to-Month,Yes,Mailed check,4490,15.76,44.9,0,0,15.76,60.66,cents
8711-LOBKY,Two Year,No,Mailed check,1985.0000000000002,41.19,1188.25,0,0,2430.21,3618.46,cents
8713-IGZSO,Month-to-Month,No,Mailed check,24.85,40.25,62,0,0,80.5,142.5,dollars
8714-CTZJW,Month-to-Month,Yes,Credit card (automatic),8285,19.84,319.6,0,0,79.36,398.96,cents
8714-EUHJO,Month-to-Month,Yes,Electronic check,9115,38.67,2995.45,0,0,1198.77,4194.22,cents
8715-KKTFG,One Year,Yes,Bank transfer (automatic),103.3,18.03,6518.35,0,0,1099.83,7618.18,dollars
8717-VCTXJ,One Year,Yes,Mailed check,19.55,48.41,839.4,12.16,0,2033.22,2860.46,dollars
8718-PTMEZ,Month-to-Month,Yes,Electronic check,31.05,0,347.25,0,0,0,347.25,dollars
8720-RQSBJ,Two Year,No,Electronic check,4400,28.67,44,0,0,28.67,72.67,cents
8722-NGNBH,Month-to-Month,No,Mailed check,40,0,223.45,0,0,0,223.45,dollars
8722-PRFDV,Two Year,No,Credit card (automatic),7755,48.76,5574.35,0,0,3461.96,9036.31,cents
8725-JEDFD,Month-to-Month,Yes,Mailed check,69.05,34.98,1793.25,22.72,0,944.46,2714.99,dollars
8727-JQFHV,Two Year,No,Mailed check,2075,29.64,1123.15,0,0,1689.48,2812.63,cents
8727-XDPUD,Two Year,No,Credit card (automatic),35.8,0,1316.9,0,100,0,1416.9,dollars
8728-SKJLR,Month-to-Month,Yes,Electronic check,74.25,1.08,3089.1,0,0,44.28,3133.38,dollars
8731-WBBMB,Month-to-Month,No,Bank transfer (automatic),8190.000000000001,11.23,2078.55,44.86,0,291.98,2325.67,cents
8734-DKSTZ,Month-to-Month,No,Electronic check,8595,6.5,858.6,0,0,65,923.6,cents
8734-FNWVH,Month-to-Month,No,Bank transfer (automatic),59.7,30.67,1825.5,0,0,950.77,2776.27,dollars
8735-DCXNF,Month-to-Month,Yes,Credit card (automatic),5495,21.85,568.85,0,0,218.5,787.35,cents
8735-IJJEG,Month-to-Month,No,Credit card (automatic),50.2,4.05,668.85,0,0,56.7,725.55,dollars
8735-NBLWT,Month-to-Month,No,Mailed check,20.4,45.83,184.1,0,0,412.47,596.57,dollars
8735-SDUFN,Two Year,No,Bank transfer (automatic),2430,8.68,1778.7,0,0,624.96,2403.66,cents
8738-JOKAR,One Year,Yes,Mailed check,67.7,39.32,2882.25,0,0,1651.44,4533.69,dollars
8739-QOTTN,Month-to-Month,No,Mailed check,20.35,5.42,41.85,0,0,10.84,52.69,dollars
8739-WWKDU,Month-to-Month,Yes,Electronic check,89.5,18.46,2196.15,0,0,461.5,2657.65,dollars
8739-XNIKG,Month-to-Month,Yes,Electronic check,84,48.49,424.75,0,0,242.45,667.2,dollars
8740-CRYFY,Month-to-Month,Yes,Electronic check,78.95,23.96,78.95,0,0,23.96,102.91,dollars
8740-XLHDR,Month-to-Month,Yes,Mailed check,43.25,0,219,0,0,0,219,dollars
8741-LQOBK,Month-to-Month,No,Bank transfer (automatic),3504.9999999999995,0,1620.25,0,0,0,1620.25,cents
8745-PVESG,One Year,Yes,Credit card (automatic),41.1,0,2258.25,0,0,0,2258.25,dollars
8746-BFOAJ,One Year,No,Bank transfer (automatic),20.5,23.23,429.55,0,0,487.83,917.38,dollars
8746-OQQRW,Month-to-Month,No,Mailed check,25.25,3.69,101.9,0,0,14.76,116.66,dollars
8747-UDCOI,Two Year,No,Bank transfer (automatic),19.35,48.66,1319.95,0,0,3162.9,4482.85,dollars
8748-HFWBO,One Year,No,Mailed check,19.9,32.47,357.7,0,0,616.93,974.63,dollars
8749-CLJXC,Month-to-Month,No,Mailed check,20.05,13.51,20.05,0,0,13.51,33.56,dollars
8749-JMNKX,Month-to-Month,Yes,Bank transfer (automatic),93.8,22.14,4750.95,0,0,1129.14,5880.09,dollars
8749-TZYEC,Two Year,No,Credit card (automatic),24.8,13.72,1874.3,16.26,0,987.84,2845.88,dollars
8750-QWZAJ,Two Year,No,Bank transfer (automatic),19.8,48.44,1378.75,0,0,3390.8,4769.55,dollars
8751-EDEKA,Month-to-Month,No,Credit card (automatic),89.9,33.09,2433.5,0,0,926.52,3360.02,dollars
8752-GHJFU,One Year,Yes,Electronic check,92,36.6,6585.2,0,0,2598.6,9183.8,dollars
8752-IMQOS,One Year,No,Mailed check,20.1,5.2,85.1,0,0,26,111.1,dollars
8752-STIVR,Month-to-Month,Yes,Electronic check,79,27.57,303.15,0,0,110.28,413.43,dollars
8755-IWJHN,Two Year,Yes,Bank transfer (automatic),95.35,49.91,6382,0,0,3443.79,9825.79,dollars
8755-OGKNA,Two Year,No,Bank transfer (automatic),1950,42.14,1167.6,19.89,0,2401.98,3549.69,cents
8756-RDDLT,Month-to-Month,No,Electronic check,44.95,0,3085.35,0,0,0,3085.35,dollars
8757-TFHHJ,Month-to-Month,Yes,Credit card (automatic),4980,38.21,49.8,0,0,38.21,88.01,cents
8760-ZRHKE,One Year,No,Electronic check,6920,48.59,4982.5,0,0,3449.89,8432.39,cents
8761-NSOBC,Month-to-Month,No,Electronic check,100.55,42.92,4398.15,0,0,1888.48,6286.63,dollars
8763-KIAFH,One Year,Yes,Mailed check,2055,20.96,583.3,0,0,565.92,1149.22,cents
8766-PAFNE,Two Year,Yes,Credit card (automatic),79.1,28.02,5564.85,0,0,1989.42,7554.27,dollars
8769-KKTPH,One Year,Yes,Credit card (automatic),99.65,1.43,6311.2,0,0,90.09,6401.29,dollars
8773-HHUOZ,Month-to-Month,Yes,Mailed check,64.7,40.55,1093.1,0,0,689.35,1782.45,dollars
8774-GSBUN,Two Year,No,Mailed check,25.4,4.15,1797.1,0,0,298.8,2095.9,dollars
8775-CEBBJ,Month-to-Month,Yes,Bank transfer (automatic),44.2,41.92,403.35,0,0,377.28,780.63,dollars
8775-ERLNB,Two Year,No,Electronic check,74.3,17.84,74.3,0,0,17.84,92.14,dollars
8775-LHDJH,Month-to-Month,Yes,Electronic check,90.6,13.02,90.6,0,0,13.02,103.62,dollars
8777-MBMTS,Two Year,Yes,Credit card (automatic),10585,36.49,6725.5,0,0,2371.85,9097.35,cents
8777-PVYGU,One Year,Yes,Mailed check,6430,4.22,3410.6,0,0,219.44,3630.04,cents
8778-LMWTJ,Month-to-Month,Yes,Electronic check,74.85,13.05,708.2,0,0,117.45,825.65,dollars
8779-QRDMV,Month-to-Month,Yes,Electronic check,39.65,0,39.65,0,20,0,59.65,dollars
8779-YIQQA,One Year,No,Mailed check,1980,18,350.1,0,0,378,728.1,cents
8780-IHCRN,Two Year,No,Credit card (automatic),24.65,28.92,1574.5,0,0,1821.96,3396.46,dollars
8780-IXSTS,Month-to-Month,Yes,Electronic check,9010,1.15,521.3,0,0,6.9,528.2,cents
8780-RSYYU,Month-to-Month,Yes,Credit card (automatic),1920,6,532.1,0,0,150,682.1,cents
8780-YRMTT,Two Year,Yes,Mailed check,47.4,0,3177.25,0,0,0,3177.25,dollars
8782-LKFPK,Month-to-Month,Yes,Mailed check,90.4,44.92,4063,0,0,1976.48,6039.48,dollars
8782-NUUOL,One Year,No,Mailed check,79,35.13,4801.1,0,0,2107.8,6908.9,dollars
8784-CGILN,Month-to-Month,Yes,Bank transfer (automatic),99.85,36.49,1776.95,0,0,656.82,2433.77,dollars
8785-CJSHH,Month-to-Month,Yes,Electronic check,99.8,34.48,5985.75,0,0,2068.8,8054.55,dollars
8785-EPNCG,Month-to-Month,No,Credit card (automatic),23.15,30.91,245.2,0,0,340.01,585.21,dollars
8788-DOXSU,One Year,Yes,Bank transfer (automatic),61.35,9.7,3645.5,0,0,572.3,4217.8,dollars
8791-GFXLZ,Month-to-Month,Yes,Bank transfer (automatic),49.05,44.78,593.05,29.32,0,537.36,1101.09,dollars
8792-AOROI,Two Year,No,Mailed check,65.5,23.68,564.35,0,0,189.44,753.79,dollars
8799-OXZMD,Month-to-Month,Yes,Mailed check,2975,0,790.7,0,0,0,790.7,cents
8800-JOOCF,Month-to-Month,Yes,Electronic check,8405,17.85,966.55,0,0,214.2,1180.75,cents
8800-ZKRFW,Month-to-Month,Yes,Electronic check,10750,24.56,3242.5,0,0,736.8,3979.3,cents
8802-UNOJF,Month-to-Month,Yes,Mailed check,8380,28.63,1029.75,44.58,80,343.56,1408.73,cents
8805-JNRAZ,Month-to-Month,No,Mailed check,49.2,29.28,103.7,0,0,58.56,162.26,dollars
8806-EAGWC,Month-to-Month,No,Mailed check,55.15,22.77,159.15,0,0,68.31,227.46,dollars
8807-ARQET,Month-to-Month,Yes,Electronic check,4035,0,1677.85,0,0,0,1677.85,cents
8807-OPMBM,Two Year,Yes,Credit card (automatic),25.65,1.44,1388,0,0,79.2,1467.2,dollars
8808-ELEHO,Month-to-Month,Yes,Electronic check,8125,5.02,585.95,0,0,40.16,626.11,cents
8809-RIHDD,Two Year,Yes,Electronic check,103.4,3.07,7372.65,0,0,221.04,7593.69,dollars
8809-XKHMD,Two Year,Yes,Bank transfer (automatic),100.55,43.84,7325.1,0,0,3156.48,10481.58,dollars
8812-ZRHFP,One Year,No,Electronic check,86.45,48.43,2538.05,0,0,1452.9,3990.95,dollars
8815-LMFLX,Month-to-Month,Yes,Bank transfer (automatic),25.4,19.56,546.85,0,0,489,1035.85,dollars
8816-VXNZD,Month-to-Month,Yes,Electronic check,75.1,5.94,75.1,0,0,5.94,81.04,dollars
8818-DOPVL,Two Year,Yes,Electronic check,104.45,41.17,4863.85,36.78,0,1893.82,6720.89,dollars
8818-XYFCQ,Month-to-Month,Yes,Credit card (automatic),9955,33.57,3204.65,35.82,110,1074.24,4353.07,cents
8819-IMISP,Month-to-Month,Yes,Electronic check,80.45,37.07,2429.1,0,0,1149.17,3578.27,dollars
8819-WFGGJ,Two Year,Yes,Bank transfer (automatic),54.1,0,3794.5,0,0,0,3794.5,dollars
8819-ZBYNA,Two Year,Yes,Credit card (automatic),109.1,37.15,6393.65,0,0,2154.7,8548.35,dollars
8821-KVZKQ,One Year,Yes,Bank transfer (automatic),5840,0,4113.15,32.53,0,0,4080.62,cents
8821-XNHVZ,Month-to-Month,Yes,Mailed check,80.05,39.79,80.05,0,0,39.79,119.84,dollars
8822-KNBHV,One Year,Yes,Credit card (automatic),83.45,45.51,3887.85,0,0,2184.48,6072.33,dollars
8823-RLPWL,Two Year,Yes,Credit card (automatic),110.65,41.21,8065.65,0,0,2967.12,11032.77,dollars
8824-RWFXJ,Month-to-Month,Yes,Mailed check,56.15,29.29,168.15,0,0,87.87,256.02,dollars
8835-VSDSE,Month-to-Month,Yes,Electronic check,70.7,9.76,141.45,0,0,19.52,160.97,dollars
8837-VVWLQ,Month-to-Month,No,Electronic check,84.95,32.31,668.4,0,0,258.48,926.88,dollars
8838-GPHZP,Two Year,Yes,Mailed check,20.6,16.57,1298.7,0,0,1043.91,2342.61,dollars
8840-DQLGN,Month-to-Month,Yes,Bank transfer (automatic),10050,15.98,3653.35,0,0,559.3,4212.65,cents
8844-TONUD,Month-to-Month,Yes,Mailed check,96.65,45.6,1162.85,0,0,592.8,1755.65,dollars
8845-LWKGE,One Year,Yes,Electronic check,64.5,36.74,1985.15,0,0,1102.2,3087.35,dollars
8847-GEOOQ,Month-to-Month,Yes,Bank transfer (automatic),60.2,0,3582.4,0,0,0,3582.4,dollars
8849-AYPTR,Month-to-Month,No,Electronic check,91.25,26.8,2964.05,0,130,884.4,3978.45,dollars
8849-GYOKR,One Year,No,Bank transfer (automatic),106.55,8.83,5763.3,0,0,476.82,6240.12,dollars
8849-PRIQJ,One Year,Yes,Electronic check,109.4,3.3,7281.6,38.34,0,221.1,7464.36,dollars
8851-RAGOV,Month-to-Month,Yes,Mailed check,71.05,2.34,1837.7,28.08,0,58.5,1868.12,dollars
8853-TZDGH,Two Year,Yes,Bank transfer (automatic),111.6,24.19,8012.75,0,0,1741.68,9754.43,dollars
8854-CCVSQ,Month-to-Month,Yes,Electronic check,80.65,38.87,1451.9,0,30,699.66,2181.56,dollars
8857-CUPFQ,Two Year,No,Mailed check,1925,17.38,1237.65,0,0,1094.94,2332.59,cents
8859-AXJZP,Two Year,Yes,Mailed check,23.8,29.56,903.8,0,0,1152.84,2056.64,dollars
8859-DZTGQ,Two Year,No,Mailed check,20.35,14.48,689.75,0,0,477.84,1167.59,dollars
8859-YSTWS,One Year,No,Bank transfer (automatic),19.95,11.02,1004.5,0,0,528.96,1533.46,dollars
8861-HGGKB,Month-to-Month,No,Electronic check,86.45,17.65,830.85,0,0,176.5,1007.35,dollars
8865-TNMNX,One Year,No,Mailed check,49.55,26.17,475.7,0,0,261.7,737.4,dollars
8868-GAGIO,Month-to-Month,Yes,Mailed check,84.55,22.8,3713.95,0,0,1026,4739.95,dollars
8868-WOZGU,Month-to-Month,Yes,Electronic check,10570,30.48,2979.5,0,80,853.44,3912.94,cents
8869-LIHMK,Two Year,Yes,Bank transfer (automatic),115.1,44.31,7334.05,0,0,2835.84,10169.89,dollars
8869-TORSS,One Year,Yes,Credit card (automatic),60.35,33.91,2896.4,0,0,1627.68,4524.08,dollars
8871-JLMHM,Two Year,No,Credit card (automatic),90.2,3.41,6297.65,0,0,231.88,6529.53,dollars
8873-GLDMH,Month-to-Month,Yes,Mailed check,73.85,27.69,401.3,0,0,166.14,567.44,dollars
8873-TMKGR,One Year,No,Mailed check,19.1,49.52,529.5,0,0,1436.08,1965.58,dollars
8874-EJNSR,Two Year,No,Mailed check,2520,20.49,987.95,0,0,799.11,1787.06,cents
8875-AKBYH,Two Year,Yes,Electronic check,84.35,25.51,1745.2,0,10,510.2,2265.4,dollars
8878-HMWBV,Month-to-Month,Yes,Electronic check,4915,40.79,169.05,0,10,122.37,301.42,cents
8878-RYUKI,Month-to-Month,Yes,Electronic check,59.45,9.37,3043.7,0,0,487.24,3530.94,dollars
8879-XUAHX,Two Year,Yes,Electronic check,116.25,6.19,8564.75,0,0,439.49,9004.24,dollars
8879-ZKJOF,One Year,Yes,Bank transfer (automatic),79.85,38.21,3320.75,0,0,1566.61,4887.36,dollars
8882-TLVRW,Two Year,No,Mailed check,39.1,0,2779.5,0,0,0,2779.5,dollars
8883-ANODQ,Two Year,Yes,Credit card (automatic),84.4,24.94,5746.75,0,0,1695.92,7442.67,dollars
8883-GRDWQ,One Year,No,Mailed check,54,22.31,1055.9,0,0,446.2,1502.1,dollars
8884-ADFVN,Month-to-Month,Yes,Electronic check,101.95,34.66,700.85,0,0,242.62,943.47,dollars
8884-FEEWR,One Year,No,Bank transfer (automatic),2060,42.02,754,0,0,1470.7,2224.7,cents
8884-MRNSU,One Year,No,Bank transfer (automatic),1989.9999999999998,14.69,329.75,0,0,249.73,579.48,cents
8885-QSQBX,Month-to-Month,No,Bank transfer (automatic),4955,10.83,49.55,0,0,10.83,60.38,cents
8887-IPQNC,Month-to-Month,Yes,Mailed check,44.25,31.43,313.45,0,0,220.01,533.46,dollars
8894-JVDCV,One Year,Yes,Credit card (automatic),115.05,36.84,7133.45,0,0,2284.08,9417.53,dollars
8896-BQTTI,Month-to-Month,Yes,Mailed check,2500,3.39,25,0,0,3.39,28.39,cents
8896-RAZCR,Two Year,No,Mailed check,19.9,13.45,868.1,0,0,591.8,1459.9,dollars
8898-KASCD,One Year,No,Mailed check,35.55,0,1309.15,0,0,0,1309.15,dollars
8901-HJXTF,Month-to-Month,No,Mailed check,2920,0,309.1,0,0,0,309.1,cents
8901-UPRHR,Two Year,Yes,Bank transfer (automatic),10920,44.03,7711.45,0,0,3170.16,10881.61,cents
8902-ZEOVF,One Year,No,Mailed check,20.05,6.51,951.55,0,0,305.97,1257.52,dollars
8903-WMRNW,Month-to-Month,No,Electronic check,10175,24.12,1669.4,0,0,361.8,2031.2,cents
8903-XEBGX,Month-to-Month,Yes,Electronic check,5530,43.93,108.65,0,0,87.86,196.51,cents
8904-OPDCK,Month-to-Month,Yes,Bank transfer (automatic),24.95,0,1364.75,0,0,0,1364.75,dollars
8905-IAZPF,One Year,Yes,Credit card (automatic),95.65,46.87,6744.2,0,0,3234.03,9978.23,dollars
8908-NMQTX,Two Year,Yes,Bank transfer (automatic),65.6,0,4566.5,0,0,0,4566.5,dollars
8908-SLFCJ,Two Year,Yes,Credit card (automatic),2085,22.29,435.25,1.31,0,468.09,902.03,cents
8909-BOLNL,One Year,No,Mailed check,2120,12.05,52.05,0,0,36.15,88.2,cents
8910-ICHIU,One Year,Yes,Credit card (automatic),95.65,30.6,4664.2,0,0,1407.6,6071.8,dollars
8910-LEDAG,Two Year,No,Credit card (automatic),71.55,12.98,2427.35,0,0,441.32,2868.67,dollars
8914-RBTSB,Month-to-Month,No,Electronic check,93.8,2.12,3019.5,0,50,65.72,3135.22,dollars
8915-NNTRC,Two Year,Yes,Credit card (automatic),10770,41.94,7919.8,0,0,3019.68,10939.48,cents
8917-FAEMR,Two Year,No,Mailed check,19.85,26.49,784.25,0,0,980.13,1764.38,dollars
8917-SZTTJ,Two Year,No,Credit card (automatic),19.65,21.98,1161.75,0,0,1318.8,2480.55,dollars
8919-FYFQZ,Month-to-Month,Yes,Electronic check,3035,0,1359.7,0,0,0,1359.7,cents
8920-NAVAY,One Year,Yes,Bank transfer (automatic),110.75,47.8,7053.35,0,0,2963.6,10016.95,dollars
8922-LIEGH,Month-to-Month,Yes,Electronic check,89.7,36.36,2187.55,23.33,0,909,3073.22,dollars
8922-NPKBJ,Two Year,No,Mailed check,1935.0000000000002,34.33,867.3,0,0,1441.86,2309.16,cents
8929-KSWIH,Two Year,No,Bank transfer (automatic),99.3,4.94,2513.5,0,0,123.5,2637,dollars
8930-XOTDP,Month-to-Month,No,Mailed check,55.95,18.47,1082.8,0,0,332.46,1415.26,dollars
8931-GJJIQ,Month-to-Month,Yes,Electronic check,8330,29.7,803.3,0,0,267.3,1070.6,cents
8932-CZHRQ,One Year,No,Credit card (automatic),7675,20.29,5233.25,0,0,1379.72,6612.97,cents
8937-RDTHP,Month-to-Month,Yes,Mailed check,84.6,26.85,84.6,0,0,26.85,111.45,dollars
8938-UMKPI,Month-to-Month,Yes,Electronic check,10640,35.97,5127.95,0,0,1690.59,6818.54,cents
8942-DBMHZ,Month-to-Month,No,Mailed check,20.45,41.11,255.35,0,0,493.32,748.67,dollars
8943-URTMR,Month-to-Month,Yes,Mailed check,79.65,29.04,152.7,0,0,58.08,210.78,dollars
8944-AILEF,Month-to-Month,Yes,Credit card (automatic),1945,39.84,340.85,0,0,597.6,938.45,cents
8945-GRKHX,Month-to-Month,No,Electronic check,78.65,46.09,78.65,0,0,46.09,124.74,dollars
8945-MUQUF,One Year,Yes,Electronic check,94.8,44.77,4837.6,0,0,2283.27,7120.87,dollars
8946-BFWSG,Two Year,No,Mailed check,2525,24.5,1573.05,0,0,1543.5,3116.55,cents
8947-YRTDV,One Year,No,Mailed check,9480,43.37,3131.55,0,40,1387.84,4559.39,cents
8949-JTMAY,Month-to-Month,Yes,Credit card (automatic),98.6,27.75,2933.2,0,0,804.75,3737.95,dollars
8950-MTZNV,Month-to-Month,Yes,Mailed check,44.95,13.63,44.95,0,0,13.63,58.58,dollars
8952-WCVCD,One Year,Yes,Bank transfer (automatic),104.45,9.85,4162.05,0,0,403.85,4565.9,dollars
8957-THMOA,Two Year,No,Credit card (automatic),20.15,18.95,970.85,0,0,947.5,1918.35,dollars
8958-JPTRR,One Year,No,Electronic check,24.3,21.21,1261.7,0,0,1187.76,2449.46,dollars
8961-QDZZJ,One Year,Yes,Electronic check,9500,42.18,5535.8,0,0,2404.26,7940.06,cents
8963-JLGJT,Month-to-Month,No,Mailed check,55.9,33.28,157.55,0,0,99.84,257.39,dollars
8963-MQVYN,Month-to-Month,Yes,Electronic check,2055,43.97,469.85,0,0,967.34,1437.19,cents
8966-KZXXA,Two Year,No,Credit card (automatic),25.1,34.79,930.95,0,0,1252.44,2183.39,dollars
8966-OIQHG,One Year,No,Bank transfer (automatic),20.75,45.35,452.35,0,0,997.7,1450.05,dollars
8966-SNIZF,Two Year,No,Bank transfer (automatic),19.45,23.52,1303.5,14.49,0,1646.4,2935.41,dollars
8967-SZQAS,Month-to-Month,No,Electronic check,5045,39.22,765.45,0,140,549.08,1454.53,cents
8969-PRHFK,One Year,No,Mailed check,19.65,1.42,411.25,0,0,25.56,436.81,dollars
8970-ANWXO,One Year,Yes,Mailed check,7375,35.03,1756.6,0,0,805.69,2562.29,cents
8972-HJWNV,Month-to-Month,Yes,Electronic check,8455,21.43,646.85,0,0,150.01,796.86,cents
8974-OVACP,Month-to-Month,No,Mailed check,2014.9999999999998,27.59,20.15,0,0,27.59,47.74,cents
8975-SKGRX,Two Year,Yes,Bank transfer (automatic),11610,33.83,8310.55,0,130,2401.93,10842.48,cents
8976-OQHGT,Month-to-Month,No,Mailed check,56.5,42.71,235.1,0,0,170.84,405.94,dollars
8979-CAMGB,One Year,No,Electronic check,102.1,10.07,6688.1,0,0,644.48,7332.58,dollars
8980-WQFWL,Month-to-Month,Yes,Electronic check,62.1,2.15,2096.1,0,0,75.25,2171.35,dollars
8981-FJGLA,Month-to-Month,Yes,Mailed check,78,47.12,851.8,0,0,518.32,1370.12,dollars
8982-NHAVY,One Year,Yes,Bank transfer (automatic),100.5,8.86,2673.45,0,70,239.22,2982.67,dollars
8984-EYLLL,Two Year,Yes,Electronic check,10525,40.18,6823.4,23.67,0,2571.52,9371.25,cents
8984-HPEMB,Two Year,Yes,Electronic check,118.65,17.9,8477.6,0,0,1270.9,9748.5,dollars
8985-OOPOS,One Year,No,Credit card (automatic),74.1,36.05,74.1,0,0,36.05,110.15,dollars
8988-ECPJR,Month-to-Month,Yes,Mailed check,79.6,25.84,2718.3,0,0,878.56,3596.86,dollars
8990-YOZLV,Two Year,Yes,Mailed check,66.9,13.91,4577.9,0,0,959.79,5537.69,dollars
8990-ZXLSU,Month-to-Month,No,Electronic check,69.05,29.87,651.5,0,0,268.83,920.33,dollars
8992-CEUEN,Month-to-Month,No,Electronic check,18.85,7.8,18.85,0,0,7.8,26.65,dollars
8992-JQYUN,Month-to-Month,Yes,Electronic check,50.35,0,50.35,0,0,0,50.35,dollars
8992-OBVDG,Month-to-Month,No,Mailed check,61.65,39.85,1393.6,0,0,836.85,2230.45,dollars
8992-VONJD,Month-to-Month,Yes,Electronic check,5600,27.04,764.55,0,0,351.52,1116.07,cents
8993-IZEUX,Month-to-Month,No,Bank transfer (automatic),69.15,21.12,488.65,0,0,147.84,636.49,dollars
8993-PHFWD,Month-to-Month,No,Electronic check,2525,0,58.9,0,0,0,58.9,cents
8996-ZROXE,One Year,Yes,Electronic check,53.5,28.44,3035.8,0,0,1621.08,4656.88,dollars
8999-BOHSE,Month-to-Month,No,Bank transfer (automatic),89.7,3.96,1047.7,0,0,43.56,1091.26,dollars
8999-EXMNO,Two Year,No,Mailed check,20.15,31.85,387.7,2.97,0,605.15,989.88,dollars
8999-XXGNS,One Year,Yes,Credit card (automatic),10575,18.15,7629.85,0,80,1306.8,9016.65,cents
8999-YPYBV,Two Year,Yes,Mailed check,8435,30.8,3858.05,0,0,1386,5244.05,cents
9000-PLFUZ,Two Year,Yes,Credit card (automatic),4945,0,2907.55,0,40,0,2947.55,cents
9003-CPATH,Month-to-Month,No,Electronic check,79.9,9.46,3313.4,23.47,0,397.32,3687.25,dollars
9013-AQORL,Month-to-Month,No,Credit card (automatic),45.55,0,2108.35,0,0,0,2108.35,dollars
9018-PCIOK,Two Year,Yes,Mailed check,64.75,27,3617.1,0,0,1485,5102.1,dollars
9019-QVLZD,Month-to-Month,No,Electronic check,79.55,32.13,79.55,0,10,32.13,121.68,dollars
9025-AOMKI,Month-to-Month,Yes,Bank transfer (automatic),93.55,43.8,536.4,0,0,262.8,799.2,dollars
9025-ZRPVR,Month-to-Month,Yes,Mailed check,18.95,49.74,185.6,0,0,447.66,633.26,dollars
9026-LHEVG,Month-to-Month,No,Electronic check,40.75,0,359.4,0,20,0,379.4,dollars
9026-RNUJS,Month-to-Month,No,Electronic check,50.35,18.69,237.25,0,0,93.45,330.7,dollars
9027-TMATR,Two Year,Yes,Electronic check,7880,38.53,3460.3,24.9,0,1656.79,5092.19,cents
9027-YFHQJ,Month-to-Month,Yes,Bank transfer (automatic),2505,45.13,152.95,0,0,315.91,468.86,cents
9028-LIHRP,Two Year,No,Credit card (automatic),100.2,33.69,7209,0,0,2391.99,9600.99,dollars
9029-FEGVJ,Two Year,No,Mailed check,7930,2.17,2570,0,0,69.44,2639.44,cents
9030-QGZNL,Two Year,No,Mailed check,20.85,11.46,161.65,0,0,91.68,253.33,dollars
9031-ZVQPT,Two Year,Yes,Electronic check,108.2,14.19,7840.6,0,0,1021.68,8862.28,dollars
9033-EOXWV,One Year,No,Mailed check,7405,42.58,872.65,48.61,0,510.96,1335,cents
9036-CSKBW,One Year,No,Bank transfer (automatic),107.45,7.54,5680.9,14.76,0,384.54,6050.68,dollars
9039-RBEEE,Month-to-Month,Yes,Credit card (automatic),48.95,0,1880.85,0,0,0,1880.85,dollars
9039-ZVJDC,Month-to-Month,Yes,Mailed check,1910.0000000000002,16.32,53.05,0,0,48.96,102.01,cents
9040-KZVWO,One Year,No,Bank transfer (automatic),7550,39.63,2018.1,0,0,1030.38,3048.48,cents
9046-DQMTP,Month-to-Month,No,Bank transfer (automatic),20.75,17.92,739.9,0,0,627.2,1367.1,dollars
9046-JBFWA,Month-to-Month,No,Mailed check,19.15,30.36,537.35,0,0,819.72,1357.07,dollars
9048-JVYVF,Month-to-Month,Yes,Electronic check,69.35,35.64,191.35,0,0,106.92,298.27,dollars
9050-IKDZA,Two Year,No,Mailed check,8150,24.95,162.55,0,0,49.9,212.45,cents
9050-QLROH,Month-to-Month,Yes,Credit card (automatic),90.7,28.59,1597.25,0,0,514.62,2111.87,dollars
9052-DHNKM,One Year,No,Electronic check,6155,38.04,1581.95,0,0,989.04,2570.99,cents
9052-VKDUW,One Year,Yes,Credit card (automatic),109.4,15.3,7227.45,0,0,994.5,8221.95,dollars
9053-EJUNL,Month-to-Month,Yes,Electronic check,89.2,41.85,3645.75,2.21,0,1715.85,5359.39,dollars
9053-JZFKV,Two Year,No,Credit card (automatic),11620,33.88,7752.3,0,0,2269.96,10022.26,cents
9054-FOWNV,Month-to-Month,Yes,Electronic check,88.75,11.39,1885.15,0,0,250.58,2135.73,dollars
9055-MOJJJ,One Year,No,Mailed check,65.8,26.7,4068,27.79,20,1708.8,5769.01,dollars
9057-MSWCO,Month-to-Month,No,Credit card (automatic),30.75,0,805.1,0,140,0,945.1,dollars
9057-SIHCH,Month-to-Month,Yes,Electronic check,9660,9.95,291.9,0,0,29.85,321.75,cents
9058-CBREO,Month-to-Month,No,Mailed check,50.55,22.56,50.55,0,0,22.56,73.11,dollars
9058-HRZSV,One Year,No,Electronic check,9440,38.32,6126.15,0,0,2490.8,8616.95,cents
9058-MJLZC,Month-to-Month,Yes,Electronic check,94.6,35.56,2283.15,0,0,853.44,3136.59,dollars
9060-HJJRW,One Year,Yes,Credit card (automatic),56.4,0,2928.5,0,0,0,2928.5,dollars
9061-TIHDA,Month-to-Month,Yes,Electronic check,9525,31.7,1233.65,48.09,0,412.1,1597.66,cents
9063-ZGTUY,Month-to-Month,Yes,Mailed check,19.4,46.27,1182.55,0,0,2822.47,4005.02,dollars
9065-ZCPQX,Two Year,No,Bank transfer (automatic),7884.999999999999,39.61,5763.15,0,0,2851.92,8615.07,cents
9066-QRSDU,One Year,Yes,Electronic check,26.3,22.08,1763.55,0,0,1523.52,3287.07,dollars
9067-SQTNS,One Year,No,Bank transfer (automatic),2060,34.94,926,0,0,1537.36,2463.36,cents
9067-YGSCA,One Year,No,Credit card (automatic),2605,31.33,1856.4,0,0,2193.1,4049.5,cents
9068-FHQHD,Two Year,No,Bank transfer (automatic),20.15,3.01,777.35,0,0,120.4,897.75,dollars
9068-VPWQQ,Two Year,No,Credit card (automatic),75.35,28.8,4729.3,0,0,1756.8,6486.1,dollars
9069-LGEUL,Month-to-Month,Yes,Bank transfer (automatic),59.95,3.67,1406,26.55,140,84.41,1603.86,dollars
9070-BCKQP,Two Year,Yes,Credit card (automatic),110.15,23.7,7881.2,0,0,1706.4,9587.6,dollars
9073-ZZIAY,Two Year,No,Electronic check,86.1,43.2,5215.25,0,0,2678.4,7893.65,dollars
9074-KGVOX,Month-to-Month,Yes,Credit card (automatic),39.45,0,2021.35,0,0,0,2021.35,dollars
9076-AXYIK,Two Year,No,Electronic check,102.1,20.19,6538.45,0,0,1292.16,7830.61,dollars
9079-LWTFD,Month-to-Month,No,Mailed check,100.75,47.73,4669.2,0,0,2243.31,6912.51,dollars
9079-YEXQJ,Month-to-Month,No,Electronic check,111.1,46.74,6014.85,0,50,2523.96,8588.81,dollars
9081-WWXKP,Two Year,No,Credit card (automatic),20.25,37.35,873.4,0,0,1755.45,2628.85,dollars
9084-OAYKL,Two Year,No,Mailed check,20.8,49.02,1212.25,0,0,2843.16,4055.41,dollars
9086-YJYXS,One Year,No,Bank transfer (automatic),77.2,5.39,2753.8,0,0,183.26,2937.06,dollars
9087-EYCPR,Two Year,No,Mailed check,25,39.41,1505.05,0,0,2364.6,3869.65,dollars
9089-UOWJG,Month-to-Month,Yes,Credit card (automatic),58.35,7.97,740.55,0,0,95.64,836.19,dollars
9090-SGQXL,Month-to-Month,Yes,Electronic check,10530,47.17,7299.65,0,0,3207.56,10507.21,cents
9091-WTUUY,Two Year,No,Mailed check,6925,25.74,4447.75,0,0,1647.36,6095.11,cents
9092-GDZKO,Month-to-Month,Yes,Credit card (automatic),24.85,22.97,493.4,21.32,0,505.34,977.42,dollars
9093-FPDLG,Month-to-Month,Yes,Electronic check,94.2,9.52,999.9,0,0,104.72,1104.62,dollars
9094-AZPHK,Month-to-Month,Yes,Electronic check,100.15,32.07,1415,0,0,481.05,1896.05,dollars
9095-HFAFX,Month-to-Month,Yes,Credit card (automatic),81,20.2,389.6,0,10,101,500.6,dollars
9097-ZUBYC,Month-to-Month,No,Bank transfer (automatic),4880,21.34,664.4,0,0,298.76,963.16,cents
9099-FTUHS,Month-to-Month,No,Electronic check,5440,48.63,1249.25,0,0,1118.49,2367.74,cents
9101-BWFSS,One Year,No,Electronic check,108.55,29.43,5610.7,0,0,1471.5,7082.2,dollars
9101-NTIXF,Month-to-Month,No,Mailed check,19.4,15.16,50.6,0,0,30.32,80.92,dollars
9102-IAYHT,Month-to-Month,Yes,Electronic check,8545,47.76,1451.6,0,0,811.92,2263.52,cents
9102-OXKFY,Two Year,No,Credit card (automatic),54.15,49.48,3116.15,0,0,2919.32,6035.47,dollars
9103-CXVOK,Month-to-Month,No,Electronic check,19.75,30.38,19.75,0,0,30.38,50.13,dollars
9103-TCIHJ,Month-to-Month,Yes,Mailed check,55.7,40.66,899.8,0,0,609.9,1509.7,dollars
9107-UKCKY,One Year,Yes,Electronic check,79.8,27.88,4914.8,0,70,1700.68,6685.48,dollars
9108-EJFJP,Month-to-Month,Yes,Mailed check,5355,16.06,53.55,0,0,16.06,69.61,cents
9108-EQPNQ,Two Year,No,Credit card (automatic),26.1,18.57,225.55,0,0,185.7,411.25,dollars
9110-HSGTV,Two Year,Yes,Credit card (automatic),82.45,25.73,5555.3,15.38,0,1775.37,7315.29,dollars
9112-WSNPU,Month-to-Month,No,Electronic check,70.55,16.91,2419,0,0,591.85,3010.85,dollars
9114-AAFQH,One Year,Yes,Electronic check,6565.000000000001,49.88,3094.65,0,0,2394.24,5488.89,cents
9114-DPSIA,Two Year,No,Credit card (automatic),81,2.73,5750,0,0,196.56,5946.56,dollars
9114-VEPUF,One Year,No,Electronic check,96.1,30.51,6001.45,0,0,1891.62,7893.07,dollars
9115-YQHGA,Month-to-Month,Yes,Electronic check,51.1,34.49,2092.9,0,0,1379.6,3472.5,dollars
9117-SHLZX,Month-to-Month,Yes,Mailed check,45.7,10.41,45.7,0,0,10.41,56.11,dollars
9121-PHQSR,Two Year,Yes,Credit card (automatic),85.05,48.41,1391.15,0,0,774.56,2165.71,dollars
9122-UMROB,Month-to-Month,No,Mailed check,2030,10.84,20.3,0,0,10.84,31.14,cents
9124-LHCJQ,Month-to-Month,Yes,Mailed check,8545,31.03,85.45,0,0,31.03,116.48,cents
9127-FHJBZ,Two Year,Yes,Electronic check,114,32.47,8093.15,0,0,2337.84,10430.99,dollars
9127-QRZMH,One Year,Yes,Bank transfer (automatic),5985,17.61,2603.95,0,0,774.84,3378.79,cents
9128-CPXKI,Two Year,No,Electronic check,95.8,30.44,5655.45,0,0,1795.96,7451.41,dollars
9129-UXERG,Month-to-Month,Yes,Credit card (automatic),103.6,1.27,1806.35,0,10,22.86,1839.21,dollars
9133-AYJZG,Month-to-Month,Yes,Credit card (automatic),98.7,14.45,2249.1,0,0,332.35,2581.45,dollars
9134-CEQMF,Month-to-Month,Yes,Electronic check,89.5,13.63,676.7,0,0,95.41,772.11,dollars
9134-WYRVP,One Year,No,Mailed check,86.35,27.3,4267.15,0,0,1392.3,5659.45,dollars
9135-HSWOC,Two Year,Yes,Bank transfer (automatic),1970,14.93,1274.05,0,0,955.52,2229.57,cents
9135-MGVPY,Two Year,Yes,Mailed check,84.7,48.37,5878.9,0,0,3337.53,9216.43,dollars
9136-ALYBR,Month-to-Month,Yes,Mailed check,24.45,0,24.45,0,0,0,24.45,dollars
9137-NOQKA,Two Year,No,Electronic check,1920,7.03,37.2,0,0,14.06,51.26,cents
9137-UIYPG,Month-to-Month,Yes,Electronic check,106.9,26.09,3756.45,34.47,150,913.15,4785.13,dollars
9138-EFSMO,One Year,No,Bank transfer (automatic),78.95,24.17,2034.25,0,0,628.42,2662.67,dollars
9139-TWBAS,One Year,No,Bank transfer (automatic),4785,0,1190.5,0,80,0,1270.5,cents
9139-WQQDY,One Year,No,Mailed check,100.45,26.37,4941.8,0,0,1292.13,6233.93,dollars
9140-CZQZZ,Two Year,Yes,Bank transfer (automatic),7959.999999999999,47.95,5515.8,0,0,3260.6,8776.4,cents
9142-KZXOP,Month-to-Month,No,Credit card (automatic),68.85,1.7,2958.95,0,0,74.8,3033.75,dollars
9142-XMYJH,Month-to-Month,No,Credit card (automatic),19.35,2.76,601.6,0,0,80.04,681.64,dollars
9143-CANJF,Month-to-Month,No,Electronic check,55.15,27.37,1319.85,0,0,656.88,1976.73,dollars
9146-JRIOX,Month-to-Month,No,Mailed check,25.55,31.7,372.45,0,0,443.8,816.25,dollars
9150-HEPMB,One Year,No,Mailed check,52.7,21.61,3019.7,0,0,1210.16,4229.86,dollars
9150-KPBJQ,Two Year,No,Credit card (automatic),1964.9999999999998,29.09,116.85,0,0,174.54,291.39,cents
9152-AMKAK,Two Year,Yes,Mailed check,80.25,22.95,493.4,0,0,137.7,631.1,dollars
9153-BTBVV,Two Year,No,Bank transfer (automatic),25,48.01,1753,0,0,3408.71,5161.71,dollars
9154-QDGTH,One Year,Yes,Credit card (automatic),10430,22.83,4451.85,0,0,981.69,5433.54,cents
9158-VCTQB,Month-to-Month,Yes,Bank transfer (automatic),11360,5.01,4594.95,0,0,205.41,4800.36,cents
9163-GHAYE,Month-to-Month,No,Electronic check,4885,31.68,736.8,0,0,475.2,1212,cents
9167-APMXZ,Month-to-Month,Yes,Bank transfer (automatic),84.15,19.2,1821.95,0,60,422.4,2304.35,dollars
9168-INPSZ,Two Year,No,Electronic check,104.15,20.83,4495.65,0,0,916.52,5412.17,dollars
9169-BSVIN,Month-to-Month,No,Bank transfer (automatic),74.75,18.52,827.05,0,0,222.24,1049.29,dollars
9170-ARBTB,One Year,No,Credit card (automatic),19.6,8.25,1012.4,46.07,0,429,1395.33,dollars
9170-CCKOU,Month-to-Month,No,Credit card (automatic),90.2,12.06,1454.15,0,0,205.02,1659.17,dollars
9170-GYZJC,Month-to-Month,No,Credit card (automatic),79.9,45.26,3326.2,0,0,1855.66,5181.86,dollars
9172-ANCRX,Month-to-Month,Yes,Electronic check,9870,37.36,973.25,0,0,373.6,1346.85,cents
9172-JITSM,Month-to-Month,Yes,Electronic check,90.8,15.37,2361.8,0,0,399.62,2761.42,dollars
9173-IVZVP,Two Year,No,Mailed check,20.9,43.71,1146.05,0,0,2316.63,3462.68,dollars
9174-FKWZE,Month-to-Month,Yes,Electronic check,19.45,22.92,19.45,0,0,22.92,42.37,dollars
9174-IHETN,Two Year,No,Credit card (automatic),7034.999999999999,36.11,3533.6,0,0,1805.5,5339.1,cents
9178-JHUVJ,Two Year,Yes,Bank transfer (automatic),2410,1.14,587.4,0,0,27.36,614.76,cents
9184-GALIL,Month-to-Month,No,Mailed check,20.45,2.86,781.25,0,0,108.68,889.93,dollars
9185-TQCVP,Month-to-Month,Yes,Electronic check,8515,21.3,1139.2,38.48,0,298.2,1398.92,cents
9189-JWSHV,Month-to-Month,Yes,Electronic check,93.55,13.38,2264.05,0,0,321.12,2585.17,dollars
9190-MFJLN,Month-to-Month,Yes,Credit card (automatic),95.9,32.77,1777.9,0,0,622.63,2400.53,dollars
9191-MYQKX,Month-to-Month,Yes,Bank transfer (automatic),75.15,8.69,496.9,0,0,60.83,557.73,dollars
9194-GFVOI,Two Year,No,Credit card (automatic),84.35,9.84,3571.6,0,0,413.28,3984.88,dollars
9199-PWQVC,One Year,Yes,Credit card (automatic),7970,49.08,4786.15,0,30,3092.04,7908.19,cents
9200-NLNPD,One Year,Yes,Bank transfer (automatic),54.05,0,2959.8,0,40,0,2999.8,dollars
9206-GVPEQ,Month-to-Month,Yes,Electronic check,5445,0,706.85,0,0,0,706.85,cents
9207-ZPANB,One Year,No,Electronic check,6745,13.04,2443.3,0,0,482.48,2925.78,cents
9208-OLGAQ,Two Year,Yes,Electronic check,84.95,25.7,1443.65,4.76,70,462.6,1971.49,dollars
9209-NWPGU,One Year,No,Electronic check,65.4,34.98,2774.55,0,0,1539.12,4313.67,dollars
9210-IAHGH,Month-to-Month,Yes,Credit card (automatic),70.75,23.35,450.8,0,0,163.45,614.25,dollars
9214-EKVXR,Month-to-Month,Yes,Mailed check,44,26.15,44,0,0,26.15,70.15,dollars
9220-CXRSC,Two Year,No,Credit card (automatic),6140,39.07,4059.85,0,0,2695.83,6755.68,cents
9220-ZNKJI,Two Year,No,Credit card (automatic),88.8,33.21,4805.3,0,0,1826.55,6631.85,dollars
9221-OTIVJ,Month-to-Month,Yes,Electronic check,104.85,29.96,1531.4,0,0,419.44,1950.84,dollars
9223-UCPVT,Month-to-Month,No,Electronic check,94.4,18.34,94.4,0,0,18.34,112.74,dollars
9224-VTYID,Two Year,Yes,Mailed check,90.5,11.74,4318.35,0,0,551.78,4870.13,dollars
9225-BZLNZ,Two Year,Yes,Electronic check,85.25,16.58,6083.1,0,0,1193.76,7276.86,dollars
9227-LUNBG,Month-to-Month,No,Electronic check,24.6,0,24.6,0,0,0,24.6,dollars
9227-UAQFT,Two Year,No,Mailed check,19.75,40.17,284.35,0,0,642.72,927.07,dollars
9227-YBAXE,Two Year,Yes,Bank transfer (automatic),82.5,4.75,5215.1,0,40,308.75,5563.85,dollars
9229-RQABD,One Year,No,Mailed check,2375,12.97,424.5,0,0,233.46,657.96,cents
9231-ZJYAM,Month-to-Month,Yes,Electronic check,7884.999999999999,36.93,292.8,0,0,147.72,440.52,cents
9233-PSYHO,One Year,Yes,Bank transfer (automatic),100.15,6.9,4459.8,0,0,310.5,4770.3,dollars
9236-NDUCW,Two Year,No,Mailed check,35.1,0,770.4,0,0,0,770.4,dollars
9237-HQITU,Month-to-Month,Yes,Electronic check,70.7,9.12,151.65,0,0,18.24,169.89,dollars
9239-GZHZE,Two Year,Yes,Credit card (automatic),11365,24.85,8124.2,0,0,1789.2,9913.4,cents
9239-ZBZZV,Month-to-Month,Yes,Electronic check,47.95,0,305.1,0,0,0,305.1,dollars
9242-TKFSV,Two Year,Yes,Credit card (automatic),65.1,0,4754.3,0,0,0,4754.3,dollars
9244-ZVAPM,Month-to-Month,No,Mailed check,45.6,37.44,45.6,0,0,37.44,83.04,dollars
9248-OJYKK,Month-to-Month,Yes,Electronic check,76.45,3.84,76.45,0,10,3.84,90.29,dollars
9249-FXSCK,One Year,Yes,Credit card (automatic),11125,33.69,5916.45,1.27,0,1751.88,7667.06,cents
9250-WYPLL,Month-to-Month,No,Electronic check,75.55,35.22,413.65,0,0,176.1,589.75,dollars
9251-AWQGT,Two Year,No,Mailed check,2000,9.77,935.9,0,0,468.96,1404.86,cents
9251-WNSOD,One Year,No,Mailed check,75.1,4.71,5064.45,0,0,315.57,5380.02,dollars
9253-QXKBE,Month-to-Month,Yes,Electronic check,94.45,6.25,2653.65,0,0,181.25,2834.9,dollars
9253-VIFJQ,One Year,No,Credit card (automatic),67.05,39.49,4309.55,0,0,2566.85,6876.4,dollars
9254-RBFON,One Year,No,Bank transfer (automatic),9860,5.4,1704.95,0,0,91.8,1796.75,cents
9256-JTBNZ,Month-to-Month,No,Bank transfer (automatic),20.3,48.92,246.3,0,0,538.12,784.42,dollars
9257-AZMTZ,Two Year,No,Bank transfer (automatic),20.1,2.44,1078.75,17.05,0,126.88,1188.58,dollars
9258-CNWAC,Two Year,No,Credit card (automatic),11365,4.32,8166.8,0,0,306.72,8473.52,cents
9259-PACGQ,Month-to-Month,No,Electronic check,6265,41.32,2274.9,0,0,1404.88,3679.78,cents
9261-WDCAF,Month-to-Month,No,Mailed check,54.65,33.53,189.1,0,0,100.59,289.69,dollars
9269-CQOOL,Month-to-Month,Yes,Credit card (automatic),54.7,2.88,169.45,0,0,8.64,178.09,dollars
9272-LSVYH,Month-to-Month,No,Mailed check,7015.000000000001,4.29,735.5,0,0,42.9,778.4,cents
9274-CNFMO,Month-to-Month,No,Electronic check,74.95,28.11,308.7,0,0,112.44,421.14,dollars
9274-UARKJ,Month-to-Month,Yes,Bank transfer (automatic),83.2,10.43,1130,0,0,156.45,1286.45,dollars
9277-JOOMO,Month-to-Month,No,Mailed check,2460,26.33,86.35,0,0,78.99,165.34,cents
9278-VZKCD,Two Year,Yes,Electronic check,10910,4.11,5647.95,0,0,213.72,5861.67,cents
9279-CJEOJ,Month-to-Month,Yes,Bank transfer (automatic),95.4,37.4,2025.1,0,0,785.4,2810.5,dollars
9281-CEDRU,Two Year,No,Bank transfer (automatic),64.1,8.62,4326.25,19.12,0,586.16,4893.29,dollars
9281-OFDMF,Two Year,No,Electronic check,90.7,20.06,3413.25,0,0,782.34,4195.59,dollars
9281-PKKZE,Month-to-Month,Yes,Electronic check,4395,0,2007.85,0,0,0,2007.85,cents
9282-IZGQK,Month-to-Month,Yes,Electronic check,85,30.52,85,0,0,30.52,115.52,dollars
9283-LZQOH,Month-to-Month,Yes,Credit card (automatic),74.4,2.92,896.75,0,0,37.96,934.71,dollars
9286-BHDQG,Two Year,No,Credit card (automatic),45.25,0,3139.8,0,0,0,3139.8,dollars
9286-DOJGF,Month-to-Month,Yes,Bank transfer (automatic),7495,15.78,2869.85,0,0,599.64,3469.49,cents
9289-LBQVU,One Year,Yes,Mailed check,7015.000000000001,32.93,4480.7,0,0,2107.52,6588.22,cents
9290-SHCMB,Two Year,Yes,Electronic check,96.85,26.68,1235.55,0,0,346.84,1582.39,dollars
9294-TDIPC,Month-to-Month,No,Mailed check,2020,12.22,83.75,0,0,61.1,144.85,cents
9297-EONCV,Two Year,Yes,Bank transfer (automatic),91.35,44.21,6697.2,0,0,3183.12,9880.32,dollars
9297-FVVDH,Two Year,Yes,Electronic check,84.5,10.05,4845.4,0,0,572.85,5418.25,dollars
9298-WGMRW,Two Year,Yes,Bank transfer (automatic),115.5,24.32,8312.75,0,0,1751.04,10063.79,dollars
9300-AGZNL,Month-to-Month,Yes,Electronic check,94,21.85,94,0,0,21.85,115.85,dollars
9300-RENDD,Month-to-Month,Yes,Electronic check,79.95,3.13,79.95,0,0,3.13,83.08,dollars
9305-CDSKC,Month-to-Month,Yes,Electronic check,99.65,12.15,820.5,0,0,97.2,917.7,dollars
9306-CPCBC,Month-to-Month,Yes,Electronic check,7425,35.54,210.3,0,0,106.62,316.92,cents
9308-ANMVE,Month-to-Month,Yes,Electronic check,55.3,25.25,2654.05,0,0,1186.75,3840.8,dollars
9309-BZGNT,One Year,Yes,Credit card (automatic),29.8,0,2134.3,0,0,0,2134.3,dollars
9313-CDOGY,Month-to-Month,No,Electronic check,1960.0000000000002,24.16,717.3,0,0,918.08,1635.38,cents
9313-QOLTZ,Month-to-Month,No,Mailed check,2090,31.73,518.3,0,0,824.98,1343.28,cents
9314-IJWSQ,Month-to-Month,Yes,Electronic check,84.8,26.58,1203.9,0,0,372.12,1576.02,dollars
9314-QDMDW,One Year,Yes,Electronic check,61.25,27.84,729.95,0,0,306.24,1036.19,dollars
9317-WZPGV,Month-to-Month,Yes,Bank transfer (automatic),79.75,39.63,159.4,0,10,79.26,248.66,dollars
9318-NKNFC,Month-to-Month,Yes,Mailed check,18.85,40.49,18.85,0,0,40.49,59.34,dollars
9323-HGFWY,One Year,Yes,Credit card (automatic),101.9,20.02,2681.15,0,0,540.54,3221.69,dollars
9327-QSDED,Month-to-Month,No,Mailed check,43.55,7.02,335.4,0,10,56.16,401.56,dollars
9330-DHBFL,One Year,Yes,Mailed check,66.25,11.4,1533.8,23.92,0,262.2,1772.08,dollars
9330-IJWIO,Month-to-Month,Yes,Electronic check,10035,6.78,1358.85,34.09,0,88.14,1412.9,cents
9330-VOFSZ,Two Year,Yes,Credit card (automatic),110.8,30.23,6640.7,9.79,0,1813.8,8444.71,dollars
9332-GYWLO,Month-to-Month,No,Electronic check,54.85,30.17,355.1,39.15,0,181.02,496.97,dollars
9334-GWGOW,Month-to-Month,Yes,Electronic check,74.85,6.81,485.25,0,0,47.67,532.92,dollars
9337-SRRNI,Two Year,Yes,Credit card (automatic),2530,23.81,1673.8,0,0,1571.46,3245.26,cents
9339-FIIJL,Two Year,No,Bank transfer (automatic),85.95,10.97,6151.9,0,0,789.84,6941.74,dollars
9342-VNIMQ,Month-to-Month,Yes,Bank transfer (automatic),54.65,5.91,1665.2,0,0,195.03,1860.23,dollars
9347-AERRL,One Year,No,Credit card (automatic),19.3,36.14,486.2,0,0,831.22,1317.42,dollars
9348-ROUAI,Two Year,No,Credit card (automatic),90.3,47.05,5194.05,0,0,2775.95,7970,dollars
9348-YVOMK,Month-to-Month,Yes,Credit card (automatic),44.8,43.77,176.2,0,0,175.08,351.28,dollars
9350-VLHMB,Month-to-Month,Yes,Bank transfer (automatic),89.55,6.15,6373.1,0,0,412.05,6785.15,dollars
9350-ZXYJC,Two Year,Yes,Credit card (automatic),2530,9.75,116.95,0,0,39,155.95,cents
9351-HXDMR,Two Year,Yes,Credit card (automatic),110.9,46.16,8240.85,0,0,3323.52,11564.37,dollars
9351-LZYGF,Month-to-Month,Yes,Credit card (automatic),66.4,36.35,2727.8,0,0,1526.7,4254.5,dollars
9355-NPPFS,Month-to-Month,Yes,Electronic check,78.8,19.21,2006.1,0,0,499.46,2505.56,dollars
9356-AXGMP,One Year,Yes,Electronic check,11070,42.08,4428.6,0,0,1599.04,6027.64,cents
9357-UJRUN,One Year,Yes,Electronic check,58.35,34.01,1346.9,0,0,816.24,2163.14,dollars
9359-JANWS,Two Year,No,Credit card (automatic),58.9,34.31,3857.1,0,0,2230.15,6087.25,dollars
9359-UGBTK,One Year,Yes,Bank transfer (automatic),72.35,5.39,4991.5,0,0,361.13,5352.63,dollars
9360-AHGNL,One Year,Yes,Mailed check,109.55,8.75,4830.25,0,0,376.25,5206.5,dollars
9360-OMDZZ,Month-to-Month,Yes,Electronic check,9410,30.42,2322.85,0,110,730.08,3162.93,cents
9361-YNQWJ,One Year,Yes,Bank transfer (automatic),24.4,15.93,1601.2,0,0,1019.52,2620.72,dollars
9362-MWODR,Month-to-Month,Yes,Credit card (automatic),6409.999999999999,20.13,2460.35,0,0,805.2,3265.55,cents
9364-YKUVW,Month-to-Month,Yes,Mailed check,1980,16.13,309.4,0,0,241.95,551.35,cents
9365-CSLBQ,Two Year,No,Mailed check,2435,4.89,1654.6,0,0,347.19,2001.79,cents
9365-SRSZE,Two Year,Yes,Electronic check,70.55,30.49,1943.9,29.99,0,823.23,2737.14,dollars
9367-OIUXP,Month-to-Month,No,Mailed check,2070,45.37,73.05,0,0,181.48,254.53,cents
9367-TCUYN,Month-to-Month,No,Mailed check,20.1,8.82,223.6,0,0,105.84,329.44,dollars
9367-WXLCH,Month-to-Month,No,Bank transfer (automatic),84.5,25.73,662.65,33.21,0,205.84,835.28,dollars
9369-XFEHK,Month-to-Month,Yes,Bank transfer (automatic),80.6,33.19,2656.5,0,0,1095.27,3751.77,dollars
9371-BITHB,Two Year,No,Mailed check,19.85,3.41,1070.5,0,0,177.32,1247.82,dollars
9372-TXXPS,Two Year,No,Bank transfer (automatic),59.85,41.4,3483.45,0,0,2484,5967.45,dollars
9373-WSLOY,Two Year,Yes,Electronic check,5000,0,1750.85,0,0,0,1750.85,cents
9374-YOLBJ,Month-to-Month,No,Electronic check,1925,25.1,19.25,0,0,25.1,44.35,cents
9375-MHRRS,Month-to-Month,No,Mailed check,50.05,23.01,288.35,0,40,138.06,466.41,dollars
9378-FXTIZ,One Year,Yes,Credit card (automatic),70.15,42.1,3715.65,0,0,2273.4,5989.05,dollars
9381-NDKME,Month-to-Month,Yes,Credit card (automatic),40.65,0,933.3,0,0,0,933.3,dollars
9385-EHGDO,Two Year,Yes,Mailed check,19.85,9.04,739.35,2.29,0,316.4,1053.46,dollars
9385-NXKDA,Two Year,Yes,Credit card (automatic),82.65,17.28,5919.35,0,0,1244.16,7163.51,dollars
9386-LDCZR,One Year,Yes,Credit card (automatic),90.65,36.78,3882.3,0,0,1581.54,5463.84,dollars
9388-ZEYVT,One Year,No,Electronic check,4415,0,1931.3,0,0,0,1931.3,cents
9389-ACWBI,Month-to-Month,No,Credit card (automatic),6995,1.38,320.4,0,0,6.9,327.3,cents
9391-DXGGG,One Year,No,Credit card (automatic),89.15,35.39,3990.75,0,0,1557.16,5547.91,dollars
9391-EOYLI,Month-to-Month,Yes,Electronic check,8045,6.97,950.2,0,0,83.64,1033.84,cents
9391-LMANN,One Year,No,Electronic check,95.95,33.74,5036.9,0,0,1788.22,6825.12,dollars
9391-TTOYH,Month-to-Month,Yes,Mailed check,1950,13.98,470.2,0,0,321.54,791.74,cents
9391-YZEJW,One Year,Yes,Bank transfer (automatic),9400,32.29,5757.2,0,0,2001.98,7759.18,cents
9392-XBGTD,Two Year,No,Mailed check,20.6,8.55,581.85,0,0,230.85,812.7,dollars
9396-ZSFLL,Month-to-Month,No,Mailed check,4885,13.58,631.4,32.09,0,203.7,803.01,cents
9397-TZSHA,Two Year,No,Credit card (automatic),24.6,36.5,1678.05,28.42,0,2518.5,4168.13,dollars
9398-MMQTO,Month-to-Month,No,Credit card (automatic),74.45,34.8,221.1,0,70,104.4,395.5,dollars
9399-APLBT,Month-to-Month,Yes,Electronic check,74.7,21.91,74.7,0,0,21.91,96.61,dollars
9402-CXWPL,One Year,No,Electronic check,9890,8.39,6838.6,0,0,587.3,7425.9,cents
9402-ORRAH,Two Year,Yes,Electronic check,91.5,39.57,1400.3,48.66,0,593.55,1945.19,dollars
9402-ROUMJ,One Year,Yes,Bank transfer (automatic),100.25,3.04,6689,0,0,203.68,6892.68,dollars
9405-GPBBG,Two Year,Yes,Credit card (automatic),110.5,5.68,7069.25,0,60,363.52,7492.77,dollars
9408-HRXRK,Month-to-Month,Yes,Electronic check,105.15,47.48,4730.9,0,0,2136.6,6867.5,dollars
9408-SSNVZ,Month-to-Month,Yes,Electronic check,70.15,29.4,268.35,21.69,0,117.6,364.26,dollars
9411-TPQQV,One Year,Yes,Bank transfer (automatic),5455,0,2236.2,11.48,40,0,2264.72,cents
9412-ARGBX,Two Year,Yes,Mailed check,9550,29.54,4627.85,0,0,1417.92,6045.77,cents
9412-GHEEC,Month-to-Month,No,Bank transfer (automatic),10480,35.58,4131.95,0,0,1423.2,5555.15,cents
9415-DPEWS,Month-to-Month,Yes,Electronic check,8835,12.67,1639.3,0,0,228.06,1867.36,cents
9415-TPKRV,Month-to-Month,No,Electronic check,55.75,12.41,446.8,0,0,99.28,546.08,dollars
9415-ZNBSX,Two Year,Yes,Bank transfer (automatic),89,33.24,6293.2,0,0,2326.8,8620,dollars
9418-RUKPH,Two Year,Yes,Mailed check,19.95,49.9,756.4,0,0,1896.2,2652.6,dollars
9419-IPPBE,One Year,Yes,Electronic check,90.15,19.9,4554.85,0,0,1014.9,5569.75,dollars
9420-LOJKX,Month-to-Month,Yes,Credit card (automatic),99.1,3.96,1426.4,0,0,59.4,1485.8,dollars
9424-CMPOG,Two Year,No,Mailed check,19.6,2.68,197.4,0,0,24.12,221.52,dollars
9426-SXNHE,Month-to-Month,No,Bank transfer (automatic),1875,4.92,53.15,0,0,9.84,62.99,cents
9430-FRQOC,Month-to-Month,Yes,Mailed check,87.1,32.46,341.45,0,0,129.84,471.29,dollars
9430-NKQLY,Two Year,Yes,Credit card (automatic),2510,27.93,1790.8,46.81,0,2010.96,3754.95,cents
9432-RUVSL,Two Year,Yes,Credit card (automatic),102.5,19.04,4904.25,0,0,913.92,5818.17,dollars
9432-VOFYX,Month-to-Month,Yes,Electronic check,70.8,35.88,1207,0,0,609.96,1816.96,dollars
9435-JMLSX,Two Year,Yes,Bank transfer (automatic),86.1,5.51,6045.9,0,0,391.21,6437.11,dollars
9436-ZBZCT,Month-to-Month,Yes,Electronic check,89.95,28.65,1178.4,0,0,401.1,1579.5,dollars
9441-QHEVC,Month-to-Month,No,Mailed check,19.1,44.22,19.1,0,0,44.22,63.32,dollars
9442-JTWDL,One Year,No,Credit card (automatic),2005,26.85,237.7,0,0,295.35,533.05,cents
9443-JUBUO,Two Year,Yes,Credit card (automatic),6525,0,4478.85,0,80,0,4558.85,cents
9444-JTXHZ,Month-to-Month,No,Electronic check,76.2,35.15,76.2,0,50,35.15,161.35,dollars
9445-SZLCH,Month-to-Month,Yes,Bank transfer (automatic),97.35,24.51,3457.9,4.96,0,882.36,4335.3,dollars
9445-ZUEQE,Month-to-Month,Yes,Credit card (automatic),85.2,48.17,2151.6,0,30,1300.59,3482.19,dollars
9447-YPTBX,One Year,Yes,Bank transfer (automatic),19.85,28.1,943.1,0,0,1405,2348.1,dollars
9448-REEVD,Month-to-Month,No,Credit card (automatic),44.7,32.08,44.7,0,0,32.08,76.78,dollars
9450-TRJUU,Month-to-Month,No,Electronic check,8315,41.21,2848.45,18.84,0,1442.35,4271.96,cents
9451-LPGOO,Month-to-Month,Yes,Electronic check,8680,30.61,620.35,0,0,214.27,834.62,cents
9451-WLYRI,One Year,No,Credit card (automatic),1905,46.24,990.45,0,0,2450.72,3441.17,cents
9453-PATOS,Two Year,No,Mailed check,85.1,20.54,6155.4,0,0,1478.88,7634.28,dollars
9462-MJUAW,Month-to-Month,No,Mailed check,50.4,30.44,206.6,0,0,121.76,328.36,dollars
9465-RWMXL,Month-to-Month,Yes,Electronic check,7890.000000000001,22.57,2447.95,0,0,722.24,3170.19,cents
9467-ROOLM,Month-to-Month,No,Mailed check,19.05,30.28,461.3,0,0,757,1218.3,dollars
9469-WEJBT,Month-to-Month,Yes,Electronic check,90.35,6.99,3419.3,0,150,258.63,3827.93,dollars
9470-RTWDV,One Year,Yes,Credit card (automatic),8200,36.71,2083.1,42.43,0,954.46,2995.13,cents
9470-XCCEM,Month-to-Month,Yes,Bank transfer (automatic),89.65,48.08,3161.6,0,40,1682.8,4884.4,dollars
9470-YFUYI,One Year,Yes,Bank transfer (automatic),71,11.35,5012.1,0,0,805.85,5817.95,dollars
9473-CBZOP,One Year,No,Mailed check,59,33.05,1654.45,0,0,925.4,2579.85,dollars
9474-PHLYD,Month-to-Month,Yes,Electronic check,59.45,36.34,892.65,0,0,545.1,1437.75,dollars
9475-NNDGC,One Year,Yes,Bank transfer (automatic),11315,27.16,7953.25,0,0,1928.36,9881.61,cents
9477-LGWQI,Two Year,Yes,Credit card (automatic),80.15,24.08,5600.15,0,0,1685.6,7285.75,dollars
9479-HYNYL,Two Year,Yes,Credit card (automatic),80.7,43.61,5705.05,0,0,3096.31,8801.36,dollars
9480-BQJEI,One Year,Yes,Bank transfer (automatic),9230,24.35,5731.45,0,0,1509.7,7241.15,cents
9481-IEBZY,Two Year,Yes,Credit card (automatic),112.9,30.3,8061.5,0,20,2181.6,10263.1,dollars
9481-SFCQY,Month-to-Month,Yes,Credit card (automatic),59.8,44.14,824.85,0,0,617.96,1442.81,dollars
9481-WHGWY,Two Year,No,Credit card (automatic),75.35,39.53,5437.75,0,0,2767.1,8204.85,dollars
9483-GCPWE,One Year,No,Mailed check,20.1,27.34,190.25,0,0,246.06,436.31,dollars
9488-FVZCC,Two Year,Yes,Bank transfer (automatic),79.5,32.59,5661.7,0,0,2346.48,8008.18,dollars
9488-FYQAU,Two Year,Yes,Bank transfer (automatic),10925,10.67,6841.4,0,0,672.21,7513.61,cents
9488-HGMJH,Month-to-Month,Yes,Electronic check,71.15,24.75,71.15,0,20,24.75,115.9,dollars
9489-DEDVP,Two Year,Yes,Credit card (automatic),6920,29.38,4872.35,0,80,2056.6,7008.95,cents
9489-JMTTN,Two Year,No,Credit card (automatic),89.75,15.58,6595.9,0,0,1121.76,7717.66,dollars
9489-UTFKA,One Year,No,Bank transfer (automatic),6090,22.4,551.95,16.58,0,179.2,714.57,cents
9490-DFPMD,Month-to-Month,Yes,Electronic check,84.65,9.53,3541.35,0,0,400.26,3941.61,dollars
9492-TOKRI,Month-to-Month,Yes,Credit card (automatic),90,13.65,1527.35,0,0,245.7,1773.05,dollars
9494-BDNNC,One Year,No,Electronic check,95.3,25.83,6273.4,0,0,1704.78,7978.18,dollars
9494-MRNYX,Month-to-Month,No,Electronic check,7505,17.98,786.3,0,0,179.8,966.1,cents
9495-REDIY,One Year,Yes,Credit card (automatic),40.65,0,970.55,0,0,0,970.55,dollars
9495-SKLKD,Month-to-Month,Yes,Bank transfer (automatic),95.95,22.31,4456.65,0,0,1003.95,5460.6,dollars
9496-IVVRP,Month-to-Month,No,Bank transfer (automatic),51,44.84,581.7,0,60,493.24,1134.94,dollars
9497-QCMMS,Month-to-Month,Yes,Electronic check,9355,30.17,93.55,0,0,30.17,123.72,cents
9498-FIMXL,One Year,Yes,Mailed check,19.2,31.02,161.95,0,0,248.16,410.11,dollars
9499-XPZXM,Two Year,No,Bank transfer (automatic),6475,15.23,4804.75,0,0,1096.56,5901.31,cents
9500-IWPXQ,One Year,Yes,Electronic check,79.4,40.48,4820.55,0,0,2469.28,7289.83,dollars
9500-LTVBP,Month-to-Month,No,Credit card (automatic),80.05,13.14,2835.9,0,0,459.9,3295.8,dollars
9500-WBGRP,Two Year,Yes,Mailed check,1910.0000000000002,42.49,1268.85,0,0,2931.81,4200.66,cents
9501-UKKNL,Month-to-Month,Yes,Electronic check,51.7,0,3005.8,0,0,0,3005.8,dollars
9503-XJUME,One Year,No,Credit card (automatic),19.65,22.65,928.4,0,0,1177.8,2106.2,dollars
9504-DSHWM,Month-to-Month,No,Bank transfer (automatic),59.2,33.14,1191.2,0,130,662.8,1984,dollars
9504-YAZWB,Two Year,No,Mailed check,20.25,28.46,1048.45,0,0,1508.38,2556.83,dollars
9505-SQFSW,Month-to-Month,No,Mailed check,40.3,0,92.5,0,0,0,92.5,dollars
9506-UXUSK,Month-to-Month,Yes,Electronic check,70.15,39.17,931.75,0,150,509.21,1590.96,dollars
9507-EXLTT,Month-to-Month,Yes,Bank transfer (automatic),79.35,23.63,79.35,0,0,23.63,102.98,dollars
9507-HSMMZ,Two Year,No,Mailed check,20,27.3,1149.65,0,0,1474.2,2623.85,dollars
9508-ILZDG,Two Year,Yes,Electronic check,9635,14.23,3190.25,0,0,483.82,3674.07,cents
9509-MPYOD,One Year,No,Mailed check,2075,35.5,700.45,0,0,1242.5,1942.95,cents
9512-PHSMG,Month-to-Month,Yes,Mailed check,2055,10.42,252.75,0,0,104.2,356.95,cents
9512-UIBFX,Month-to-Month,No,Mailed check,95.15,1.51,1779.95,10.17,0,27.18,1796.96,dollars
9513-DXHDA,One Year,No,Electronic check,81.7,49.25,2212.55,0,0,1329.75,3542.3,dollars
9514-JDSKI,Month-to-Month,No,Electronic check,40.2,0,40.2,0,0,0,40.2,dollars
9518-IMLHK,Month-to-Month,Yes,Bank transfer (automatic),72.45,41.23,2156.25,0,0,1278.13,3434.38,dollars
9518-RWHZL,One Year,Yes,Credit card (automatic),10005,28.13,6254.2,0,0,1800.32,8054.52,cents
9518-XXBXE,Two Year,No,Electronic check,75.3,25.13,720.45,0,0,251.3,971.75,dollars
9522-BNTHX,Two Year,Yes,Electronic check,56.25,0,1765.95,0,0,0,1765.95,dollars
9522-ZSINC,One Year,Yes,Electronic check,19.95,7.33,253.8,0,0,95.29,349.09,dollars
9524-EGPJC,Month-to-Month,Yes,Electronic check,90.1,34.21,1612.75,48.26,0,615.78,2180.27,dollars
9526-BIHHD,Month-to-Month,No,Mailed check,29.7,0,29.7,0,0,0,29.7,dollars
9526-JAWYF,Month-to-Month,No,Electronic check,8980,6.24,2335.3,0,0,162.24,2497.54,cents
9529-OFXHY,Month-to-Month,Yes,Bank transfer (automatic),87.75,13.8,1242.2,0,0,207,1449.2,dollars
9530-EHPOH,Month-to-Month,No,Electronic check,5375,15.03,608,0,0,165.33,773.33,cents
9530-GRMJG,Two Year,Yes,Electronic check,84.1,38.83,5979.7,0,0,2718.1,8697.8,dollars
9531-NSBMR,One Year,Yes,Bank transfer (automatic),19.25,49.85,679.8,0,0,1794.6,2474.4,dollars
9534-NSXEM,One Year,Yes,Credit card (automatic),2065,31.53,595.5,0,0,819.78,1415.28,cents
9537-JALFH,Two Year,No,Bank transfer (automatic),19.9,28.19,1356.7,0,0,1945.11,3301.81,dollars
9537-VHDTA,Month-to-Month,No,Mailed check,5120,2.98,51.2,0,0,2.98,54.18,cents
9540-JYROE,Month-to-Month,Yes,Mailed check,7009.999999999999,13.04,551.35,0,10,104.32,665.67,cents
9541-PWTWO,Two Year,Yes,Bank transfer (automatic),8095,38.71,4233.95,0,0,2012.92,6246.87,cents
9541-ZPSEA,Two Year,No,Credit card (automatic),8034.999999999999,24.08,5375.15,0,0,1637.44,7012.59,cents
9544-PYPSJ,Two Year,Yes,Credit card (automatic),96.1,45.76,6019.35,0,150,2837.12,9006.47,dollars
9546-CQJSU,Month-to-Month,Yes,Electronic check,91.4,39.62,193.6,0,0,79.24,272.84,dollars
9546-KDTRB,Month-to-Month,No,Bank transfer (automatic),2470,11.86,465.85,1.65,0,225.34,689.54,cents
9547-ITEFG,Month-to-Month,Yes,Credit card (automatic),102.6,23.42,897.75,0,0,210.78,1108.53,dollars
9548-LERKT,Two Year,No,Mailed check,19.75,27.38,483.15,16.56,0,657.12,1123.71,dollars
9548-LIGTA,Two Year,Yes,Mailed check,81.05,20.34,4747.65,0,0,1240.74,5988.39,dollars
9548-ZMVTX,Two Year,No,Bank transfer (automatic),90.45,8.51,6565.85,0,0,612.72,7178.57,dollars
9552-TGUZV,Month-to-Month,Yes,Mailed check,75,20.67,658.1,0,0,165.36,823.46,dollars
9553-DLCLU,Two Year,No,Credit card (automatic),8895,37.03,1161.75,0,0,481.39,1643.14,cents
9554-DFKIC,Month-to-Month,Yes,Bank transfer (automatic),54.45,12.49,1588.7,0,0,374.7,1963.4,dollars
9555-SAHUZ,Month-to-Month,No,Electronic check,54.5,46.27,2076.05,0,0,1758.26,3834.31,dollars
9558-IHEZX,Two Year,Yes,Credit card (automatic),106.75,2.93,7283.25,0,0,208.03,7491.28,dollars
9560-ARGQJ,Month-to-Month,Yes,Electronic check,81,12.92,1312.15,0,0,206.72,1518.87,dollars
9560-BBZXK,Two Year,No,Bank transfer (automatic),31.05,0,1126.35,0,0,0,1126.35,dollars
9564-KCLHR,Month-to-Month,No,Mailed check,51.25,6.44,51.25,0,0,6.44,57.69,dollars
9565-AXSMR,Two Year,No,Mailed check,19.2,40.76,1054.75,0,0,2119.52,3174.27,dollars
9565-DJPIB,Month-to-Month,No,Mailed check,89.6,36.76,365.65,0,0,147.04,512.69,dollars
9565-FLVCG,Two Year,Yes,Mailed check,69.55,17.43,4459.15,23.61,0,1132.95,5568.49,dollars
9565-JSNFM,One Year,Yes,Bank transfer (automatic),70.45,33.71,2597.6,0,0,1280.98,3878.58,dollars
9570-KYEUA,Two Year,No,Credit card (automatic),99.25,36.54,6549.45,0,0,2338.56,8888.01,dollars
9571-EDEBV,One Year,Yes,Credit card (automatic),9865,34.72,6962.85,0,0,2465.12,9427.97,cents
9572-MTILT,Month-to-Month,Yes,Electronic check,106.75,49.31,6252.9,0,40,2909.29,9202.19,dollars
9572-WUKSB,Month-to-Month,Yes,Electronic check,29.9,0,92.25,0,0,0,92.25,dollars
9574-BOSMD,Two Year,No,Bank transfer (automatic),25.4,19.09,1620.2,9.34,0,1298.12,2908.98,dollars
9574-RKJIF,Month-to-Month,Yes,Electronic check,94.4,28.85,2838.7,0,80,865.5,3784.2,dollars
9575-IWCAZ,One Year,No,Mailed check,25.1,47.29,171,0,0,283.74,454.74,dollars
9576-ANLXO,Month-to-Month,Yes,Bank transfer (automatic),69.55,26.26,222.3,0,0,78.78,301.08,dollars
9576-SYUHJ,Month-to-Month,Yes,Electronic check,91.15,12.69,3369.25,17.5,50,469.53,3871.28,dollars
9577-WJVCQ,Month-to-Month,No,Mailed check,54.45,5.3,3687.75,0,0,360.4,4048.15,dollars
9578-FOMUK,Month-to-Month,Yes,Electronic check,24.8,32.54,324.15,12.8,0,488.1,799.45,dollars
9578-VRMNM,Month-to-Month,Yes,Credit card (automatic),65.2,47.45,1043.35,0,0,759.2,1802.55,dollars
9581-GVBXT,One Year,No,Mailed check,3479.9999999999995,0,1980.3,0,0,0,1980.3,cents
9584-EXCDZ,Month-to-Month,No,Bank transfer (automatic),70.5,41.78,1165.6,0,0,710.26,1875.86,dollars
9585-KKMFD,Two Year,Yes,Mailed check,20,16.02,879.8,0,0,656.82,1536.62,dollars
9586-JGQKH,Two Year,Yes,Bank transfer (automatic),10540,49.26,6794.75,32.24,0,3152.64,9915.15,cents
9588-OZDMQ,Month-to-Month,Yes,Electronic check,45,15.5,89.75,0,0,31,120.75,dollars
9588-YRFHY,Two Year,Yes,Credit card (automatic),19.9,6.26,1022.6,0,0,306.74,1329.34,dollars
9589-ABEPT,Two Year,Yes,Mailed check,92.45,3.08,6460.55,0,0,212.52,6673.07,dollars
9591-YVTEB,Month-to-Month,Yes,Electronic check,44.85,0,2479.05,0,0,0,2479.05,dollars
9592-ERDKV,One Year,No,Mailed check,7925,9.26,2911.8,0,0,342.62,3254.42,cents
9593-CVZKR,Two Year,Yes,Mailed check,24.45,31.53,1385.85,0,0,1765.68,3151.53,dollars
9600-NAXZN,Month-to-Month,Yes,Electronic check,101.4,49.64,4528,0,0,2134.52,6662.52,dollars
9600-UDOPK,Month-to-Month,Yes,Credit card (automatic),94.05,10.5,2866.45,0,0,315,3181.45,dollars
9601-BRXPO,Month-to-Month,Yes,Bank transfer (automatic),104.95,8.91,2566.5,0,0,222.75,2789.25,dollars
9602-WCXPI,One Year,No,Credit card (automatic),20.15,21.72,989.05,0,0,1086,2075.05,dollars
9603-OAIHC,Two Year,Yes,Electronic check,70.05,2.97,70.05,0,0,2.97,73.02,dollars
9605-WGJVW,Month-to-Month,Yes,Electronic check,70.2,22.34,70.2,0,0,22.34,92.54,dollars
9606-PBKBQ,Month-to-Month,Yes,Electronic check,85,5.99,2642.05,49.57,0,191.68,2784.16,dollars
9609-BENEA,One Year,Yes,Electronic check,69,45.97,2441.7,0,0,1608.95,4050.65,dollars
9610-WCESF,Two Year,No,Electronic check,43.9,0,3097.2,34.45,0,0,3062.75,dollars
9611-CTWIH,Month-to-Month,Yes,Electronic check,89.45,16.15,240.45,0,0,48.45,288.9,dollars
9614-RMGHA,Month-to-Month,Yes,Bank transfer (automatic),9185,36.75,5940.85,0,0,2388.75,8329.6,cents
9617-INGJY,Month-to-Month,Yes,Mailed check,7059.999999999999,36.12,70.6,0,0,36.12,106.72,cents
9617-UDPEU,One Year,Yes,Mailed check,19.25,35.4,412.55,0,0,778.8,1191.35,dollars
9618-LFJRU,Month-to-Month,No,Credit card (automatic),2045,3.05,82.85,0,0,12.2,95.05,cents
9619-GSATL,One Year,No,Electronic check,55.45,1.6,2444.25,0,130,68.8,2643.05,dollars
9620-ENEJV,Month-to-Month,No,Credit card (automatic),70.55,30.54,433.95,0,0,183.24,617.19,dollars
9620-QJREV,One Year,No,Credit card (automatic),20.55,42.25,1013.05,0,0,1985.75,2998.8,dollars
9621-OUPYD,One Year,Yes,Bank transfer (automatic),20.2,10.49,507.9,0,0,262.25,770.15,dollars
9624-EGDEQ,Two Year,No,Mailed check,1980,41.99,813.3,0,0,1553.63,2366.93,cents
9625-QNLUX,Two Year,Yes,Credit card (automatic),10325,21.86,7074.4,0,0,1486.48,8560.88,cents
9625-QSTYE,Month-to-Month,Yes,Electronic check,81.15,3.84,952.3,0,0,49.92,1002.22,dollars
9625-RZFUK,Two Year,No,Mailed check,1970,3.65,1275.85,0,0,229.95,1505.8,cents
9626-VFRGG,Month-to-Month,Yes,Bank transfer (automatic),8850,18.72,3645.05,0,0,767.52,4412.57,cents
9626-WEQRM,Month-to-Month,Yes,Mailed check,29.15,0,110.05,0,10,0,120.05,dollars
9629-NHXFW,Month-to-Month,Yes,Mailed check,19.4,48.79,19.4,0,0,48.79,68.19,dollars
9631-RXVJM,Two Year,No,Mailed check,1925,4.24,677.9,0,0,148.4,826.3,cents
9631-XEYKE,Month-to-Month,No,Bank transfer (automatic),50.4,29.74,137.25,0,0,89.22,226.47,dollars
9633-DENPU,Month-to-Month,Yes,Bank transfer (automatic),58.6,3.2,2723.4,0,0,150.4,2873.8,dollars
9633-XQABV,Month-to-Month,Yes,Electronic check,70.25,25.4,229.7,0,0,76.2,305.9,dollars
9637-CDTKZ,Two Year,Yes,Credit card (automatic),114.1,23.27,8086.4,0,0,1675.44,9761.84,dollars
9637-EIHEQ,Month-to-Month,Yes,Electronic check,50.8,22.82,50.8,0,0,22.82,73.62,dollars
9638-JIQYA,Month-to-Month,Yes,Credit card (automatic),2490,0,49.7,0,10,0,59.7,cents
9639-BUJXT,One Year,No,Mailed check,2050,35.35,1328.15,15.62,0,2227.05,3539.58,cents
9640-ZSLDC,One Year,No,Credit card (automatic),6060,31.99,3297,0,0,1695.47,4992.47,cents
9643-AVVWI,Month-to-Month,Yes,Electronic check,8000,19.18,241.3,0,0,57.54,298.84,cents
9643-YBLUR,Month-to-Month,Yes,Credit card (automatic),6905,26.03,653.95,0,0,234.27,888.22,cents
9644-KVCNC,One Year,Yes,Bank transfer (automatic),92.15,19.68,6056.9,0,0,1298.88,7355.78,dollars
9644-UMGQA,Month-to-Month,Yes,Electronic check,49.15,34.7,295.65,0,0,208.2,503.85,dollars
9646-NMHXE,Two Year,No,Mailed check,1964.9999999999998,6.54,973.1,0,0,307.38,1280.48,cents
9647-ERGBE,Month-to-Month,Yes,Electronic check,100.05,39.74,3046.15,0,0,1192.2,4238.35,dollars
9648-BCHKM,Two Year,Yes,Credit card (automatic),24.65,43.69,471.35,0,0,786.42,1257.77,dollars
9650-VBUOG,Two Year,No,Credit card (automatic),25.05,33.1,963.95,0,0,1257.8,2221.75,dollars
9651-GTSAQ,One Year,Yes,Bank transfer (automatic),106.1,30.09,5769.75,0,0,1594.77,7364.52,dollars
9658-WYUFB,Month-to-Month,Yes,Electronic check,9440,21.82,1617.5,0,0,370.94,1988.44,cents
9659-QEQSY,Month-to-Month,Yes,Electronic check,115.65,33.73,5125.5,0,0,1517.85,6643.35,dollars
9659-ZTWSM,One Year,Yes,Bank transfer (automatic),10735,7.86,7051.95,39.18,0,518.76,7531.53,cents
9661-ACXBS,Month-to-Month,Yes,Electronic check,105.2,33.46,4400.75,40.15,0,1405.32,5765.92,dollars
9661-JALZV,Two Year,Yes,Credit card (automatic),24.7,47.9,1519,0,0,2778.2,4297.2,dollars
9661-MHUMO,Month-to-Month,Yes,Credit card (automatic),49.25,8.38,49.25,0,0,8.38,57.63,dollars
9667-EQRXU,Month-to-Month,Yes,Electronic check,40.3,0,1172.95,0,100,0,1272.95,dollars
9667-TKTVZ,Month-to-Month,Yes,Mailed check,54.35,25.81,117.05,0,0,51.62,168.67,dollars
9668-PUGNU,Two Year,Yes,Electronic check,24.5,32.18,1816.2,0,0,2284.78,4100.98,dollars
9670-BPNXF,One Year,Yes,Credit card (automatic),62.55,8.4,2796.45,0,0,378,3174.45,dollars
9674-EHPPG,Two Year,No,Credit card (automatic),40.4,0,1842.7,0,80,0,1922.7,dollars
9675-ICXCT,Two Year,Yes,Electronic check,80.8,35.07,5728.55,0,0,2525.04,8253.59,dollars
9677-AVKED,One Year,Yes,Electronic check,8460,14.54,4449.75,0,0,770.62,5220.37,cents
9680-NIAUV,Two Year,No,Credit card (automatic),109.7,18.66,8129.3,0,0,1343.52,9472.82,dollars
9681-KYGYB,One Year,Yes,Electronic check,88.2,26,4159.45,0,0,1274,5433.45,dollars
9681-OXGVC,Month-to-Month,Yes,Electronic check,100.5,28.2,514,0,0,141,655,dollars
9685-WKZGT,Month-to-Month,Yes,Electronic check,74.95,16.32,1036.75,39.29,0,228.48,1225.94,dollars
9688-YGXVR,Month-to-Month,Yes,Credit card (automatic),88.15,32.83,3973.2,0,0,1444.52,5417.72,dollars
9689-PTNPG,Month-to-Month,Yes,Electronic check,8025,39.03,144.55,0,10,78.06,232.61,cents
9691-HKOVS,One Year,Yes,Electronic check,90.15,47.46,4916.95,0,0,2610.3,7527.25,dollars
9692-TUSXH,Month-to-Month,Yes,Electronic check,96.05,35.7,1740.7,0,0,642.6,2383.3,dollars
9693-XMUOB,Month-to-Month,Yes,Electronic check,50.25,0,2997.45,0,0,0,2997.45,dollars
9695-IDRZR,Two Year,Yes,Credit card (automatic),116.15,27.47,3946.9,0,0,933.98,4880.88,dollars
9696-RMYBA,Month-to-Month,Yes,Mailed check,80.1,12.35,398.55,0,0,61.75,460.3,dollars
9699-UBQFS,Month-to-Month,Yes,Electronic check,9450,3.66,4156.8,0,0,157.38,4314.18,cents
9700-ISPUP,Month-to-Month,Yes,Electronic check,65.5,25.89,616.9,0,0,258.9,875.8,dollars
9700-ZCLOT,Month-to-Month,No,Mailed check,20,17.03,32.7,0,0,34.06,66.76,dollars
9701-CDXHR,Month-to-Month,No,Mailed check,6915.000000000001,45.76,3649.6,0,110,2333.76,6093.36,cents
9702-AIUJO,One Year,Yes,Bank transfer (automatic),44.8,36.61,2230.85,36.22,0,1830.5,4025.13,dollars
9705-IOVQQ,One Year,No,Electronic check,99,4.51,5969.3,21.17,0,275.11,6223.24,dollars
9705-ZJBCG,One Year,No,Bank transfer (automatic),5415,19.63,701.05,0,0,255.19,956.24,cents
9708-HPXWZ,Two Year,No,Credit card (automatic),4540,0,214.75,0,0,0,214.75,cents
9708-KFDBY,Month-to-Month,No,Credit card (automatic),2055,7.32,20.55,0,0,7.32,27.87,cents
9710-NJERN,Two Year,No,Mailed check,2014.9999999999998,1.57,826,25.92,0,61.23,861.31,cents
9710-ZUSHQ,Month-to-Month,Yes,Bank transfer (automatic),106.75,41.85,4056.75,0,0,1548.45,5605.2,dollars
9711-FJTBX,One Year,Yes,Mailed check,85.85,11.48,4793.8,0,0,642.88,5436.68,dollars
9714-EDSUC,Month-to-Month,Yes,Mailed check,94.9,11.5,360.55,0,0,46,406.55,dollars
9715-SBVSU,Two Year,Yes,Bank transfer (automatic),61.4,10.74,815.55,0,20,150.36,985.91,dollars
9715-WZCLW,Two Year,Yes,Electronic check,97.2,39.09,6910.3,0,0,2775.39,9685.69,dollars
9717-IOAAF,Two Year,Yes,Credit card (automatic),25.85,2.65,788.55,0,0,71.55,860.1,dollars
9717-QEBGU,Month-to-Month,Yes,Electronic check,70.3,1.57,144,0,0,3.14,147.14,dollars
9720-JJJOR,One Year,Yes,Bank transfer (automatic),60.3,2.43,2511.3,0,0,99.63,2610.93,dollars
9722-UJOJR,Month-to-Month,Yes,Electronic check,70.75,11.24,1974.8,0,0,325.96,2300.76,dollars
9725-SCPZG,Month-to-Month,Yes,Electronic check,90.85,1.13,90.85,0,0,1.13,91.98,dollars
9728-FTTVZ,Month-to-Month,Yes,Electronic check,69.2,23.72,69.2,0,0,23.72,92.92,dollars
9730-DRTMJ,One Year,Yes,Credit card (automatic),72.8,15.41,2333.05,0,0,493.12,2826.17,dollars
9732-EQMWY,Month-to-Month,No,Electronic check,9940,12.39,5025,0,10,607.11,5642.11,cents
9732-KPKBW,Month-to-Month,Yes,Electronic check,53.95,31.16,53.95,0,0,31.16,85.11,dollars
9732-OUYRN,One Year,No,Credit card (automatic),19,13.13,918.7,0,0,643.37,1562.07,dollars
9734-UYXQI,Month-to-Month,Yes,Electronic check,4940,24.83,106.55,0,0,49.66,156.21,cents
9734-YWGEX,Month-to-Month,No,Credit card (automatic),98.3,38.76,923.5,0,0,348.84,1272.34,dollars
9738-QLWTP,One Year,No,Electronic check,81.9,35.13,3219.75,0,0,1370.07,4589.82,dollars
9739-JLPQJ,Two Year,No,Credit card (automatic),117.5,33.37,8670.1,47.55,0,2402.64,11025.19,dollars
9741-YLNTD,Month-to-Month,Yes,Bank transfer (automatic),8795,43.37,522.35,0,0,260.22,782.57,cents
9742-XOKTS,One Year,No,Electronic check,89.55,18.29,6038.55,33.76,0,1225.43,7230.22,dollars
9743-DQKQW,Month-to-Month,No,Electronic check,2510,0,79.8,0,0,0,79.8,cents
9746-MDMBK,One Year,Yes,Bank transfer (automatic),11345,9.19,5317.8,0,0,431.93,5749.73,cents
9746-UGFAC,One Year,No,Bank transfer (automatic),2085,10.25,450.65,0,0,225.5,676.15,cents
9746-YKGXB,One Year,No,Bank transfer (automatic),4425,0,2276.1,23.5,0,0,2252.6,cents
9747-DDZOS,Month-to-Month,No,Bank transfer (automatic),73.5,3.84,73.5,0,0,3.84,77.34,dollars
9750-BOOHV,One Year,No,Mailed check,30.15,0,927.65,0,0,0,927.65,dollars
9752-ZNQUT,Month-to-Month,Yes,Electronic check,48.6,7.99,48.6,0,0,7.99,56.59,dollars
9753-OYLBX,Month-to-Month,No,Mailed check,2050,8.56,20.5,0,0,8.56,29.06,cents
9754-CLVZW,Month-to-Month,No,Credit card (automatic),38.85,0,1025.15,0,30,0,1055.15,dollars
9755-JHNMN,Two Year,No,Bank transfer (automatic),67.4,20.45,3306.85,0,0,1002.05,4308.9,dollars
9758-MFWGD,One Year,No,Bank transfer (automatic),2990,0,1388.75,0,0,0,1388.75,cents
9761-XUJWD,Month-to-Month,Yes,Bank transfer (automatic),65.6,8.6,339.9,0,0,43,382.9,dollars
9762-YAQAA,One Year,No,Credit card (automatic),81.4,36.93,3213.75,0,0,1440.27,4654.02,dollars
9763-GRSKD,Month-to-Month,Yes,Mailed check,4995,29.68,587.45,0,150,385.84,1123.29,cents
9763-PDTKK,Month-to-Month,Yes,Bank transfer (automatic),94.4,39.68,387.2,0,0,158.72,545.92,dollars
9764-REAFF,Two Year,No,Bank transfer (automatic),18.4,26.99,1057.85,0,0,1592.41,2650.26,dollars
9766-HGEDE,One Year,No,Mailed check,19.35,1.64,307,10.57,0,27.88,324.31,dollars
9767-FFLEM,Month-to-Month,Yes,Credit card (automatic),69.5,35.04,2625.25,20.19,0,1331.52,3936.58,dollars
9769-TSBZE,Two Year,No,Electronic check,66,16.75,4891.5,0,90,1172.5,6154,dollars
9770-KXGQU,One Year,No,Mailed check,9860,29.39,5311.85,0,0,1557.67,6869.52,cents
9770-LXDBK,Month-to-Month,No,Mailed check,20.4,14.79,63.15,0,0,44.37,107.52,dollars
9773-PEQBZ,Month-to-Month,No,Electronic check,7984.999999999999,15.6,797.25,0,0,156,953.25,cents
9774-NRNAU,One Year,Yes,Bank transfer (automatic),84.8,33.57,2309.55,0,0,906.39,3215.94,dollars
9776-CLUJA,Month-to-Month,Yes,Electronic check,77.5,17.87,3807.35,0,0,911.37,4718.72,dollars
9776-OJUZI,Two Year,Yes,Bank transfer (automatic),9545,32.41,6223.3,0,0,2106.65,8329.95,cents
9777-IQHWP,Two Year,No,Bank transfer (automatic),93.4,30.82,5822.3,0,0,1972.48,7794.78,dollars
9777-WJJPR,Month-to-Month,No,Credit card (automatic),88.65,29.77,2683.2,0,0,922.87,3606.07,dollars
9778-OGKQZ,Two Year,Yes,Credit card (automatic),92,5.32,6782.15,0,10,383.04,7175.19,dollars
9779-DPNEJ,Month-to-Month,Yes,Electronic check,80.15,33.46,1790.65,0,0,736.12,2526.77,dollars
9780-FKVVF,Month-to-Month,Yes,Bank transfer (automatic),59.15,20.11,336.7,0,0,120.66,457.36,dollars
9782-LGXMC,Month-to-Month,No,Bank transfer (automatic),61.75,35.29,3024.15,0,0,1729.21,4753.36,dollars
9786-IJYDL,Two Year,Yes,Mailed check,11320,30.5,3914.05,0,0,1067.5,4981.55,cents
9786-YWNHU,Two Year,No,Mailed check,6355,1.18,4014.2,0,90,74.34,4178.54,cents
9787-XVQIU,Month-to-Month,Yes,Electronic check,7530,39.44,75.3,0,0,39.44,114.74,cents
9788-HNGUT,Two Year,Yes,Credit card (automatic),116.95,17.87,8594.4,0,0,1286.64,9881.04,dollars
9788-YTFGE,Month-to-Month,Yes,Mailed check,19.95,13.86,147.5,0,0,97.02,244.52,dollars
9793-WECQC,Month-to-Month,No,Mailed check,9530,48.21,2192.9,0,0,1108.83,3301.73,cents
9795-NREXC,Two Year,Yes,Credit card (automatic),85,11.85,5484.4,0,0,758.4,6242.8,dollars
9795-SHUHB,Two Year,Yes,Credit card (automatic),58.2,24.27,3810.8,0,0,1601.82,5412.62,dollars
9795-VOWON,One Year,Yes,Credit card (automatic),24.35,0,150.85,0,0,0,150.85,dollars
9796-BPKIW,Two Year,Yes,Credit card (automatic),69.95,42.53,562.7,0,0,340.24,902.94,dollars
9796-MVYXX,Two Year,No,Mailed check,39.7,0,692.35,0,0,0,692.35,dollars
9798-DRYDS,One Year,Yes,Mailed check,6195,47.59,1070.7,0,0,809.03,1879.73,cents
9798-OPFEM,Two Year,Yes,Electronic check,2110,32.78,937.1,0,0,1507.88,2444.98,cents
9799-CAYJJ,Two Year,Yes,Electronic check,69.3,32.62,153.8,0,0,65.24,219.04,dollars
9800-ONTFE,Month-to-Month,Yes,Bank transfer (automatic),75.8,4.67,1615.1,0,0,102.74,1717.84,dollars
9800-OUIGR,Two Year,No,Credit card (automatic),20,7.83,1374.2,0,0,516.78,1890.98,dollars
9801-GDWGV,Month-to-Month,Yes,Electronic check,103.45,34.74,3994.45,0,0,1354.86,5349.31,dollars
9801-NOSHQ,One Year,No,Mailed check,1980,1.2,465.45,0,0,27.6,493.05,cents
9802-CAQUT,Two Year,No,Credit card (automatic),109.55,33.39,7887.25,0,120,2404.08,10411.33,dollars
9803-FTJCG,One Year,Yes,Credit card (automatic),66.85,4.85,4748.7,0,0,344.35,5093.05,dollars
9804-ICWBG,Month-to-Month,Yes,Electronic check,69.9,45.5,69.9,0,0,45.5,115.4,dollars
9805-FILKB,One Year,Yes,Bank transfer (automatic),20.2,4.72,845.6,0,0,217.12,1062.72,dollars
9809-IMGCQ,Month-to-Month,Yes,Electronic check,9670,40.18,2082.95,0,100,883.96,3066.91,cents
9812-GHVRI,Month-to-Month,No,Bank transfer (automatic),8385,33.66,3532.25,0,0,1346.4,4878.65,cents
9814-AOUDH,Two Year,No,Credit card (automatic),19.5,24.17,1050.5,0,0,1281.01,2331.51,dollars
9817-APLHW,Month-to-Month,No,Electronic check,25,2.29,316.2,0,0,27.48,343.68,dollars
9818-XQCUV,Month-to-Month,No,Mailed check,20.35,25.92,45.3,0,0,51.84,97.14,dollars
9819-FBNSV,Two Year,Yes,Bank transfer (automatic),72.25,23.54,2575.45,0,0,870.98,3446.43,dollars
9820-RMCQV,Month-to-Month,No,Credit card (automatic),48.55,19.01,501,0,130,209.11,840.11,dollars
9821-BESNZ,One Year,Yes,Electronic check,10425,33.02,6860.6,44,0,2179.32,8995.92,cents
9821-POOTN,Month-to-Month,Yes,Electronic check,7520,48.47,2576.2,0,0,1696.45,4272.65,cents
9822-BIIGN,Month-to-Month,No,Electronic check,71.85,27.56,3827.9,0,0,1460.68,5288.58,dollars
9822-OAOVB,Month-to-Month,Yes,Electronic check,55.45,6.43,55.45,0,10,6.43,71.88,dollars
9822-WMWVG,Month-to-Month,Yes,Electronic check,106.5,36.7,4282.4,0,0,1504.7,5787.1,dollars
9823-EALYC,Two Year,Yes,Bank transfer (automatic),80.85,9.3,5727.45,0,0,669.6,6397.05,dollars
9824-BEMCV,Month-to-Month,Yes,Electronic check,69,44.97,1149.65,0,0,764.49,1914.14,dollars
9824-QCJPK,One Year,No,Mailed check,20,21.77,666.75,0,0,783.72,1450.47,dollars
9825-YCXWZ,One Year,Yes,Bank transfer (automatic),10110,14.61,4016.2,0,0,599.01,4615.21,cents
9828-AOQLM,Month-to-Month,Yes,Electronic check,4570,12.8,45.7,0,0,12.8,58.5,cents
9828-QHFBK,Month-to-Month,Yes,Electronic check,5115,33.97,1275.7,0,0,815.28,2090.98,cents
9830-ECLEN,One Year,No,Mailed check,50,0,2919.85,0,0,0,2919.85,dollars
9831-BPFRI,One Year,Yes,Electronic check,89.55,35.32,3474.45,0,0,1377.48,4851.93,dollars
9833-TGFHX,One Year,No,Electronic check,97.1,13.23,4016.75,46.56,150,555.66,4675.85,dollars
9835-ZIITK,One Year,Yes,Electronic check,11085,48.87,7491.75,0,0,3225.42,10717.17,cents
9837-BMCLM,Month-to-Month,Yes,Electronic check,7850,31.88,242.05,0,0,95.64,337.69,cents
9837-FWLCH,Month-to-Month,Yes,Electronic check,1920,25.33,239,45.46,0,303.96,497.5,cents
9838-BFCQT,Two Year,No,Mailed check,2610,33.92,1851.45,0,0,2442.24,4293.69,cents
9839-ETQOE,Month-to-Month,Yes,Electronic check,40.45,0,1912.85,0,0,0,1912.85,dollars
9840-DVNDC,Month-to-Month,Yes,Credit card (automatic),80.5,6.4,463.05,0,10,38.4,511.45,dollars
9840-EFJQB,Month-to-Month,No,Electronic check,74.35,24.41,74.35,0,0,24.41,98.76,dollars
9842-EFSYY,Month-to-Month,Yes,Mailed check,57.2,0,223.75,0,0,0,223.75,dollars
9844-FELAJ,One Year,Yes,Electronic check,107.9,9.4,7475.85,0,20,658,8153.85,dollars
9845-PEEKO,Two Year,Yes,Credit card (automatic),79.2,6.13,4590.35,0,0,361.67,4952.02,dollars
9845-QOMAD,One Year,No,Mailed check,1975,26.99,309.35,6.49,0,377.86,680.72,cents
9846-GKXAS,Month-to-Month,Yes,Bank transfer (automatic),90.8,1.34,809.75,0,0,12.06,821.81,dollars
9847-HNVGP,One Year,No,Mailed check,19.95,25.91,310.6,0,0,440.47,751.07,dollars
9848-JQJTX,Two Year,Yes,Bank transfer (automatic),100.9,24.53,7459.05,0,0,1766.16,9225.21,dollars
9850-OWRHQ,Month-to-Month,Yes,Credit card (automatic),7409.999999999999,16.29,228,0,0,48.87,276.87,cents
9851-KIELU,Month-to-Month,Yes,Electronic check,110.1,18.03,1043.3,0,0,180.3,1223.6,dollars
9851-QXEEQ,Month-to-Month,Yes,Electronic check,104.7,47.74,4346.4,0,0,1957.34,6303.74,dollars
9853-JFZDU,Month-to-Month,No,Electronic check,56.85,20.79,1861.1,0,0,727.65,2588.75,dollars
9860-LISIZ,Month-to-Month,No,Mailed check,20.35,36.75,673.2,0,0,1249.5,1922.7,dollars
9861-PDSZP,Two Year,Yes,Credit card (automatic),108.05,10.05,7806.6,0,0,723.6,8530.2,dollars
9862-KJTYK,Month-to-Month,Yes,Credit card (automatic),25.35,0,566.1,0,0,0,566.1,dollars
9863-JZAIC,Month-to-Month,No,Mailed check,5500,48.93,2010.55,0,0,1712.55,3723.1,cents
9866-OCCKE,Two Year,Yes,Mailed check,10975,35.04,8075.35,0,0,2522.88,10598.23,cents
9866-QEVEE,Month-to-Month,Yes,Bank transfer (automatic),8600,20.41,1532.45,0,30,387.79,1950.24,cents
9867-JCZSP,One Year,No,Mailed check,2075,8.74,418.25,0,0,148.58,566.83,cents
9867-NNXLC,Month-to-Month,Yes,Mailed check,20.05,33.92,470.2,0,0,746.24,1216.44,dollars
9867-XOBQA,Two Year,No,Mailed check,53.15,0,1183.2,19.13,0,0,1164.07,dollars
9871-ELEYA,Two Year,No,Credit card (automatic),67.65,20.75,2339.3,0,0,705.5,3044.8,dollars
9873-MNDKV,Month-to-Month,Yes,Mailed check,4465,29.16,472.25,0,0,320.76,793.01,cents
9874-QLCLH,Month-to-Month,Yes,Electronic check,10420,4.91,1743.5,0,0,83.47,1826.97,cents
9878-TNQGW,Month-to-Month,Yes,Electronic check,80.95,17.33,171.15,0,0,34.66,205.81,dollars
9880-TDQAC,Two Year,Yes,Electronic check,60,0,4264,25.67,0,0,4238.33,dollars
9881-VCZEP,Month-to-Month,No,Electronic check,54.1,12.12,1373,0,110,303,1786,dollars
9885-AIBVB,Month-to-Month,Yes,Electronic check,85.8,39.5,2440.25,0,150,1145.5,3735.75,dollars
9885-CSMWE,Month-to-Month,No,Electronic check,78.45,18.37,78.45,0,0,18.37,96.82,dollars
9885-MFVSU,Two Year,Yes,Credit card (automatic),46.35,0,1662.05,0,140,0,1802.05,dollars
9888-ZCUMM,Two Year,Yes,Bank transfer (automatic),60.05,0,3845.45,0,0,0,3845.45,dollars
9889-TMAHG,Month-to-Month,No,Credit card (automatic),100.3,11.57,832.35,0,0,92.56,924.91,dollars
9891-NQDBD,One Year,No,Mailed check,25.55,43.36,672.2,0,0,1214.08,1886.28,dollars
9894-EZEWG,Month-to-Month,Yes,Credit card (automatic),7430,39.66,74.3,0,0,39.66,113.96,cents
9894-QMIMJ,One Year,No,Bank transfer (automatic),55.8,9.04,1327.85,0,0,207.92,1535.77,dollars
9895-VFOXH,Month-to-Month,No,Mailed check,24.4,0,24.4,0,10,0,34.4,dollars
9896-UYMIE,One Year,Yes,Bank transfer (automatic),11430,4.32,7383.7,0,0,285.12,7668.82,cents
9897-KXHCM,Month-to-Month,Yes,Electronic check,8030,48.38,250.05,0,0,145.14,395.19,cents
9898-KZQDZ,Month-to-Month,Yes,Credit card (automatic),94.55,49.5,3640.45,0,0,1980,5620.45,dollars
9903-LYSAB,Month-to-Month,Yes,Electronic check,73.15,16.78,1305.95,0,0,302.04,1607.99,dollars
9904-EHEVJ,One Year,Yes,Mailed check,9135,5.73,2896.55,26.98,0,183.36,3052.93,cents
9906-NHHVC,Two Year,Yes,Bank transfer (automatic),53.5,0,3517.9,0,0,0,3517.9,dollars
9907-SWKKF,Month-to-Month,No,Mailed check,2505,0,25.05,0,0,0,25.05,cents
9909-DFRJA,One Year,Yes,Bank transfer (automatic),95.85,40.14,2475.35,0,0,1043.64,3518.99,dollars
9909-IDLEK,Month-to-Month,No,Mailed check,96.8,42.06,1826.7,0,0,841.2,2667.9,dollars
9912-GVSEQ,Month-to-Month,Yes,Electronic check,93.85,9.28,2381.55,0,0,241.28,2622.83,dollars
9912-OMZDS,One Year,Yes,Electronic check,10615,35.23,6256.2,0,0,2078.57,8334.77,cents
9916-AYHTC,Two Year,No,Credit card (automatic),19.85,32.04,916,0,0,1537.92,2453.92,dollars
9917-KWRBE,One Year,Yes,Credit card (automatic),7834.999999999999,18.84,3211.2,0,0,772.44,3983.64,cents
9919-FZDED,Two Year,Yes,Credit card (automatic),8410,17.3,5981.65,0,0,1245.6,7227.25,cents
9919-KNPOO,Month-to-Month,Yes,Electronic check,9430,27.66,1948.35,0,30,580.86,2559.21,cents
9919-YLNNG,Month-to-Month,Yes,Bank transfer (automatic),103.8,40.15,4327.5,0,110,1686.3,6123.8,dollars
9921-EZKBY,Month-to-Month,Yes,Bank transfer (automatic),95.3,10.36,3275.15,0,0,341.88,3617.03,dollars
9921-QFQUL,Month-to-Month,No,Mailed check,9015,22.17,2044.95,0,0,509.91,2554.86,cents
9921-ZVRHG,Month-to-Month,Yes,Electronic check,80.45,1.19,1072,0,0,16.66,1088.66,dollars
9924-JPRMC,Two Year,Yes,Electronic check,118.2,36.49,8547.15,0,0,2627.28,11174.43,dollars
9926-PJHDQ,Two Year,Yes,Bank transfer (automatic),7680,43.47,5468.45,0,90,3129.84,8688.29,cents
9927-DSWDF,Month-to-Month,Yes,Electronic check,104.6,49.66,2180.55,0,0,1092.52,3273.07,dollars
9928-BZVLZ,Two Year,No,Mailed check,4985,0,552.1,0,0,0,552.1,cents
9929-PLVPA,Month-to-Month,No,Credit card (automatic),20.4,30.79,94.5,0,0,123.16,217.66,dollars
9931-DCEZH,One Year,Yes,Credit card (automatic),5440,34.43,1516.6,0,0,964.04,2480.64,cents
9931-KGHOA,Month-to-Month,No,Bank transfer (automatic),55,13.05,2473.95,31.39,0,600.3,3042.86,dollars
9932-WBWIK,Month-to-Month,No,Mailed check,20.35,47.88,215.25,0,0,526.68,741.93,dollars
9933-QRGTX,Two Year,Yes,Electronic check,97.2,32.5,5611.75,0,0,1950,7561.75,dollars
9938-EKRGF,Month-to-Month,No,Mailed check,84.45,8.97,1287.85,0,0,134.55,1422.4,dollars
9938-PRCVK,Two Year,No,Bank transfer (automatic),1970,23.95,804.25,0,0,981.95,1786.2,cents
9938-TKDGL,Two Year,Yes,Electronic check,99.55,38.75,6668,0,0,2635,9303,dollars
9938-ZREHM,One Year,No,Mailed check,72.1,42.45,2658.4,16.36,0,1570.65,4212.69,dollars
9940-HPQPG,Month-to-Month,No,Bank transfer (automatic),9175,22,865.8,0,0,198,1063.8,cents
9940-RHLFB,Month-to-Month,No,Electronic check,75.3,26.06,75.3,0,0,26.06,101.36,dollars
9943-VSZUV,Month-to-Month,Yes,Mailed check,75.7,39.89,5060.85,0,0,2672.63,7733.48,dollars
9944-AEXBM,Month-to-Month,Yes,Bank transfer (automatic),85.65,37.04,2664.3,0,0,1185.28,3849.58,dollars
9944-HKVVB,Month-to-Month,Yes,Electronic check,95.1,47.62,307.4,0,0,142.86,450.26,dollars
9945-PSVIP,Two Year,Yes,Mailed check,18.7,2.82,383.65,0,0,70.5,454.15,dollars
9947-OTFQU,Month-to-Month,Yes,Electronic check,74.4,29.11,1074.3,0,0,436.65,1510.95,dollars
9948-YPTDG,Month-to-Month,Yes,Electronic check,79.45,35.61,3013.05,9.36,40,1353.18,4396.87,dollars
9950-MTGYX,Two Year,Yes,Credit card (automatic),20.3,19.18,487.95,0,0,537.04,1024.99,dollars
9953-ZMKSM,Two Year,No,Mailed check,25.25,4.01,1559.3,0,0,252.63,1811.93,dollars
9955-QOPOY,One Year,Yes,Credit card (automatic),6080,0,4263.4,0,0,0,4263.4,cents
9957-YODKZ,Two Year,Yes,Electronic check,80.8,16.87,457.1,0,30,101.22,588.32,dollars
9958-MEKUC,Two Year,No,Credit card (automatic),103.95,45.93,7517.7,0,0,3306.96,10824.66,dollars
9959-WOFKT,Two Year,No,Bank transfer (automatic),10670,14.67,7382.25,0,0,1041.57,8423.82,cents
9961-JBNMK,Month-to-Month,Yes,Bank transfer (automatic),96.8,42.27,2030.3,10.2,0,887.67,2907.77,dollars
9962-BFPDU,Month-to-Month,No,Mailed check,20.05,16.02,20.05,0,0,16.02,36.07,dollars
9964-WBQDJ,Two Year,Yes,Credit card (automatic),24.4,24.72,1725.4,0,0,1755.12,3480.52,dollars
9965-YOKZB,Month-to-Month,Yes,Electronic check,83.85,10.04,790.15,0,0,90.36,880.51,dollars
9967-ATRFS,Month-to-Month,No,Mailed check,19.9,32.03,367.55,0,0,608.57,976.12,dollars
9968-FFVVH,One Year,No,Bank transfer (automatic),68.8,38.37,4111.35,0,0,2417.31,6528.66,dollars
9970-QBCDA,Month-to-Month,No,Credit card (automatic),19.7,31.02,129.55,0,0,186.12,315.67,dollars
9971-ZWPBF,Month-to-Month,Yes,Electronic check,10890,11.74,3625.2,0,30,399.16,4054.36,cents
9972-EWRJS,Two Year,Yes,Bank transfer (automatic),1925,48.75,1372.9,0,0,3266.25,4639.15,cents
9972-NKTFD,Month-to-Month,No,Bank transfer (automatic),5465,25.59,1517.5,0,0,716.52,2234.02,cents
9972-VAFJJ,One Year,Yes,Electronic check,94,47.64,4871.45,0,0,2524.92,7396.37,dollars
9974-JFBHQ,Month-to-Month,Yes,Credit card (automatic),9915,22.41,6171.2,0,0,1434.24,7605.44,cents
9975-GPKZU,Two Year,No,Credit card (automatic),19.75,7.67,856.5,0,0,352.82,1209.32,dollars
9975-SKRNR,Month-to-Month,No,Mailed check,18.9,49.51,18.9,0,0,49.51,68.41,dollars
9978-HYCIN,One Year,Yes,Bank transfer (automatic),84.95,42.29,4018.05,0,80,1987.63,6085.68,dollars
9979-RGMZT,One Year,Yes,Mailed check,94.05,36.49,633.45,0,0,255.43,888.88,dollars
9985-MWVIX,Month-to-Month,Yes,Mailed check,70.15,42.09,70.15,0,0,42.09,112.24,dollars
9986-BONCE,Month-to-Month,No,Bank transfer (automatic),2095,2.01,85.5,0,0,8.04,93.54,cents
9987-LUTYD,One Year,No,Mailed check,55.15,46.68,742.9,0,0,606.84,1349.74,dollars
9992-RRAMN,Month-to-Month,Yes,Electronic check,85.1,16.2,1873.7,0,0,356.4,2230.1,dollars
9992-UJOEL,Month-to-Month,Yes,Mailed check,50.3,18.62,92.75,0,0,37.24,129.99,dollars
9993-LHIEB,Two Year,No,Mailed check,67.85,2.12,4627.65,0,0,142.04,4769.69,dollars
9995-HOTOH,Two Year,No,Electronic check,59,0,3707.6,0,0,0,3707.6,dollars
