customer_id,tenure,internet_service,phone_service,multiple_lines,avg_monthly_gb_download,unlimited_data,offer,referred_a_friend,number_of_referrals
0002-ORFBO,9,Yes,Yes,No,16,Yes,None,Yes,2
0003-MKNFE,9,Yes,Yes,Yes,10,No,None,No,0
0004-TLHLJ,4,Yes,Yes,No,30,Yes,Offer E,No,0
0011-IGKFF,13,Yes,Yes,No,4,Yes,Offer D,Yes,1
0013-EXCHZ,3,Yes,Yes,No,11,Yes,None,Yes,3
0013-MHZWF,9,Yes,Yes,No,73,Yes,Offer E,No,0
0013-SMEOE,71,Yes,Yes,No,14,Yes,Offer A,Yes,1
0014-BMAQU,63,Yes,Yes,Yes,7,No,Offer B,Yes,8
0015-UOCOJ,7,Yes,Yes,No,21,Yes,Offer E,No,0
0016-QLJIS,65,Yes,Yes,Yes,14,Yes,None,Yes,3
0017-DINOC,54,Yes,No,No,10,Yes,None,No,0
0017-IUDMW,72,Yes,Yes,Yes,59,Yes,None,Yes,2
0018-NYROU,5,Yes,Yes,No,10,Yes,None,No,0
0019-EFAEP,72,Yes,Yes,Yes,16,Yes,Offer A,No,0
0019-GFNTW,56,Yes,No,No,19,Yes,None,No,0
0020-INWCK,71,Yes,Yes,Yes,12,Yes,Offer A,Yes,9
0020-JDNXP,34,Yes,No,No,20,Yes,None,No,0
0021-IKXGC,1,Yes,Yes,Yes,22,Yes,Offer E,No,0
0022-TCJCI,45,Yes,Yes,No,17,Yes,None,No,0
0023-HGHWL,1,Yes,No,No,9,Yes,None,No,0
0023-UYUPN,50,No,Yes,Yes,0,No,None,No,0
0023-XUOPT,13,Yes,Yes,Yes,52,Yes,None,Yes,1
0027-KWYKW,23,Yes,Yes,Yes,30,Yes,Offer D,Yes,1
0030-FNXPP,3,No,Yes,No,0,No,None,No,0
0031-PVLZI,4,No,Yes,No,0,No,Offer E,No,0
0032-PGELS,1,Yes,No,No,19,Yes,None,Yes,1
0036-IHMOT,55,Yes,Yes,No,57,No,None,Yes,10
0040-HALCW,54,No,Yes,No,0,No,None,Yes,3
0042-JVWOJ,26,No,Yes,No,0,No,Offer C,No,0
0042-RLHYP,69,No,Yes,No,0,No,None,Yes,5
0048-LUMLS,37,Yes,Yes,No,51,Yes,Offer C,Yes,1
0048-PIHNL,49,No,Yes,No,0,No,Offer B,Yes,5
0052-DCKON,66,Yes,Yes,Yes,41,Yes,None,Yes,9
0052-YNYOT,67,No,Yes,No,0,No,None,No,0
0056-EPFBG,20,Yes,No,No,22,Yes,None,Yes,4
0057-QBUQH,43,No,Yes,Yes,0,No,None,No,0
0058-EVZWM,55,Yes,Yes,Yes,9,Yes,Offer B,Yes,2
0060-FUALY,59,Yes,Yes,Yes,14,Yes,Offer B,Yes,4
0064-SUDOG,12,No,Yes,No,0,No,None,Yes,3
0064-YIJGF,27,Yes,Yes,Yes,23,Yes,Offer C,Yes,7
0067-DKWBL,2,Yes,Yes,No,27,Yes,None,No,0
0068-FIGTF,27,Yes,Yes,No,59,Yes,Offer C,No,0
0071-NDAFP,25,No,Yes,Yes,0,No,None,Yes,1
0074-HDKDG,25,Yes,Yes,No,19,Yes,None,Yes,5
0076-LVEPS,29,Yes,No,No,21,Yes,None,No,0
0078-XZMHT,72,Yes,Yes,Yes,52,Yes,None,Yes,5
0080-EMYVY,14,Yes,Yes,No,12,Yes,None,No,0
0080-OROZO,35,Yes,Yes,No,2,Yes,Offer C,No,0
0082-LDZUE,1,Yes,Yes,No,9,Yes,Offer E,No,0
0082-OQIQY,29,Yes,Yes,No,17,No,None,No,0
0083-PIVIK,64,Yes,Yes,Yes,69,No,None,No,0
0089-IIQKO,39,Yes,Yes,Yes,53,Yes,None,Yes,1
0093-EXYQL,40,Yes,Yes,No,23,Yes,None,No,0
0093-XWZFY,40,Yes,Yes,Yes,15,Yes,None,No,0
0094-OIFMO,11,Yes,Yes,No,29,No,Offer D,No,0
0096-BXERS,6,Yes,Yes,Yes,85,Yes,Offer E,Yes,10
0096-FCPUF,30,Yes,Yes,Yes,15,Yes,None,No,0
0098-BOWSO,27,No,Yes,No,0,No,None,No,0
0100-DUVFC,70,Yes,Yes,Yes,28,Yes,None,Yes,3
0103-CSITQ,57,Yes,Yes,Yes,73,Yes,Offer B,Yes,10
0104-PPXDV,58,Yes,Yes,No,18,Yes,None,Yes,10
0106-GHRQR,16,Yes,Yes,Yes,48,Yes,None,No,0
0106-UGRDO,69,Yes,Yes,Yes,27,Yes,Offer A,Yes,3
0107-WESLM,1,No,Yes,No,0,No,Offer E,No,0
0107-YHINA,1,Yes,Yes,Yes,25,Yes,None,No,0
0111-KLBQG,32,Yes,Yes,No,23,Yes,Offer C,Yes,9
0112-QAWRZ,16,Yes,Yes,Yes,12,Yes,Offer D,Yes,8
0112-QWPNC,49,Yes,Yes,Yes,10,Yes,Offer B,Yes,1
0114-IGABW,71,Yes,No,No,29,Yes,Offer A,Yes,2
0114-PEGZZ,33,Yes,Yes,Yes,12,Yes,None,No,0
0114-RSRRW,10,No,Yes,No,0,No,Offer D,Yes,9
0115-TFERT,21,Yes,Yes,Yes,59,No,None,Yes,1
0117-LFRMW,37,Yes,No,No,23,Yes,None,Yes,1
0118-JPNOY,26,Yes,Yes,No,7,Yes,None,No,0
0121-SNYRK,50,Yes,No,No,7,Yes,Offer B,No,0
0122-OAHPZ,7,Yes,Yes,Yes,26,Yes,None,No,0
0123-CRBRT,61,Yes,Yes,Yes,28,Yes,Offer B,Yes,1
0125-LZQXK,15,Yes,Yes,No,12,Yes,Offer D,No,0
0128-MKWSG,26,Yes,No,No,19,Yes,None,No,0
0129-KPTWJ,72,Yes,Yes,No,23,Yes,None,Yes,9
0129-QMPDR,44,No,Yes,No,0,No,None,Yes,1
0130-SXOUN,66,Yes,Yes,Yes,8,No,Offer A,No,0
0133-BMFZO,2,Yes,Yes,No,16,Yes,None,No,0
0134-XWXCE,44,Yes,Yes,No,17,Yes,None,No,0
0135-NMXAP,12,Yes,Yes,Yes,6,Yes,Offer D,No,0
0136-IFMYD,69,Yes,Yes,Yes,17,Yes,None,Yes,1
0137-OCGAB,1,Yes,Yes,Yes,69,Yes,Offer E,No,0
0137-UDEUO,3,No,Yes,No,0,No,Offer E,No,0
0139-IVFJG,2,Yes,Yes,No,53,Yes,None,Yes,10
0141-YEAYS,27,Yes,Yes,Yes,4,Yes,None,No,0
0142-GVYSN,26,No,Yes,No,0,No,Offer C,No,0
0147-ESWWR,39,Yes,Yes,Yes,21,Yes,None,Yes,9
0148-DCDOS,25,Yes,Yes,Yes,8,Yes,None,No,0
0151-ONTOV,1,Yes,Yes,No,23,Yes,Offer E,No,0
0156-FVPTA,22,Yes,Yes,No,21,Yes,Offer D,Yes,1
0164-APGRB,72,Yes,Yes,Yes,5,Yes,Offer A,No,0
0164-XAIRP,24,No,Yes,No,0,No,None,No,0
0168-XZKBB,19,Yes,Yes,Yes,16,Yes,None,Yes,8
0174-QRVVY,71,No,Yes,Yes,0,No,None,Yes,2
0177-PXBAT,33,Yes,Yes,Yes,20,Yes,None,Yes,7
0178-CIIKR,3,No,Yes,No,0,No,None,No,0
0178-SZBHO,47,Yes,Yes,Yes,13,Yes,None,Yes,7
0181-RITDD,62,Yes,Yes,No,20,Yes,None,Yes,2
0186-CAERR,71,Yes,Yes,Yes,48,Yes,None,No,0
0187-QSXOE,7,Yes,Yes,No,11,Yes,None,Yes,8
0187-WZNAB,27,Yes,Yes,No,28,Yes,Offer C,Yes,6
0188-GWFLE,2,No,Yes,No,0,No,None,No,0
0191-EQUUH,25,Yes,No,No,75,Yes,Offer C,No,0
0191-ZHSKZ,30,Yes,Yes,No,5,Yes,None,No,0
0193-ESZXP,58,Yes,Yes,No,19,Yes,None,Yes,1
0195-IESCP,10,Yes,Yes,Yes,82,No,Offer D,Yes,1
0196-JTUQI,9,Yes,Yes,Yes,28,Yes,None,No,0
0196-VULGZ,6,Yes,Yes,Yes,17,Yes,None,Yes,1
0197-PNKNK,69,Yes,Yes,Yes,16,No,None,Yes,7
0201-MIBOL,66,Yes,Yes,Yes,20,Yes,None,No,0
0201-OAMXR,70,Yes,Yes,Yes,52,Yes,Offer A,No,0
0203-HHYIJ,25,No,Yes,Yes,0,No,Offer C,No,0
0206-OYVOC,46,No,Yes,No,0,No,Offer B,Yes,1
0206-TBWLC,54,Yes,Yes,Yes,26,Yes,Offer B,Yes,7
0207-MDKNV,15,Yes,Yes,No,7,Yes,None,No,0
0208-BPQEJ,12,No,Yes,No,0,No,Offer D,No,0
0212-ISBBF,22,Yes,No,No,22,Yes,None,No,0
0214-JHPFW,70,Yes,No,No,85,Yes,None,Yes,9
0215-BQKGS,30,Yes,Yes,No,20,No,Offer C,No,0
0218-QNVAS,71,Yes,Yes,Yes,59,Yes,Offer A,Yes,1
0219-QAERP,30,No,Yes,No,0,No,None,Yes,2
0219-YTZUE,4,Yes,Yes,Yes,19,Yes,Offer E,Yes,5
0220-EBGCE,2,Yes,Yes,No,28,Yes,Offer E,No,0
0221-NAUXK,10,No,Yes,No,0,No,None,No,0
0221-WMXNQ,4,Yes,Yes,No,29,Yes,Offer E,No,0
0222-CNVPT,52,Yes,No,No,19,Yes,Offer B,No,0
0224-HJAPT,5,Yes,Yes,Yes,85,Yes,None,No,0
0224-NIJLP,8,No,Yes,No,0,No,Offer E,Yes,1
0224-RLWWD,2,Yes,Yes,No,22,Yes,Offer E,No,0
0225-ZORZP,3,Yes,Yes,No,26,Yes,Offer E,No,0
0228-MAUWC,19,Yes,Yes,Yes,18,Yes,Offer D,No,0
0229-LFJAF,72,Yes,Yes,Yes,13,Yes,Offer A,No,0
0230-UBYPQ,63,Yes,No,No,7,Yes,Offer B,Yes,2
0230-WEQUW,66,Yes,No,No,29,Yes,None,Yes,1
0231-LXVAP,1,Yes,Yes,No,27,Yes,None,No,0
0233-FTHAV,60,Yes,Yes,Yes,48,Yes,None,No,0
0234-TEVTT,48,Yes,No,No,22,Yes,None,Yes,3
0235-KGSLC,1,Yes,Yes,No,4,Yes,Offer E,No,0
0236-HFWSV,15,Yes,Yes,Yes,15,Yes,None,No,0
0237-YFUTL,50,Yes,Yes,Yes,13,Yes,Offer B,Yes,4
0238-WHBIQ,72,Yes,Yes,Yes,30,Yes,Offer A,Yes,10
0239-OXEXL,46,Yes,Yes,Yes,21,No,None,No,0
0244-LGNFY,72,Yes,Yes,Yes,19,Yes,None,Yes,4
0247-SLUJI,1,No,Yes,No,0,No,None,Yes,2
0248-IPDFW,1,Yes,Yes,Yes,51,Yes,None,No,0
0248-PGHBZ,67,Yes,Yes,No,21,Yes,Offer A,No,0
0253-ZTEOB,48,Yes,Yes,Yes,27,Yes,None,Yes,5
0254-FNMCI,72,Yes,Yes,No,73,Yes,None,No,0
0254-KCJGT,52,Yes,Yes,Yes,24,Yes,Offer B,Yes,6
0254-WWRKD,67,Yes,Yes,No,28,Yes,Offer A,Yes,1
0256-LTHVJ,28,Yes,Yes,No,13,Yes,Offer C,Yes,1
0257-KXZGU,32,Yes,Yes,Yes,51,Yes,Offer C,Yes,9
0257-ZESQC,27,Yes,Yes,No,25,Yes,None,Yes,2
0258-NOKBL,3,Yes,Yes,No,73,Yes,None,No,0
0259-GBZSH,2,Yes,Yes,Yes,27,Yes,Offer E,No,0
0260-ZDLGK,9,Yes,Yes,No,11,Yes,None,No,0
0263-FJTQO,50,Yes,Yes,Yes,28,Yes,Offer B,Yes,10
0264-CNITK,71,No,Yes,No,0,No,None,Yes,1
0265-EDXBD,32,Yes,Yes,Yes,10,Yes,Offer C,Yes,2
0265-PSUAE,16,Yes,Yes,No,76,Yes,Offer D,Yes,10
0266-CLZKZ,67,Yes,Yes,Yes,22,Yes,Offer A,Yes,8
0266-GMEAO,72,Yes,Yes,Yes,13,Yes,None,Yes,1
0268-QKIWO,3,No,Yes,No,0,No,Offer E,No,0
0269-XFESX,23,No,Yes,Yes,0,No,None,Yes,1
0270-THENM,72,Yes,Yes,Yes,18,Yes,None,Yes,1
0274-JKUJR,7,Yes,No,No,47,Yes,Offer E,Yes,9
0277-BKSQP,8,Yes,Yes,No,57,Yes,Offer E,Yes,10
0277-ORXQS,66,Yes,No,No,23,No,Offer A,Yes,9
0278-YXOOG,5,No,Yes,No,0,No,Offer E,No,0
0280-XJGEX,49,Yes,Yes,Yes,11,Yes,None,No,0
0281-CNTZX,63,No,Yes,No,0,No,Offer B,Yes,2
0282-NVSJS,12,Yes,No,No,14,Yes,Offer D,Yes,1
0285-INHLN,27,Yes,Yes,No,53,Yes,None,Yes,5
0289-IVARM,35,Yes,Yes,No,20,Yes,None,No,0
0292-WEGCH,54,Yes,Yes,Yes,12,Yes,Offer B,Yes,7
0295-PPHDO,1,Yes,Yes,Yes,2,Yes,None,No,0
0295-QVKPB,5,Yes,Yes,No,5,Yes,Offer E,No,0
0297-RBCSG,19,Yes,Yes,No,6,No,None,No,0
0298-XACET,52,Yes,No,No,17,Yes,None,Yes,1
0301-FIDRB,72,Yes,No,No,22,Yes,None,Yes,8
0301-KOBTQ,32,No,Yes,No,0,No,None,No,0
0302-JOIVN,8,Yes,Yes,No,6,Yes,None,Yes,1
0303-UNCIP,41,Yes,Yes,Yes,30,No,Offer B,No,0
0303-WMMRN,5,No,Yes,No,0,No,None,No,0
0305-SQECB,11,Yes,No,No,17,No,None,No,0
0306-JAELE,5,Yes,Yes,No,11,Yes,None,No,0
0307-BCOPK,16,No,Yes,No,0,No,Offer D,No,0
0308-GIQJT,71,Yes,Yes,Yes,9,Yes,None,No,0
0308-IVGOK,11,Yes,No,No,59,Yes,None,No,0
0310-MVLET,61,Yes,Yes,Yes,7,Yes,None,Yes,1
0310-SUCIN,71,Yes,Yes,No,6,Yes,None,Yes,2
0310-VQXAM,9,No,Yes,No,0,No,None,No,0
0311-QYWSS,6,Yes,Yes,No,8,Yes,None,No,0
0311-UNPFF,26,Yes,Yes,No,22,No,None,No,0
0314-TKOSI,6,Yes,Yes,No,30,No,Offer E,No,0
0315-LVCRK,11,Yes,Yes,No,15,Yes,None,No,0
0318-QUUOB,1,Yes,Yes,No,73,No,None,Yes,1
0318-ZOPWS,49,No,Yes,No,0,No,None,Yes,10
0319-QZTCO,3,Yes,Yes,No,51,Yes,Offer E,Yes,9
0320-DWVTU,53,Yes,Yes,No,13,Yes,Offer B,No,0
0320-JDNQG,23,Yes,Yes,No,27,Yes,None,Yes,1
0322-CHQRU,2,Yes,Yes,No,9,Yes,None,No,0
0322-YINQP,1,Yes,Yes,No,9,Yes,None,No,0
0323-XWWTN,3,No,Yes,Yes,0,No,None,No,0
0324-BRPCJ,68,Yes,Yes,Yes,24,Yes,None,Yes,1
0325-XBFAC,8,Yes,Yes,No,10,No,None,No,0
0326-VDYXE,70,Yes,Yes,Yes,26,No,Offer A,Yes,9
0327-WFZSY,39,Yes,Yes,Yes,75,Yes,Offer C,Yes,9
0328-GRPMV,1,Yes,Yes,No,25,Yes,None,No,0
0329-GTIAJ,3,Yes,Yes,No,7,Yes,None,No,0
0330-BGYZE,60,Yes,Yes,Yes,4,Yes,Offer B,Yes,8
0330-IVZHA,5,Yes,Yes,No,10,Yes,Offer E,Yes,1
0334-GDDSO,3,Yes,Yes,Yes,14,Yes,Offer E,No,0
0334-ZFJSR,55,Yes,Yes,Yes,13,No,None,No,0
0336-KXKFK,72,Yes,No,No,6,Yes,None,No,0
0336-PIKEI,72,Yes,Yes,No,9,No,Offer A,Yes,7
0337-CNPZE,41,Yes,Yes,Yes,22,No,None,No,0
0343-QLUZP,60,Yes,No,No,25,Yes,Offer B,No,0
0345-HKJVM,6,Yes,Yes,No,22,Yes,None,No,0
0345-XMMUG,46,Yes,Yes,Yes,48,Yes,None,Yes,6
0347-UBKUZ,15,No,Yes,No,0,No,None,No,0
0348-SDKOL,58,Yes,Yes,Yes,28,No,None,Yes,1
0354-VXMJC,23,No,Yes,No,0,No,None,Yes,10
0354-WYROK,31,Yes,Yes,No,21,Yes,Offer C,Yes,1
0356-ERHVT,11,Yes,Yes,No,6,Yes,Offer D,Yes,1
0356-OBMAC,56,Yes,Yes,Yes,16,Yes,None,No,0
0357-NVCRI,25,No,Yes,No,0,No,Offer C,No,0
0361-HJRDX,68,Yes,No,No,28,No,Offer A,No,0
0362-RAOQO,40,No,Yes,No,0,No,None,No,0
0362-ZBZWJ,36,Yes,Yes,Yes,22,Yes,None,No,0
0363-QJVFX,32,Yes,Yes,Yes,73,Yes,Offer C,No,0
0363-SVHYR,71,Yes,Yes,Yes,59,Yes,Offer A,Yes,10
0365-BZUWY,17,Yes,Yes,Yes,2,Yes,Offer D,Yes,2
0365-GXEZS,18,Yes,Yes,No,19,Yes,Offer D,Yes,6
0365-TRTPY,37,Yes,Yes,Yes,30,No,None,No,0
0366-NQSHS,2,No,Yes,No,0,No,None,No,0
0369-ZGOVK,28,Yes,Yes,No,24,Yes,Offer C,Yes,6
0373-AIVNJ,9,Yes,No,No,19,Yes,Offer E,No,0
0374-AACSZ,1,Yes,Yes,No,24,No,Offer E,No,0
0374-FIUCA,65,No,Yes,No,0,No,None,Yes,1
0374-IOEGQ,3,Yes,Yes,No,27,Yes,None,No,0
0375-HVGXO,1,Yes,No,No,8,Yes,Offer E,No,0
0376-OIWME,36,Yes,Yes,No,41,Yes,Offer C,Yes,3
0376-YMCJC,23,Yes,Yes,Yes,69,Yes,None,No,0
0377-JBKKT,22,Yes,Yes,No,82,Yes,Offer D,Yes,9
0378-CJKPV,72,Yes,Yes,Yes,18,Yes,None,Yes,1
0378-NHQXU,17,Yes,Yes,Yes,9,Yes,None,Yes,7
0378-TOVMS,3,Yes,Yes,No,73,Yes,None,No,0
0378-XSZPU,58,Yes,Yes,No,21,Yes,Offer B,Yes,1
0379-DJQHR,67,Yes,Yes,No,18,Yes,None,Yes,1
0380-NEAVX,34,Yes,Yes,No,12,Yes,None,No,0
0380-ZCSBI,10,No,Yes,No,0,No,None,No,0
0383-CLDDA,69,Yes,Yes,Yes,28,Yes,Offer A,No,0
0384-LPITE,40,Yes,No,No,19,Yes,None,No,0
0384-RVBPI,20,Yes,Yes,No,29,Yes,Offer D,No,0
0386-CWRGM,46,No,Yes,No,0,No,None,Yes,9
0388-EOPEX,2,Yes,Yes,No,41,Yes,None,Yes,1
0390-DCFDQ,1,Yes,Yes,No,30,Yes,Offer E,Yes,1
0392-BZIUW,72,Yes,Yes,Yes,7,Yes,None,Yes,7
0394-YONDK,70,No,Yes,Yes,0,No,None,No,0
0396-HUJBP,2,No,Yes,No,0,No,None,No,0
0396-UKGAI,23,Yes,Yes,No,47,Yes,Offer D,No,0
0396-YCHWO,36,Yes,Yes,Yes,12,Yes,Offer C,Yes,4
0397-GZBBC,59,Yes,Yes,Yes,15,Yes,None,No,0
0397-ZXWQF,67,No,Yes,No,0,No,Offer A,No,0
0401-WDBXM,72,Yes,Yes,Yes,59,No,None,Yes,4
0402-CQAJN,37,Yes,Yes,Yes,59,Yes,None,No,0
0402-OAMEN,72,No,Yes,Yes,0,No,Offer A,Yes,4
0404-AHASP,72,No,Yes,No,0,No,Offer A,Yes,10
0404-SWRVG,3,Yes,Yes,Yes,71,Yes,Offer E,No,0
0406-BPDVR,54,Yes,Yes,Yes,8,Yes,Offer B,No,0
0407-BDJKB,60,Yes,Yes,Yes,16,Yes,None,Yes,1
0409-WTMPL,58,Yes,Yes,Yes,18,Yes,Offer B,Yes,8
0410-IPFTY,31,Yes,Yes,No,9,Yes,Offer C,Yes,1
0411-EZJZE,3,Yes,Yes,Yes,29,No,None,No,0
0412-UCCNP,55,Yes,Yes,No,48,Yes,None,No,0
0415-MOSGF,1,Yes,Yes,No,30,Yes,Offer E,No,0
0419-YAAPX,49,Yes,Yes,No,23,Yes,Offer B,Yes,1
0420-BWTPW,8,Yes,No,No,16,Yes,None,No,0
0420-HLGXF,39,Yes,Yes,Yes,13,Yes,None,No,0
0420-TXVSG,66,Yes,Yes,Yes,15,Yes,Offer A,Yes,9
0422-OHQHQ,15,No,Yes,No,0,No,None,Yes,7
0422-UXFAP,51,Yes,Yes,Yes,23,No,Offer B,Yes,1
0423-UDIJQ,9,Yes,Yes,No,12,Yes,None,No,0
0426-TIRNE,1,No,Yes,No,0,No,Offer E,No,0
0428-AXXLJ,25,No,Yes,No,0,No,Offer C,No,0
0428-IKYCP,22,Yes,Yes,No,18,Yes,None,Yes,9
0430-IHCDJ,15,Yes,Yes,Yes,28,Yes,None,No,0
0431-APWVY,28,Yes,Yes,No,13,Yes,None,Yes,1
0432-CAJZV,3,Yes,Yes,No,10,Yes,None,No,0
0434-CSFON,47,Yes,Yes,Yes,14,Yes,Offer B,Yes,3
0436-TWFFZ,67,Yes,Yes,Yes,41,Yes,Offer A,No,0
0439-IFYUN,18,Yes,Yes,No,18,No,Offer D,No,0
0440-EKDCF,62,Yes,Yes,No,15,Yes,Offer B,Yes,1
0440-MOGPM,41,Yes,Yes,Yes,12,Yes,None,No,0
0440-QEXBZ,44,Yes,Yes,Yes,22,Yes,Offer B,No,0
0440-UEDAI,53,Yes,Yes,No,6,Yes,None,No,0
0442-TDYUO,48,No,Yes,No,0,No,None,Yes,4
0442-ZXKVS,54,Yes,Yes,Yes,12,Yes,Offer B,Yes,2
0447-BEMNG,48,Yes,No,No,58,No,None,Yes,3
0447-RXSGD,24,Yes,Yes,Yes,6,Yes,Offer C,No,0
0454-OKRCT,33,Yes,Yes,No,27,Yes,Offer C,No,0
0455-ENTCR,66,Yes,Yes,Yes,21,Yes,None,Yes,1
0455-XFASS,3,Yes,Yes,No,19,Yes,None,Yes,3
0458-HEUZG,13,Yes,No,No,13,No,Offer D,No,0
0459-SPZHJ,63,Yes,Yes,Yes,69,Yes,None,Yes,1
0461-CVKMU,23,Yes,Yes,No,28,Yes,None,No,0
0463-TXOAK,52,No,Yes,Yes,0,No,None,No,0
0463-WZZKO,3,No,Yes,No,0,No,Offer E,No,0
0463-ZSDNT,10,Yes,Yes,No,73,No,None,No,0
0464-WJTKO,72,No,Yes,No,0,No,None,Yes,10
0468-YRPXN,29,Yes,Yes,No,19,Yes,Offer C,No,0
0471-ARVMX,62,Yes,Yes,Yes,18,Yes,Offer B,Yes,8
0471-LVHGK,41,Yes,Yes,Yes,29,Yes,None,Yes,1
0475-RIJEP,43,Yes,Yes,Yes,25,Yes,Offer B,No,0
0479-HMSWA,26,Yes,Yes,No,19,Yes,Offer C,No,0
0480-BIXDE,19,Yes,Yes,No,23,Yes,Offer D,Yes,9
0480-KYJVA,72,No,Yes,Yes,0,No,None,Yes,8
0481-SUMCB,45,Yes,Yes,Yes,15,Yes,Offer B,No,0
0484-FFVBJ,32,Yes,Yes,No,12,Yes,None,No,0
0484-JPBRU,41,No,Yes,Yes,0,No,None,No,0
0485-ZBSLN,65,No,Yes,Yes,0,No,None,Yes,4
0486-HECZI,55,Yes,Yes,Yes,27,Yes,None,No,0
0486-LGCCH,11,No,Yes,No,0,No,Offer D,Yes,2
0487-CRLZF,49,Yes,Yes,No,13,Yes,Offer B,No,0
0487-RPVUM,61,Yes,Yes,Yes,28,Yes,None,Yes,1
0487-VVUVK,25,No,Yes,No,0,No,None,Yes,5
0488-GSLFR,1,Yes,Yes,No,27,Yes,None,No,0
0489-WMEMG,23,Yes,Yes,No,53,Yes,Offer D,No,0
0491-KAPQG,21,Yes,Yes,Yes,42,Yes,Offer D,No,0
0495-RVCBF,1,Yes,Yes,No,26,Yes,None,No,0
0495-ZBNGW,5,Yes,Yes,Yes,14,No,None,Yes,1
0496-AHOOK,24,Yes,Yes,No,30,Yes,Offer C,Yes,10
0504-HHAPI,27,Yes,Yes,Yes,11,Yes,None,No,0
0505-SPOOW,70,No,Yes,No,0,No,Offer A,Yes,7
0506-LVNGN,5,Yes,Yes,No,9,Yes,None,No,0
0506-YLVKJ,46,No,Yes,No,0,No,None,Yes,1
0508-OOLTO,2,Yes,Yes,No,10,Yes,None,Yes,5
0508-SQWPL,57,No,Yes,No,0,No,Offer B,Yes,9
0511-JTEOY,1,Yes,Yes,No,9,Yes,Offer E,No,0
0512-FLFDW,60,Yes,Yes,Yes,26,Yes,None,Yes,3
0513-RBGPE,37,Yes,Yes,Yes,9,Yes,None,Yes,6
0515-YPMCW,1,Yes,Yes,No,8,No,None,No,0
0516-OOHAR,28,Yes,Yes,No,13,Yes,None,Yes,8
0516-QREYC,24,No,Yes,No,0,No,None,No,0
0516-UXRMT,62,Yes,Yes,Yes,47,Yes,None,No,0
0516-VRYBW,18,No,Yes,No,0,No,Offer D,No,0
0516-WJVXC,5,Yes,Yes,No,69,Yes,None,No,0
0519-DRGTI,20,No,Yes,No,0,No,None,Yes,9
0519-XUZJU,1,Yes,Yes,No,8,Yes,None,No,0
0520-FDVVT,35,Yes,Yes,No,48,Yes,None,No,0
0523-VNGTF,52,Yes,No,No,23,Yes,None,No,0
0524-IAVZO,30,Yes,Yes,Yes,41,Yes,Offer C,Yes,1
0526-SXDJP,72,Yes,No,No,17,Yes,Offer A,Yes,7
0529-ONKER,15,Yes,Yes,Yes,19,Yes,Offer D,No,0
0530-IJVDB,70,Yes,Yes,Yes,17,Yes,Offer A,No,0
0531-XBKMM,66,Yes,Yes,Yes,17,Yes,None,No,0
0531-ZZJWQ,55,Yes,Yes,Yes,27,Yes,None,Yes,6
0533-BNWKF,55,Yes,Yes,Yes,27,No,Offer B,Yes,2
0533-UCAAU,57,Yes,Yes,Yes,10,Yes,None,Yes,2
0536-ACXIP,72,Yes,Yes,Yes,2,Yes,None,Yes,9
0536-BGFMZ,28,No,Yes,No,0,No,None,Yes,3
0536-ESJEP,54,Yes,Yes,No,25,Yes,None,Yes,8
0537-QYZZN,24,Yes,Yes,Yes,28,Yes,Offer C,Yes,6
0541-FITGH,2,Yes,Yes,No,24,Yes,Offer E,Yes,6
0547-HURJB,12,No,Yes,No,0,No,Offer D,No,0
0549-CYCQN,51,Yes,Yes,Yes,11,Yes,None,No,0
0550-DCXLH,13,Yes,Yes,No,21,Yes,None,No,0
0556-FJEGU,58,Yes,Yes,No,69,Yes,Offer B,No,0
0557-ASKVU,18,Yes,Yes,No,7,Yes,Offer D,Yes,2
0559-CKHUS,29,No,Yes,No,0,No,Offer C,Yes,6
0562-FGDCR,72,Yes,Yes,Yes,30,Yes,None,Yes,9
0562-HKHML,71,No,Yes,Yes,0,No,Offer A,Yes,9
0562-KBDVM,70,Yes,No,No,11,Yes,Offer A,No,0
0564-JJHGS,9,Yes,Yes,Yes,10,Yes,None,No,0
0564-MUUQK,20,Yes,Yes,Yes,48,Yes,None,Yes,5
0565-IYCGT,69,Yes,Yes,Yes,9,Yes,Offer A,No,0
0565-JUPYD,63,Yes,Yes,Yes,85,Yes,None,No,0
0567-GGCAC,7,Yes,Yes,No,14,Yes,None,No,0
0567-XRHCU,69,Yes,No,No,59,Yes,None,Yes,7
0568-ONFPC,5,No,Yes,Yes,0,No,Offer E,Yes,1
0570-BFQHT,9,Yes,Yes,No,13,Yes,None,No,0
0572-ZJKLT,46,Yes,Yes,Yes,18,Yes,Offer B,Yes,10
0575-CUQOV,60,Yes,Yes,No,21,Yes,Offer B,Yes,10
0576-WNXXC,27,Yes,Yes,Yes,7,Yes,None,Yes,1
0577-WHMEV,16,Yes,Yes,Yes,52,Yes,Offer D,Yes,2
0578-SKVMF,22,Yes,Yes,No,53,Yes,None,Yes,4
0580-PIQHM,41,Yes,Yes,Yes,82,Yes,Offer B,Yes,7
0581-BXBUB,4,Yes,Yes,No,8,Yes,None,No,0
0581-MDMPW,24,Yes,Yes,Yes,9,Yes,Offer C,No,0
0582-AVCLN,38,No,Yes,No,0,No,None,No,0
0584-BJQGZ,25,Yes,Yes,Yes,85,Yes,None,No,0
0585-EGDDA,40,Yes,Yes,No,27,Yes,Offer B,Yes,8
0587-DMGBH,8,Yes,Yes,No,25,No,None,No,0
0594-UFTUL,13,No,Yes,No,0,No,Offer D,Yes,1
0595-ITUDF,64,Yes,Yes,Yes,27,Yes,None,No,0
0596-BQCEQ,62,Yes,Yes,No,13,Yes,None,Yes,1
0599-XNYDO,20,Yes,Yes,No,28,Yes,None,No,0
0601-WZHJF,14,Yes,No,No,12,Yes,Offer D,Yes,1
0602-DDUML,57,Yes,Yes,No,48,Yes,None,No,0
0603-OLQDC,12,Yes,Yes,No,29,Yes,Offer D,No,0
0603-TPMIB,59,No,Yes,Yes,0,No,Offer B,No,0
0604-THJFP,59,Yes,Yes,No,22,Yes,Offer B,Yes,4
0607-DAAHE,53,No,Yes,No,0,No,Offer B,No,0
0607-MVMGC,45,Yes,Yes,Yes,13,Yes,None,Yes,3
0608-JDVEC,50,No,Yes,No,0,No,Offer B,Yes,5
0611-DFXKO,20,Yes,Yes,No,5,Yes,Offer D,Yes,1
0612-RTZZA,1,Yes,No,No,15,Yes,Offer E,No,0
0613-WUXUM,70,No,Yes,No,0,No,None,Yes,1
0616-ATFGB,1,Yes,No,No,18,Yes,Offer E,Yes,1
0617-AQNWT,64,Yes,No,No,27,Yes,None,Yes,5
0617-FHSGK,49,Yes,Yes,Yes,24,No,None,No,0
0618-XWMSS,28,Yes,Yes,No,5,Yes,Offer C,No,0
0619-OLYUR,72,Yes,Yes,Yes,27,Yes,None,Yes,1
0620-DLSLK,13,Yes,Yes,No,19,Yes,None,No,0
0620-XEFWH,4,No,Yes,No,0,No,Offer E,Yes,1
0621-CXBKL,53,No,Yes,No,0,No,Offer B,No,0
0621-HJWXJ,63,Yes,Yes,Yes,24,Yes,Offer B,Yes,1
0621-JFHOL,10,Yes,No,No,29,Yes,Offer D,No,0
0621-TSSMU,56,No,Yes,No,0,No,None,No,0
0621-TWIEM,10,Yes,Yes,No,69,Yes,Offer D,No,0
0623-EJQEG,65,Yes,Yes,Yes,16,No,Offer B,No,0
0623-GDISB,1,Yes,Yes,No,21,Yes,None,No,0
0623-IIHUG,21,Yes,No,No,8,Yes,None,No,0
0625-AFOHS,29,No,Yes,No,0,No,Offer C,Yes,5
0626-QXNGV,72,No,Yes,Yes,0,No,None,Yes,7
0628-CNQRM,22,Yes,Yes,No,17,Yes,None,Yes,1
0634-SZPQA,23,Yes,Yes,Yes,4,Yes,None,No,0
0635-WKOLD,40,Yes,Yes,Yes,22,Yes,Offer B,No,0
0637-KVDLV,2,Yes,Yes,Yes,30,Yes,Offer E,No,0
0637-UBJRP,13,Yes,Yes,No,21,Yes,Offer D,Yes,5
0637-YLETY,16,Yes,Yes,Yes,30,Yes,Offer D,No,0
0639-TSIQW,67,Yes,Yes,Yes,30,Yes,Offer A,No,0
0640-YJTPY,72,No,Yes,No,0,No,Offer A,Yes,3
0641-EVBOJ,3,Yes,Yes,No,16,No,None,No,0
0643-OKLRP,47,Yes,Yes,Yes,7,No,None,Yes,1
0644-OQMDK,4,Yes,Yes,No,12,Yes,Offer E,No,0
0650-BWOZN,18,Yes,Yes,No,24,Yes,None,No,0
0654-HMSHN,21,Yes,Yes,Yes,3,Yes,Offer D,Yes,1
0654-PQKDW,62,Yes,Yes,No,20,Yes,None,Yes,5
0655-RBDUG,7,Yes,Yes,Yes,29,Yes,Offer E,No,0
0655-YDGFJ,29,Yes,Yes,No,25,Yes,Offer C,No,0
0657-DOGUM,48,Yes,Yes,Yes,13,No,Offer B,Yes,1
0661-KBKPA,53,Yes,Yes,Yes,56,Yes,None,Yes,7
0661-KQHNK,6,No,Yes,No,0,No,None,No,0
0661-WCQNQ,22,Yes,Yes,No,7,No,Offer D,Yes,8
0661-XEYAN,1,Yes,No,No,26,No,None,No,0
0665-XHDJU,72,Yes,Yes,Yes,48,Yes,None,Yes,7
0666-UXTJO,34,Yes,Yes,No,29,Yes,Offer C,Yes,4
0667-NSRGI,48,Yes,Yes,Yes,15,Yes,None,Yes,3
0668-OGMHD,21,Yes,No,No,59,Yes,Offer D,Yes,8
0670-ANMUU,71,Yes,Yes,Yes,5,Yes,None,No,0
0670-KDOMA,1,No,Yes,No,0,No,Offer E,No,0
0673-IGUQO,1,No,Yes,No,0,No,None,No,0
0674-DGMAQ,32,Yes,Yes,Yes,3,Yes,Offer C,Yes,9
0674-EYYZV,1,Yes,Yes,No,4,Yes,None,No,0
0674-GCDXG,63,Yes,Yes,Yes,85,Yes,Offer B,No,0
0675-NCDYU,72,Yes,Yes,Yes,20,Yes,Offer A,Yes,1
0678-RLHVP,53,Yes,Yes,Yes,19,Yes,Offer B,No,0
0679-IDSTG,1,Yes,Yes,No,8,Yes,None,Yes,1
0679-TDGAK,50,Yes,Yes,No,47,No,None,Yes,1
0680-DFNNY,15,Yes,Yes,Yes,29,Yes,None,Yes,1
0682-USIXD,21,Yes,Yes,No,25,Yes,None,Yes,7
0684-AOSIH,1,Yes,Yes,No,5,Yes,None,Yes,1
0685-MLYYM,2,Yes,Yes,No,21,Yes,Offer E,No,0
0687-ZVTHB,65,Yes,Yes,Yes,51,Yes,Offer B,Yes,1
0689-DSXGL,52,Yes,Yes,No,24,Yes,Offer B,Yes,3
0689-NKYLF,13,Yes,Yes,No,18,Yes,Offer D,No,0
0690-SRQID,4,No,Yes,No,0,No,Offer E,No,0
0691-IFBQW,46,Yes,Yes,Yes,20,Yes,None,No,0
0691-JVSYA,53,Yes,Yes,No,73,Yes,None,Yes,5
0691-NIKRI,40,Yes,Yes,Yes,14,Yes,Offer B,No,0
0696-UKTOX,23,Yes,Yes,No,27,No,None,No,0
0697-ZMSWS,4,Yes,Yes,Yes,53,Yes,None,No,0
0699-NDKJM,57,Yes,No,No,22,Yes,Offer B,Yes,1
0701-RFGFI,49,Yes,Yes,Yes,53,Yes,Offer B,Yes,6
0701-TJSEF,9,Yes,Yes,No,24,Yes,Offer E,No,0
0702-PGIBZ,4,Yes,Yes,Yes,85,Yes,Offer E,No,0
0704-VCUMB,61,No,Yes,No,0,No,None,Yes,1
0707-HOVVN,70,Yes,Yes,Yes,3,Yes,Offer A,No,0
0708-LGSMF,13,Yes,Yes,Yes,4,Yes,Offer D,Yes,1
0708-SJDIS,34,Yes,Yes,Yes,27,Yes,Offer C,No,0
0709-TVGUR,9,Yes,Yes,Yes,27,Yes,None,No,0
0716-BQNDX,57,Yes,Yes,Yes,11,Yes,None,No,0
0719-SYFRB,12,Yes,Yes,Yes,30,Yes,Offer D,No,0
0722-SVSFK,7,Yes,Yes,No,25,Yes,None,No,0
0722-TROQR,4,Yes,Yes,Yes,29,Yes,None,No,0
0723-DRCLG,1,Yes,Yes,Yes,11,No,None,Yes,1
0723-FDLAY,44,Yes,Yes,Yes,21,No,Offer B,No,0
0723-VSOBE,45,Yes,No,No,4,No,Offer B,No,0
0725-CXOTM,36,Yes,Yes,Yes,59,Yes,None,No,0
0727-BMPLR,55,Yes,Yes,Yes,7,No,None,No,0
0727-BNRLG,69,Yes,Yes,Yes,30,Yes,Offer A,No,0
0727-IWKVK,9,Yes,Yes,No,27,Yes,Offer E,No,0
0730-BGQGF,71,Yes,Yes,Yes,57,No,Offer A,Yes,1
0730-KOAVE,30,Yes,Yes,Yes,28,Yes,Offer C,No,0
0731-EBJQB,52,No,Yes,No,0,No,Offer B,Yes,3
0732-OCQOC,52,No,Yes,Yes,0,No,Offer B,Yes,10
0733-VUNUW,24,Yes,Yes,Yes,5,No,None,No,0
0734-OXWBT,3,Yes,Yes,No,17,Yes,Offer E,No,0
0739-UUAJR,72,Yes,No,No,14,Yes,Offer A,Yes,10
0742-LAFQK,72,Yes,Yes,Yes,8,Yes,None,Yes,1
0742-MOABM,4,Yes,Yes,No,22,Yes,None,Yes,2
0742-NXBGR,1,Yes,Yes,No,28,Yes,Offer E,No,0
0743-HNPFG,51,Yes,Yes,No,14,Yes,None,Yes,2
0743-HRVFF,51,Yes,No,No,76,Yes,None,Yes,4
0744-BIKKF,72,Yes,Yes,Yes,17,Yes,Offer A,No,0
0744-GKNGE,64,Yes,Yes,Yes,12,Yes,Offer B,No,0
0746-JTRFU,2,Yes,No,No,73,Yes,Offer E,No,0
0748-RDGGM,70,Yes,Yes,No,26,Yes,None,Yes,1
0749-IRGQE,13,Yes,No,No,9,Yes,None,Yes,5
0750-EBAIU,52,Yes,Yes,No,12,Yes,Offer B,No,0
0750-EKNGL,7,No,Yes,No,0,No,Offer E,No,0
0754-EEBDC,4,No,Yes,No,0,No,Offer E,Yes,1
0754-UKWQP,2,Yes,Yes,No,18,Yes,None,No,0
0756-MPZRL,46,Yes,No,No,18,Yes,Offer B,No,0
0757-WCUUZ,54,Yes,Yes,Yes,59,Yes,Offer B,Yes,1
0761-AETCS,1,No,Yes,No,0,No,Offer E,No,0
0769-MURVM,72,Yes,No,No,23,Yes,Offer A,Yes,5
0771-CHWSK,66,Yes,Yes,Yes,11,Yes,Offer A,No,0
0771-WLCLA,16,Yes,Yes,Yes,12,Yes,Offer D,Yes,8
0772-GYEQQ,3,Yes,Yes,No,10,Yes,Offer E,No,0
0774-IFUVM,11,Yes,Yes,Yes,59,Yes,None,Yes,7
0774-RMNUW,71,Yes,No,No,19,Yes,Offer A,Yes,6
0778-NELLA,9,Yes,No,No,9,Yes,None,No,0
0780-XNZFN,57,No,Yes,No,0,No,None,No,0
0781-LKXBR,9,Yes,Yes,Yes,15,Yes,None,No,0
0784-GTUUK,62,No,Yes,Yes,0,No,None,Yes,6
0784-ZQJZX,72,No,Yes,No,0,No,None,No,0
0786-IVLAW,66,Yes,Yes,Yes,28,Yes,None,No,0
0786-VSSUD,16,Yes,No,No,24,Yes,None,No,0
0787-LHDYT,16,No,Yes,No,0,No,Offer D,No,0
0788-DXBFY,58,No,Yes,No,0,No,Offer B,Yes,3
0793-TWELN,4,Yes,Yes,Yes,73,Yes,Offer E,No,0
0794-YVSGE,72,No,Yes,No,0,No,Offer A,Yes,9
0795-GMVQO,67,Yes,Yes,Yes,24,Yes,None,Yes,1
0795-LAFGP,71,Yes,Yes,Yes,52,Yes,None,Yes,1
0795-XCCTE,72,No,Yes,Yes,0,No,Offer A,No,0
0799-DDIHE,15,Yes,Yes,No,27,Yes,Offer D,Yes,7
0804-XBFBV,11,Yes,No,No,19,Yes,None,No,0
0804-YGEQV,43,No,Yes,Yes,0,No,Offer B,Yes,9
0807-ZABDG,3,Yes,Yes,No,16,Yes,Offer E,No,0
0810-BDHAW,24,Yes,Yes,Yes,12,No,None,Yes,4
0810-DHDBD,52,Yes,Yes,Yes,21,Yes,None,No,0
0811-GSDTP,13,Yes,No,No,19,No,None,No,0
0812-WUPTB,1,Yes,Yes,No,13,Yes,Offer E,Yes,1
0813-TAXXS,55,Yes,Yes,Yes,23,Yes,None,No,0
0815-MFZGM,42,Yes,Yes,No,17,Yes,None,Yes,9
0816-TSPHQ,2,No,Yes,No,0,No,None,No,0
0817-HSUSE,1,Yes,Yes,No,52,Yes,None,No,0
0818-OCPZO,27,Yes,Yes,Yes,5,Yes,None,No,0
0820-FNRNX,17,Yes,Yes,Yes,53,Yes,Offer D,Yes,1
0822-GAVAP,2,Yes,No,No,76,Yes,Offer E,No,0
0822-QGCXA,27,Yes,Yes,Yes,21,Yes,Offer C,Yes,5
0823-HSCDJ,52,Yes,No,No,18,No,None,No,0
0824-VWDPO,45,Yes,Yes,Yes,30,Yes,None,No,0
0825-CPPQH,71,No,Yes,No,0,No,None,Yes,2
0827-ITJPH,36,No,Yes,No,0,No,Offer C,No,0
0829-DDVLK,15,No,Yes,No,0,No,None,No,0
0829-XXPLX,20,Yes,Yes,No,21,Yes,None,No,0
0831-JNISG,71,No,Yes,No,0,No,Offer A,Yes,9
0835-DUUIQ,24,No,Yes,No,0,No,None,No,0
0835-JKADZ,71,Yes,Yes,Yes,53,Yes,None,No,0
0836-SEYLU,9,Yes,No,No,26,Yes,Offer E,Yes,2
0839-JTCUD,66,Yes,Yes,Yes,3,Yes,None,Yes,9
0839-QNXME,30,No,Yes,No,0,No,None,No,0
0840-DCNZE,47,Yes,Yes,No,25,Yes,Offer B,No,0
0840-DFEZH,7,Yes,Yes,Yes,17,Yes,None,No,0
0841-NULXI,1,Yes,No,No,26,Yes,None,No,0
0842-IWYCP,46,Yes,Yes,No,51,Yes,None,No,0
0843-WTBXE,53,Yes,Yes,Yes,29,Yes,None,No,0
0847-HGRML,62,No,Yes,No,0,No,None,No,0
0848-SOMKO,70,Yes,No,No,26,Yes,None,No,0
0848-ZGQIJ,16,Yes,Yes,No,2,Yes,Offer D,Yes,3
0851-DFJKB,15,Yes,Yes,No,11,Yes,None,No,0
0853-NWIFK,45,Yes,Yes,No,47,Yes,None,No,0
0853-TWRVK,72,Yes,Yes,Yes,5,Yes,None,Yes,5
0854-UYHZD,13,No,Yes,No,0,No,None,Yes,1
0856-NAOES,6,Yes,Yes,No,71,Yes,Offer E,No,0
0859-YGKFW,18,No,Yes,No,0,No,Offer D,Yes,1
0862-PRCBS,68,Yes,Yes,Yes,53,Yes,None,Yes,6
0864-FVJNJ,64,Yes,Yes,Yes,19,No,Offer B,Yes,1
0866-QLSIR,34,Yes,Yes,Yes,4,Yes,Offer C,No,0
0867-LDTTC,5,Yes,Yes,No,4,Yes,None,No,0
0867-MKZVY,20,Yes,Yes,Yes,51,Yes,None,Yes,5
0868-VJRDR,64,Yes,Yes,No,8,Yes,None,Yes,1
0869-PAPRP,26,Yes,Yes,No,4,Yes,None,Yes,4
0870-VEMYL,5,Yes,Yes,No,22,No,Offer E,No,0
0871-OPBXW,2,No,Yes,No,0,No,Offer E,No,0
0871-URUWO,13,Yes,Yes,Yes,28,Yes,None,Yes,1
0872-CASZJ,59,Yes,Yes,Yes,53,Yes,Offer B,Yes,1
0872-JCPIB,17,Yes,Yes,Yes,5,Yes,Offer D,No,0
0872-NXJYS,9,Yes,Yes,No,23,Yes,None,No,0
0875-CABNR,10,Yes,Yes,No,30,Yes,None,No,0
0876-WDUUZ,5,Yes,Yes,No,17,Yes,Offer E,No,0
0877-SDMBN,54,Yes,Yes,Yes,82,Yes,None,No,0
0880-FVFWF,56,Yes,Yes,Yes,13,Yes,Offer B,No,0
0880-TKATG,4,Yes,Yes,Yes,48,Yes,Offer E,Yes,3
0883-EIBTI,2,No,Yes,No,0,No,None,No,0
0885-HMGPY,62,Yes,Yes,Yes,12,Yes,Offer B,No,0
0886-QGENL,27,Yes,Yes,No,13,Yes,None,Yes,1
0887-HJGAR,1,Yes,Yes,No,13,Yes,Offer E,No,0
0887-WBJVH,53,Yes,Yes,No,82,Yes,Offer B,Yes,1
0895-DQHEW,54,Yes,Yes,Yes,23,Yes,None,Yes,1
0895-LMRSF,23,Yes,Yes,No,23,No,None,No,0
0895-LNKRC,6,No,Yes,No,0,No,Offer E,Yes,10
0895-UADGO,8,Yes,No,No,4,Yes,None,No,0
0897-FEGMU,11,Yes,Yes,Yes,26,Yes,Offer D,Yes,1
0898-XCGTF,61,Yes,Yes,Yes,2,Yes,None,Yes,1
0899-LIIBW,34,Yes,Yes,Yes,41,Yes,None,Yes,8
0899-WZRSD,56,Yes,Yes,Yes,24,Yes,None,No,0
0902-RFHOF,38,No,Yes,No,0,No,None,No,0
0902-XKXPN,69,No,Yes,No,0,No,None,Yes,2
0906-QVPMS,72,Yes,Yes,Yes,58,Yes,Offer A,Yes,4
0907-HQNTS,70,Yes,Yes,Yes,14,Yes,Offer A,Yes,8
0909-SDHNU,7,Yes,No,No,19,Yes,None,No,0
0909-SELIE,61,Yes,Yes,Yes,20,Yes,None,Yes,1
0913-XWSCN,55,Yes,Yes,Yes,52,Yes,Offer B,Yes,1
0916-KNFAJ,61,Yes,Yes,Yes,4,Yes,Offer B,Yes,1
0916-QOFDP,14,Yes,Yes,Yes,30,Yes,None,Yes,5
0917-EZOLA,72,Yes,Yes,Yes,2,Yes,None,No,0
0921-OHLVP,22,Yes,Yes,Yes,16,Yes,Offer D,No,0
0923-PNFUB,3,Yes,Yes,No,4,Yes,Offer E,No,0
0924-BJCRC,60,Yes,Yes,Yes,19,No,Offer B,Yes,6
0925-VYDLG,3,Yes,Yes,Yes,25,Yes,None,No,0
0927-CNGRH,1,No,Yes,No,0,No,None,No,0
0927-LCSMG,7,Yes,Yes,No,71,No,Offer E,No,0
0928-JMXNP,4,Yes,No,No,5,Yes,Offer E,Yes,3
0928-XUTSN,13,Yes,Yes,No,27,Yes,None,No,0
0929-HYQEW,3,Yes,Yes,No,59,Yes,None,No,0
0929-PECLO,63,Yes,Yes,Yes,16,Yes,Offer B,No,0
0930-EHUZA,36,Yes,Yes,No,8,Yes,None,No,0
0931-MHTEM,54,Yes,Yes,No,20,Yes,None,No,0
0932-YIXYU,47,No,Yes,No,0,No,None,No,0
0936-NQLJU,41,No,Yes,No,0,No,Offer B,Yes,9
0939-EREMR,13,Yes,Yes,No,27,No,Offer D,No,0
0939-YAPAF,35,Yes,Yes,Yes,17,Yes,Offer C,No,0
0940-OUQEC,10,Yes,Yes,Yes,3,No,Offer D,No,0
0942-KOWSM,30,Yes,Yes,No,53,Yes,Offer C,Yes,4
0943-ZQPXH,44,Yes,Yes,No,25,Yes,None,Yes,2
0945-TSONX,47,Yes,Yes,Yes,52,No,Offer B,Yes,6
0946-CLJTI,58,Yes,Yes,Yes,5,Yes,Offer B,Yes,1
0946-FKYTX,52,Yes,No,No,14,Yes,Offer B,No,0
0947-IDHRQ,7,Yes,Yes,No,42,No,None,No,0
0947-MUGVO,20,Yes,Yes,No,24,Yes,None,Yes,1
0952-KMEEH,13,Yes,Yes,Yes,15,No,None,No,0
0953-LGOVU,12,Yes,No,No,73,Yes,Offer D,Yes,7
0956-ACVZC,54,Yes,Yes,No,42,No,None,No,0
0956-SYCWG,13,No,Yes,No,0,No,Offer D,No,0
0958-YHXGP,7,Yes,Yes,No,42,Yes,None,No,0
0959-WHOKV,42,Yes,Yes,Yes,48,Yes,Offer B,No,0
0960-HUWBM,65,Yes,Yes,Yes,57,Yes,Offer B,No,0
0961-ZWLVI,49,Yes,Yes,Yes,58,Yes,None,No,0
0962-CQPWQ,62,No,Yes,No,0,No,None,Yes,1
0963-ZBDRN,32,Yes,Yes,No,26,Yes,None,No,0
0967-BMLBD,11,No,Yes,No,0,No,Offer D,Yes,8
0968-GSIKN,1,Yes,Yes,No,27,Yes,Offer E,No,0
0969-RGKCU,37,No,Yes,No,0,No,None,Yes,1
0970-ETWGE,1,Yes,Yes,No,27,Yes,Offer E,No,0
0970-QXPXW,1,No,Yes,No,0,No,None,No,0
0971-QIFJK,69,No,Yes,Yes,0,No,Offer A,Yes,10
0973-KYVNF,72,Yes,Yes,No,22,Yes,None,Yes,6
0975-UYDTX,26,Yes,Yes,Yes,19,Yes,Offer C,Yes,1
0975-VOOVL,3,Yes,No,No,22,Yes,None,No,0
0979-MOZQI,62,Yes,No,No,4,Yes,None,Yes,6
0979-PHULV,69,Yes,Yes,Yes,26,Yes,Offer A,Yes,2
0980-FEXWF,26,Yes,Yes,No,19,Yes,Offer C,Yes,4
0980-PVMRC,40,Yes,No,No,52,Yes,None,No,0
0983-TATYJ,33,Yes,Yes,No,9,Yes,None,Yes,7
0988-AADSA,72,Yes,Yes,Yes,15,No,Offer A,Yes,5
0988-JRWWP,3,Yes,Yes,No,5,Yes,None,No,0
0991-BRRFB,18,Yes,Yes,No,3,Yes,None,No,0
0993-OSGPT,68,Yes,Yes,No,20,Yes,None,Yes,2
0997-YTLNY,19,Yes,Yes,No,26,Yes,Offer D,No,0
0999-QXNSA,7,Yes,Yes,No,17,Yes,None,No,0
1000-AJSLD,1,No,Yes,No,0,No,None,No,0
1004-NOZNR,56,Yes,Yes,No,28,Yes,Offer B,No,0
1009-IRMNA,7,No,Yes,No,0,No,Offer E,No,0
1010-DIAUQ,5,Yes,Yes,No,8,Yes,Offer E,No,0
1013-QCWAM,66,Yes,Yes,Yes,20,Yes,Offer A,No,0
1015-JPFYW,7,No,Yes,No,0,No,None,No,0
1015-OWJKI,1,No,Yes,No,0,No,None,No,0
1016-DJTSV,8,Yes,Yes,No,5,Yes,Offer E,No,0
1017-FBQMM,62,Yes,Yes,Yes,23,Yes,Offer B,Yes,8
1020-JPQOW,56,Yes,Yes,Yes,20,No,None,Yes,1
1022-RKXDR,41,No,Yes,Yes,0,No,None,No,0
1023-BQXZE,57,Yes,Yes,No,42,Yes,None,No,0
1024-GUALD,1,Yes,No,No,29,Yes,Offer E,Yes,4
1024-KPRBB,38,Yes,Yes,No,18,No,Offer C,No,0
1024-VRZHF,11,Yes,Yes,Yes,30,Yes,Offer D,Yes,1
1025-FALIX,26,Yes,Yes,No,30,Yes,None,No,0
1027-LKKQQ,72,Yes,Yes,No,56,Yes,None,Yes,3
1028-FFNJK,30,Yes,Yes,Yes,24,Yes,Offer C,Yes,1
1029-QFBEN,1,No,Yes,No,0,No,None,No,0
1031-IIDEO,1,Yes,Yes,No,23,Yes,Offer E,No,0
1032-MAELW,68,Yes,Yes,Yes,29,Yes,None,Yes,8
1035-IPQPU,63,Yes,Yes,Yes,2,Yes,None,Yes,2
1036-GUDCL,60,Yes,Yes,No,76,Yes,None,Yes,1
1038-RQOST,19,No,Yes,No,0,No,Offer D,Yes,6
1038-ZAGBI,12,No,Yes,No,0,No,None,Yes,1
1041-RXHRA,41,Yes,Yes,No,41,Yes,None,No,0
1042-HFUCW,25,Yes,Yes,No,27,Yes,Offer C,No,0
1043-UXOVO,71,Yes,Yes,Yes,76,Yes,Offer A,No,0
1043-YCUTE,56,No,Yes,Yes,0,No,Offer B,Yes,1
1045-LTCYT,8,No,Yes,No,0,No,None,Yes,5
1047-NNCBF,20,Yes,Yes,No,26,No,None,No,0
1047-RNXZV,43,No,Yes,No,0,No,None,No,0
1049-FYSYG,17,Yes,No,No,23,Yes,Offer D,Yes,5
1051-EQPZR,44,No,Yes,No,0,No,None,Yes,1
1051-GEJLJ,2,No,Yes,No,0,No,None,No,0
1052-QJIBV,71,No,Yes,No,0,No,Offer A,Yes,1
1053-MXTTK,72,Yes,Yes,No,29,Yes,None,Yes,1
1057-FOGLZ,18,No,Yes,No,0,No,Offer D,No,0
1060-ENTOF,67,Yes,Yes,Yes,25,Yes,None,Yes,3
1061-PNTHC,56,Yes,Yes,Yes,11,Yes,Offer B,Yes,5
1062-LHZOD,1,Yes,Yes,No,28,Yes,None,No,0
1063-DHQJF,69,Yes,Yes,No,56,Yes,Offer A,Yes,2
1064-FBXNK,1,No,Yes,No,0,No,None,Yes,5
1066-JKSGK,1,No,Yes,No,0,No,None,No,0
1069-QJOEE,25,No,Yes,No,0,No,None,No,0
1069-XAIEM,1,Yes,Yes,Yes,7,Yes,None,No,0
1073-XXCZD,55,No,Yes,Yes,0,No,None,Yes,1
1074-AMIOH,53,Yes,Yes,No,29,Yes,None,Yes,1
1074-WVEVG,59,No,Yes,No,0,No,None,Yes,6
1075-BGWOH,16,Yes,Yes,Yes,7,Yes,None,Yes,1
1077-HUUJM,7,Yes,Yes,No,13,No,Offer E,No,0
1078-TDCRN,3,Yes,No,No,3,Yes,None,Yes,7
1080-BWSYE,64,No,Yes,Yes,0,No,None,No,0
1084-MNSMJ,51,Yes,Yes,No,13,Yes,Offer B,Yes,10
1084-UQCHV,1,Yes,Yes,No,18,Yes,Offer E,No,0
1085-LDWAM,69,No,Yes,No,0,No,None,Yes,5
1086-LXKFY,1,Yes,Yes,No,19,Yes,Offer E,Yes,1
1087-GRUYI,38,No,Yes,No,0,No,Offer C,Yes,8
1087-UDSIH,3,No,Yes,No,0,No,Offer E,No,0
1088-AUUZZ,56,Yes,Yes,Yes,26,Yes,Offer B,Yes,6
1088-CNNKB,63,Yes,Yes,Yes,18,Yes,None,Yes,9
1089-HDMKP,11,Yes,Yes,No,23,Yes,None,No,0
1089-XZWHH,24,No,Yes,No,0,No,None,Yes,5
1090-ESELR,72,Yes,Yes,No,19,Yes,Offer A,Yes,8
1090-PYKCI,69,Yes,Yes,Yes,48,No,Offer A,Yes,1
1091-SOZGA,56,Yes,Yes,Yes,71,Yes,None,Yes,1
1092-GANHU,17,Yes,Yes,No,7,Yes,None,No,0
1092-WPIVQ,18,No,Yes,Yes,0,No,Offer D,Yes,2
1093-YSWCA,11,No,Yes,No,0,No,Offer D,No,0
1094-BKOSX,45,Yes,No,No,19,Yes,None,Yes,10
1095-JUDTC,47,Yes,Yes,Yes,11,Yes,None,No,0
1095-WGNGG,61,Yes,Yes,Yes,21,Yes,None,Yes,2
1096-ADRUX,66,Yes,Yes,Yes,17,Yes,None,Yes,1
1097-FSPVW,42,Yes,Yes,No,8,Yes,Offer B,No,0
1098-KFQEC,55,No,Yes,No,0,No,None,Yes,8
1098-TDVUQ,1,No,Yes,No,0,No,Offer E,No,0
1099-BTKWT,68,Yes,No,No,11,Yes,Offer A,Yes,8
1099-GODLO,1,No,Yes,No,0,No,None,Yes,9
1100-DDVRV,17,Yes,No,No,52,Yes,None,Yes,1
1101-SSWAG,15,Yes,Yes,Yes,5,Yes,None,Yes,1
1104-FEJAM,28,Yes,Yes,Yes,19,Yes,None,Yes,2
1104-TNLZA,28,Yes,Yes,Yes,15,Yes,Offer C,Yes,8
1106-HRLKZ,40,No,Yes,No,0,No,Offer B,Yes,9
1110-KYLGQ,63,Yes,Yes,Yes,16,Yes,None,No,0
1112-CUNAO,15,Yes,Yes,Yes,6,Yes,Offer D,No,0
1113-IUJYX,14,Yes,Yes,No,23,Yes,None,Yes,3
1114-CENIM,54,Yes,Yes,Yes,16,Yes,None,No,0
1116-DXXDF,39,Yes,Yes,No,19,Yes,None,No,0
1116-FRYVH,48,Yes,No,No,52,No,None,Yes,5
1120-BMWUB,16,Yes,Yes,No,8,No,Offer D,No,0
1121-QSIVB,44,Yes,Yes,Yes,26,Yes,Offer B,No,0
1122-JWTJW,1,Yes,Yes,No,26,Yes,None,Yes,1
1122-YJBCS,69,Yes,Yes,No,16,Yes,Offer A,Yes,7
1125-SNVCK,49,Yes,Yes,No,3,Yes,None,No,0
1131-ALZWV,24,No,Yes,Yes,0,No,Offer C,No,0
1131-QQZEB,71,No,Yes,Yes,0,No,Offer A,Yes,7
1131-SUEKT,61,Yes,Yes,No,21,Yes,Offer B,Yes,4
1133-KXCGE,18,No,Yes,No,0,No,Offer D,No,0
1134-YWTYF,27,Yes,Yes,No,15,Yes,Offer C,Yes,1
1135-HIORI,64,Yes,Yes,Yes,53,Yes,Offer B,Yes,3
1135-LMECX,1,No,Yes,No,0,No,None,No,0
1136-XGEQU,50,Yes,Yes,Yes,11,Yes,Offer B,Yes,9
1137-DGOWI,30,Yes,Yes,No,13,Yes,None,Yes,7
1139-WUOAH,57,Yes,No,No,28,No,None,No,0
1140-UKVZG,17,No,Yes,Yes,0,No,Offer D,No,0
1142-IHLOO,51,Yes,Yes,No,7,Yes,Offer B,No,0
1142-WACZW,2,Yes,No,No,11,Yes,None,No,0
1143-NMNQJ,2,Yes,Yes,Yes,6,Yes,None,No,0
1150-FTQGN,60,Yes,Yes,Yes,76,Yes,Offer B,Yes,1
1150-WFARN,67,Yes,Yes,Yes,28,Yes,None,Yes,1
1153-GNOLC,33,Yes,No,No,30,Yes,None,No,0
1154-HYWWO,38,Yes,Yes,No,22,Yes,Offer C,No,0
1156-ZFYDO,1,No,Yes,No,0,No,None,No,0
1157-BQCUW,1,Yes,Yes,Yes,26,Yes,Offer E,No,0
1159-WFSGR,16,No,Yes,No,0,No,Offer D,Yes,3
1162-ECVII,72,Yes,Yes,Yes,14,No,Offer A,Yes,1
1163-ONYEY,41,Yes,Yes,Yes,20,Yes,Offer B,Yes,4
1163-VIPRI,65,Yes,Yes,Yes,47,Yes,Offer B,Yes,4
1166-PQLGG,72,No,Yes,No,0,No,None,Yes,6
1167-OYZJF,67,No,Yes,No,0,No,None,Yes,7
1169-SAOCL,49,Yes,Yes,Yes,25,No,None,No,0
1169-WCVAK,19,Yes,Yes,Yes,20,Yes,Offer D,Yes,1
1170-SASML,69,Yes,Yes,Yes,29,Yes,Offer A,Yes,6
1171-TYKUR,47,No,Yes,Yes,0,No,None,Yes,1
1172-VIYBP,53,Yes,Yes,Yes,57,Yes,None,Yes,9
1173-NOEYG,27,Yes,Yes,Yes,59,Yes,None,Yes,1
1173-XZPYF,11,Yes,Yes,Yes,29,Yes,Offer D,No,0
1174-FGIFN,28,Yes,Yes,Yes,19,Yes,Offer C,Yes,7
1177-XZBJL,53,Yes,Yes,Yes,15,Yes,Offer B,Yes,1
1178-PZGAB,19,No,Yes,No,0,No,None,No,0
1179-INLAT,3,No,Yes,No,0,No,None,No,0
1183-CANVH,23,Yes,Yes,No,18,Yes,Offer D,Yes,5
1184-PJVDB,10,Yes,Yes,No,4,Yes,None,Yes,1
1187-WILMM,63,Yes,Yes,Yes,29,Yes,None,Yes,6
1193-RTSLK,38,Yes,Yes,No,48,Yes,None,No,0
1194-BHJYC,61,Yes,No,No,59,Yes,Offer B,Yes,1
1194-HVAIF,27,Yes,Yes,Yes,26,Yes,Offer C,Yes,1
1194-SPVSP,1,No,Yes,No,0,No,None,No,0
1195-OIYEJ,13,Yes,Yes,No,26,No,Offer D,No,0
1196-AMORA,7,Yes,Yes,Yes,28,Yes,None,No,0
1197-BVMVG,4,Yes,Yes,Yes,7,Yes,None,No,0
1200-TUZHR,8,Yes,Yes,Yes,29,Yes,Offer E,No,0
1202-KKGFU,12,Yes,Yes,No,51,Yes,Offer D,Yes,4
1205-WNWPJ,7,Yes,Yes,No,22,Yes,Offer E,No,0
1206-EHBDD,56,Yes,Yes,No,15,Yes,Offer B,Yes,9
1207-BLKSA,52,No,Yes,Yes,0,No,None,Yes,1
1208-DNHLN,23,Yes,Yes,Yes,12,Yes,None,Yes,1
1208-NBVFH,20,Yes,Yes,No,10,Yes,None,Yes,5
1209-VFFOC,68,Yes,No,No,19,Yes,Offer A,Yes,10
1212-GLHMD,3,Yes,Yes,No,29,Yes,Offer E,No,0
1213-NGCUN,6,Yes,Yes,No,22,Yes,Offer E,No,0
1215-EXRMO,50,No,Yes,No,0,No,None,Yes,4
1215-FIGMP,60,Yes,Yes,Yes,52,Yes,Offer B,No,0
1215-VFYVK,4,Yes,No,No,30,No,Offer E,No,0
1216-BGTSP,45,Yes,Yes,Yes,73,Yes,None,No,0
1216-JWVUX,25,Yes,Yes,No,58,Yes,None,Yes,4
1217-VASWC,43,Yes,Yes,No,8,Yes,Offer B,Yes,10
1218-VKFPE,12,No,Yes,No,0,No,Offer D,Yes,1
1219-NNDDO,9,Yes,Yes,Yes,8,Yes,Offer E,No,0
1221-GHZEP,62,Yes,Yes,No,18,Yes,None,No,0
1222-KJNZD,40,No,Yes,No,0,No,Offer B,Yes,2
1222-LRYKO,6,No,Yes,Yes,0,No,Offer E,No,0
1223-UNPKS,20,No,Yes,No,0,No,None,Yes,4
1226-IENZN,16,Yes,Yes,No,17,Yes,Offer D,No,0
1226-JZNKR,8,No,Yes,No,0,No,Offer E,Yes,1
1226-UDFZR,2,Yes,Yes,No,26,Yes,Offer E,No,0
1227-UDMZR,72,Yes,Yes,Yes,26,Yes,None,Yes,4
1228-FZFRV,50,Yes,Yes,Yes,13,Yes,None,No,0
1228-ZLNBX,21,Yes,Yes,Yes,51,Yes,None,No,0
1229-RCALF,64,Yes,Yes,Yes,29,Yes,None,Yes,1
1230-QAJDW,3,Yes,Yes,Yes,27,Yes,None,No,0
1231-YNDEK,58,No,Yes,No,0,No,None,No,0
1236-WFCDV,14,Yes,Yes,No,24,Yes,None,No,0
1237-WIYYZ,18,No,Yes,No,0,No,Offer D,No,0
1240-HCBOH,67,No,Yes,Yes,0,No,None,No,0
1240-KNSEZ,1,No,Yes,No,0,No,Offer E,No,0
1241-EZFMJ,61,No,Yes,Yes,0,No,Offer B,Yes,2
1241-FPMOF,52,No,Yes,No,0,No,None,No,0
1245-HARPS,14,No,Yes,No,0,No,None,No,0
1247-QBVSH,43,Yes,Yes,No,19,Yes,Offer B,Yes,1
1248-DYXUB,52,No,Yes,Yes,0,No,Offer B,Yes,1
1251-KRREG,2,Yes,Yes,Yes,73,Yes,None,No,0
1251-STYSZ,4,Yes,Yes,Yes,4,No,None,No,0
1254-IZEYF,31,Yes,Yes,Yes,4,Yes,None,No,0
1257-SXUXQ,5,No,Yes,No,0,No,None,Yes,10
1258-YMZNM,27,Yes,Yes,Yes,4,Yes,Offer C,No,0
1260-TTRXI,4,Yes,Yes,No,19,No,Offer E,No,0
1261-FWTTE,23,Yes,No,No,2,Yes,None,No,0
1262-OPMFY,9,Yes,Yes,No,25,Yes,Offer E,Yes,1
1264-BYWMS,55,Yes,Yes,Yes,29,Yes,Offer B,No,0
1264-FUHCX,49,Yes,No,No,21,Yes,Offer B,Yes,1
1265-BCFEO,71,Yes,Yes,Yes,27,Yes,Offer A,Yes,1
1265-HVPZB,59,Yes,Yes,No,4,Yes,None,Yes,3
1265-XTECC,68,Yes,Yes,Yes,19,Yes,None,Yes,5
1265-ZFOSD,64,Yes,Yes,Yes,4,Yes,None,Yes,6
1266-NZYUI,72,Yes,Yes,Yes,20,Yes,Offer A,Yes,6
1268-ASBGA,16,Yes,Yes,Yes,27,Yes,Offer D,Yes,1
1269-FOYWN,44,No,Yes,No,0,No,None,Yes,2
1270-XKUCC,30,No,Yes,No,0,No,None,Yes,1
1271-SJBGZ,12,Yes,No,No,10,Yes,None,No,0
1271-UODNO,39,Yes,Yes,Yes,16,Yes,None,No,0
1272-ILHFG,15,No,Yes,No,0,No,Offer D,Yes,1
1273-MTETI,4,Yes,Yes,Yes,4,Yes,None,No,0
1282-IHQAC,70,Yes,No,No,13,Yes,Offer A,No,0
1285-OKIPP,1,Yes,Yes,No,21,Yes,None,No,0
1291-CUOCY,72,Yes,Yes,Yes,18,Yes,None,Yes,7
1293-BSEUN,72,No,Yes,No,0,No,None,Yes,9
1293-HHSHJ,35,No,Yes,No,0,No,Offer C,No,0
1297-VQDRP,68,Yes,Yes,Yes,12,No,Offer A,No,0
1298-PHBTI,71,Yes,Yes,Yes,75,Yes,None,Yes,9
1299-AURJA,70,No,Yes,Yes,0,No,None,Yes,8
1301-LOPVR,29,Yes,No,No,57,Yes,None,Yes,6
1302-TPUBN,66,No,Yes,No,0,No,None,No,0
1302-UHBDD,20,Yes,Yes,No,23,Yes,Offer D,No,0
1303-SRDOK,55,Yes,Yes,No,17,Yes,Offer B,Yes,3
1304-BCCFO,9,Yes,Yes,No,82,Yes,None,Yes,2
1304-NECVQ,2,Yes,Yes,Yes,14,Yes,Offer E,No,0
1304-SEGFY,72,Yes,Yes,Yes,24,Yes,Offer A,Yes,7
1306-RPWXZ,49,No,Yes,No,0,No,None,No,0
1307-ATKGB,24,Yes,Yes,No,59,Yes,None,No,0
1307-TVUFB,42,Yes,Yes,Yes,19,Yes,None,No,0
1309-BXVOQ,21,Yes,Yes,Yes,59,Yes,Offer D,Yes,1
1309-XGFSN,52,Yes,Yes,Yes,22,Yes,None,Yes,1
1310-QRITU,18,Yes,Yes,Yes,20,Yes,None,No,0
1319-YLZJG,12,Yes,Yes,No,7,Yes,Offer D,Yes,9
1320-GVNHT,72,Yes,Yes,Yes,30,No,None,Yes,4
1320-HTRDR,3,Yes,Yes,Yes,85,Yes,Offer E,No,0
1320-REHCS,52,Yes,Yes,Yes,25,Yes,None,No,0
1322-AGOQM,46,Yes,No,No,26,Yes,None,No,0
1323-OOEPC,53,Yes,Yes,Yes,24,Yes,None,Yes,1
1324-NLTJE,15,Yes,Yes,Yes,19,Yes,Offer D,No,0
1325-USMEC,70,Yes,Yes,Yes,13,Yes,Offer A,Yes,10
1328-EUZHC,18,No,Yes,No,0,No,None,Yes,4
1329-VHWNP,7,Yes,No,No,4,Yes,None,No,0
1333-PBMXB,54,No,Yes,Yes,0,No,None,Yes,1
1334-FJSVR,1,Yes,No,No,7,Yes,Offer E,No,0
1334-PDUKM,68,Yes,Yes,Yes,15,No,Offer A,Yes,5
1335-HQMKX,72,Yes,Yes,Yes,23,Yes,Offer A,Yes,6
1335-MXCSE,55,Yes,Yes,No,30,Yes,None,Yes,5
1335-NTIUC,9,Yes,No,No,7,Yes,None,No,0
1336-EZFZY,4,No,Yes,No,0,No,None,No,0
1337-BOZWO,18,Yes,No,No,59,Yes,None,Yes,2
1338-CECEE,41,Yes,Yes,Yes,51,Yes,None,Yes,4
1342-JPNKI,10,Yes,Yes,Yes,11,Yes,Offer D,No,0
1343-EHPYB,63,Yes,Yes,Yes,13,Yes,None,Yes,2
1345-GKDZZ,6,No,Yes,No,0,No,None,No,0
1345-ZUKID,14,No,Yes,No,0,No,Offer D,No,0
1346-PJWTK,61,Yes,Yes,No,2,Yes,None,Yes,1
1346-UFHAX,13,Yes,Yes,Yes,15,No,Offer D,No,0
1347-KTTTA,64,Yes,Yes,No,69,Yes,Offer B,Yes,10
1349-WXNGG,1,No,Yes,No,0,No,None,No,0
1352-HNSAW,72,Yes,Yes,Yes,59,No,None,Yes,9
1352-VHKAJ,27,Yes,Yes,Yes,59,No,None,Yes,1
1353-GHZOS,22,Yes,Yes,No,51,Yes,Offer D,Yes,10
1353-LJWEM,11,Yes,Yes,No,27,Yes,Offer D,No,0
1354-YZFNB,4,No,Yes,No,0,No,Offer E,No,0
1355-KUSBG,7,Yes,Yes,Yes,28,Yes,Offer E,Yes,1
1356-MKYSK,6,Yes,Yes,No,7,No,Offer E,No,0
1357-BIJKI,50,Yes,Yes,Yes,16,Yes,Offer B,Yes,10
1357-MVDOZ,11,Yes,Yes,No,47,Yes,Offer D,Yes,7
1360-JYXKQ,54,Yes,Yes,No,17,Yes,None,Yes,1
1360-RCYRT,23,Yes,No,No,19,Yes,Offer D,Yes,2
1360-XFJMR,67,Yes,Yes,Yes,23,Yes,None,Yes,6
1363-TXLSL,1,Yes,Yes,No,27,Yes,Offer E,No,0
1370-GGAWX,46,Yes,Yes,Yes,3,Yes,None,No,0
1371-DWPAZ,0,Yes,No,No,8,Yes,None,Yes,2
1371-OJCEK,48,No,Yes,Yes,0,No,None,No,0
1371-WEPDS,40,Yes,Yes,No,18,No,None,Yes,8
1373-ORVIZ,11,Yes,Yes,Yes,12,Yes,Offer D,Yes,1
1374-DMZUI,4,Yes,Yes,Yes,23,Yes,Offer E,No,0
1376-HHBDV,30,Yes,Yes,No,13,Yes,Offer C,No,0
1379-FRVEB,15,Yes,Yes,Yes,12,Yes,Offer D,No,0
1383-EZRWL,7,No,Yes,No,0,No,Offer E,No,0
1384-RCUXW,16,Yes,Yes,Yes,8,Yes,None,No,0
1385-TQOZW,9,No,Yes,No,0,No,Offer E,No,0
1386-ZIKUV,7,No,Yes,No,0,No,Offer E,No,0
1389-CXMLU,3,Yes,Yes,Yes,8,Yes,Offer E,No,0
1389-WNUIB,20,Yes,Yes,Yes,59,No,None,Yes,7
1391-UBDAR,11,Yes,Yes,No,76,Yes,Offer D,No,0
1393-IMKZG,1,Yes,Yes,No,14,Yes,None,No,0
1394-SUIUH,44,Yes,Yes,No,6,Yes,None,Yes,4
1395-OFUWC,43,Yes,No,No,53,Yes,Offer B,Yes,5
1395-WSWXR,24,No,Yes,No,0,No,None,No,0
1396-QWFBJ,21,Yes,Yes,No,26,Yes,None,Yes,1
1397-XKKWR,7,Yes,No,No,14,Yes,None,No,0
1399-OUPJN,57,No,Yes,No,0,No,None,Yes,3
1399-UBQIU,11,Yes,Yes,No,8,Yes,None,No,0
1400-MMYXY,3,Yes,Yes,Yes,2,Yes,None,Yes,1
1400-WIVLL,57,Yes,Yes,Yes,29,Yes,None,Yes,2
1401-FTHFQ,23,No,Yes,No,0,No,Offer D,Yes,2
1402-PTHGN,18,Yes,Yes,No,51,Yes,Offer D,Yes,7
1403-GYAFU,70,No,Yes,No,0,No,Offer A,Yes,5
1403-LKLIK,33,No,Yes,No,0,No,None,Yes,3
1406-PUQVY,1,Yes,Yes,No,76,Yes,Offer E,No,0
1407-DIGZV,3,No,Yes,No,0,No,None,Yes,9
1409-PHXTF,54,Yes,Yes,Yes,16,Yes,Offer B,Yes,5
1410-RSCMR,7,Yes,Yes,No,25,Yes,None,Yes,3
1414-YADCW,70,Yes,Yes,No,21,Yes,Offer A,Yes,3
1415-YFWLT,1,Yes,Yes,No,30,Yes,Offer E,No,0
1421-HCERK,30,Yes,Yes,Yes,22,Yes,None,Yes,6
1422-DGUBX,32,Yes,Yes,Yes,18,Yes,None,Yes,4
1423-BMPBQ,1,No,Yes,No,0,No,Offer E,Yes,1
1427-VERSM,56,Yes,Yes,No,18,Yes,Offer B,Yes,3
1428-GTBJJ,11,Yes,Yes,No,41,Yes,None,No,0
1428-IEDPR,52,Yes,Yes,Yes,30,No,None,No,0
1429-UYJSV,12,No,Yes,No,0,No,Offer D,No,0
1430-SFQSA,29,Yes,No,No,8,Yes,Offer C,No,0
1431-AIDJQ,33,Yes,Yes,No,30,Yes,Offer C,Yes,1
1431-CYWMH,22,No,Yes,No,0,No,Offer D,No,0
1432-FPAXX,29,Yes,No,No,7,Yes,None,No,0
1436-ZMJAN,10,Yes,Yes,No,7,Yes,Offer D,Yes,6
1439-LCGVL,26,No,Yes,No,0,No,Offer C,Yes,10
1442-BQPVU,13,Yes,No,No,28,Yes,None,No,0
1442-OKRJE,66,Yes,Yes,No,19,Yes,None,Yes,7
1444-VVSGW,70,Yes,Yes,Yes,20,No,Offer A,Yes,1
1447-GIQMR,1,Yes,Yes,No,30,Yes,None,Yes,1
1447-PJGGA,57,Yes,Yes,No,15,Yes,None,No,0
1448-CYWKC,58,Yes,Yes,Yes,30,Yes,None,Yes,2
1448-PWKYE,1,Yes,Yes,No,3,Yes,Offer E,Yes,1
1449-XQEMT,3,No,Yes,No,0,No,Offer E,No,0
1450-GALXR,10,Yes,Yes,Yes,30,No,None,No,0
1450-SKCVI,56,Yes,Yes,No,69,Yes,None,No,0
1452-KIOVK,22,Yes,Yes,Yes,53,Yes,Offer D,No,0
1452-UZOSF,72,Yes,Yes,Yes,24,Yes,Offer A,Yes,9
1452-VOQCH,1,Yes,Yes,Yes,28,Yes,None,No,0
1452-XRSJV,39,Yes,Yes,No,11,Yes,None,Yes,3
1453-RZFON,1,Yes,Yes,No,53,Yes,Offer E,No,0
1455-ESIQH,1,Yes,Yes,No,3,Yes,None,No,0
1455-HFBXA,52,Yes,Yes,Yes,3,No,Offer B,Yes,3
1455-UGQVH,10,Yes,Yes,Yes,18,Yes,Offer D,Yes,1
1456-TWCGB,4,Yes,Yes,No,5,Yes,None,No,0
1459-QNFQT,70,Yes,No,No,30,Yes,Offer A,Yes,7
1460-UZPRJ,60,No,Yes,No,0,No,None,Yes,7
1465-LNTLJ,8,Yes,Yes,No,12,Yes,Offer E,Yes,7
1465-VINDH,10,Yes,Yes,Yes,22,Yes,None,Yes,1
1465-WCZVT,3,No,Yes,No,0,No,None,Yes,1
1468-DEFNC,64,No,Yes,Yes,0,No,None,Yes,9
1469-LBJQJ,66,Yes,Yes,Yes,30,Yes,Offer A,Yes,6
1470-PSXNM,49,Yes,Yes,Yes,59,Yes,None,Yes,7
1471-GIQKQ,1,Yes,Yes,No,27,Yes,None,No,0
1472-TNCWL,36,Yes,Yes,No,18,Yes,None,No,0
1474-JUWSM,58,Yes,Yes,Yes,53,Yes,None,Yes,8
1475-VWVDO,7,Yes,Yes,No,12,Yes,Offer E,No,0
1478-VPOAD,1,Yes,Yes,No,3,Yes,Offer E,No,0
1480-BKXGA,72,Yes,Yes,Yes,13,No,Offer A,Yes,5
1480-IVEVR,35,Yes,Yes,Yes,28,Yes,None,Yes,2
1481-ZUWZA,28,Yes,Yes,Yes,26,Yes,None,No,0
1482-OXZSY,30,Yes,Yes,Yes,19,Yes,Offer C,No,0
1485-YDHMM,52,Yes,Yes,Yes,10,Yes,None,Yes,1
1488-PBLJN,72,Yes,Yes,Yes,14,Yes,Offer A,Yes,1
1488-SYSFC,31,No,Yes,No,0,No,None,Yes,10
1492-KGETH,70,Yes,Yes,Yes,59,Yes,Offer A,Yes,2
1492-QGCLU,53,Yes,Yes,Yes,12,Yes,None,Yes,5
1493-AMTIE,1,No,Yes,No,0,No,Offer E,No,0
1494-EJZDW,10,No,Yes,No,0,No,None,Yes,1
1496-GGSUK,1,Yes,No,No,9,Yes,None,No,0
1498-DQNRX,29,No,Yes,No,0,No,None,No,0
1498-NHTLT,59,Yes,Yes,No,73,No,Offer B,Yes,4
1501-SGHBW,2,Yes,Yes,No,16,Yes,None,No,0
1502-XFCVR,58,Yes,Yes,No,12,Yes,Offer B,No,0
1506-YJTYT,45,Yes,Yes,Yes,26,Yes,Offer B,Yes,9
1508-DFXCU,12,Yes,Yes,No,16,Yes,None,No,0
1513-XNPPH,12,Yes,Yes,No,9,Yes,Offer D,No,0
1518-OMDIK,33,Yes,Yes,No,51,Yes,Offer C,Yes,6
1518-VOWAV,9,Yes,Yes,No,16,Yes,Offer E,No,0
1522-VVDMG,7,Yes,Yes,No,52,Yes,None,Yes,1
1525-LNLOJ,66,Yes,Yes,Yes,19,Yes,None,Yes,5
1527-SXDPN,52,Yes,Yes,Yes,26,No,None,Yes,1
1530-ZTDOZ,49,Yes,No,No,11,Yes,None,Yes,6
1534-OULXE,61,Yes,Yes,No,11,Yes,Offer B,Yes,2
1535-VTJOQ,24,No,Yes,Yes,0,No,None,No,0
1536-HBSWP,1,Yes,Yes,No,4,Yes,None,No,0
1536-YHDOE,17,Yes,Yes,Yes,28,Yes,None,Yes,10
1539-LNKHM,12,No,Yes,No,0,No,Offer D,No,0
1541-ETJZO,1,Yes,Yes,Yes,12,No,Offer E,No,0
1543-LLLFT,61,Yes,Yes,Yes,8,Yes,None,Yes,2
1544-JJMYL,27,Yes,Yes,No,26,Yes,None,No,0
1545-ACTAS,48,Yes,Yes,No,29,Yes,Offer B,Yes,2
1545-JFUML,71,Yes,Yes,Yes,6,No,None,Yes,5
1548-ARAGG,4,Yes,Yes,Yes,52,Yes,None,Yes,9
1548-FEHVL,61,Yes,Yes,Yes,29,Yes,None,Yes,6
1550-EENBN,31,Yes,Yes,Yes,58,Yes,None,No,0
1550-LOAHA,32,Yes,Yes,No,13,Yes,None,Yes,1
1552-AAGRX,30,Yes,Yes,Yes,73,No,None,No,0
1552-CZCLL,55,No,Yes,No,0,No,Offer B,Yes,4
1552-TKMXS,42,No,Yes,No,0,No,Offer B,No,0
1555-DJEQW,70,Yes,Yes,Yes,48,Yes,Offer A,Yes,1
1555-HAPSU,71,No,Yes,Yes,0,No,Offer A,Yes,1
1557-EMYVT,43,Yes,Yes,Yes,26,Yes,Offer B,No,0
1559-DTODC,19,Yes,No,No,6,Yes,Offer D,No,0
1561-BWHIN,19,No,Yes,No,0,No,Offer D,Yes,1
1563-IWQEX,12,No,Yes,No,0,No,None,No,0
1564-HJUVY,4,Yes,Yes,No,11,Yes,None,No,0
1564-NTYXF,13,Yes,Yes,Yes,25,Yes,None,No,0
1565-RHDJD,4,Yes,Yes,Yes,69,Yes,None,No,0
1567-DSCIC,8,Yes,Yes,Yes,14,Yes,None,No,0
1568-BEKZM,70,Yes,Yes,Yes,17,Yes,None,Yes,7
1568-LJSZU,68,Yes,Yes,Yes,20,Yes,Offer A,Yes,4
1569-TTNYJ,5,Yes,Yes,Yes,7,No,None,Yes,1
1571-SAVHK,12,Yes,Yes,Yes,42,No,None,No,0
1573-LGXBA,57,Yes,Yes,No,73,Yes,None,Yes,1
1574-DYCWE,51,No,Yes,No,0,No,Offer B,Yes,10
1575-KRZZE,4,Yes,Yes,No,17,Yes,Offer E,No,0
1576-PFZIW,70,Yes,Yes,No,7,Yes,Offer A,Yes,2
1577-HKTFG,30,No,Yes,No,0,No,None,Yes,1
1579-KLYDT,7,Yes,Yes,Yes,27,Yes,Offer E,No,0
1580-BMCMR,19,Yes,Yes,No,16,Yes,None,No,0
1582-RAFML,1,Yes,Yes,Yes,85,Yes,Offer E,No,0
1583-IHQZE,12,Yes,Yes,Yes,23,Yes,None,No,0
1585-MQSSU,17,Yes,Yes,No,2,Yes,Offer D,No,0
1587-FKLZB,66,Yes,Yes,Yes,25,Yes,Offer A,Yes,1
1589-AGTLK,3,Yes,Yes,No,59,Yes,None,No,0
1591-MQJTP,51,Yes,Yes,Yes,10,Yes,Offer B,Yes,7
1591-NFNLQ,51,Yes,Yes,Yes,16,Yes,None,No,0
1591-XWLGB,71,No,Yes,No,0,No,None,Yes,10
1596-BBVTG,35,Yes,Yes,Yes,21,Yes,Offer C,No,0
1596-OQSPS,11,Yes,Yes,No,21,Yes,None,No,0
1597-FZREH,2,Yes,Yes,No,25,Yes,Offer E,No,0
1597-LHYNC,26,Yes,Yes,Yes,26,No,None,No,0
1599-EAHXY,60,No,Yes,Yes,0,No,None,Yes,1
1599-MMYRQ,62,Yes,Yes,No,41,Yes,None,Yes,1
1600-DILPE,12,Yes,Yes,No,13,Yes,None,No,0
1602-IJQQE,4,Yes,Yes,Yes,9,Yes,Offer E,No,0
1608-GMEWB,45,Yes,Yes,Yes,18,Yes,Offer B,No,0
1612-EOHDH,1,Yes,Yes,No,69,Yes,Offer E,No,0
1614-JBEBI,8,No,Yes,No,0,No,Offer E,No,0
1618-CFHME,2,Yes,Yes,Yes,52,Yes,None,No,0
1619-YWUBB,68,No,Yes,Yes,0,No,Offer A,Yes,2
1621-YNCJH,36,Yes,Yes,Yes,18,No,None,Yes,4
1622-HSHSF,1,No,Yes,No,0,No,None,No,0
1623-NLDOT,42,Yes,No,No,5,No,Offer B,Yes,1
1624-NALOJ,5,Yes,Yes,Yes,12,Yes,None,No,0
1624-WOIWJ,10,Yes,Yes,No,18,Yes,None,No,0
1625-JAIIY,68,Yes,Yes,Yes,5,Yes,None,Yes,1
1626-ERCMM,20,Yes,Yes,Yes,10,Yes,None,Yes,7
1627-AFWVJ,29,No,Yes,No,0,No,None,No,0
1628-BIZYP,1,Yes,Yes,No,2,Yes,None,No,0
1629-DQQVB,14,Yes,Yes,No,59,Yes,None,No,0
1635-FJFCC,5,Yes,Yes,No,29,Yes,None,No,0
1635-HDGFT,19,No,Yes,No,0,No,Offer D,No,0
1635-NZATJ,71,No,Yes,Yes,0,No,Offer A,Yes,3
1636-NTNCO,4,Yes,No,No,10,Yes,None,No,0
1640-PLFMP,1,Yes,Yes,No,51,No,None,No,0
1641-BYBTK,6,No,Yes,No,0,No,None,No,0
1641-RQDAY,32,Yes,Yes,Yes,19,Yes,Offer C,Yes,1
1642-HMARX,68,Yes,Yes,Yes,5,Yes,Offer A,Yes,10
1644-IRKSF,33,Yes,Yes,No,27,Yes,None,Yes,5
1656-DRSMG,63,Yes,Yes,Yes,20,Yes,Offer B,No,0
1657-DYMBM,53,No,Yes,No,0,No,Offer B,Yes,8
1658-BYGOY,18,Yes,Yes,Yes,52,Yes,Offer D,No,0
1658-TJVOA,6,Yes,Yes,No,20,Yes,None,No,0
1658-XUHBX,59,Yes,Yes,Yes,26,Yes,None,Yes,3
1660-HSOOQ,1,Yes,Yes,No,8,No,None,No,0
1661-CZBAU,48,Yes,Yes,Yes,18,Yes,Offer B,No,0
1663-MHLHE,1,No,Yes,No,0,No,None,No,0
1666-JXLKU,37,Yes,Yes,Yes,22,Yes,Offer C,No,0
1666-JZPZT,27,Yes,Yes,Yes,15,Yes,None,No,0
1670-SVOWZ,14,Yes,Yes,No,3,No,Offer D,Yes,1
1676-MQAOA,72,Yes,Yes,No,22,Yes,Offer A,No,0
1678-FYZOW,3,Yes,Yes,No,76,Yes,Offer E,No,0
1679-JRFBR,70,Yes,Yes,Yes,48,Yes,Offer A,Yes,4
1680-VDCWW,12,No,Yes,No,0,No,Offer D,Yes,10
1682-VCOIO,23,No,Yes,No,0,No,Offer D,No,0
1684-FLBGS,23,Yes,Yes,Yes,21,Yes,None,Yes,6
1685-BQULA,40,Yes,Yes,Yes,22,Yes,Offer B,No,0
1685-VAYJF,11,Yes,Yes,No,22,No,Offer D,No,0
1686-STUHN,42,No,Yes,No,0,No,None,No,0
1689-MRZQR,34,Yes,Yes,No,12,Yes,None,Yes,1
1689-YQBYY,12,Yes,Yes,Yes,23,Yes,Offer D,No,0
1696-HXOWK,71,Yes,Yes,Yes,10,Yes,Offer A,Yes,6
1696-MZVAU,39,Yes,No,No,48,Yes,None,Yes,8
1697-BCSHV,58,Yes,Yes,Yes,19,Yes,Offer B,Yes,2
1697-LYYYX,61,No,Yes,No,0,No,None,Yes,8
1697-NVVGY,19,Yes,Yes,No,26,Yes,None,Yes,1
1698-XFZCI,61,Yes,Yes,Yes,71,Yes,Offer B,No,0
1699-HPSBG,12,Yes,Yes,No,23,Yes,Offer D,No,0
1699-TLDLZ,16,No,Yes,No,0,No,Offer D,Yes,10
1699-UOTXU,60,Yes,Yes,No,26,Yes,Offer B,No,0
1702-CCFNJ,52,Yes,Yes,Yes,3,Yes,None,Yes,3
1703-MGIAB,17,Yes,Yes,Yes,14,Yes,None,No,0
1704-NRWYE,9,Yes,Yes,No,2,Yes,None,No,0
1705-GUHPV,63,No,Yes,Yes,0,No,Offer B,No,0
1707-HABPF,46,Yes,Yes,No,26,Yes,Offer B,No,0
1708-PBBOA,42,Yes,No,No,13,No,None,No,0
1709-EJDOX,47,No,Yes,No,0,No,Offer B,Yes,10
1710-RCXUS,51,Yes,Yes,Yes,30,Yes,None,No,0
1716-LSAMB,45,Yes,Yes,No,59,Yes,None,Yes,1
1722-LDZJS,53,No,Yes,No,0,No,None,Yes,1
1723-HKXJQ,42,Yes,Yes,Yes,16,Yes,None,No,0
1724-BQUHA,5,Yes,Yes,No,6,Yes,None,No,0
1724-IQWNM,1,No,Yes,No,0,No,Offer E,No,0
1725-IQNIY,54,Yes,Yes,No,9,Yes,None,Yes,1
1725-MIMXW,1,No,Yes,No,0,No,Offer E,No,0
1728-BQDMA,2,Yes,Yes,No,59,Yes,Offer E,No,0
1728-CXQBE,64,Yes,Yes,Yes,29,Yes,Offer B,Yes,9
1729-VLAZJ,10,Yes,No,No,57,No,Offer D,No,0
1730-VFMWO,34,Yes,Yes,No,7,Yes,None,Yes,6
1730-ZMAME,32,Yes,Yes,No,12,Yes,None,No,0
1731-TVIUK,4,Yes,Yes,Yes,4,Yes,Offer E,No,0
1732-FEKLD,54,Yes,Yes,Yes,30,No,Offer B,No,0
1732-VHUBQ,47,Yes,Yes,No,26,Yes,None,Yes,1
1734-ZMNTZ,11,No,Yes,Yes,0,No,None,Yes,1
1735-XMJVH,8,No,Yes,No,0,No,Offer E,No,0
1740-CSDJP,1,Yes,No,No,9,Yes,None,No,0
1741-WTPON,56,Yes,Yes,Yes,27,Yes,Offer B,Yes,8
1744-JHKYS,34,No,Yes,Yes,0,No,Offer C,Yes,5
1746-TGTWV,1,Yes,Yes,No,9,Yes,Offer E,Yes,1
1750-CSKKM,9,Yes,Yes,No,27,Yes,Offer E,No,0
1751-NCDLI,46,Yes,Yes,Yes,22,Yes,None,Yes,6
1752-OZXFY,60,Yes,Yes,No,16,Yes,Offer B,Yes,6
1754-GKYPY,22,Yes,Yes,No,14,Yes,None,Yes,8
1755-FZQEC,39,No,Yes,No,0,No,Offer C,No,0
1755-RMCXH,2,No,Yes,No,0,No,Offer E,Yes,5
1757-TCATG,35,No,Yes,No,0,No,Offer C,Yes,4
1760-CAZHT,25,No,Yes,No,0,No,None,No,0
1761-AEZZR,1,Yes,Yes,No,6,Yes,None,No,0
1763-KUAAW,18,No,Yes,No,0,No,Offer D,No,0
1763-WQFUK,3,Yes,Yes,No,25,Yes,None,No,0
1764-VUUMT,66,No,Yes,No,0,No,None,No,0
1766-GKNMI,29,Yes,Yes,Yes,21,Yes,None,No,0
1767-CJKBA,66,No,Yes,Yes,0,No,Offer A,No,0
1767-TGTKO,8,Yes,Yes,No,51,Yes,Offer E,No,0
1768-HNVGJ,45,Yes,Yes,Yes,3,Yes,Offer B,No,0
1768-ZAIFU,1,Yes,No,No,5,Yes,None,No,0
1769-GRUIK,18,Yes,Yes,No,26,No,Offer D,No,0
1771-OADNZ,29,Yes,Yes,Yes,21,No,Offer C,Yes,1
1775-KWJKQ,72,Yes,Yes,Yes,9,Yes,None,Yes,5
1776-SPBWV,34,No,Yes,No,0,No,Offer C,Yes,1
1777-JYQPJ,2,Yes,No,No,59,Yes,Offer E,No,0
1779-PWPMG,72,Yes,Yes,Yes,27,Yes,Offer A,Yes,1
1784-BXEFA,10,No,Yes,No,0,No,None,No,0
1784-EZDKJ,51,Yes,Yes,Yes,21,No,Offer B,Yes,3
1785-BPHTP,28,Yes,Yes,No,12,Yes,None,Yes,6
1790-NESIO,13,No,Yes,No,0,No,None,No,0
1791-PQHBB,2,Yes,Yes,No,52,Yes,Offer E,No,0
1792-UXAFY,17,Yes,Yes,No,28,Yes,Offer D,No,0
1794-HBQTJ,1,Yes,Yes,No,52,Yes,Offer E,No,0
1794-SWWKL,15,Yes,Yes,Yes,59,Yes,Offer D,Yes,6
1796-JANOW,2,No,Yes,No,0,No,Offer E,No,0
1803-BGNBD,12,Yes,Yes,No,26,No,Offer D,No,0
1809-DMJHQ,5,Yes,Yes,No,14,Yes,None,No,0
1810-BOHSY,51,Yes,Yes,Yes,8,Yes,Offer B,Yes,7
1810-MVMAI,30,Yes,Yes,Yes,19,Yes,Offer C,Yes,4
1813-JLKWR,64,No,Yes,No,0,No,None,Yes,7
1813-JYWTO,72,Yes,Yes,Yes,27,No,None,Yes,4
1814-DKOLC,5,No,Yes,Yes,0,No,None,No,0
1814-WFGVS,72,Yes,No,No,53,Yes,None,Yes,3
1816-FLZDK,1,Yes,No,No,22,Yes,None,No,0
1818-ESQMW,27,Yes,Yes,No,2,Yes,Offer C,No,0
1820-DJFPH,72,No,Yes,Yes,0,No,None,Yes,4
1820-TQVEV,1,Yes,Yes,No,48,Yes,Offer E,No,0
1821-BUCWY,30,Yes,Yes,No,24,Yes,Offer C,No,0
1830-GGFNM,65,Yes,Yes,Yes,19,Yes,Offer B,Yes,6
1830-IPXVJ,61,No,Yes,No,0,No,Offer B,Yes,6
1832-PEUTS,62,Yes,Yes,Yes,73,Yes,Offer B,Yes,4
1833-TCXKK,45,Yes,Yes,Yes,27,Yes,Offer B,No,0
1833-VGRUM,1,Yes,Yes,Yes,23,Yes,Offer E,No,0
1834-ABKHQ,52,Yes,Yes,No,29,Yes,Offer B,Yes,2
1834-WULEG,24,No,Yes,No,0,No,Offer C,Yes,5
1837-YQUCE,70,Yes,No,No,13,Yes,Offer A,No,0
1839-FBNFR,39,No,Yes,No,0,No,None,Yes,3
1839-UMACK,42,No,Yes,Yes,0,No,None,No,0
1840-BIUOG,20,Yes,Yes,Yes,52,Yes,None,No,0
1841-YSJGV,72,Yes,Yes,Yes,22,Yes,Offer A,Yes,9
1842-EZJMK,50,Yes,Yes,Yes,69,Yes,Offer B,Yes,1
1843-TLSGD,13,No,Yes,No,0,No,None,Yes,6
1845-CSBRZ,22,Yes,Yes,Yes,27,Yes,Offer D,Yes,7
1845-ZLLIG,1,Yes,Yes,No,16,Yes,Offer E,No,0
1846-XWOQN,1,Yes,Yes,No,8,Yes,None,No,0
1848-LBZHY,7,Yes,Yes,No,53,Yes,None,Yes,7
1849-RJYIG,8,Yes,Yes,No,24,Yes,None,No,0
1850-AKQEP,8,No,Yes,No,0,No,None,No,0
1852-QSWCD,64,No,Yes,Yes,0,No,None,Yes,1
1852-XEMDW,22,Yes,Yes,Yes,47,No,Offer D,No,0
1853-ARAAQ,26,Yes,No,No,7,Yes,None,No,0
1853-UDXBW,1,Yes,Yes,No,4,Yes,None,Yes,1
1855-AGAWH,31,Yes,Yes,No,52,Yes,None,Yes,2
1855-CFULU,4,No,Yes,No,0,No,None,No,0
1862-QRWPE,48,No,Yes,No,0,No,None,Yes,10
1862-SKORY,40,Yes,No,No,3,Yes,None,Yes,1
1866-DIOQZ,71,Yes,No,No,85,Yes,None,Yes,10
1866-NXPSP,36,Yes,Yes,No,23,No,None,No,0
1866-OBPNR,1,Yes,Yes,No,59,Yes,None,Yes,5
1866-RZZQS,41,Yes,Yes,Yes,21,Yes,Offer B,No,0
1866-ZSLJM,21,No,Yes,No,0,No,Offer D,No,0
1867-BDVFH,11,Yes,Yes,Yes,19,Yes,Offer D,Yes,1
1867-TJHTS,58,Yes,Yes,Yes,14,Yes,None,No,0
1871-MOWRM,12,Yes,Yes,No,18,Yes,None,Yes,3
1872-EBWSC,29,No,Yes,No,0,No,None,No,0
1875-QIVME,2,Yes,Yes,Yes,53,Yes,Offer E,Yes,1
1877-HKBQX,11,Yes,Yes,No,41,Yes,Offer D,No,0
1891-FZYSA,69,Yes,Yes,Yes,4,No,None,Yes,1
1891-QRQSA,64,Yes,Yes,Yes,10,Yes,Offer B,Yes,9
1891-UAWWU,20,Yes,Yes,Yes,17,Yes,None,Yes,1
1894-IGFSG,22,Yes,Yes,No,2,Yes,None,No,0
1895-QTKDO,1,Yes,Yes,No,5,Yes,None,No,0
1897-OKVMW,64,Yes,Yes,Yes,19,Yes,None,Yes,3
1897-RCFUM,39,No,Yes,Yes,0,No,None,Yes,1
1898-JSNDC,39,Yes,Yes,No,58,Yes,Offer C,No,0
1899-VXWXM,48,Yes,Yes,Yes,4,Yes,None,No,0
1902-XBTFB,22,Yes,Yes,No,12,Yes,Offer D,No,0
1904-WAJAA,24,Yes,Yes,Yes,85,Yes,Offer C,No,0
1905-OEILC,1,No,Yes,No,0,No,Offer E,No,0
1907-UBQFC,10,Yes,Yes,No,24,No,None,No,0
1907-YLNYW,8,Yes,Yes,No,27,Yes,None,No,0
1910-FMXJM,36,Yes,Yes,No,23,Yes,None,Yes,8
1915-IOFGU,1,Yes,Yes,No,3,Yes,None,No,0
1915-OAKWD,16,No,Yes,No,0,No,Offer D,No,0
1918-ZBFQJ,13,Yes,Yes,No,76,Yes,None,No,0
1919-RTPQD,7,Yes,Yes,No,17,Yes,Offer E,Yes,7
1921-KYSAY,41,Yes,Yes,Yes,30,Yes,None,No,0
1925-GMVBW,5,No,Yes,No,0,No,None,No,0
1925-LFCZZ,55,Yes,No,No,23,Yes,None,No,0
1925-TIBLE,7,Yes,Yes,Yes,11,No,None,Yes,1
1926-QUZNN,72,No,Yes,Yes,0,No,None,Yes,9
1927-QEWMY,72,No,Yes,No,0,No,Offer A,Yes,6
1928-BXYIV,1,Yes,Yes,Yes,3,Yes,Offer E,No,0
1929-ZCBHE,47,Yes,No,No,47,Yes,Offer B,Yes,7
1930-BZLHI,21,No,Yes,No,0,No,None,No,0
1930-QPBVZ,68,Yes,Yes,No,18,Yes,Offer A,Yes,3
1930-WNXSB,58,Yes,Yes,No,24,Yes,None,Yes,1
1932-UEDCX,33,Yes,Yes,Yes,22,Yes,None,Yes,6
1934-MKPXS,33,No,Yes,No,0,No,None,Yes,3
1934-SJVJK,1,No,Yes,No,0,No,Offer E,No,0
1935-IMVBB,56,Yes,Yes,No,14,Yes,None,Yes,1
1936-CZAKF,49,Yes,No,No,27,Yes,None,Yes,8
1936-UAFEH,68,Yes,Yes,Yes,17,No,None,No,0
1937-OTUKY,72,Yes,Yes,Yes,3,Yes,None,Yes,1
1941-HOSAM,1,Yes,Yes,No,59,Yes,None,Yes,1
1942-OQFRW,1,Yes,Yes,No,17,Yes,Offer E,No,0
1945-XISKS,67,No,Yes,No,0,No,None,Yes,4
1950-KSVVJ,45,Yes,Yes,Yes,4,Yes,Offer B,Yes,1
1951-IEYXM,72,Yes,Yes,Yes,11,Yes,None,Yes,1
1952-DVVSW,10,No,Yes,No,0,No,None,Yes,4
1955-IBMMB,59,No,Yes,No,0,No,None,No,0
1956-YIFGE,22,Yes,Yes,No,57,Yes,None,Yes,10
1958-RNRKS,30,Yes,Yes,Yes,8,No,None,Yes,4
1960-UOTYM,52,Yes,Yes,No,12,Yes,None,Yes,5
1960-UYCNN,10,Yes,Yes,Yes,13,Yes,None,No,0
1963-SVUCV,1,Yes,Yes,No,7,No,None,No,0
1963-VAUKV,1,No,Yes,No,0,No,Offer E,No,0
1964-SVLEA,20,No,Yes,No,0,No,Offer D,No,0
1965-AKTSX,14,Yes,Yes,Yes,6,Yes,Offer D,No,0
1965-DDBWU,16,Yes,Yes,Yes,18,Yes,None,No,0
1970-KKFWL,35,No,Yes,Yes,0,No,None,No,0
1971-DTCZB,72,Yes,Yes,Yes,15,Yes,None,Yes,6
1972-XMUWV,65,Yes,Yes,No,14,Yes,None,Yes,7
1976-AZZPJ,7,Yes,No,No,17,Yes,Offer E,Yes,3
1976-CFOCS,1,Yes,Yes,No,19,Yes,None,Yes,1
1977-STDKI,1,Yes,Yes,No,5,Yes,None,No,0
1980-KXVPM,3,Yes,Yes,Yes,30,Yes,None,No,0
1981-INRFU,2,Yes,Yes,No,16,Yes,None,No,0
1982-FEBTD,23,No,Yes,Yes,0,No,None,Yes,1
1984-FCOWB,70,Yes,Yes,Yes,59,No,Offer A,Yes,1
1984-GPTEH,29,No,Yes,Yes,0,No,None,No,0
1985-MBRYP,43,No,Yes,No,0,No,Offer B,No,0
1986-PHGZF,18,Yes,Yes,Yes,7,Yes,Offer D,No,0
1987-AUELQ,71,No,Yes,Yes,0,No,None,No,0
1989-PRJHP,27,Yes,Yes,Yes,23,Yes,None,Yes,1
1991-VOPLL,9,No,Yes,No,0,No,Offer E,No,0
1996-DBMUS,48,Yes,Yes,No,21,Yes,None,Yes,10
1998-VHJHK,27,No,Yes,No,0,No,None,No,0
2000-DHJUY,70,Yes,Yes,Yes,21,Yes,Offer A,Yes,1
2000-MPKCA,58,Yes,Yes,Yes,19,Yes,Offer B,No,0
2001-EWBQU,60,Yes,Yes,Yes,51,No,None,No,0
2001-MCUUW,46,Yes,Yes,Yes,22,Yes,None,No,0
2002-MZHWP,1,No,Yes,No,0,No,Offer E,No,0
2003-CKLOR,66,Yes,Yes,No,26,Yes,Offer A,No,0
2004-OCQXK,1,Yes,Yes,No,16,Yes,Offer E,No,0
2005-DWQZJ,8,No,Yes,No,0,No,None,Yes,1
2007-QVGAW,68,No,Yes,No,0,No,Offer A,Yes,10
2011-TRQYE,18,Yes,No,No,26,Yes,Offer D,No,0
2012-NWRPA,11,Yes,Yes,Yes,14,Yes,Offer D,Yes,1
2013-SGDXK,1,Yes,Yes,No,59,No,None,No,0
2014-MKGMH,46,Yes,Yes,Yes,22,Yes,Offer B,No,0
2017-CCBLH,8,No,Yes,No,0,No,None,No,0
2018-PZKMU,9,Yes,Yes,No,57,Yes,Offer E,Yes,10
2018-QKYGT,1,Yes,Yes,No,85,Yes,None,Yes,1
2019-HDCZY,63,Yes,Yes,Yes,22,Yes,None,Yes,4
2023-VQFDL,18,No,Yes,No,0,No,Offer D,No,0
2024-BASKD,1,Yes,Yes,No,47,No,Offer E,No,0
2025-JKFWI,13,Yes,Yes,Yes,21,Yes,None,No,0
2026-TGDHM,7,Yes,Yes,No,16,No,None,No,0
2027-CWDNU,18,Yes,Yes,No,28,Yes,None,Yes,1
2027-DNKIV,37,Yes,Yes,No,76,Yes,None,Yes,1
2027-FECZV,12,Yes,Yes,Yes,12,Yes,None,No,0
2027-OAQQC,43,Yes,No,No,12,Yes,Offer B,No,0
2027-WKXMW,63,Yes,Yes,Yes,26,Yes,Offer B,Yes,10
2030-BTZRO,6,No,Yes,No,0,No,None,Yes,1
2034-CGRHZ,24,Yes,Yes,Yes,26,Yes,None,No,0
2034-GDRCN,2,Yes,Yes,No,8,Yes,Offer E,No,0
2037-SGXHH,38,Yes,Yes,Yes,30,Yes,None,Yes,1
2037-XJFUP,33,Yes,Yes,No,41,No,Offer C,Yes,1
2038-LLMLM,48,Yes,Yes,Yes,12,Yes,None,No,0
2038-OEQZH,4,Yes,Yes,No,20,Yes,None,No,0
2038-YSEZE,29,Yes,Yes,Yes,2,Yes,Offer C,No,0
2039-JONDJ,27,Yes,Yes,No,21,Yes,None,No,0
2040-LDIWQ,65,Yes,Yes,Yes,16,Yes,Offer B,Yes,8
2040-OBMLJ,31,Yes,Yes,Yes,76,Yes,None,No,0
2040-VZIKE,49,Yes,Yes,Yes,10,Yes,None,Yes,3
2040-XBAVJ,72,Yes,Yes,Yes,13,Yes,Offer A,No,0
2041-JIJCI,5,Yes,Yes,Yes,29,Yes,None,No,0
2043-WVTQJ,1,Yes,Yes,No,9,Yes,None,Yes,10
2045-BMBTJ,33,Yes,No,No,16,Yes,None,No,0
2049-BAFNW,1,Yes,No,No,7,Yes,Offer E,No,0
2050-ONYDQ,65,No,Yes,Yes,0,No,None,Yes,7
2054-PJOCK,60,Yes,Yes,Yes,18,Yes,None,No,0
2055-BFOCC,63,Yes,Yes,No,29,Yes,None,Yes,1
2055-PDADH,3,Yes,Yes,No,3,Yes,Offer E,No,0
2055-SIFSS,55,Yes,Yes,Yes,29,Yes,None,Yes,5
2056-EVGZL,68,Yes,Yes,No,17,Yes,None,Yes,9
2057-BOYKM,72,Yes,Yes,Yes,20,Yes,None,Yes,10
2057-ZBLPD,21,Yes,Yes,Yes,29,Yes,Offer D,Yes,3
2058-DCJBE,5,Yes,Yes,No,5,Yes,Offer E,No,0
2061-VVFST,37,No,Yes,No,0,No,None,Yes,1
2065-MMKGR,29,Yes,Yes,Yes,4,Yes,None,No,0
2067-QYTCF,64,Yes,Yes,Yes,21,Yes,None,Yes,4
2068-WWXQZ,46,No,Yes,No,0,No,Offer B,No,0
2070-FNEXE,7,Yes,Yes,No,18,No,Offer E,No,0
2070-XYMFH,23,Yes,Yes,Yes,18,Yes,None,No,0
2072-ZVJJX,68,No,Yes,Yes,0,No,Offer A,Yes,5
2073-QBVBI,41,Yes,No,No,17,Yes,None,Yes,10
2074-GKOWZ,2,Yes,Yes,No,23,Yes,Offer E,Yes,1
2074-GUHPQ,17,Yes,Yes,Yes,19,Yes,None,No,0
2075-PUEPR,55,No,Yes,No,0,No,None,Yes,2
2075-RMJIK,5,Yes,Yes,No,52,No,None,Yes,3
2077-DDHJK,68,Yes,Yes,Yes,9,Yes,None,Yes,2
2077-MPJQO,7,Yes,Yes,Yes,21,Yes,None,Yes,2
2079-FBMZK,6,Yes,Yes,No,5,Yes,None,No,0
2080-CAZNM,41,Yes,Yes,Yes,15,Yes,Offer B,No,0
2080-GKCWQ,2,Yes,Yes,No,16,Yes,None,No,0
2080-SRCDE,1,No,Yes,Yes,0,No,Offer E,No,0
2081-KJSQF,1,No,Yes,No,0,No,None,No,0
2081-VEYEH,3,Yes,Yes,No,28,Yes,Offer E,No,0
2082-CEFLT,1,Yes,Yes,No,24,Yes,Offer E,No,0
2082-OJVTK,29,Yes,Yes,Yes,48,Yes,None,Yes,1
2085-BOJKI,17,Yes,Yes,No,5,Yes,Offer D,Yes,1
2085-JVGAD,37,No,Yes,No,0,No,None,Yes,3
2087-QAREY,22,Yes,Yes,No,16,Yes,Offer D,Yes,1
2088-IEBAU,68,Yes,Yes,Yes,2,Yes,None,No,0
2091-GPPIQ,72,Yes,Yes,Yes,6,Yes,Offer A,Yes,10
2091-MJTFX,30,Yes,No,No,12,Yes,None,Yes,1
2091-RFFBA,31,Yes,Yes,Yes,2,Yes,None,No,0
2096-XOTMO,16,No,Yes,No,0,No,None,Yes,10
2097-YVPKN,65,No,Yes,Yes,0,No,None,No,0
2100-BDNSN,5,Yes,Yes,Yes,4,No,None,Yes,1
2101-RANCD,55,Yes,Yes,Yes,26,Yes,None,No,0
2103-ZRXFN,1,Yes,Yes,Yes,26,Yes,None,No,0
2105-PHWON,33,Yes,Yes,Yes,22,No,None,Yes,1
2107-FBPTK,30,Yes,Yes,Yes,21,Yes,None,No,0
2108-GLPQB,25,Yes,Yes,Yes,10,Yes,Offer C,Yes,7
2108-XWMPY,3,Yes,No,No,85,Yes,None,No,0
2108-YKQTY,4,Yes,Yes,No,30,Yes,None,No,0
2111-DWYHN,1,No,Yes,No,0,No,None,No,0
2114-MGINA,14,Yes,Yes,No,29,Yes,Offer D,No,0
2115-BFTIW,25,Yes,Yes,No,18,No,None,No,0
2120-SMPEX,25,No,Yes,No,0,No,Offer C,No,0
2121-JAFOM,72,Yes,Yes,Yes,59,Yes,None,Yes,1
2122-SZZZD,44,No,Yes,No,0,No,None,No,0
2122-YWVYA,18,Yes,Yes,No,22,Yes,Offer D,No,0
2123-AGEEN,7,Yes,Yes,No,20,No,Offer E,No,0
2123-VSCOT,59,Yes,Yes,Yes,24,Yes,None,Yes,9
2126-GSEGL,70,Yes,Yes,Yes,24,No,None,Yes,7
2129-ALKBS,40,No,Yes,Yes,0,No,None,Yes,5
2133-TSRRM,34,Yes,Yes,No,21,No,None,No,0
2135-DQWAQ,5,Yes,Yes,No,30,No,Offer E,No,0
2135-RXIHG,1,Yes,Yes,No,24,Yes,Offer E,No,0
2137-DQMEV,68,Yes,No,No,19,Yes,Offer A,Yes,1
2138-VFAPZ,14,No,Yes,No,0,No,Offer D,Yes,8
2139-FQHLM,19,Yes,Yes,No,6,Yes,Offer D,No,0
2141-RRYGO,4,Yes,Yes,No,23,Yes,Offer E,No,0
2143-LJULT,67,No,Yes,Yes,0,No,None,Yes,1
2144-BFDSO,50,Yes,Yes,Yes,2,Yes,Offer B,Yes,1
2144-ESWKO,43,Yes,No,No,4,Yes,None,No,0
2146-EGVDT,59,No,Yes,No,0,No,Offer B,Yes,3
2150-OEGBV,27,No,Yes,No,0,No,None,No,0
2150-UWTFY,22,Yes,Yes,No,30,No,Offer D,Yes,1
2150-WLKUW,40,Yes,Yes,Yes,52,Yes,Offer B,Yes,4
2153-MREFK,37,Yes,Yes,Yes,4,Yes,None,Yes,1
2154-KVJFF,15,Yes,Yes,Yes,21,Yes,Offer D,No,0
2155-AMQRX,28,Yes,Yes,Yes,11,Yes,None,No,0
2157-MXBJS,13,Yes,Yes,Yes,82,Yes,Offer D,Yes,1
2159-TURXX,5,No,Yes,No,0,No,None,No,0
2160-GPFXD,54,Yes,Yes,Yes,52,Yes,Offer B,Yes,1
2162-FRZAA,63,Yes,No,No,16,Yes,Offer B,Yes,7
2164-SOQXL,20,No,Yes,No,0,No,None,Yes,10
2165-VOEGB,46,Yes,Yes,No,71,Yes,None,No,0
2167-FQSTQ,72,Yes,Yes,Yes,48,No,None,Yes,8
2169-RRLFW,71,No,Yes,Yes,0,No,None,Yes,3
2171-UDMFD,32,No,Yes,No,0,No,Offer C,Yes,5
2172-EJXVF,71,Yes,Yes,Yes,23,No,None,No,0
2176-LVPNX,71,Yes,Yes,Yes,22,No,Offer A,No,0
2176-OSJUV,71,Yes,Yes,Yes,69,Yes,Offer A,Yes,2
2178-PMGCJ,22,Yes,Yes,No,42,Yes,Offer D,No,0
2180-DXNEG,12,Yes,Yes,No,27,Yes,None,No,0
2181-TIDSV,68,No,Yes,No,0,No,Offer A,Yes,4
2181-UAESM,2,Yes,Yes,No,76,Yes,None,No,0
2186-QZEYA,29,Yes,Yes,Yes,22,Yes,Offer C,No,0
2187-LZGPL,7,Yes,No,No,19,Yes,None,No,0
2187-PKZAY,12,Yes,Yes,No,41,Yes,None,No,0
2188-SXWVT,34,Yes,Yes,No,8,Yes,Offer C,No,0
2189-UXTKY,22,Yes,Yes,Yes,51,Yes,None,Yes,1
2189-WWOEW,15,Yes,Yes,No,13,Yes,None,No,0
2190-BCXEC,40,Yes,Yes,Yes,17,Yes,None,Yes,10
2190-PHBHR,72,Yes,Yes,Yes,48,Yes,Offer A,Yes,5
2192-CKRLV,72,Yes,No,No,15,Yes,Offer A,Yes,2
2192-OZITF,45,Yes,Yes,Yes,15,Yes,Offer B,No,0
2193-SFWQW,72,Yes,Yes,No,19,Yes,None,Yes,9
2194-IIQOF,71,Yes,Yes,Yes,27,Yes,Offer A,Yes,7
2195-VVRJF,18,Yes,Yes,No,13,Yes,None,Yes,6
2195-ZRVAX,47,Yes,Yes,No,23,Yes,None,Yes,1
2197-OMWGI,68,Yes,No,No,23,Yes,None,Yes,4
2200-DSAAL,68,Yes,Yes,Yes,13,No,None,No,0
2202-CUYXZ,1,Yes,Yes,No,41,Yes,None,No,0
2202-OUTMO,34,Yes,Yes,Yes,26,Yes,None,Yes,5
2203-GHNWN,24,Yes,Yes,Yes,82,Yes,None,Yes,2
2205-LPVGL,58,Yes,Yes,Yes,10,No,Offer B,Yes,1
2205-YMZZJ,7,Yes,Yes,Yes,13,No,None,No,0
2207-NHRJK,1,Yes,Yes,No,27,Yes,Offer E,No,0
2207-OBZNX,7,Yes,Yes,No,22,Yes,None,No,0
2207-QPJED,37,Yes,Yes,No,19,Yes,None,Yes,8
2207-RYYRL,52,No,Yes,Yes,0,No,Offer B,Yes,6
2208-MPXIO,45,No,Yes,No,0,No,None,Yes,9
2208-NKVVH,43,No,Yes,Yes,0,No,None,Yes,4
2208-NQBCT,26,Yes,Yes,No,27,Yes,None,Yes,10
2208-UGTGR,56,Yes,Yes,Yes,28,Yes,Offer B,No,0
2209-XADXF,1,Yes,No,No,15,No,Offer E,No,0
2211-RMNHO,68,Yes,Yes,Yes,26,Yes,None,Yes,1
2212-LYASK,27,Yes,No,No,27,No,None,Yes,3
2215-ZAFGX,9,Yes,Yes,Yes,14,Yes,Offer E,No,0
2219-MVUSO,8,Yes,Yes,No,5,Yes,None,No,0
2220-IAHLS,1,No,Yes,No,0,No,None,No,0
2223-GDSHL,71,Yes,Yes,Yes,18,No,Offer A,Yes,5
2223-KAGMX,15,No,Yes,No,0,No,Offer D,No,0
2225-ZRGSG,70,Yes,Yes,Yes,14,Yes,Offer A,Yes,1
2226-ICFDO,72,Yes,Yes,Yes,24,Yes,None,Yes,9
2227-JRSJX,21,Yes,Yes,No,51,Yes,Offer D,No,0
2228-BZDEE,54,No,Yes,No,0,No,Offer B,No,0
2229-DPMBI,8,No,Yes,No,0,No,None,Yes,10
2229-VWQJH,24,Yes,Yes,No,16,Yes,None,No,0
2230-XTUWL,48,No,Yes,No,0,No,Offer B,Yes,3
2232-DMLXU,1,Yes,Yes,No,58,Yes,None,No,0
2233-FAGXV,5,No,Yes,Yes,0,No,None,Yes,6
2233-TXSIU,17,Yes,No,No,52,Yes,None,Yes,1
2234-EOFPT,72,Yes,Yes,No,14,No,None,Yes,2
2234-XADUH,72,Yes,Yes,Yes,59,Yes,None,Yes,4
2235-DWLJU,6,Yes,No,No,24,Yes,None,No,0
2235-EZAIK,72,Yes,Yes,Yes,59,No,Offer A,Yes,9
2235-ZGKPT,4,Yes,Yes,Yes,22,Yes,None,Yes,1
2236-HILPA,62,No,Yes,No,0,No,Offer B,Yes,9
2237-ZFSMY,39,Yes,Yes,No,71,Yes,Offer C,No,0
2239-CFOUJ,1,No,Yes,No,0,No,None,Yes,3
2239-CGBUZ,51,Yes,Yes,No,12,Yes,Offer B,Yes,4
2239-JALAW,58,Yes,Yes,Yes,47,Yes,Offer B,No,0
2240-HSJQD,38,Yes,Yes,Yes,13,Yes,None,No,0
2242-MFOTG,33,Yes,Yes,Yes,48,Yes,None,No,0
2243-FNMMI,20,No,Yes,No,0,No,Offer D,No,0
2245-ADZFJ,31,Yes,Yes,Yes,2,Yes,Offer C,Yes,9
2249-YPRNG,20,Yes,Yes,Yes,16,Yes,None,Yes,3
2250-IVBWA,64,Yes,Yes,No,12,Yes,None,Yes,4
2251-PYLPB,72,Yes,Yes,Yes,9,Yes,Offer A,Yes,3
2252-ISRNH,9,Yes,Yes,Yes,82,Yes,Offer E,Yes,9
2252-JHJGE,61,Yes,Yes,Yes,48,Yes,Offer B,No,0
2252-NKNSI,52,Yes,Yes,Yes,28,Yes,None,No,0
2253-KPMNB,69,Yes,No,No,69,Yes,None,Yes,10
2254-DLXRI,1,Yes,Yes,Yes,23,No,Offer E,No,0
2256-YLYLP,68,Yes,Yes,No,25,Yes,None,Yes,4
2257-BOVXD,14,Yes,Yes,Yes,11,Yes,None,Yes,3
2259-OUUSZ,7,Yes,No,No,48,Yes,Offer E,No,0
2260-USTRB,2,Yes,Yes,No,28,Yes,None,No,0
2262-SLNVK,1,Yes,Yes,No,23,Yes,None,No,0
2263-SFSQZ,51,No,Yes,Yes,0,No,None,Yes,7
2265-CYWIV,4,Yes,Yes,Yes,20,Yes,None,Yes,1
2266-FUBDZ,15,No,Yes,No,0,No,None,Yes,2
2266-SJNAT,72,Yes,Yes,Yes,82,Yes,Offer A,Yes,2
2267-FPIMA,50,Yes,Yes,Yes,47,Yes,Offer B,Yes,1
2267-WTPYD,57,Yes,Yes,Yes,30,Yes,None,Yes,1
2270-CHBFN,44,Yes,Yes,Yes,6,Yes,Offer B,Yes,10
2272-JKMSI,62,Yes,Yes,Yes,57,Yes,Offer B,Yes,5
2272-QAGFO,14,Yes,Yes,Yes,10,Yes,None,No,0
2272-UOINI,7,Yes,Yes,No,13,Yes,Offer E,No,0
2272-WUSPA,72,Yes,Yes,Yes,5,Yes,None,Yes,1
2273-QCKXA,1,Yes,Yes,No,5,Yes,None,No,0
2274-XUATA,72,Yes,No,No,26,Yes,Offer A,Yes,8
2275-RBYQS,1,Yes,Yes,No,21,Yes,Offer E,No,0
2276-YDAVZ,3,Yes,Yes,Yes,10,Yes,Offer E,No,0
2277-AXSDC,32,No,Yes,No,0,No,None,No,0
2277-BKJKN,71,Yes,Yes,No,27,Yes,None,Yes,6
2277-DJJDL,60,Yes,Yes,Yes,5,No,Offer B,Yes,5
2277-VWCNI,4,Yes,Yes,Yes,15,Yes,None,No,0
2279-AXJJK,52,Yes,Yes,Yes,85,Yes,None,Yes,1
2282-YGNOR,29,Yes,Yes,No,25,Yes,None,No,0
2284-VFLKH,49,Yes,Yes,No,27,Yes,Offer B,Yes,4
2292-XQWSV,40,Yes,No,No,26,Yes,None,Yes,3
2293-IJWPS,57,Yes,Yes,Yes,11,Yes,Offer B,Yes,5
2294-DMMUS,62,Yes,Yes,Yes,41,Yes,None,Yes,9
2294-SALNE,23,Yes,Yes,No,22,No,Offer D,Yes,2
2296-DKZFP,65,Yes,Yes,No,51,Yes,Offer B,Yes,1
2300-RQGOI,38,No,Yes,No,0,No,Offer C,No,0
2302-ANTDP,48,Yes,Yes,Yes,5,Yes,None,Yes,9
2302-OUZXB,72,Yes,Yes,Yes,5,Yes,Offer A,Yes,5
2303-PJYHN,2,No,Yes,No,0,No,Offer E,Yes,8
2305-MRGLV,28,Yes,Yes,No,5,Yes,None,Yes,10
2307-FYNNL,65,Yes,Yes,Yes,10,Yes,None,No,0
2308-STERM,2,No,Yes,No,0,No,None,No,0
2309-OSFEU,10,Yes,No,No,30,Yes,None,No,0
2311-QYMUQ,16,Yes,Yes,No,25,Yes,None,Yes,1
2314-TNDJQ,72,Yes,No,No,59,Yes,Offer A,Yes,1
2316-ESMLS,12,Yes,No,No,27,Yes,None,Yes,7
2320-JRSDE,1,No,Yes,No,0,No,None,Yes,1
2320-SLKMB,26,Yes,No,No,29,Yes,None,No,0
2320-TZRRH,20,No,Yes,No,0,No,None,No,0
2320-YKQBO,7,No,Yes,No,0,No,None,No,0
2321-OMBXY,38,Yes,Yes,No,19,Yes,Offer C,Yes,1
2322-VCZHZ,23,Yes,Yes,No,20,Yes,Offer D,Yes,3
2323-ARSVR,67,Yes,Yes,No,29,Yes,None,Yes,8
2324-AALNO,48,No,Yes,Yes,0,No,Offer B,No,0
2324-EFHVG,64,Yes,Yes,Yes,14,Yes,None,No,0
2325-NBPZG,3,Yes,Yes,No,73,Yes,None,No,0
2325-WINES,32,Yes,Yes,Yes,28,Yes,None,No,0
2325-ZUSFD,57,Yes,Yes,No,7,Yes,Offer B,Yes,1
2330-PQGDQ,51,Yes,Yes,Yes,51,Yes,None,Yes,6
2332-EFBJY,16,No,Yes,No,0,No,Offer D,No,0
2332-TODQS,48,No,Yes,Yes,0,No,Offer B,No,0
2333-KWEWW,18,No,Yes,No,0,No,None,No,0
2335-GSODA,23,Yes,No,No,26,Yes,None,No,0
2338-BQEZT,55,Yes,Yes,No,17,Yes,Offer B,No,0
2342-CKIAO,2,No,Yes,No,0,No,None,No,0
2344-JMOGN,9,Yes,Yes,No,6,Yes,None,Yes,1
2346-CZYIL,27,No,Yes,No,0,No,Offer C,No,0
2346-DJQTB,35,Yes,No,No,21,No,None,No,0
2346-LOCWC,58,No,Yes,No,0,No,None,Yes,10
2347-WKKAE,42,Yes,Yes,Yes,11,Yes,None,Yes,9
2348-KCJLT,44,Yes,Yes,No,20,No,Offer B,Yes,8
2351-BKRZW,43,Yes,Yes,No,59,Yes,None,Yes,10
2351-RRBUE,7,No,Yes,No,0,No,Offer E,Yes,2
2357-COQEK,28,Yes,Yes,Yes,10,Yes,None,No,0
2359-KLTEK,41,Yes,Yes,No,59,Yes,None,Yes,2
2359-KMGLI,24,Yes,Yes,Yes,20,Yes,Offer C,No,0
2359-QWQUL,39,Yes,Yes,No,7,Yes,None,Yes,1
2360-RDGRO,65,Yes,Yes,Yes,10,Yes,None,Yes,4
2361-FJWNO,40,Yes,No,No,12,No,None,No,0
2361-UPSND,46,Yes,Yes,No,27,Yes,None,Yes,6
2362-IBOOY,36,Yes,Yes,Yes,42,Yes,Offer C,No,0
2363-BJLSL,62,Yes,Yes,No,2,Yes,Offer B,No,0
2364-UFROM,30,Yes,Yes,No,22,Yes,None,No,0
2368-GAKKQ,70,Yes,Yes,Yes,30,Yes,Offer A,No,0
2369-FEVNO,1,No,Yes,No,0,No,None,No,0
2369-UAPKZ,5,Yes,Yes,Yes,8,Yes,Offer E,No,0
2371-JQHZZ,24,Yes,Yes,Yes,20,No,None,Yes,7
2371-JUNGC,11,No,Yes,No,0,No,Offer D,No,0
2371-KFUOG,58,Yes,Yes,No,14,Yes,Offer B,No,0
2372-HWUHI,2,Yes,Yes,No,3,Yes,Offer E,No,0
2373-NTKOD,8,Yes,Yes,No,24,Yes,Offer E,No,0
2378-HTWFW,35,Yes,Yes,Yes,19,No,None,No,0
2378-VTKDH,65,Yes,Yes,Yes,7,Yes,Offer B,Yes,9
2378-YIZKA,68,Yes,Yes,No,16,No,None,Yes,7
2379-ENZGV,6,Yes,Yes,No,12,Yes,Offer E,No,0
2379-GYFLQ,46,Yes,Yes,Yes,22,Yes,None,No,0
2380-DAMQP,72,Yes,Yes,Yes,25,Yes,None,Yes,10
2382-BCKQJ,62,Yes,Yes,Yes,15,Yes,Offer B,No,0
2384-OVPSA,38,No,Yes,No,0,No,None,No,0
2386-LAHRK,1,Yes,Yes,No,73,Yes,None,No,0
2386-OWURY,58,Yes,Yes,No,73,Yes,None,No,0
2387-KDZQY,17,No,Yes,No,0,No,None,No,0
2388-LAESQ,72,Yes,Yes,Yes,25,Yes,Offer A,Yes,3
2391-IPLOP,50,Yes,Yes,Yes,58,Yes,Offer B,Yes,6
2391-SOORI,4,Yes,Yes,No,27,Yes,Offer E,No,0
2393-DIVAI,3,No,Yes,No,0,No,Offer E,No,0
2397-BRLOM,8,Yes,Yes,No,2,Yes,None,Yes,2
2398-YPMUR,13,Yes,Yes,No,19,No,None,Yes,2
2400-FEQME,55,No,Yes,No,0,No,Offer B,Yes,1
2400-XIWIO,71,Yes,Yes,Yes,71,Yes,None,Yes,2
2402-TAIRZ,37,Yes,Yes,No,11,Yes,None,No,0
2403-BCASL,41,Yes,Yes,Yes,29,Yes,Offer B,Yes,1
2404-JIBFC,55,Yes,Yes,Yes,52,Yes,None,Yes,1
2405-LBMUW,61,Yes,No,No,59,No,Offer B,Yes,1
2408-PSJVE,44,Yes,Yes,No,24,Yes,None,Yes,1
2408-TZMJL,59,Yes,Yes,Yes,26,Yes,Offer B,Yes,1
2408-WITXK,10,Yes,No,No,4,Yes,Offer D,No,0
2410-CIYFZ,2,No,Yes,No,0,No,None,No,0
2418-TPEUN,56,No,Yes,No,0,No,Offer B,Yes,2
2419-FSORS,72,Yes,Yes,Yes,59,Yes,Offer A,Yes,8
2424-WVHPL,1,Yes,Yes,No,2,Yes,None,No,0
2428-HYUNX,44,No,Yes,No,0,No,None,Yes,4
2428-ZMCTB,10,No,Yes,No,0,No,Offer D,No,0
2429-AYKKO,72,No,Yes,No,0,No,Offer A,No,0
2430-RRYUW,66,Yes,Yes,No,30,Yes,Offer A,No,0
2430-USGXP,24,Yes,Yes,Yes,23,Yes,None,Yes,1
2432-TFSMK,18,Yes,Yes,Yes,2,Yes,None,No,0
2433-KMEAS,22,Yes,Yes,Yes,7,Yes,Offer D,No,0
2434-EEVDB,64,Yes,Yes,Yes,13,Yes,Offer B,Yes,7
2436-QBZFP,22,Yes,No,No,19,No,None,Yes,4
2439-LYPMQ,38,Yes,Yes,Yes,24,Yes,Offer C,Yes,7
2439-QKJUL,5,No,Yes,No,0,No,None,No,0
2446-BEGGB,6,Yes,Yes,Yes,29,Yes,None,No,0
2446-PLQVO,1,Yes,Yes,No,7,Yes,Offer E,No,0
2446-ZKVAF,18,Yes,Yes,Yes,30,Yes,None,Yes,5
2450-ZKEED,11,Yes,Yes,No,17,Yes,Offer D,No,0
2451-YMUXS,67,Yes,Yes,Yes,11,Yes,Offer A,No,0
2452-KDRRH,67,Yes,Yes,Yes,19,Yes,None,No,0
2452-MRMZF,72,No,Yes,Yes,0,No,None,Yes,9
2452-SNHFZ,47,Yes,Yes,No,69,Yes,None,No,0
2453-SAFNS,54,Yes,Yes,Yes,2,Yes,Offer B,No,0
2454-RPBRZ,12,Yes,Yes,Yes,27,Yes,Offer D,Yes,1
2455-USLMV,31,Yes,Yes,Yes,48,Yes,Offer C,No,0
2458-EOMRE,11,Yes,Yes,No,52,No,Offer D,No,0
2460-FPSYH,40,Yes,No,No,6,No,None,No,0
2460-NGXBJ,11,Yes,Yes,Yes,22,Yes,None,Yes,8
2462-XIIJB,5,Yes,Yes,Yes,25,Yes,None,No,0
2465-BLLEU,1,No,Yes,No,0,No,Offer E,No,0
2466-FCCPT,20,No,Yes,No,0,No,None,Yes,7
2466-NEJOJ,8,No,Yes,No,0,No,Offer E,Yes,6
2468-SJFLM,1,Yes,Yes,No,21,Yes,None,No,0
2469-DTSGX,72,Yes,Yes,Yes,14,Yes,Offer A,No,0
2472-OVKUP,6,Yes,Yes,No,29,Yes,None,Yes,5
2474-BRUCM,40,Yes,Yes,Yes,3,Yes,None,Yes,1
2474-LCNUE,23,Yes,Yes,Yes,48,Yes,Offer D,Yes,5
2475-MROZF,30,Yes,Yes,Yes,29,Yes,Offer C,No,0
2476-YGEFM,29,Yes,Yes,Yes,42,Yes,None,No,0
2478-EEWWM,59,Yes,No,No,53,No,Offer B,Yes,1
2479-BRAMR,41,Yes,Yes,Yes,18,Yes,Offer B,Yes,1
2480-EJWYP,58,Yes,Yes,Yes,28,Yes,Offer B,Yes,5
2480-JZOSN,1,No,Yes,No,0,No,None,Yes,8
2480-SQIOB,4,Yes,Yes,No,19,Yes,Offer E,Yes,1
2481-SBOYW,61,No,Yes,Yes,0,No,Offer B,No,0
2482-CZGBB,10,Yes,Yes,No,27,Yes,None,No,0
2483-XSSMZ,39,Yes,Yes,No,82,No,None,No,0
2484-DGXPZ,31,No,Yes,No,0,No,None,Yes,1
2485-ITVKB,2,Yes,No,No,12,No,Offer E,Yes,1
2486-WYVVE,31,Yes,Yes,Yes,6,Yes,None,Yes,1
2495-INZWQ,4,Yes,No,No,20,No,Offer E,No,0
2495-KZNFB,33,Yes,Yes,Yes,85,Yes,None,No,0
2495-TTHBQ,4,No,Yes,No,0,No,None,No,0
2498-XLDZR,32,Yes,Yes,No,59,Yes,None,Yes,1
2499-AJYUA,72,Yes,Yes,Yes,2,Yes,Offer A,Yes,8
2501-XWWTZ,11,Yes,Yes,No,8,Yes,None,No,0
2504-DSHIH,23,Yes,Yes,Yes,2,Yes,None,Yes,1
2506-CLAKW,6,Yes,Yes,No,26,Yes,Offer E,No,0
2506-TNFCO,1,Yes,Yes,No,22,Yes,None,Yes,1
2507-QZPQS,15,Yes,Yes,Yes,47,Yes,None,No,0
2509-TFPJU,72,No,Yes,Yes,0,No,None,Yes,1
2511-ALLCS,35,No,Yes,Yes,0,No,None,Yes,5
2511-MORQY,50,Yes,Yes,Yes,6,Yes,Offer B,Yes,4
2514-GINMM,1,Yes,Yes,No,23,No,Offer E,No,0
2516-VQRRV,2,Yes,Yes,Yes,25,Yes,None,No,0
2516-XSJKX,41,Yes,Yes,No,69,Yes,None,Yes,1
2519-ERQOJ,33,Yes,No,No,11,Yes,Offer C,No,0
2519-FAKOD,38,Yes,Yes,Yes,85,Yes,Offer C,No,0
2519-LBNQL,60,Yes,Yes,Yes,15,Yes,None,Yes,2
2519-TWKFS,25,Yes,Yes,Yes,25,Yes,None,Yes,2
2520-SGTTA,0,No,Yes,No,0,No,Offer E,Yes,4
2521-NPUZR,70,Yes,Yes,No,59,Yes,Offer A,Yes,9
2522-AHJXR,60,Yes,Yes,Yes,9,Yes,None,Yes,6
2522-WLNSF,34,Yes,Yes,No,23,Yes,None,Yes,2
2523-EWWZL,27,Yes,Yes,No,59,Yes,Offer C,No,0
2525-GVKQU,60,No,Yes,No,0,No,Offer B,No,0
2528-HFYZX,17,Yes,Yes,No,8,Yes,None,Yes,2
2530-ENDWQ,71,Yes,Yes,Yes,17,Yes,Offer A,Yes,2
2530-FMFXO,56,Yes,Yes,Yes,19,Yes,Offer B,Yes,3
2533-QVMSK,61,Yes,Yes,Yes,11,Yes,Offer B,Yes,9
2533-TIBIX,15,Yes,No,No,16,Yes,None,Yes,8
2535-PBCGC,70,Yes,No,No,46,Yes,Offer A,Yes,5
2538-OIMXF,1,Yes,No,No,48,No,Offer E,No,0
2541-YGPKE,42,Yes,Yes,No,69,Yes,None,Yes,10
2542-HYGIQ,1,No,Yes,No,0,No,None,No,0
2545-EBUPK,2,Yes,Yes,Yes,22,Yes,Offer E,No,0
2545-LXYVJ,72,No,Yes,No,0,No,Offer A,Yes,1
2546-KZAAT,52,Yes,Yes,No,85,Yes,None,Yes,9
2550-AEVRU,57,Yes,Yes,No,11,Yes,None,Yes,1
2550-QHZGP,7,No,Yes,No,0,No,Offer E,No,0
2558-BUOZZ,47,Yes,Yes,Yes,20,Yes,Offer B,No,0
2560-PPCHE,65,Yes,Yes,Yes,59,Yes,None,No,0
2560-QTSBS,72,No,Yes,Yes,0,No,None,Yes,6
2560-WBWXF,68,No,Yes,Yes,0,No,None,No,0
2565-JSLRY,1,No,Yes,Yes,0,No,None,No,0
2568-BRGYX,4,Yes,Yes,No,15,Yes,None,No,0
2568-OIADY,37,Yes,Yes,Yes,27,Yes,None,Yes,1
2569-WGERO,72,No,Yes,No,0,No,None,No,0
2573-GYRUU,48,Yes,Yes,Yes,22,Yes,None,Yes,1
2575-GFSOE,7,Yes,Yes,No,73,Yes,Offer E,Yes,1
2576-HXMPA,1,No,Yes,No,0,No,None,No,0
2577-GVSIL,35,Yes,Yes,Yes,20,Yes,None,Yes,10
2578-JQPHZ,44,Yes,Yes,No,59,Yes,Offer B,No,0
2580-ASVVY,37,Yes,No,No,27,Yes,None,Yes,1
2580-ATZSQ,65,Yes,Yes,No,19,Yes,Offer B,No,0
2581-VKIRT,59,Yes,Yes,Yes,25,Yes,None,Yes,6
2582-FFFZR,22,Yes,No,No,8,Yes,None,No,0
2585-KTFRE,1,Yes,Yes,No,21,Yes,None,No,0
2586-CWXVV,54,Yes,No,No,9,Yes,Offer B,Yes,9
2587-EKXTS,44,Yes,Yes,Yes,19,Yes,Offer B,No,0
2587-YNLES,6,No,Yes,No,0,No,Offer E,Yes,4
2589-AYCRP,50,No,Yes,No,0,No,Offer B,No,0
2592-HODOV,13,No,Yes,No,0,No,Offer D,No,0
2592-SEIFQ,3,Yes,No,No,18,Yes,None,No,0
2592-YKDIF,1,No,Yes,No,0,No,None,No,0
2595-KIWPV,27,No,Yes,No,0,No,Offer C,No,0
2599-CIPQE,71,Yes,Yes,No,57,No,None,Yes,4
2599-CZABP,14,Yes,Yes,No,19,Yes,Offer D,Yes,1
2603-HVKCG,31,Yes,Yes,No,76,Yes,Offer C,No,0
2604-IJPDU,20,Yes,Yes,No,15,Yes,Offer D,No,0
2604-XVDAM,12,Yes,Yes,No,17,Yes,Offer D,No,0
2606-PKWJB,40,Yes,No,No,57,Yes,None,No,0
2606-RMDHZ,6,Yes,No,No,14,Yes,Offer E,No,0
2607-DHDAK,72,No,Yes,No,0,No,None,Yes,10
2607-FBDFF,1,Yes,Yes,No,17,Yes,None,No,0
2608-BHKFN,4,Yes,Yes,No,19,Yes,None,No,0
2609-IAICY,1,Yes,Yes,Yes,19,No,None,No,0
2612-PHGOX,64,Yes,Yes,Yes,20,Yes,None,Yes,4
2612-RANWT,12,Yes,Yes,Yes,47,Yes,Offer D,No,0
2612-RRIDN,4,Yes,Yes,No,59,No,Offer E,No,0
2615-YVMYX,71,Yes,Yes,Yes,19,No,None,Yes,7
2616-FLVQC,64,No,Yes,No,0,No,None,No,0
2616-UUTFK,33,Yes,Yes,Yes,21,Yes,None,Yes,1
2619-WFQWU,1,Yes,Yes,No,6,Yes,None,No,0
2621-UDNLU,3,No,Yes,No,0,No,None,Yes,9
2623-DRYAM,70,Yes,Yes,Yes,26,Yes,None,No,0
2625-TRCZQ,51,Yes,No,No,42,Yes,Offer B,No,0
2626-URJFX,4,Yes,Yes,Yes,57,Yes,Offer E,Yes,1
2626-VEEWG,67,No,Yes,No,0,No,None,Yes,6
2632-IVXVF,68,Yes,Yes,Yes,57,Yes,None,Yes,3
2632-TACXW,62,No,Yes,Yes,0,No,None,Yes,4
2632-UCGVD,66,Yes,Yes,Yes,14,Yes,None,Yes,6
2634-HCZGT,53,Yes,Yes,Yes,6,No,None,Yes,1
2636-ALXXZ,1,Yes,Yes,No,10,Yes,Offer E,No,0
2636-OHFMN,4,Yes,No,No,76,Yes,None,Yes,4
2636-SJDOU,64,Yes,Yes,Yes,12,Yes,None,No,0
2637-FKFSY,3,Yes,Yes,No,7,Yes,None,Yes,2
2639-UGMAZ,71,Yes,No,No,20,Yes,Offer A,No,0
2640-LYMOV,2,No,Yes,No,0,No,Offer E,No,0
2640-PMGFL,27,Yes,Yes,Yes,29,Yes,None,No,0
2642-DTVCO,9,Yes,Yes,Yes,6,No,Offer E,No,0
2642-MAWLJ,36,No,Yes,No,0,No,Offer C,Yes,8
2645-QTLMB,7,Yes,Yes,No,69,Yes,Offer E,No,0
2649-HWLYB,65,Yes,Yes,Yes,13,Yes,Offer B,Yes,2
2650-GYRYL,33,No,Yes,No,0,No,None,Yes,6
2651-ZCBXV,54,Yes,Yes,Yes,4,Yes,Offer B,No,0
2654-VBVPB,1,No,Yes,No,0,No,None,No,0
2656-FMOKZ,15,Yes,Yes,Yes,19,Yes,Offer D,No,0
2656-TABEH,4,Yes,Yes,Yes,10,Yes,None,Yes,1
2657-ALMWY,26,Yes,Yes,No,3,Yes,Offer C,Yes,1
2657-VPXTA,10,Yes,Yes,No,51,Yes,None,Yes,8
2659-VXMWZ,67,Yes,Yes,Yes,21,Yes,Offer A,No,0
2660-EMUBI,10,Yes,Yes,Yes,14,Yes,Offer D,No,0
2661-GKBTK,60,Yes,Yes,No,21,Yes,None,Yes,7
2662-NNTDK,65,No,Yes,Yes,0,No,Offer B,No,0
2664-XJZNO,72,Yes,Yes,No,57,Yes,Offer A,Yes,5
2665-NPTGL,26,Yes,Yes,Yes,11,Yes,Offer C,Yes,8
2667-WYLWJ,8,No,Yes,No,0,No,Offer E,Yes,1
2668-TZSPS,1,No,Yes,No,0,No,None,No,0
2669-OIDSD,48,Yes,Yes,No,2,Yes,Offer B,Yes,3
2669-QVCRG,41,Yes,Yes,Yes,19,Yes,None,No,0
2672-DZUOY,1,Yes,No,No,5,Yes,Offer E,No,0
2672-HUYVI,6,Yes,Yes,No,24,Yes,None,No,0
2672-OJQZP,1,Yes,Yes,No,21,Yes,None,No,0
2672-TGEFF,37,Yes,Yes,Yes,16,Yes,Offer C,Yes,3
2673-CXQEU,56,Yes,Yes,Yes,29,Yes,None,No,0
2673-ZALNP,7,No,Yes,No,0,No,Offer E,No,0
2674-MIAHT,4,Yes,Yes,Yes,51,Yes,None,No,0
2674-MLXMN,71,Yes,Yes,Yes,13,Yes,Offer A,No,0
2675-DHUTR,58,Yes,Yes,Yes,4,Yes,None,Yes,8
2675-IJRGJ,53,No,Yes,No,0,No,None,No,0
2675-OTVVJ,31,Yes,Yes,Yes,18,Yes,Offer C,Yes,5
2676-ISHSF,1,No,Yes,No,0,No,None,No,0
2676-OXPPQ,6,Yes,Yes,No,41,Yes,None,No,0
2676-SSLTO,49,Yes,Yes,Yes,13,Yes,None,No,0
2680-XKKNJ,8,Yes,Yes,No,28,No,None,No,0
2682-KEVRP,22,No,Yes,No,0,No,None,No,0
2683-BPJSO,29,Yes,Yes,Yes,12,Yes,None,No,0
2683-JXWQQ,61,Yes,No,No,76,No,None,Yes,3
2684-EIWEO,30,Yes,Yes,Yes,19,Yes,None,No,0
2685-SREOM,25,Yes,Yes,Yes,25,Yes,None,Yes,1
2688-BHGOG,9,Yes,Yes,No,15,No,Offer E,No,0
2690-DVRVK,5,No,Yes,No,0,No,None,Yes,1
2691-NZETQ,9,Yes,Yes,Yes,58,Yes,Offer E,No,0
2692-AQCPF,65,Yes,Yes,Yes,15,Yes,Offer B,Yes,6
2692-BUCFV,29,Yes,Yes,No,21,No,Offer C,No,0
2692-PFYTJ,1,No,Yes,Yes,0,No,None,No,0
2694-CIUMO,12,Yes,Yes,Yes,16,Yes,Offer D,No,0
2696-ECXKC,55,Yes,Yes,Yes,18,Yes,Offer B,Yes,6
2696-NARTR,11,Yes,Yes,No,25,Yes,None,No,0
2696-RZVZW,68,No,Yes,Yes,0,No,Offer A,Yes,4
2697-NQBPF,34,Yes,Yes,Yes,18,Yes,None,No,0
2700-LUEVA,1,No,Yes,No,0,No,None,No,0
2703-AMTUL,36,Yes,Yes,No,19,Yes,None,Yes,2
2706-QZIHY,15,No,Yes,Yes,0,No,None,Yes,9
2709-UQGNP,10,Yes,Yes,No,23,Yes,None,No,0
2710-WYVXG,3,Yes,Yes,No,22,Yes,None,No,0
2712-SYWAY,1,No,Yes,Yes,0,No,Offer E,No,0
2716-GFZOR,43,Yes,Yes,No,20,Yes,Offer B,Yes,10
2717-HVIZY,8,No,Yes,No,0,No,Offer E,No,0
2718-GAXQD,4,Yes,Yes,No,52,Yes,Offer E,Yes,1
2718-YSKCS,71,No,Yes,No,0,No,Offer A,Yes,6
2719-BDAQO,17,Yes,Yes,No,13,Yes,None,No,0
2720-FVBQP,6,Yes,Yes,Yes,82,Yes,Offer E,Yes,1
2720-WGKHP,2,Yes,Yes,Yes,22,Yes,Offer E,No,0
2722-JMONI,1,Yes,Yes,No,9,Yes,Offer E,Yes,1
2722-VOJQL,64,Yes,Yes,Yes,73,Yes,None,No,0
2724-FJDYW,39,Yes,No,No,29,Yes,None,No,0
2725-IWWBA,46,Yes,Yes,No,15,Yes,Offer B,Yes,9
2725-KXXWT,1,Yes,Yes,No,52,Yes,Offer E,No,0
2725-TTRIQ,72,Yes,Yes,Yes,53,Yes,Offer A,Yes,10
2729-VNVAP,33,No,Yes,No,0,No,None,No,0
2731-GJRDG,32,Yes,Yes,Yes,12,Yes,None,No,0
2732-ISEZX,5,No,Yes,No,0,No,None,No,0
2737-WFVYW,2,Yes,No,No,48,No,None,No,0
2737-YNGYW,2,Yes,Yes,No,41,Yes,Offer E,No,0
2739-CACDQ,17,Yes,Yes,Yes,25,Yes,Offer D,No,0
2739-CCZMB,5,No,Yes,No,0,No,None,No,0
2740-JFBOK,10,No,Yes,Yes,0,No,Offer D,No,0
2740-TVLFN,1,Yes,Yes,Yes,2,Yes,Offer E,No,0
2746-DIJLO,41,Yes,Yes,Yes,8,Yes,Offer B,No,0
2748-MYRVK,63,Yes,Yes,Yes,59,Yes,Offer B,No,0
2749-CTKAJ,22,No,Yes,No,0,No,None,Yes,3
2750-BJLSB,47,Yes,Yes,No,13,Yes,Offer B,No,0
2753-JMMCV,65,Yes,Yes,Yes,18,Yes,Offer B,No,0
2754-SDJRD,8,Yes,Yes,Yes,23,Yes,Offer E,No,0
2754-VDLTR,10,Yes,Yes,Yes,18,Yes,Offer D,No,0
2754-XBHTB,9,Yes,Yes,No,23,Yes,None,No,0
2758-RNWXS,35,Yes,Yes,No,26,Yes,Offer C,No,0
2761-OCIAX,2,Yes,Yes,No,11,Yes,None,No,0
2761-XECQW,8,Yes,No,No,27,Yes,None,Yes,1
2770-NSVDG,24,Yes,No,No,51,Yes,Offer C,Yes,4
2773-MADBQ,36,Yes,No,No,9,Yes,None,No,0
2773-OVBPK,67,Yes,Yes,Yes,30,Yes,Offer A,Yes,1
2774-LVQUS,15,Yes,Yes,Yes,3,No,None,Yes,2
2775-SEFEE,0,Yes,Yes,Yes,19,Yes,None,No,0
2777-PHDEI,1,Yes,Yes,No,59,No,None,No,0
2778-OCLGR,24,Yes,No,No,5,Yes,None,Yes,1
2782-JEEBU,21,Yes,No,No,9,Yes,None,No,0
2782-LFZVW,11,Yes,Yes,Yes,10,No,Offer D,No,0
2786-GCDPI,50,Yes,Yes,Yes,29,Yes,Offer B,No,0
2788-CJQAQ,13,No,Yes,No,0,No,Offer D,No,0
2789-CZANW,64,Yes,Yes,Yes,23,Yes,Offer B,Yes,7
2789-HQBOU,3,Yes,Yes,No,26,Yes,Offer E,No,0
2790-XUYMV,71,Yes,Yes,Yes,30,Yes,None,No,0
2791-SFVEW,9,No,Yes,No,0,No,Offer E,No,0
2792-LSHWX,1,Yes,Yes,No,9,Yes,None,No,0
2792-VPPET,3,No,Yes,No,0,No,None,No,0
2794-XIMMO,53,Yes,No,No,13,Yes,None,Yes,1
2796-NNUFI,46,No,Yes,No,0,No,None,Yes,1
2796-UUZZO,63,Yes,Yes,No,48,No,Offer B,Yes,9
2798-NYLMZ,71,Yes,Yes,Yes,73,Yes,Offer A,Yes,10
2799-ARNLO,5,Yes,Yes,No,13,Yes,Offer E,No,0
2799-TSLAG,65,No,Yes,Yes,0,No,None,Yes,9
2800-QQUSO,42,Yes,Yes,Yes,13,Yes,None,No,0
2800-VEQXM,3,Yes,Yes,No,4,Yes,None,No,0
2801-NISEI,24,Yes,Yes,No,69,Yes,None,No,0
2804-ETQDK,66,No,Yes,No,0,No,None,No,0
2805-AUFQN,25,No,Yes,No,0,No,Offer C,No,0
2805-EDJPQ,56,Yes,Yes,Yes,19,Yes,None,Yes,9
2806-MLNTI,52,Yes,Yes,Yes,9,Yes,None,Yes,4
2808-CHTDM,23,No,Yes,Yes,0,No,None,Yes,4
2809-ILCYT,25,No,Yes,Yes,0,No,None,Yes,10
2809-ZMYOQ,32,Yes,Yes,Yes,28,Yes,None,No,0
2810-FTLEM,16,Yes,Yes,No,53,Yes,None,No,0
2811-POVEX,23,Yes,Yes,No,53,Yes,None,Yes,4
2812-ENYMO,26,Yes,No,No,82,Yes,Offer C,No,0
2812-REYAT,49,No,Yes,No,0,No,None,Yes,3
2812-SFXMJ,1,No,Yes,No,0,No,None,No,0
2815-CPTUL,5,Yes,Yes,No,17,Yes,None,No,0
2817-LVCPP,50,No,Yes,No,0,No,None,No,0
2817-NTQDO,13,Yes,No,No,17,Yes,Offer D,No,0
2819-GWENI,28,No,Yes,No,0,No,Offer C,Yes,9
2821-WARNZ,49,No,Yes,No,0,No,None,No,0
2823-LKABH,18,Yes,Yes,Yes,12,Yes,None,No,0
2824-DXNKN,72,Yes,Yes,Yes,73,Yes,Offer A,Yes,8
2824-MYYBN,37,Yes,Yes,Yes,11,Yes,None,No,0
2826-DXLQO,7,Yes,No,No,13,Yes,Offer E,Yes,10
2826-UWHIS,45,Yes,Yes,Yes,19,Yes,Offer B,Yes,4
2828-SLQPF,19,Yes,Yes,No,5,Yes,None,No,0
2829-HYVZP,29,No,Yes,No,0,No,None,No,0
2830-LEWOA,61,Yes,Yes,No,19,Yes,Offer B,Yes,3
2831-EBWRN,4,Yes,Yes,No,20,Yes,Offer E,No,0
2832-KJCRD,38,Yes,Yes,Yes,27,No,Offer C,No,0
2832-SCUCO,2,No,Yes,No,0,No,Offer E,No,0
2833-SLKDQ,1,Yes,Yes,No,73,Yes,None,No,0
2834-JKOOW,15,Yes,No,No,25,Yes,Offer D,No,0
2834-JRTUA,71,Yes,Yes,Yes,53,Yes,Offer A,No,0
2834-SPCJV,52,Yes,Yes,No,14,Yes,None,Yes,1
2839-RFSQE,2,No,Yes,No,0,No,Offer E,No,0
2840-XANRC,24,Yes,Yes,No,12,Yes,Offer C,Yes,1
2842-BCQGE,43,Yes,Yes,Yes,28,Yes,Offer B,No,0
2842-JTCCU,2,Yes,Yes,No,52,No,Offer E,No,0
2843-CQMEG,24,Yes,Yes,No,59,Yes,Offer C,No,0
2845-AFFTX,41,Yes,Yes,Yes,15,Yes,None,No,0
2845-HSJCY,14,Yes,Yes,Yes,19,Yes,None,Yes,1
2845-KDHVX,64,Yes,Yes,No,25,Yes,None,Yes,9
2848-YXSMW,72,No,Yes,No,0,No,Offer A,Yes,1
2851-MMUTZ,27,Yes,Yes,No,53,Yes,None,No,0
2851-STERV,35,Yes,Yes,No,18,Yes,None,No,0
2853-CWQFQ,1,Yes,Yes,No,48,Yes,None,No,0
2856-HYAPG,1,Yes,Yes,No,28,Yes,Offer E,No,0
2856-NNASM,43,Yes,Yes,No,6,Yes,None,No,0
2858-EIMXH,53,Yes,Yes,Yes,12,Yes,None,Yes,1
2858-MOFSQ,17,Yes,Yes,Yes,21,Yes,None,No,0
2860-RANUS,20,Yes,Yes,Yes,15,Yes,Offer D,No,0
2862-JVEOY,6,No,Yes,No,0,No,None,No,0
2862-PFNIK,1,Yes,No,No,21,No,None,No,0
2863-IMQDR,61,Yes,Yes,Yes,8,Yes,None,No,0
2865-TCHJW,4,Yes,Yes,Yes,24,Yes,None,No,0
2866-IKBTM,1,No,Yes,No,0,No,None,No,0
2867-UIMSS,1,Yes,Yes,No,69,Yes,None,No,0
2868-LLSKM,68,Yes,Yes,Yes,29,Yes,Offer A,Yes,1
2868-MZAGQ,1,Yes,Yes,No,5,Yes,Offer E,No,0
2868-SNELZ,2,Yes,Yes,Yes,20,Yes,None,No,0
2869-ADAWR,45,Yes,Yes,Yes,24,Yes,Offer B,No,0
2873-ZLIWT,40,Yes,Yes,Yes,19,Yes,Offer B,Yes,1
2874-YXVVA,34,Yes,Yes,No,2,Yes,None,No,0
2876-GZYZC,13,Yes,Yes,Yes,22,Yes,None,No,0
2876-VBBBL,1,No,Yes,No,0,No,Offer E,No,0
2877-VDUER,35,Yes,No,No,30,Yes,None,Yes,6
2878-DHMIN,35,No,Yes,No,0,No,None,Yes,7
2878-RMWXY,72,Yes,Yes,Yes,5,Yes,None,Yes,5
2880-FPNAE,2,Yes,Yes,No,14,Yes,Offer E,Yes,1
2882-DDZPG,12,No,Yes,No,0,No,None,No,0
2882-WDTBA,69,Yes,Yes,No,18,Yes,Offer A,Yes,4
2883-ILGWO,57,Yes,Yes,Yes,15,No,None,No,0
2884-GBPFB,35,Yes,Yes,No,4,No,Offer C,Yes,4
2885-HIJDH,69,Yes,Yes,Yes,53,Yes,None,Yes,9
2886-KEFUM,63,Yes,Yes,Yes,21,No,None,Yes,1
2887-JPYLU,41,Yes,Yes,No,28,Yes,None,No,0
2888-ADFAO,47,No,Yes,No,0,No,None,Yes,5
2889-FPWRM,72,Yes,Yes,Yes,8,Yes,None,Yes,1
2890-WFBHU,59,Yes,Yes,Yes,73,Yes,Offer B,No,0
2892-GESUL,18,No,Yes,No,0,No,None,Yes,5
2894-QOJRX,25,Yes,No,No,82,Yes,Offer C,Yes,1
2896-TBNBE,40,Yes,Yes,No,24,Yes,Offer B,Yes,5
2897-DOVND,2,Yes,Yes,No,14,No,None,No,0
2898-LSJGD,21,Yes,No,No,69,No,None,Yes,1
2898-MRKPI,68,Yes,Yes,Yes,18,Yes,Offer A,Yes,10
2900-PHPLN,70,No,Yes,No,0,No,Offer A,Yes,2
2903-YYTBW,1,Yes,Yes,No,18,Yes,None,Yes,1
2904-GGUAZ,72,Yes,Yes,Yes,52,Yes,Offer A,Yes,8
2905-KFQUV,2,Yes,Yes,No,14,Yes,None,Yes,9
2907-ILJBN,11,No,Yes,No,0,No,None,Yes,7
2908-WGAXL,56,No,Yes,Yes,0,No,None,Yes,9
2908-ZTPNF,36,Yes,No,No,2,Yes,Offer C,No,0
2911-IJORQ,37,Yes,Yes,Yes,6,Yes,None,No,0
2911-UREFD,39,Yes,No,No,13,Yes,None,Yes,3
2911-WDXMV,18,Yes,Yes,Yes,48,Yes,Offer D,No,0
2916-BQZLN,19,Yes,Yes,Yes,41,Yes,None,No,0
2919-HBCJO,4,Yes,Yes,No,17,Yes,None,No,0
2920-RNCEZ,1,Yes,Yes,No,14,Yes,None,Yes,10
2921-XWDJH,38,Yes,Yes,No,15,Yes,None,No,0
2923-ARZLG,0,No,Yes,No,0,No,Offer E,Yes,5
2924-KHUVI,56,Yes,Yes,Yes,48,Yes,None,Yes,7
2925-MXLSX,30,Yes,Yes,Yes,18,Yes,Offer C,No,0
2925-VDZHY,72,Yes,Yes,Yes,19,Yes,Offer A,Yes,1
2926-JEJJC,8,No,Yes,No,0,No,None,No,0
2927-CVULT,53,Yes,Yes,Yes,17,Yes,Offer B,Yes,1
2927-QRRQV,46,Yes,Yes,Yes,3,Yes,Offer B,Yes,1
2928-HLDBA,6,No,Yes,No,0,No,Offer E,No,0
2929-ERCFZ,8,Yes,Yes,No,76,Yes,Offer E,Yes,1
2929-QNSRW,56,Yes,Yes,Yes,48,No,None,Yes,1
2930-UOTMB,31,Yes,Yes,Yes,52,No,Offer C,No,0
2931-FSOHN,13,Yes,Yes,No,30,Yes,None,No,0
2931-SVLTV,40,Yes,Yes,Yes,22,Yes,Offer B,Yes,6
2931-VUVJN,59,Yes,Yes,Yes,13,No,None,No,0
2931-XIQBR,50,Yes,Yes,No,27,Yes,None,Yes,7
2933-FILNV,2,Yes,No,No,52,Yes,None,No,0
2933-XEUJM,46,Yes,Yes,Yes,2,Yes,Offer B,No,0
2937-FTHUR,18,Yes,Yes,Yes,28,Yes,Offer D,No,0
2946-KIQSP,35,Yes,No,No,12,No,Offer C,No,0
2947-DOMLJ,1,Yes,Yes,No,13,Yes,None,No,0
2951-QOQTK,4,Yes,Yes,Yes,76,Yes,None,No,0
2952-QAYZF,5,Yes,Yes,Yes,27,Yes,None,No,0
2954-PIBKO,69,Yes,Yes,Yes,17,No,None,Yes,7
2955-BJZHG,17,Yes,Yes,No,3,Yes,None,Yes,1
2955-PSXOE,1,No,Yes,No,0,No,None,No,0
2956-GGUCQ,24,Yes,Yes,Yes,22,Yes,None,Yes,1
2957-JIRMN,62,Yes,Yes,Yes,3,Yes,None,No,0
2957-LOLHO,12,Yes,Yes,No,14,Yes,None,No,0
2958-NHPPS,23,No,Yes,No,0,No,None,No,0
2959-EEXWB,45,Yes,No,No,18,Yes,Offer B,Yes,10
2959-FENLU,9,Yes,Yes,No,8,No,None,No,0
2959-MJHIC,4,Yes,Yes,No,13,Yes,None,Yes,3
2960-NKRSO,24,Yes,Yes,No,24,Yes,None,No,0
2961-VNFKL,71,No,Yes,Yes,0,No,Offer A,Yes,2
2962-XPMCQ,2,Yes,Yes,No,21,Yes,Offer E,No,0
2967-MXRAV,1,No,Yes,No,0,No,None,Yes,9
2968-SSGAA,10,Yes,Yes,Yes,3,Yes,None,No,0
2969-QWUBZ,2,Yes,No,No,21,Yes,None,No,0
2969-VAPYH,67,Yes,Yes,No,73,Yes,Offer A,No,0
2969-WGHQO,7,Yes,Yes,No,29,Yes,None,Yes,1
2971-SGAFL,13,Yes,Yes,Yes,23,No,Offer D,No,0
2972-YDYUW,57,Yes,Yes,Yes,7,Yes,None,No,0
2974-GGUXS,36,Yes,Yes,Yes,16,Yes,Offer C,No,0
2977-CEBSX,66,Yes,Yes,Yes,24,Yes,None,No,0
2978-XXSOG,22,Yes,Yes,Yes,24,Yes,Offer D,No,0
2979-SXESE,17,Yes,Yes,Yes,12,Yes,Offer D,Yes,1
2982-IHMFT,1,Yes,Yes,Yes,16,Yes,None,No,0
2982-VPSGI,11,Yes,Yes,Yes,18,Yes,Offer D,Yes,1
2983-ZANRP,2,Yes,Yes,No,59,Yes,None,Yes,1
2984-AFWNC,3,Yes,Yes,No,28,Yes,None,No,0
2984-MIIZL,4,Yes,Yes,No,29,Yes,None,No,0
2984-RGEYA,69,No,Yes,No,0,No,Offer A,Yes,9
2984-TBYKU,72,Yes,Yes,Yes,25,Yes,Offer A,Yes,6
2985-FMWYF,23,Yes,Yes,Yes,23,Yes,Offer D,No,0
2985-JUUBZ,40,Yes,Yes,Yes,75,Yes,Offer B,Yes,5
2987-BJXIK,70,Yes,Yes,Yes,10,Yes,None,No,0
2988-GBIVW,70,Yes,Yes,Yes,25,Yes,None,Yes,10
2988-PLAHS,3,Yes,Yes,No,17,No,Offer E,No,0
2988-QRAJY,69,Yes,Yes,Yes,73,Yes,Offer A,No,0
2990-HWIML,6,Yes,Yes,No,25,Yes,Offer E,No,0
2990-IAJSV,72,Yes,Yes,Yes,20,Yes,None,No,0
2990-OGYTD,67,Yes,Yes,Yes,23,Yes,Offer A,Yes,1
2995-UPRYS,40,Yes,Yes,No,22,Yes,None,Yes,1
2995-YWTCD,19,No,Yes,Yes,0,No,None,Yes,1
2996-XAUVF,70,Yes,No,No,59,Yes,Offer A,No,0
2999-AANRQ,21,Yes,Yes,No,71,No,None,No,0
3001-CBHLQ,32,Yes,Yes,Yes,22,Yes,Offer C,Yes,1
3001-UNBTL,29,Yes,Yes,Yes,19,Yes,Offer C,Yes,1
3002-WQZWT,29,Yes,Yes,Yes,82,Yes,Offer C,No,0
3003-CMDUU,25,Yes,Yes,No,52,No,None,No,0
3005-NFMTA,55,Yes,Yes,Yes,21,Yes,Offer B,No,0
3005-TYFRD,55,Yes,Yes,Yes,25,Yes,Offer B,Yes,4
3006-XIMLN,2,Yes,Yes,Yes,13,Yes,None,No,0
3007-FDPEA,2,No,Yes,No,0,No,None,No,0
3009-JWMPU,62,Yes,Yes,Yes,9,Yes,Offer B,No,0
3011-WQKSZ,19,No,Yes,No,0,No,Offer D,No,0
3012-VFFMN,7,No,Yes,No,0,No,None,Yes,7
3014-WJKSM,29,Yes,Yes,No,59,Yes,None,Yes,10
3016-KSVCP,29,Yes,No,No,22,Yes,Offer C,Yes,4
3018-TFTSU,12,Yes,Yes,No,3,Yes,Offer D,No,0
3021-VLNRJ,50,Yes,Yes,No,71,Yes,Offer B,No,0
3022-BEXHZ,67,Yes,Yes,Yes,47,Yes,None,Yes,6
3023-GFLBR,33,Yes,Yes,Yes,28,Yes,None,Yes,1
3026-ATZYV,37,Yes,Yes,No,23,Yes,Offer C,Yes,3
3027-YNWZU,64,No,Yes,Yes,0,No,Offer B,Yes,5
3027-ZTDHO,1,Yes,Yes,No,53,Yes,Offer E,No,0
3030-YDNRM,8,Yes,Yes,Yes,7,Yes,Offer E,No,0
3030-YZADT,9,Yes,Yes,No,26,No,Offer E,No,0
3030-ZKIWL,1,No,Yes,No,0,No,None,No,0
3034-ZBEQN,48,Yes,No,No,22,Yes,None,Yes,1
3038-PQIUY,38,Yes,Yes,Yes,13,Yes,None,No,0
3039-MJSLN,3,No,Yes,No,0,No,None,No,0
3043-SUDUA,32,No,Yes,No,0,No,Offer C,No,0
3043-TYBNO,3,Yes,Yes,No,11,Yes,None,No,0
3045-XETSH,10,Yes,Yes,Yes,21,Yes,None,No,0
3049-NDXFL,1,Yes,Yes,Yes,59,Yes,Offer E,No,0
3049-SOLAY,3,Yes,Yes,Yes,42,No,None,Yes,5
3050-GBUSH,3,Yes,No,No,46,Yes,None,No,0
3050-RLLXC,56,Yes,Yes,Yes,30,Yes,Offer B,Yes,10
3055-MJDSB,9,Yes,No,No,52,Yes,Offer E,No,0
3055-OYMSE,53,Yes,Yes,No,15,Yes,None,No,0
3055-VTCGS,63,Yes,Yes,No,9,Yes,Offer B,No,0
3057-VJJQE,35,Yes,Yes,Yes,21,Yes,None,No,0
3058-HJCUY,41,Yes,Yes,Yes,10,Yes,Offer B,Yes,1
3058-WQDRE,13,Yes,No,No,16,Yes,Offer D,No,0
3059-NGMXB,14,Yes,Yes,Yes,76,Yes,Offer D,Yes,8
3061-BCKYI,14,No,Yes,No,0,No,Offer D,No,0
3062-ICYZQ,51,Yes,Yes,Yes,75,Yes,None,Yes,9
3063-QFSZL,1,Yes,Yes,No,4,Yes,Offer E,No,0
3066-RRJIO,1,Yes,Yes,No,46,Yes,Offer E,No,0
3067-SVMTC,68,Yes,Yes,No,14,No,None,Yes,9
3068-OMWZA,1,Yes,Yes,Yes,20,No,None,No,0
3069-SSVSN,1,Yes,No,No,18,Yes,None,No,0
3070-BDOQC,60,Yes,Yes,No,21,Yes,None,No,0
3070-DVEYC,7,Yes,Yes,Yes,7,Yes,None,No,0
3070-FNFZQ,23,No,Yes,No,0,No,Offer D,Yes,1
3071-MVJCD,72,Yes,Yes,Yes,15,Yes,Offer A,Yes,10
3071-VBYPO,3,Yes,Yes,No,12,Yes,Offer E,Yes,1
3074-GQWYX,5,Yes,Yes,Yes,59,Yes,None,No,0
3077-RSNTJ,6,No,Yes,No,0,No,None,Yes,9
3078-ZKNTS,13,No,Yes,No,0,No,None,Yes,7
3079-BCHLN,47,No,Yes,No,0,No,Offer B,No,0
3082-VQXNH,3,Yes,No,No,4,Yes,Offer E,Yes,1
3082-WQRVY,14,No,Yes,No,0,No,None,Yes,8
3082-YVEKW,23,Yes,Yes,Yes,12,Yes,None,Yes,10
3084-DOWLE,72,Yes,Yes,Yes,16,No,Offer A,Yes,8
3085-QUOZK,1,Yes,Yes,No,9,Yes,Offer E,No,0
3086-RUCRN,66,Yes,Yes,Yes,20,Yes,Offer A,No,0
3088-FVYWK,53,No,Yes,Yes,0,No,Offer B,Yes,3
3088-LHEFH,11,Yes,Yes,Yes,48,Yes,Offer D,No,0
3090-HAWSU,61,Yes,Yes,Yes,11,Yes,None,No,0
3090-LETTY,2,Yes,Yes,Yes,12,Yes,None,No,0
3090-QFUVD,1,No,Yes,No,0,No,None,No,0
3091-FYHKI,1,Yes,No,No,22,Yes,Offer E,No,0
3092-IGHWF,67,Yes,Yes,Yes,10,Yes,Offer A,Yes,1
3094-JOJAI,18,Yes,Yes,Yes,20,Yes,None,No,0
3096-GKWEB,18,Yes,Yes,Yes,16,Yes,None,Yes,1
3096-IZETN,12,Yes,Yes,No,18,Yes,Offer D,No,0
3096-JRDSO,27,Yes,Yes,Yes,27,Yes,Offer C,Yes,5
3096-WPXBT,61,Yes,Yes,Yes,19,No,Offer B,Yes,5
3096-YXENJ,65,Yes,Yes,Yes,52,Yes,None,Yes,1
3097-FQTVJ,41,No,Yes,No,0,No,Offer B,No,0
3097-IDVPU,19,Yes,Yes,Yes,13,No,Offer D,Yes,10
3097-NNSPB,2,Yes,Yes,No,13,No,Offer E,No,0
3097-NQYSN,2,Yes,Yes,Yes,11,No,None,Yes,3
3097-PYWXL,4,No,Yes,No,0,No,None,Yes,1
3099-OONVS,25,Yes,Yes,No,22,Yes,Offer C,Yes,6
3104-OWCGK,60,Yes,Yes,No,52,Yes,Offer B,Yes,1
3106-ULWFW,8,Yes,Yes,Yes,16,Yes,Offer E,No,0
3108-PCCGG,72,Yes,Yes,Yes,9,Yes,Offer A,Yes,3
3113-IWHLC,5,Yes,Yes,No,51,Yes,None,No,0
3115-CZMZD,0,No,Yes,No,0,No,None,No,0
3115-JPJDD,59,Yes,Yes,No,12,Yes,None,Yes,1
3118-UHVVQ,68,No,Yes,Yes,0,No,Offer A,Yes,8
3120-FAZKD,54,No,Yes,Yes,0,No,Offer B,Yes,7
3125-RAHBV,22,No,Yes,No,0,No,Offer D,No,0
3126-WQMGH,49,Yes,Yes,Yes,41,No,None,Yes,6
3128-YOVTD,51,Yes,Yes,No,71,Yes,None,Yes,6
3129-AAQOU,19,No,Yes,Yes,0,No,Offer D,Yes,4
3130-ICDUP,2,Yes,Yes,Yes,11,Yes,None,No,0
3131-NWVFJ,14,No,Yes,No,0,No,None,Yes,9
3132-TVFDZ,57,Yes,No,No,3,Yes,None,Yes,1
3133-PZNSR,72,Yes,Yes,Yes,59,Yes,None,Yes,1
3134-DSHVC,63,Yes,Yes,Yes,21,Yes,None,No,0
3137-LUPIX,4,Yes,Yes,Yes,19,Yes,None,No,0
3137-NYQQI,17,Yes,Yes,No,11,Yes,Offer D,Yes,2
3138-BKYAV,6,Yes,Yes,No,27,Yes,None,No,0
3143-ILDAL,56,Yes,Yes,Yes,51,Yes,None,No,0
3143-JQEGI,13,Yes,Yes,No,10,Yes,None,Yes,1
3144-AUDBS,6,Yes,Yes,No,28,Yes,Offer E,Yes,1
3144-KMTWZ,71,Yes,Yes,Yes,7,No,Offer A,Yes,8
3146-JTQHR,10,No,Yes,No,0,No,Offer D,Yes,3
3146-MSEGF,72,Yes,Yes,Yes,6,Yes,Offer A,Yes,1
3148-AOIQT,69,No,Yes,Yes,0,No,None,Yes,10
3148-BLQJT,1,No,Yes,No,0,No,Offer E,No,0
3154-CFSZG,47,Yes,Yes,No,20,Yes,None,Yes,3
3154-HMWUU,60,No,Yes,No,0,No,Offer B,Yes,9
3156-QLHBO,2,No,Yes,No,0,No,None,No,0
3158-MOERK,2,Yes,Yes,Yes,28,Yes,None,No,0
3160-TYXLT,53,Yes,No,No,24,Yes,Offer B,No,0
3161-GETRM,34,Yes,Yes,Yes,57,Yes,Offer C,Yes,10
3161-ONRWK,60,Yes,Yes,No,30,Yes,Offer B,Yes,4
3162-KKZXO,55,Yes,Yes,Yes,3,Yes,None,No,0
3162-ZJZFU,53,Yes,Yes,No,52,Yes,None,Yes,5
3164-AALRN,5,Yes,Yes,No,22,No,None,No,0
3164-YAXFY,57,Yes,No,No,30,Yes,Offer B,No,0
3165-HDOEW,1,Yes,Yes,No,6,Yes,None,Yes,1
3166-PNEOF,61,Yes,Yes,Yes,24,Yes,Offer B,No,0
3167-SNQPL,38,Yes,Yes,Yes,27,Yes,None,Yes,9
3170-GWYKC,60,Yes,Yes,No,48,Yes,None,No,0
3170-NMYVV,50,No,Yes,No,0,No,Offer B,Yes,5
3173-NVMPX,9,Yes,Yes,Yes,22,Yes,None,Yes,1
3173-WSSUE,71,No,Yes,No,0,No,None,Yes,5
3174-AKMAS,46,Yes,Yes,No,6,Yes,None,Yes,1
3174-RKMOW,35,Yes,Yes,Yes,73,Yes,None,Yes,8
3177-LASXD,1,Yes,Yes,No,13,No,None,No,0
3178-CIFOT,23,No,Yes,No,0,No,Offer D,No,0
3178-FESZO,1,Yes,Yes,Yes,17,Yes,Offer E,No,0
3179-GBRWV,21,Yes,Yes,No,30,Yes,None,Yes,5
3181-MIZBN,16,No,Yes,No,0,No,None,Yes,2
3181-VTHOE,70,Yes,No,No,41,No,None,Yes,10
3186-AJIEK,66,Yes,Yes,No,11,Yes,None,No,0
3186-BAXNB,1,Yes,Yes,No,52,Yes,Offer E,No,0
3190-FZATL,14,No,Yes,No,0,No,None,No,0
3190-ITQXP,46,No,Yes,No,0,No,None,Yes,7
3190-XFANI,49,Yes,Yes,Yes,3,Yes,None,No,0
3191-CSNMG,3,Yes,Yes,No,17,Yes,Offer E,Yes,5
3192-LNKRK,34,Yes,Yes,No,26,Yes,None,Yes,10
3192-NQECA,68,Yes,Yes,Yes,47,Yes,Offer A,Yes,4
3194-ORPIK,50,Yes,Yes,Yes,17,Yes,None,Yes,1
3195-TQDZX,3,No,Yes,No,0,No,None,No,0
3196-NVXLZ,25,Yes,Yes,Yes,59,Yes,Offer C,No,0
3197-ARFOY,19,Yes,Yes,No,12,No,None,No,0
3197-NNYNB,65,Yes,Yes,Yes,30,Yes,Offer B,No,0
3198-VELRD,3,Yes,Yes,Yes,30,Yes,None,Yes,1
3199-NPKCN,67,Yes,Yes,Yes,23,Yes,None,Yes,1
3199-XGZCY,8,Yes,Yes,Yes,3,Yes,None,No,0
3200-MNQTF,67,Yes,Yes,Yes,15,Yes,None,Yes,8
3205-MXZRA,26,Yes,Yes,No,6,Yes,Offer C,No,0
3207-OYBWH,57,Yes,Yes,Yes,21,Yes,None,Yes,1
3208-YPIOE,39,Yes,Yes,Yes,5,Yes,Offer C,No,0
3209-ZPKFI,47,Yes,Yes,Yes,26,Yes,Offer B,Yes,1
3211-AAPKX,20,Yes,Yes,Yes,59,Yes,None,No,0
3211-ILJTT,17,Yes,Yes,No,11,Yes,None,Yes,1
3212-KXOCR,52,No,Yes,No,0,No,None,No,0
3213-VVOLG,0,No,Yes,Yes,0,No,None,Yes,3
3214-IYUUQ,61,Yes,Yes,No,69,Yes,None,No,0
3217-FZDMN,8,Yes,Yes,No,8,Yes,Offer E,No,0
3219-JQRSL,72,Yes,Yes,Yes,13,Yes,None,Yes,1
3221-CJMSG,24,Yes,Yes,No,2,Yes,None,No,0
3223-DWFIO,4,Yes,Yes,No,25,Yes,None,No,0
3223-WZWJM,26,Yes,Yes,Yes,20,Yes,None,No,0
3224-DFQNQ,66,Yes,Yes,Yes,8,Yes,None,Yes,10
3227-WLKLI,65,Yes,Yes,Yes,26,Yes,None,Yes,1
3229-USWAR,34,Yes,Yes,No,23,Yes,Offer C,No,0
3230-IUALN,45,Yes,Yes,No,29,Yes,None,Yes,10
3230-JCNZS,71,Yes,Yes,Yes,17,Yes,Offer A,Yes,4
3230-WYKIR,18,Yes,Yes,Yes,5,Yes,None,No,0
3234-VKACU,2,Yes,Yes,No,48,Yes,None,No,0
3235-ETOOB,8,Yes,Yes,No,23,Yes,None,Yes,1
3237-AJGEH,3,Yes,No,No,19,No,None,Yes,1
3239-TPHPZ,12,No,Yes,No,0,No,Offer D,Yes,10
3243-ZHOHY,16,No,Yes,No,0,No,Offer D,No,0
3244-CQPHU,72,Yes,Yes,Yes,23,Yes,Offer A,No,0
3244-DCJWY,1,Yes,Yes,No,59,Yes,Offer E,No,0
3247-MHJKM,1,No,Yes,No,0,No,None,No,0
3247-ZVOUO,10,Yes,Yes,Yes,27,Yes,Offer D,No,0
3249-VHRIP,62,Yes,No,No,30,Yes,Offer B,No,0
3249-ZPQRG,4,Yes,Yes,Yes,58,Yes,Offer E,No,0
3251-YMVWZ,53,No,Yes,Yes,0,No,Offer B,No,0
3253-HKOKL,52,Yes,Yes,No,19,Yes,None,Yes,7
3254-YRILK,19,Yes,Yes,Yes,9,Yes,Offer D,No,0
3255-GRXMG,18,Yes,Yes,No,28,No,Offer D,No,0
3256-EZDBI,51,Yes,No,No,21,Yes,Offer B,Yes,1
3258-SANFR,6,Yes,Yes,No,7,Yes,Offer E,No,0
3258-SYSWS,72,Yes,Yes,Yes,26,Yes,None,No,0
3258-ZKPAI,72,Yes,Yes,Yes,52,Yes,None,Yes,7
3259-FDWOY,71,Yes,Yes,Yes,12,Yes,Offer A,Yes,3
3259-KNMRR,57,Yes,Yes,Yes,16,Yes,Offer B,No,0
3259-QMXUN,58,Yes,Yes,Yes,2,No,Offer B,Yes,3
3261-CQXOL,71,No,Yes,Yes,0,No,Offer A,No,0
3262-EIDHV,72,Yes,Yes,Yes,19,Yes,Offer A,Yes,1
3266-FTKHB,17,No,Yes,No,0,No,None,No,0
3269-ATYWD,39,Yes,Yes,Yes,23,No,Offer C,No,0
3272-VUHPV,8,Yes,Yes,No,59,No,None,Yes,10
3274-NSDWE,68,No,Yes,No,0,No,None,No,0
3275-RHRNE,28,Yes,No,No,52,Yes,None,Yes,8
3276-HDUEG,1,Yes,Yes,Yes,58,Yes,Offer E,No,0
3278-FSIXX,2,Yes,Yes,No,26,Yes,Offer E,No,0
3279-DYZQM,71,No,Yes,No,0,No,None,Yes,6
3280-MRDOF,30,Yes,Yes,Yes,30,Yes,None,No,0
3280-NMUVX,34,No,Yes,No,0,No,None,Yes,7
3282-ZISZV,32,Yes,Yes,Yes,15,Yes,None,No,0
3283-WCWXT,6,No,Yes,Yes,0,No,Offer E,Yes,8
3284-SVCRO,45,No,Yes,Yes,0,No,Offer B,Yes,6
3285-UCQVC,37,Yes,No,No,10,Yes,None,No,0
3292-PBZEJ,11,Yes,Yes,Yes,13,No,None,No,0
3295-YVUSR,2,Yes,Yes,Yes,30,Yes,None,No,0
3296-SILRA,1,Yes,Yes,No,6,Yes,None,Yes,6
3298-QEICA,23,Yes,No,No,42,Yes,None,Yes,10
3301-LSLWQ,29,Yes,Yes,Yes,26,Yes,None,No,0
3301-VKTGC,68,Yes,Yes,Yes,85,Yes,None,Yes,1
3307-TLCUD,17,Yes,No,No,10,Yes,None,Yes,1
3308-DGHKL,69,No,Yes,No,0,No,None,No,0
3308-JSGML,59,Yes,No,No,6,Yes,None,Yes,3
3308-MHOOC,1,No,Yes,No,0,No,None,No,0
3312-UUMZW,32,Yes,Yes,Yes,9,Yes,None,Yes,3
3312-ZWLGF,29,Yes,Yes,Yes,2,Yes,None,No,0
3313-QKNKB,59,Yes,Yes,Yes,52,Yes,Offer B,No,0
3315-IKYZQ,28,Yes,No,No,19,Yes,Offer C,Yes,2
3315-TOTBP,15,Yes,Yes,Yes,52,Yes,Offer D,No,0
3316-UWXUY,50,Yes,Yes,No,21,Yes,Offer B,No,0
3317-HRTNN,5,Yes,No,No,15,Yes,None,No,0
3317-VLGQT,14,Yes,Yes,No,16,Yes,None,Yes,7
3318-ISQFQ,20,No,Yes,No,0,No,Offer D,No,0
3318-NMQXL,3,Yes,Yes,No,9,Yes,Offer E,No,0
3318-OSATS,35,Yes,Yes,Yes,29,No,Offer C,No,0
3319-DWOEP,6,Yes,Yes,No,6,Yes,Offer E,No,0
3320-VEOYC,14,Yes,Yes,Yes,10,Yes,None,No,0
3323-CPBWR,23,Yes,Yes,Yes,6,Yes,Offer D,No,0
3324-OIRTO,71,Yes,Yes,No,59,Yes,Offer A,Yes,1
3325-FUYCG,28,Yes,Yes,Yes,24,Yes,Offer C,Yes,1
3327-YBAKM,64,Yes,Yes,No,21,Yes,None,Yes,10
3329-WDIOK,3,Yes,No,No,25,Yes,None,No,0
3331-HQDTW,34,Yes,Yes,Yes,76,Yes,None,No,0
3334-CTHOL,1,Yes,Yes,Yes,4,Yes,None,No,0
3336-JORSO,33,Yes,Yes,Yes,25,No,Offer C,No,0
3338-CVVEH,12,Yes,Yes,Yes,8,Yes,Offer D,No,0
3339-EAQNV,72,Yes,Yes,Yes,20,Yes,None,Yes,7
3340-QBBFM,36,Yes,Yes,No,28,Yes,Offer C,Yes,9
3345-JHUEO,4,No,Yes,No,0,No,None,No,0
3345-PBBFH,8,Yes,Yes,No,53,Yes,Offer E,Yes,6
3346-BRMIS,18,Yes,No,No,12,Yes,None,Yes,1
3347-YJZZE,29,Yes,Yes,Yes,27,Yes,None,Yes,6
3348-CFRNX,28,Yes,Yes,No,20,Yes,None,Yes,1
3349-ANQNH,59,Yes,Yes,Yes,9,Yes,None,No,0
3351-NGXYI,16,Yes,Yes,Yes,29,Yes,Offer D,No,0
3351-NQLDI,67,Yes,Yes,Yes,11,Yes,Offer A,Yes,1
3352-ALMCK,40,Yes,Yes,Yes,29,Yes,None,No,0
3352-RICWQ,9,No,Yes,No,0,No,Offer E,Yes,6
3354-OADJP,8,Yes,Yes,No,27,Yes,None,No,0
3359-DSRKA,58,No,Yes,No,0,No,Offer B,Yes,9
3363-DTIVD,71,Yes,Yes,Yes,53,Yes,Offer A,Yes,3
3363-EWLGO,5,No,Yes,No,0,No,None,No,0
3365-SAIGS,17,Yes,Yes,No,19,Yes,None,No,0
3370-GQEAL,30,Yes,Yes,Yes,19,No,None,Yes,9
3370-HXOPH,3,Yes,Yes,Yes,17,Yes,None,No,0
3372-CDXFJ,13,No,Yes,Yes,0,No,None,Yes,8
3372-KWFBM,16,Yes,Yes,Yes,22,Yes,None,No,0
3373-DIUUN,30,No,Yes,No,0,No,None,Yes,6
3373-YZZYM,1,No,Yes,No,0,No,None,Yes,10
3374-LXDEV,13,Yes,Yes,Yes,15,Yes,Offer D,No,0
3374-PZLXD,34,No,Yes,No,0,No,Offer C,No,0
3374-TTZTK,52,Yes,Yes,No,51,Yes,None,Yes,4
3376-BMGFE,4,Yes,Yes,No,27,Yes,Offer E,No,0
3378-AJRAO,44,No,Yes,Yes,0,No,None,Yes,7
3384-CTMSF,47,Yes,Yes,Yes,21,Yes,Offer B,Yes,2
3387-PLKUI,13,No,Yes,No,0,No,Offer D,Yes,6
3387-VATUS,5,Yes,Yes,Yes,19,Yes,Offer E,No,0
3389-KTRXV,23,No,Yes,Yes,0,No,None,No,0
3389-YGYAI,8,Yes,Yes,Yes,15,Yes,None,No,0
3391-JSQEW,40,Yes,Yes,No,28,Yes,None,Yes,7
3392-EHMNK,67,Yes,Yes,Yes,27,Yes,Offer A,Yes,1
3393-FMZPV,25,Yes,Yes,Yes,3,Yes,None,No,0
3396-DKDEL,70,Yes,Yes,Yes,53,Yes,Offer A,Yes,3
3397-AVTKU,43,Yes,Yes,No,13,Yes,None,No,0
3398-FSHON,12,Yes,Yes,Yes,18,Yes,None,No,0
3398-GCPMU,72,Yes,Yes,Yes,24,Yes,Offer A,Yes,4
3398-ZOUAA,21,Yes,Yes,No,18,Yes,Offer D,Yes,1
3399-BMLVW,51,Yes,Yes,No,10,Yes,Offer B,Yes,5
3400-ESFUW,55,Yes,Yes,No,48,No,Offer B,Yes,1
3401-URHDA,51,Yes,Yes,Yes,3,Yes,None,No,0
3402-XRIUO,22,Yes,Yes,Yes,25,Yes,Offer D,Yes,5
3404-JNXAX,51,Yes,Yes,Yes,27,Yes,Offer B,Yes,9
3407-JMJQQ,71,Yes,Yes,Yes,69,No,None,Yes,2
3407-QGWLG,3,No,Yes,No,0,No,None,No,0
3410-MHHUM,44,Yes,Yes,Yes,27,No,Offer B,Yes,4
3410-YOQBQ,31,Yes,Yes,No,27,No,None,No,0
3411-WLRSQ,3,Yes,Yes,No,17,No,Offer E,Yes,3
3413-BMNZE,1,Yes,Yes,No,12,Yes,Offer E,No,0
3413-CSSTH,41,Yes,Yes,Yes,3,Yes,None,No,0
3413-DHLPB,60,Yes,Yes,Yes,19,Yes,Offer B,Yes,1
3415-TAILE,2,Yes,Yes,No,51,Yes,None,Yes,1
3417-TSCIC,29,Yes,No,No,59,Yes,None,No,0
3419-SNJJD,65,Yes,Yes,Yes,28,Yes,Offer B,Yes,3
3420-YJLQT,2,Yes,Yes,Yes,6,Yes,Offer E,No,0
3420-ZDBMA,5,Yes,Yes,No,9,Yes,Offer E,No,0
3422-GALYP,2,Yes,Yes,Yes,85,Yes,Offer E,No,0
3422-LYEPQ,1,Yes,Yes,No,19,Yes,Offer E,Yes,1
3422-WJOYD,28,Yes,Yes,No,48,No,None,Yes,1
3423-HHXAO,14,No,Yes,No,0,No,None,Yes,2
3424-NMNBO,58,Yes,Yes,Yes,19,Yes,None,Yes,1
3426-NIYYL,15,Yes,Yes,Yes,26,No,Offer D,No,0
3427-GGZZI,19,Yes,Yes,Yes,52,Yes,None,Yes,1
3428-MMGUB,60,Yes,Yes,Yes,10,Yes,None,No,0
3428-XZMAZ,1,Yes,Yes,No,27,Yes,None,No,0
3429-IFLEM,71,Yes,Yes,No,28,Yes,Offer A,No,0
3439-GVUSX,1,Yes,No,No,29,Yes,None,No,0
3440-JPSCL,6,Yes,Yes,No,59,Yes,None,No,0
3441-CGZJH,43,Yes,No,No,10,No,None,Yes,8
3442-ZHHCC,68,Yes,Yes,Yes,13,Yes,Offer A,No,0
3445-HXXGF,58,Yes,No,No,24,Yes,Offer B,Yes,6
3446-QDSZF,4,Yes,Yes,No,10,Yes,Offer E,No,0
3450-WXOAT,46,Yes,Yes,No,16,Yes,Offer B,No,0
3451-VAWLI,35,No,Yes,No,0,No,None,Yes,5
3452-ABWRL,47,Yes,Yes,Yes,20,Yes,None,No,0
3452-FLHYD,25,No,Yes,No,0,No,None,Yes,3
3452-GWUIN,19,Yes,Yes,Yes,27,Yes,None,Yes,10
3452-SRFEG,49,Yes,Yes,Yes,18,Yes,Offer B,No,0
3453-RTHJQ,6,Yes,Yes,No,18,Yes,Offer E,No,0
3454-JFUBC,68,No,Yes,No,0,No,Offer A,No,0
3457-PQBYH,58,No,Yes,No,0,No,None,Yes,6
3458-IDMFK,25,No,Yes,No,0,No,Offer C,No,0
3460-TJBWI,24,No,Yes,Yes,0,No,None,Yes,1
3462-BJQQA,6,Yes,Yes,Yes,42,No,None,No,0
3466-BYAVD,15,Yes,Yes,No,21,Yes,None,Yes,1
3466-RITXD,26,Yes,Yes,Yes,8,Yes,None,No,0
3466-WAESX,16,Yes,Yes,Yes,18,Yes,Offer D,No,0
3468-DRVQJ,10,Yes,Yes,Yes,26,Yes,None,Yes,5
3470-BTGQO,21,Yes,Yes,No,29,Yes,Offer D,No,0
3470-OBUET,67,Yes,Yes,Yes,16,Yes,None,Yes,5
3472-OAOOR,19,Yes,No,No,52,Yes,None,Yes,3
3472-QPRCH,40,No,Yes,Yes,0,No,None,Yes,9
3473-XIIIT,16,Yes,Yes,Yes,26,Yes,None,Yes,1
3474-BAFSJ,57,Yes,No,No,69,No,None,Yes,2
3481-JHUZH,41,Yes,Yes,Yes,3,Yes,Offer B,Yes,10
3482-ABPKK,28,Yes,Yes,No,48,No,Offer C,No,0
3486-HOOGQ,70,Yes,Yes,Yes,19,Yes,Offer A,Yes,3
3486-KHMLI,21,No,Yes,Yes,0,No,Offer D,No,0
3486-NPGST,36,No,Yes,No,0,No,None,No,0
3487-EARAT,70,Yes,Yes,No,21,Yes,None,Yes,7
3488-PGMQJ,8,Yes,Yes,No,7,Yes,None,No,0
3489-HHPFY,2,Yes,Yes,Yes,13,Yes,None,Yes,9
3489-VSFRD,56,Yes,Yes,No,22,Yes,Offer B,No,0
3494-JCHRQ,1,Yes,Yes,No,20,Yes,None,No,0
3496-LFSZU,4,Yes,Yes,No,5,No,None,Yes,2
3498-LZGQZ,63,No,Yes,No,0,No,None,Yes,2
3500-NSDOA,68,Yes,Yes,Yes,10,Yes,None,Yes,1
3500-RMZLT,15,Yes,Yes,No,8,No,None,No,0
3503-TYDAY,43,Yes,Yes,Yes,15,Yes,Offer B,Yes,7
3506-LCJDC,1,No,Yes,No,0,No,None,Yes,1
3506-OVLKD,35,No,Yes,Yes,0,No,None,No,0
3507-GASNP,60,No,Yes,No,0,No,Offer B,No,0
3508-CFVZL,71,Yes,Yes,Yes,19,Yes,Offer A,No,0
3508-VLHCZ,71,Yes,Yes,Yes,20,Yes,Offer A,Yes,10
3509-GWQGF,24,Yes,Yes,No,13,No,Offer C,No,0
3511-APPBJ,23,Yes,Yes,No,30,Yes,None,No,0
3511-BFTJW,72,Yes,No,No,82,Yes,Offer A,Yes,8
3512-IZIKN,70,Yes,Yes,Yes,24,Yes,Offer A,Yes,1
3518-FSTWG,72,Yes,Yes,Yes,4,Yes,None,Yes,1
3518-PZXZQ,1,Yes,Yes,No,82,Yes,None,Yes,8
3519-ZKXGG,3,Yes,Yes,Yes,29,Yes,Offer E,Yes,1
3520-FJGCV,72,Yes,Yes,Yes,14,Yes,None,Yes,2
3521-HTQTV,34,No,Yes,Yes,0,No,None,No,0
3521-MNKLV,24,Yes,Yes,No,73,Yes,None,No,0
3521-SYVOR,37,Yes,Yes,No,71,Yes,Offer C,No,0
3522-CDKHF,32,Yes,Yes,No,47,Yes,Offer C,Yes,6
3523-BRGUW,26,No,Yes,No,0,No,Offer C,No,0
3523-QRQLL,22,Yes,Yes,No,76,Yes,None,Yes,1
3524-WQDSG,43,Yes,Yes,Yes,59,Yes,None,Yes,8
3525-DVKFN,17,No,Yes,No,0,No,Offer D,No,0
3528-HFRIQ,71,Yes,No,No,28,No,None,Yes,10
3530-CRZSB,7,No,Yes,No,0,No,None,No,0
3530-VWVGU,22,No,Yes,No,0,No,Offer D,Yes,2
3533-UVMOM,68,Yes,Yes,No,3,Yes,None,Yes,4
3536-IQCTX,32,Yes,Yes,Yes,10,Yes,None,Yes,1
3537-HPKQT,55,Yes,Yes,Yes,53,Yes,None,Yes,3
3537-RYBHH,47,Yes,Yes,Yes,24,Yes,None,Yes,1
3538-WZPHD,3,Yes,No,No,3,Yes,Offer E,No,0
3540-RZJYU,15,Yes,Yes,No,59,No,None,No,0
3541-ZNUHK,55,Yes,Yes,Yes,19,Yes,None,Yes,5
3544-FBCAS,72,Yes,Yes,Yes,22,Yes,None,Yes,4
3545-CNWRG,49,Yes,Yes,Yes,57,Yes,Offer B,Yes,7
3546-GHEAE,7,No,Yes,No,0,No,None,No,0
3547-LQRIK,47,No,Yes,Yes,0,No,None,Yes,7
3549-ZTMNH,12,No,Yes,Yes,0,No,None,No,0
3550-SAHFP,33,Yes,Yes,Yes,30,No,None,No,0
3551-GAEGL,34,Yes,No,No,42,Yes,None,No,0
3551-HUAZH,1,Yes,Yes,Yes,12,Yes,Offer E,No,0
3552-CTCYF,63,Yes,Yes,Yes,76,Yes,Offer B,Yes,4
3556-BVQGL,20,No,Yes,No,0,No,Offer D,Yes,2
3557-HTYWR,47,Yes,Yes,Yes,3,Yes,None,No,0
3563-SVYLG,68,Yes,Yes,No,24,Yes,Offer A,Yes,4
3565-UNOCC,29,Yes,Yes,Yes,6,Yes,None,Yes,1
3566-CAAYU,64,Yes,No,No,59,Yes,Offer B,Yes,3
3566-HJGPK,1,Yes,Yes,No,4,Yes,Offer E,No,0
3566-VVORZ,12,Yes,Yes,No,4,Yes,None,No,0
3567-PQTSO,53,Yes,Yes,Yes,27,Yes,Offer B,Yes,7
3569-EDBPQ,24,Yes,Yes,Yes,3,Yes,None,No,0
3569-JFODW,72,Yes,Yes,Yes,47,Yes,None,Yes,2
3569-VLDHH,66,Yes,Yes,No,76,Yes,Offer A,No,0
3570-YUEKJ,42,Yes,Yes,No,23,Yes,None,No,0
3571-DPYUH,58,Yes,Yes,Yes,69,Yes,Offer B,Yes,1
3571-RFHAR,65,Yes,Yes,Yes,4,No,Offer B,No,0
3572-UOLYZ,46,Yes,Yes,Yes,59,Yes,None,No,0
3572-UUHRS,45,No,Yes,No,0,No,None,No,0
3577-AMVUX,1,Yes,Yes,No,15,Yes,None,No,0
3580-GICBM,61,No,Yes,Yes,0,No,None,Yes,7
3580-HYCSP,72,Yes,Yes,Yes,51,Yes,None,Yes,10
3580-REOAC,10,Yes,Yes,No,17,Yes,None,No,0
3583-EKAPL,1,Yes,Yes,No,53,Yes,None,No,0
3583-KRKMD,18,Yes,Yes,No,20,Yes,None,No,0
3584-WKTTW,51,Yes,Yes,Yes,76,Yes,Offer B,Yes,2
3585-ISXZP,8,Yes,Yes,Yes,12,Yes,None,No,0
3585-YNADK,57,Yes,Yes,Yes,27,Yes,None,Yes,2
3587-PMCOY,10,Yes,Yes,No,26,Yes,Offer D,No,0
3588-WSTTJ,35,Yes,Yes,Yes,7,Yes,Offer C,No,0
3589-PPVKW,9,Yes,Yes,No,26,Yes,Offer E,No,0
3590-TCXTB,1,No,Yes,No,0,No,None,No,0
3594-BDSOA,24,No,Yes,No,0,No,None,Yes,6
3594-IVHJZ,2,No,Yes,No,0,No,None,No,0
3594-KADLU,3,Yes,No,No,25,Yes,Offer E,Yes,3
3594-UVONA,35,Yes,Yes,Yes,46,No,Offer C,No,0
3597-MVHJT,27,Yes,Yes,Yes,24,Yes,None,No,0
3597-YASZG,70,Yes,Yes,Yes,13,Yes,Offer A,Yes,3
3604-WLABM,10,Yes,Yes,No,29,Yes,Offer D,No,0
3605-JISKB,55,Yes,Yes,Yes,23,Yes,None,Yes,2
3606-SBKRY,31,Yes,No,No,5,Yes,None,No,0
3606-TWKGI,13,Yes,Yes,Yes,11,No,Offer D,No,0
3612-YUNGG,64,Yes,Yes,Yes,12,Yes,None,Yes,1
3612-YVGSJ,71,No,Yes,Yes,0,No,None,Yes,10
3617-XLSGQ,66,Yes,Yes,Yes,25,No,None,Yes,2
3620-EHIMZ,52,No,Yes,No,0,No,None,Yes,3
3620-MWJNE,2,Yes,Yes,No,19,Yes,None,No,0
3621-CEOVK,14,Yes,Yes,Yes,19,Yes,None,Yes,1
3621-CHYVB,57,Yes,No,No,14,Yes,None,Yes,2
3623-FQBOX,21,No,Yes,No,0,No,Offer D,No,0
3627-FCRDW,9,Yes,Yes,No,9,Yes,None,No,0
3627-FHKBK,1,Yes,Yes,No,51,Yes,None,No,0
3629-WEAAM,8,Yes,Yes,No,73,No,None,No,0
3629-ZNKXA,17,Yes,Yes,No,25,No,None,No,0
3633-CDBUW,17,Yes,Yes,No,73,No,None,No,0
3635-JBPSG,15,Yes,No,No,23,Yes,None,No,0
3635-QQRQD,62,No,Yes,No,0,No,None,No,0
3638-DIMPH,13,Yes,Yes,No,2,Yes,None,Yes,1
3638-VBZTA,68,Yes,Yes,Yes,29,Yes,None,No,0
3638-WEABW,58,Yes,Yes,Yes,76,Yes,Offer B,Yes,1
3639-XJHKQ,19,Yes,Yes,No,20,Yes,Offer D,No,0
3640-JQGJG,13,Yes,Yes,No,59,No,None,No,0
3640-PHQXK,31,Yes,Yes,Yes,11,Yes,None,No,0
3642-BYHDO,71,No,Yes,No,0,No,Offer A,Yes,4
3642-GKTCT,61,Yes,Yes,Yes,7,Yes,Offer B,No,0
3643-AHCFP,7,Yes,Yes,Yes,11,Yes,None,Yes,1
3644-QXEHN,13,Yes,Yes,No,19,Yes,Offer D,Yes,1
3645-DEYGF,1,No,Yes,No,0,No,None,No,0
3646-ITDGM,56,No,Yes,No,0,No,Offer B,No,0
3647-GMGDH,22,Yes,Yes,No,15,Yes,None,Yes,7
3648-GZPHF,32,Yes,No,No,53,Yes,Offer C,Yes,2
3649-JPUGY,72,Yes,Yes,Yes,48,Yes,Offer A,No,0
3653-NCRDJ,43,No,Yes,No,0,No,None,Yes,10
3654-ARMGP,61,Yes,Yes,Yes,22,Yes,None,No,0
3655-SNQYZ,69,Yes,Yes,Yes,3,Yes,Offer A,Yes,7
3656-TKRVZ,3,Yes,Yes,No,52,Yes,None,No,0
3657-COGMW,52,Yes,Yes,Yes,18,Yes,None,No,0
3658-KIBGF,1,Yes,Yes,No,58,Yes,None,No,0
3658-QQJYD,62,Yes,Yes,No,30,Yes,Offer B,No,0
3662-FXJFO,54,No,Yes,No,0,No,Offer B,No,0
3663-MITLP,15,Yes,Yes,No,26,Yes,None,No,0
3665-JATSN,19,Yes,No,No,59,No,None,No,0
3668-QPYBK,2,Yes,Yes,No,21,Yes,None,No,0
3669-LVWZB,5,Yes,No,No,59,Yes,None,No,0
3669-OYSJI,1,Yes,Yes,No,21,Yes,Offer E,No,0
3669-WHAFY,71,Yes,Yes,Yes,9,Yes,Offer A,Yes,7
3671-SHRSP,4,Yes,Yes,No,2,Yes,Offer E,Yes,1
3672-YITQD,36,Yes,Yes,Yes,15,Yes,Offer C,Yes,1
3675-EQOZA,5,No,Yes,No,0,No,Offer E,No,0
3675-YDUPJ,10,No,Yes,No,0,No,Offer D,No,0
3677-IYRBF,2,Yes,No,No,13,Yes,None,No,0
3677-TNKIO,14,Yes,Yes,No,52,Yes,None,No,0
3678-MNGZX,68,No,Yes,No,0,No,Offer A,Yes,1
3679-XASPY,1,No,Yes,No,0,No,Offer E,Yes,1
3680-CTHUH,60,Yes,Yes,Yes,52,Yes,None,No,0
3682-YEUWS,10,No,Yes,Yes,0,No,None,Yes,4
3683-QKIUE,6,Yes,Yes,No,12,Yes,Offer E,No,0
3685-YLCMQ,58,Yes,Yes,Yes,25,No,Offer B,No,0
3688-FTHLT,16,Yes,Yes,Yes,23,No,None,No,0
3689-MOZGR,29,Yes,No,No,59,Yes,None,No,0
3692-JHONH,52,Yes,Yes,Yes,18,No,None,Yes,9
3694-DELSO,4,Yes,No,No,53,Yes,None,Yes,3
3694-GLTJM,5,No,Yes,No,0,No,None,No,0
3696-DFHHB,68,No,Yes,Yes,0,No,None,No,0
3696-XRIEN,50,Yes,Yes,Yes,2,Yes,Offer B,No,0
3701-SFMUH,7,Yes,Yes,No,51,Yes,Offer E,Yes,6
3703-KBKZP,16,Yes,Yes,Yes,5,Yes,Offer D,No,0
3703-TTEPD,21,Yes,Yes,No,42,Yes,None,No,0
3703-VAVCL,2,Yes,Yes,No,7,Yes,None,Yes,1
3704-IEAXF,72,Yes,No,No,53,Yes,None,Yes,9
3705-PSNGL,45,No,Yes,No,0,No,Offer B,No,0
3705-RHRFR,69,Yes,Yes,Yes,19,Yes,None,Yes,6
3707-GNWHM,1,Yes,Yes,Yes,42,Yes,None,No,0
3707-LRWZD,32,Yes,Yes,Yes,14,Yes,None,No,0
3709-OIJEA,26,Yes,Yes,No,11,Yes,None,No,0
3712-PKXZA,61,No,Yes,No,0,No,None,Yes,3
3714-JTVOV,42,Yes,Yes,No,21,Yes,Offer B,Yes,1
3714-NTNFO,49,Yes,Yes,Yes,24,Yes,Offer B,No,0
3714-XPXBW,37,Yes,Yes,Yes,4,No,None,No,0
3716-BDVDB,1,Yes,Yes,No,18,Yes,Offer E,No,0
3716-LRGXK,60,Yes,Yes,Yes,48,Yes,None,No,0
3716-UVSPD,1,Yes,Yes,No,5,No,None,No,0
3717-FDJFU,5,No,Yes,No,0,No,Offer E,No,0
3717-LNXKW,38,Yes,Yes,Yes,9,Yes,None,Yes,3
3717-OEAUQ,2,Yes,Yes,No,14,No,Offer E,No,0
3717-OFRTN,1,No,Yes,No,0,No,Offer E,No,0
3719-TDVQB,54,No,Yes,No,0,No,None,Yes,3
3720-DBRWL,51,Yes,Yes,No,41,Yes,Offer B,Yes,5
3721-CNEYS,2,Yes,Yes,No,26,Yes,None,No,0
3721-CNZHX,15,No,Yes,No,0,No,None,No,0
3721-WKIIL,27,No,Yes,No,0,No,None,No,0
3722-WPXTK,1,Yes,Yes,No,46,Yes,None,No,0
3723-BFBGR,24,Yes,Yes,Yes,27,No,None,No,0
3724-BSCVH,10,No,Yes,No,0,No,Offer D,No,0
3724-UCSHY,6,No,Yes,No,0,No,Offer E,Yes,5
3726-TBHQT,71,Yes,Yes,Yes,59,Yes,None,No,0
3727-JEZTU,1,No,Yes,No,0,No,None,No,0
3727-OVPRY,66,No,Yes,Yes,0,No,Offer A,Yes,3
3727-OWVYD,35,Yes,Yes,No,82,Yes,None,No,0
3727-RJMEO,6,Yes,Yes,Yes,28,Yes,None,Yes,3
3729-OWRVL,65,Yes,Yes,Yes,27,Yes,None,No,0
3733-LSYCE,15,Yes,Yes,No,71,Yes,None,Yes,6
3733-UOCWF,61,Yes,Yes,Yes,23,Yes,Offer B,Yes,5
3733-ZEECP,22,Yes,Yes,No,27,Yes,None,Yes,3
3736-BLEPA,28,Yes,Yes,No,12,Yes,Offer C,No,0
3737-GCSPV,11,Yes,Yes,Yes,19,Yes,None,Yes,5
3737-XBQDD,24,Yes,Yes,Yes,14,No,Offer C,No,0
3739-YBWAB,36,Yes,No,No,23,Yes,Offer C,Yes,7
3740-RLMVT,67,Yes,Yes,No,12,Yes,Offer A,Yes,7
3744-ZBHON,3,No,Yes,No,0,No,None,No,0
3744-ZRRDZ,21,Yes,Yes,Yes,48,Yes,Offer D,No,0
3745-HRPHI,66,Yes,No,No,28,Yes,None,No,0
3746-EUBYR,1,Yes,Yes,Yes,3,Yes,Offer E,Yes,1
3748-FVMZZ,4,Yes,No,No,13,Yes,None,No,0
3750-CKVKH,2,Yes,Yes,No,4,Yes,None,No,0
3750-RNQKR,12,No,Yes,No,0,No,None,No,0
3750-YHRYO,7,No,Yes,No,0,No,None,Yes,1
3751-KTZEL,1,Yes,No,No,22,Yes,Offer E,No,0
3752-CQSJI,13,No,Yes,No,0,No,Offer D,Yes,1
3753-TSEMP,15,Yes,Yes,No,76,Yes,None,Yes,1
3754-DXMRT,2,Yes,Yes,No,25,Yes,None,No,0
3755-JBMNH,16,Yes,Yes,No,5,Yes,None,Yes,1
3756-VNWDH,65,Yes,Yes,Yes,8,Yes,None,Yes,6
3757-NJYBX,32,Yes,Yes,Yes,3,Yes,None,Yes,3
3758-CKOQL,59,Yes,Yes,Yes,48,No,Offer B,Yes,7
3761-FLYZI,65,Yes,Yes,Yes,9,Yes,None,Yes,4
3763-GCZHZ,66,Yes,Yes,Yes,85,Yes,Offer A,Yes,1
3764-MNMOI,46,No,Yes,No,0,No,Offer B,No,0
3765-JXVKY,1,Yes,Yes,No,69,Yes,Offer E,No,0
3766-EJLFL,68,Yes,Yes,Yes,53,Yes,None,Yes,1
3768-NLUBH,57,Yes,Yes,Yes,3,Yes,Offer B,Yes,1
3768-VHXQO,67,No,Yes,Yes,0,No,Offer A,Yes,9
3769-MHZNV,33,No,Yes,No,0,No,None,Yes,2
3771-PZOBW,20,Yes,Yes,Yes,27,Yes,Offer D,No,0
3774-VBNXY,64,No,Yes,No,0,No,None,Yes,1
3776-EKTKM,1,Yes,No,No,26,Yes,None,No,0
3777-XROBG,58,No,Yes,No,0,No,None,Yes,4
3778-FOAQW,24,No,Yes,No,0,No,Offer C,Yes,1
3779-OSWCF,71,Yes,Yes,Yes,23,Yes,None,Yes,8
3780-DDGSE,35,Yes,Yes,No,17,Yes,Offer C,Yes,6
3780-YVMFA,8,Yes,Yes,No,17,Yes,None,Yes,1
3785-KTYSH,53,No,Yes,Yes,0,No,None,No,0
3785-NRHYR,1,No,Yes,No,0,No,None,No,0
3786-WOVKF,72,Yes,Yes,Yes,20,No,Offer A,Yes,8
3787-TRIAL,21,Yes,No,No,59,Yes,Offer D,Yes,1
3791-LGQCY,56,Yes,Yes,Yes,29,No,None,Yes,1
3793-MMFUH,13,Yes,Yes,Yes,24,Yes,None,No,0
3794-NFNCH,30,Yes,Yes,No,6,Yes,Offer C,Yes,10
3795-CAWEX,70,Yes,Yes,Yes,71,Yes,Offer A,Yes,5
3795-GWTRD,63,Yes,Yes,No,30,Yes,None,Yes,7
3796-ENZGF,63,Yes,Yes,Yes,28,No,None,Yes,2
3797-FKOGQ,11,Yes,Yes,Yes,10,No,None,No,0
3797-VTIDR,1,Yes,No,No,21,Yes,Offer E,Yes,3
3798-EPWRR,2,Yes,Yes,No,30,Yes,Offer E,No,0
3799-ISUZQ,7,Yes,Yes,No,3,Yes,None,Yes,9
3800-LYTRK,14,Yes,Yes,No,26,No,None,No,0
3801-HMYNL,1,Yes,Yes,No,18,Yes,None,Yes,1
3803-KMQFW,1,No,Yes,No,0,No,None,Yes,1
3804-RVTGV,50,Yes,Yes,Yes,14,Yes,Offer B,Yes,6
3806-DXQOM,4,Yes,No,No,4,Yes,Offer E,No,0
3806-YAZOV,3,No,Yes,No,0,No,Offer E,No,0
3807-BPOMJ,55,Yes,Yes,No,17,Yes,Offer B,Yes,6
3807-XHCJH,1,No,Yes,No,0,No,None,Yes,4
3808-HFKDE,20,Yes,Yes,No,18,Yes,Offer D,No,0
3810-DVDQQ,72,Yes,Yes,Yes,48,Yes,None,Yes,10
3810-PJUHR,70,No,Yes,Yes,0,No,Offer A,Yes,6
3811-VBYBZ,7,Yes,Yes,Yes,2,No,None,No,0
3812-LRZIR,27,No,Yes,Yes,0,No,None,Yes,1
3813-DHBBB,67,Yes,No,No,6,Yes,None,Yes,10
3814-MLAXC,31,Yes,Yes,Yes,12,Yes,None,No,0
3815-SLMEF,3,Yes,No,No,52,Yes,Offer E,No,0
3823-KYNQY,12,No,Yes,Yes,0,No,Offer D,No,0
3824-RHKVR,17,No,Yes,No,0,No,Offer D,No,0
3831-YCPUO,72,Yes,Yes,No,19,Yes,None,Yes,3
3834-XUIFC,7,Yes,Yes,Yes,26,Yes,Offer E,No,0
3836-FZSDJ,71,No,Yes,Yes,0,No,Offer A,No,0
3838-OZURD,66,Yes,Yes,Yes,51,Yes,Offer A,No,0
3841-CONLJ,1,Yes,No,No,14,Yes,None,Yes,9
3841-NFECX,71,Yes,Yes,Yes,12,Yes,None,Yes,3
3842-IYKUE,35,Yes,Yes,Yes,41,No,Offer C,No,0
3842-QTGDL,16,Yes,Yes,No,30,Yes,None,Yes,8
3845-FXCYS,2,No,Yes,No,0,No,None,No,0
3845-JHAMY,16,Yes,No,No,53,No,Offer D,Yes,1
3847-BAERP,10,No,Yes,No,0,No,None,No,0
3850-OKINF,71,Yes,Yes,Yes,26,Yes,Offer A,No,0
3853-LYGAM,17,Yes,Yes,Yes,5,Yes,None,No,0
3855-ONCAR,4,Yes,Yes,No,53,Yes,None,Yes,9
3858-VOBET,23,Yes,Yes,Yes,13,Yes,None,No,0
3858-XHYJO,40,Yes,Yes,Yes,76,Yes,Offer B,Yes,5
3859-CVCET,4,Yes,Yes,No,27,Yes,None,No,0
3863-IUBJR,12,Yes,Yes,No,26,Yes,None,Yes,1
3863-QSTYI,59,Yes,Yes,No,18,Yes,None,No,0
3865-QBWSJ,38,Yes,Yes,Yes,27,Yes,None,No,0
3865-YIOTT,72,Yes,Yes,Yes,26,Yes,None,Yes,1
3865-ZFZIB,19,No,Yes,No,0,No,Offer D,No,0
3865-ZYKAD,69,Yes,Yes,Yes,14,Yes,None,Yes,7
3866-MDTUB,2,Yes,Yes,No,10,Yes,None,No,0
3870-MQAMG,54,Yes,Yes,Yes,71,Yes,Offer B,Yes,1
3870-SPZSI,70,Yes,Yes,Yes,15,Yes,Offer A,Yes,4
3871-IKPYH,1,Yes,Yes,No,12,Yes,None,No,0
3873-NFTGI,14,Yes,Yes,Yes,21,Yes,Offer D,No,0
3873-WOSBC,67,No,Yes,Yes,0,No,Offer A,Yes,1
3874-EQOEP,7,Yes,Yes,Yes,28,No,Offer E,No,0
3877-JRJIP,1,Yes,Yes,Yes,28,Yes,None,No,0
3878-AVSOQ,1,Yes,Yes,No,2,No,None,No,0
3882-IYOIJ,60,Yes,Yes,Yes,28,Yes,Offer B,Yes,1
3884-HCSWG,17,Yes,Yes,No,17,No,None,No,0
3884-UEBXB,67,Yes,No,No,15,Yes,None,Yes,5
3886-CERTZ,72,Yes,Yes,Yes,11,Yes,None,Yes,1
3887-PBQAO,45,No,Yes,Yes,0,No,Offer B,Yes,4
3889-VWBID,68,Yes,Yes,No,27,Yes,None,Yes,1
3890-RTCMS,16,Yes,Yes,No,59,Yes,None,No,0
3891-NLXJB,37,Yes,No,No,69,No,None,No,0
3891-PUQOD,1,Yes,Yes,No,24,Yes,None,No,0
3892-NXAZG,72,Yes,Yes,Yes,29,Yes,Offer A,Yes,4
3893-JRNFS,68,Yes,No,No,58,Yes,None,No,0
3896-RCYYE,67,Yes,No,No,11,Yes,None,No,0
3896-ZVNET,24,No,Yes,Yes,0,No,None,Yes,7
3898-BSJYF,10,Yes,Yes,Yes,26,Yes,Offer D,No,0
3898-GUYTS,45,Yes,Yes,Yes,4,Yes,None,No,0
3900-AQPHZ,1,No,Yes,No,0,No,None,No,0
3902-FOIGH,12,Yes,Yes,Yes,4,Yes,None,Yes,1
3902-MIVLE,63,Yes,Yes,Yes,21,Yes,Offer B,Yes,3
3904-UKFRE,4,Yes,Yes,Yes,82,Yes,Offer E,No,0
3908-BLSYF,6,Yes,Yes,No,24,Yes,None,No,0
3908-MKIMJ,68,Yes,No,No,28,Yes,None,Yes,9
3910-MRQOY,72,No,Yes,No,0,No,None,Yes,8
3911-RSNHI,71,Yes,No,No,27,Yes,Offer A,Yes,2
3913-FCUUW,72,Yes,Yes,Yes,19,Yes,Offer A,Yes,8
3913-RDSJZ,64,No,Yes,Yes,0,No,None,Yes,9
3914-FDRHP,9,Yes,Yes,No,59,Yes,None,No,0
3915-ODIYG,60,Yes,Yes,Yes,29,No,None,No,0
3916-NRPAP,3,Yes,Yes,No,30,Yes,Offer E,No,0
3920-HIHMQ,26,Yes,Yes,Yes,19,No,None,No,0
3923-CSIHK,50,Yes,Yes,No,24,Yes,None,Yes,1
3926-CUQZX,1,Yes,Yes,No,58,Yes,Offer E,No,0
3926-YZVVX,41,Yes,Yes,No,12,Yes,None,No,0
3927-NLNRY,53,Yes,Yes,No,9,Yes,Offer B,Yes,1
3930-ZGWVE,1,No,Yes,No,0,No,None,No,0
3932-CMDTD,4,Yes,Yes,No,52,Yes,None,No,0
3932-IJWDZ,45,Yes,Yes,Yes,13,Yes,Offer B,No,0
3933-DQPWX,50,Yes,No,No,6,Yes,None,No,0
3934-HXCFZ,23,Yes,Yes,Yes,7,Yes,Offer D,Yes,1
3935-TBRZZ,44,No,Yes,Yes,0,No,Offer B,Yes,10
3936-QQFLL,2,No,Yes,No,0,No,None,No,0
3938-YFPXD,72,Yes,Yes,Yes,27,Yes,Offer A,No,0
3941-XTSKM,42,Yes,No,No,26,Yes,None,Yes,6
3943-KDREE,26,Yes,Yes,Yes,15,Yes,None,No,0
3945-GFWQL,12,Yes,Yes,No,16,No,None,No,0
3946-JEWRQ,47,Yes,Yes,Yes,85,No,None,Yes,1
3946-MHCZW,1,Yes,Yes,No,11,Yes,Offer E,No,0
3948-FVVRP,9,Yes,Yes,No,24,Yes,None,Yes,2
3948-KXDUF,66,Yes,Yes,Yes,10,Yes,None,No,0
3948-XHGNA,24,Yes,Yes,No,28,Yes,None,No,0
3950-VPYJB,57,Yes,Yes,No,58,No,None,Yes,7
3951-NJCVI,42,Yes,Yes,Yes,10,No,None,Yes,10
3955-JBZZM,20,Yes,Yes,No,24,Yes,Offer D,No,0
3956-CJUST,23,Yes,Yes,No,25,No,None,No,0
3956-MGXOG,28,Yes,Yes,No,5,Yes,None,No,0
3957-HHLMR,70,Yes,Yes,Yes,12,Yes,Offer A,Yes,1
3957-LXOLK,28,Yes,Yes,Yes,28,Yes,Offer C,No,0
3957-SQXML,34,No,Yes,Yes,0,No,None,Yes,10
3961-SXAXY,1,Yes,Yes,No,10,Yes,Offer E,No,0
3963-RYFNS,72,Yes,Yes,Yes,51,No,Offer A,No,0
3966-HRMZA,3,Yes,Yes,No,13,No,Offer E,No,0
3967-KXAPS,72,Yes,Yes,Yes,5,No,Offer A,Yes,5
3967-VQOGC,67,No,Yes,Yes,0,No,None,Yes,4
3969-GYXEL,11,Yes,Yes,No,20,Yes,None,No,0
3969-JQABI,58,Yes,Yes,No,20,No,None,No,0
3970-XGJDU,62,No,Yes,No,0,No,None,No,0
3973-SKMLN,71,No,Yes,No,0,No,None,No,0
3976-BWUCK,30,Yes,Yes,Yes,24,Yes,None,Yes,1
3976-HXHCE,72,No,Yes,No,0,No,None,No,0
3976-NLDEZ,1,No,Yes,No,0,No,Offer E,No,0
3977-QCRSL,5,No,Yes,No,0,No,Offer E,No,0
3978-YNKDD,19,No,Yes,No,0,No,None,No,0
3981-QSVQI,8,No,Yes,No,0,No,Offer E,No,0
3982-DQLUS,65,Yes,Yes,Yes,23,Yes,None,Yes,10
3982-JGSFD,36,No,Yes,No,0,No,None,No,0
3982-XWFZQ,42,Yes,Yes,Yes,41,Yes,Offer B,Yes,2
3985-HOYPM,26,No,Yes,No,0,No,None,No,0
3987-KQDDU,9,Yes,Yes,No,6,Yes,None,No,0
3988-RQIXO,1,Yes,Yes,No,2,Yes,None,No,0
3990-QYKBE,37,Yes,Yes,Yes,4,Yes,None,Yes,3
3992-YWPKO,6,Yes,Yes,Yes,10,Yes,Offer E,No,0
3995-WFCSM,2,Yes,Yes,No,82,Yes,None,No,0
3996-ZNWYK,71,No,Yes,No,0,No,None,Yes,5
3999-QGRJH,8,Yes,Yes,No,20,Yes,None,No,0
3999-WRNGR,60,Yes,No,No,51,Yes,None,Yes,2
4000-VGMQP,38,Yes,Yes,Yes,30,Yes,None,Yes,2
4001-TSBTV,58,Yes,Yes,No,17,Yes,Offer B,Yes,5
4002-BQWPQ,25,Yes,Yes,Yes,23,Yes,None,No,0
4003-FUSHP,19,Yes,Yes,No,8,Yes,Offer D,No,0
4003-OCTMP,31,Yes,Yes,No,15,Yes,None,Yes,9
4006-HKYHO,63,Yes,Yes,No,47,Yes,None,No,0
4007-NHVHI,56,Yes,Yes,Yes,18,Yes,None,No,0
4009-ALQFH,25,Yes,Yes,No,8,Yes,None,No,0
4010-YLMVT,56,Yes,Yes,Yes,51,Yes,Offer B,No,0
4011-ARPHK,27,Yes,Yes,No,9,No,None,No,0
4012-YCFAI,60,Yes,Yes,No,16,Yes,None,Yes,5
4012-ZTHBR,21,Yes,Yes,No,17,Yes,Offer D,Yes,6
4013-GUXND,1,No,Yes,No,0,No,Offer E,No,0
4013-TLDHQ,19,Yes,Yes,No,25,Yes,Offer D,No,0
4013-UBXWQ,7,Yes,Yes,Yes,19,Yes,Offer E,No,0
4016-BJKTZ,25,Yes,Yes,Yes,51,Yes,Offer C,No,0
4018-KJYUY,22,No,Yes,No,0,No,Offer D,No,0
4018-PPNDW,61,No,Yes,Yes,0,No,Offer B,Yes,9
4020-KIUDI,6,No,Yes,No,0,No,Offer E,Yes,8
4021-RQSNY,29,Yes,Yes,Yes,28,No,None,Yes,1
4023-RTIQM,31,Yes,No,No,21,Yes,Offer C,Yes,10
4024-CSNBY,72,Yes,Yes,Yes,17,No,None,Yes,8
4026-SKKHW,3,Yes,Yes,No,21,Yes,None,No,0
4029-HPFVY,3,Yes,Yes,No,27,Yes,None,No,0
4030-VPZBD,2,Yes,No,No,18,Yes,None,No,0
4032-RMHCI,41,Yes,No,No,16,Yes,Offer B,Yes,1
4039-HEUNW,36,Yes,Yes,Yes,3,Yes,None,Yes,1
4039-PIMHX,49,Yes,Yes,No,15,Yes,None,Yes,4
4043-MKDTV,71,Yes,Yes,No,8,Yes,Offer A,Yes,10
4049-ZPALD,64,Yes,Yes,No,11,Yes,Offer B,Yes,7
4054-CUMIA,18,No,Yes,No,0,No,Offer D,Yes,10
4056-QHXHZ,72,Yes,Yes,Yes,20,Yes,Offer A,Yes,6
4057-FKCZK,58,Yes,Yes,Yes,24,Yes,None,Yes,1
4059-IIEBK,7,Yes,Yes,Yes,16,Yes,None,No,0
4060-LDNLU,7,Yes,Yes,Yes,48,Yes,None,No,0
4061-UKJWL,3,Yes,Yes,No,17,Yes,None,No,0
4062-HBMOS,52,Yes,Yes,Yes,22,Yes,Offer B,No,0
4063-EIKNQ,11,No,Yes,No,0,No,None,Yes,1
4065-JJAVA,1,Yes,Yes,No,8,No,None,No,0
4067-HLYQI,33,Yes,Yes,No,19,No,None,No,0
4070-OKWVH,52,Yes,Yes,Yes,30,Yes,Offer B,No,0
4072-IPYLT,36,Yes,Yes,No,19,Yes,None,Yes,3
4074-SJFFA,1,Yes,Yes,No,12,Yes,None,No,0
4075-JFPGR,51,Yes,Yes,No,46,Yes,Offer B,Yes,2
4075-WKNIU,0,Yes,Yes,Yes,59,Yes,Offer E,Yes,6
4077-CROMM,31,Yes,Yes,Yes,13,Yes,None,Yes,4
4077-HWUYD,72,Yes,Yes,Yes,53,Yes,None,Yes,1
4078-SAYYN,11,Yes,Yes,Yes,28,Yes,None,No,0
4079-ULGFR,16,No,Yes,No,0,No,Offer D,No,0
4079-VTGLK,30,Yes,Yes,Yes,8,Yes,None,Yes,7
4079-WWQQQ,72,Yes,No,No,10,Yes,None,No,0
4080-IIARD,13,Yes,Yes,Yes,29,Yes,Offer D,Yes,1
4080-OGPJL,8,Yes,Yes,Yes,18,Yes,Offer E,No,0
4081-DYXAV,19,Yes,No,No,48,Yes,None,No,0
4083-BFNYK,38,Yes,Yes,Yes,27,No,None,Yes,1
4083-EUGRJ,9,No,Yes,No,0,No,None,No,0
4086-ATNFV,34,Yes,Yes,No,16,Yes,Offer C,Yes,7
4086-WITJG,71,No,Yes,No,0,No,Offer A,Yes,8
4086-YQSNZ,3,Yes,Yes,No,9,Yes,Offer E,Yes,1
4088-YLDSU,55,Yes,Yes,Yes,76,Yes,Offer B,Yes,1
4090-KPJIP,3,Yes,Yes,Yes,8,Yes,Offer E,No,0
4091-TVOCN,48,Yes,Yes,Yes,6,No,Offer B,No,0
4092-OFQZS,20,No,Yes,No,0,No,Offer D,Yes,8
4094-NSEDU,21,Yes,Yes,Yes,9,Yes,None,No,0
4097-YODCF,34,Yes,Yes,Yes,16,Yes,Offer C,No,0
4098-NAUKP,68,Yes,Yes,Yes,13,Yes,Offer A,Yes,1
4102-HLENU,67,Yes,Yes,Yes,22,Yes,None,Yes,5
4102-OQUPX,1,Yes,Yes,Yes,29,No,None,Yes,1
4104-PVRPS,24,Yes,Yes,No,3,No,Offer C,Yes,7
4106-HADHQ,39,Yes,Yes,No,9,Yes,None,Yes,1
4109-CYRBD,29,Yes,Yes,Yes,9,Yes,Offer C,Yes,1
4110-PFEUZ,1,Yes,Yes,No,13,Yes,Offer E,No,0
4111-BNXIF,67,Yes,No,No,52,Yes,None,Yes,1
4112-LUEIZ,10,Yes,Yes,No,2,Yes,Offer D,No,0
4114-QMKVN,56,Yes,Yes,Yes,76,No,None,Yes,7
4115-BNPJY,29,Yes,Yes,No,7,Yes,None,Yes,7
4115-NZRKS,7,Yes,Yes,No,28,Yes,None,No,0
4115-UMJFQ,69,Yes,No,No,19,No,None,No,0
4116-IQRFR,4,No,Yes,Yes,0,No,Offer E,Yes,1
4116-TZAQJ,9,Yes,Yes,No,76,Yes,None,No,0
4118-CEVPF,35,Yes,Yes,Yes,22,No,None,No,0
4119-ZYPZY,71,Yes,Yes,Yes,21,Yes,None,No,0
4121-AGSIN,58,No,Yes,Yes,0,No,None,Yes,9
4123-DVHPH,9,Yes,Yes,Yes,21,Yes,None,Yes,3
4123-FCVCB,12,Yes,Yes,Yes,47,Yes,Offer D,No,0
4124-MMETB,22,Yes,Yes,Yes,16,No,None,No,0
4128-ETESU,47,Yes,Yes,Yes,7,No,None,Yes,3
4129-LYCOI,67,Yes,Yes,Yes,59,Yes,None,No,0
4130-MZLCC,5,Yes,Yes,No,42,Yes,None,No,0
4132-KALRO,4,Yes,Yes,Yes,3,No,Offer E,No,0
4132-POCZS,52,Yes,No,No,26,Yes,None,Yes,1
4134-BSXLX,28,Yes,Yes,No,24,Yes,Offer C,Yes,7
4135-FRWKJ,55,Yes,Yes,Yes,19,Yes,None,Yes,1
4137-BTIKL,2,Yes,Yes,Yes,23,Yes,Offer E,No,0
4137-JOPHL,50,Yes,Yes,No,26,Yes,Offer B,No,0
4138-NAXED,51,Yes,Yes,Yes,11,No,None,No,0
4139-DETXS,72,Yes,No,No,6,Yes,Offer A,No,0
4139-JPIAM,51,Yes,No,No,2,Yes,None,No,0
4139-SUGLD,31,Yes,No,No,23,Yes,None,Yes,1
4140-MUHUG,3,Yes,Yes,No,20,Yes,None,No,0
4140-WJAWW,5,No,Yes,No,0,No,None,No,0
4143-HHPMK,52,Yes,Yes,No,12,No,None,No,0
4143-OOBWZ,5,Yes,Yes,Yes,26,Yes,Offer E,No,0
4145-UQXUQ,8,Yes,Yes,No,9,Yes,Offer E,No,0
4146-SVFUD,1,Yes,Yes,No,2,Yes,None,No,0
4154-AQUGT,13,Yes,Yes,No,5,Yes,Offer D,Yes,1
4159-NAAIX,63,Yes,Yes,Yes,48,Yes,None,No,0
4160-AMJTL,8,No,Yes,No,0,No,None,No,0
4163-HFTUK,51,No,Yes,No,0,No,Offer B,No,0
4163-KIUHY,35,No,Yes,Yes,0,No,None,No,0
4163-NCJAK,46,No,Yes,Yes,0,No,Offer B,Yes,9
4174-LPGTI,41,Yes,Yes,No,28,Yes,None,Yes,1
4176-FXYBO,54,Yes,Yes,Yes,29,Yes,Offer B,Yes,9
4176-RELJR,67,No,Yes,Yes,0,No,None,No,0
4177-JPDFU,12,Yes,No,No,6,Yes,Offer D,No,0
4178-EGMON,70,Yes,Yes,Yes,51,Yes,None,Yes,9
4182-BGSIQ,10,No,Yes,No,0,No,Offer D,Yes,6
4183-MYFRB,21,Yes,Yes,No,73,No,Offer D,No,0
4183-WCSEP,31,Yes,Yes,No,20,No,None,No,0
4184-TJFAN,3,Yes,Yes,No,2,Yes,Offer E,Yes,1
4184-VODJZ,63,Yes,Yes,Yes,28,Yes,Offer B,Yes,4
4186-ZBUEW,36,Yes,Yes,Yes,9,No,Offer C,No,0
4187-CINZD,46,Yes,Yes,No,30,Yes,None,No,0
4188-FRABG,57,Yes,Yes,Yes,13,Yes,None,Yes,4
4188-PCPIG,57,Yes,Yes,No,24,Yes,Offer B,Yes,1
4189-NAKJS,26,Yes,Yes,Yes,59,Yes,Offer C,No,0
4190-MFLUW,10,Yes,Yes,No,69,Yes,None,Yes,6
4191-XOVOM,63,Yes,Yes,Yes,73,No,Offer B,No,0
4192-GORJT,5,Yes,Yes,No,24,Yes,None,Yes,1
4193-IBKSW,72,No,Yes,Yes,0,No,Offer A,Yes,1
4193-ORFCL,1,Yes,Yes,No,14,Yes,Offer E,No,0
4194-FJARJ,54,Yes,Yes,Yes,73,Yes,None,Yes,6
4194-WHFCB,59,Yes,Yes,Yes,53,Yes,None,Yes,2
4195-NZGTA,1,Yes,No,No,2,Yes,None,No,0
4195-PNGZS,69,No,Yes,Yes,0,No,None,Yes,1
4195-SMMNX,2,No,Yes,No,0,No,None,No,0
4198-VFOEA,12,Yes,No,No,19,Yes,None,No,0
4199-QHJNM,67,Yes,Yes,Yes,17,Yes,Offer A,Yes,9
4201-JMNGR,1,Yes,Yes,No,22,Yes,Offer E,No,0
4203-QGNZA,28,No,Yes,No,0,No,None,No,0
4208-UFFGW,2,Yes,Yes,No,11,Yes,Offer E,No,0
4210-QFJMF,4,Yes,Yes,No,23,Yes,Offer E,No,0
4211-MMAZN,1,No,Yes,No,0,No,Offer E,No,0
4213-HKBJO,33,No,Yes,Yes,0,No,None,No,0
4220-TINQT,61,Yes,Yes,Yes,29,Yes,None,Yes,3
4223-BKEOR,21,Yes,Yes,No,15,Yes,Offer D,No,0
4223-WOZCM,2,Yes,Yes,No,9,Yes,Offer E,No,0
4226-KKDON,8,Yes,Yes,No,27,Yes,Offer E,No,0
4227-OJHAL,68,Yes,Yes,Yes,16,Yes,None,Yes,8
4228-ZGYUW,4,Yes,Yes,Yes,11,No,Offer E,No,0
4229-CZMLL,6,Yes,Yes,Yes,11,Yes,None,No,0
4231-LZUYM,72,No,Yes,Yes,0,No,None,Yes,4
4232-JGKIY,1,No,Yes,No,0,No,None,No,0
4234-XTNEA,2,Yes,Yes,No,73,Yes,None,No,0
4236-UJPWO,2,Yes,No,No,5,Yes,Offer E,No,0
4236-XPXAV,5,Yes,Yes,No,25,Yes,None,Yes,1
4237-CLSMM,2,No,Yes,No,0,No,None,Yes,10
4237-RLAQD,1,Yes,Yes,No,12,Yes,Offer E,No,0
4238-HFHSN,61,Yes,Yes,Yes,2,Yes,Offer B,Yes,4
4238-JSSWH,35,Yes,Yes,Yes,10,Yes,None,Yes,1
4248-HCETZ,30,Yes,Yes,No,4,Yes,Offer C,Yes,1
4248-QPAVC,17,Yes,Yes,Yes,6,Yes,Offer D,Yes,1
4250-FDVOU,6,Yes,Yes,No,22,Yes,Offer E,No,0
4250-WAROZ,60,Yes,Yes,Yes,53,Yes,None,Yes,4
4250-ZBWLV,68,Yes,Yes,Yes,73,Yes,Offer A,No,0
4254-QPEDE,52,Yes,No,No,52,Yes,None,Yes,3
4255-DDUOU,1,No,Yes,No,0,No,None,No,0
4256-ZWTZI,5,Yes,Yes,No,52,No,None,No,0
4257-GAESD,6,Yes,No,No,52,Yes,Offer E,No,0
4273-MBHYA,1,Yes,Yes,No,19,Yes,None,No,0
4274-DRSQT,66,Yes,Yes,Yes,15,Yes,None,No,0
4274-OWWYO,1,Yes,Yes,No,11,Yes,None,No,0
4277-BWBML,72,No,Yes,No,0,No,Offer A,No,0
4277-PVRAN,8,Yes,Yes,No,7,Yes,None,No,0
4277-UDIEF,24,Yes,Yes,Yes,26,Yes,Offer C,Yes,3
4280-DLSHD,8,Yes,Yes,No,8,Yes,Offer E,Yes,10
4282-ACRXS,38,Yes,No,No,30,Yes,Offer C,Yes,2
4282-MSACW,68,Yes,Yes,Yes,3,Yes,None,No,0
4282-YMKNA,9,Yes,Yes,Yes,12,Yes,Offer E,No,0
4283-FUTGF,19,Yes,Yes,Yes,15,Yes,None,No,0
4283-IVYCI,9,Yes,Yes,No,11,Yes,Offer E,No,0
4285-GYRQC,7,Yes,Yes,No,26,Yes,Offer E,Yes,1
4289-DTDKW,40,Yes,Yes,Yes,4,Yes,Offer B,Yes,1
4290-BSXUX,3,Yes,Yes,Yes,17,Yes,None,Yes,1
4291-HPAXL,1,No,Yes,No,0,No,None,No,0
4291-HYEBC,28,Yes,No,No,21,Yes,None,Yes,2
4291-SHSBH,7,Yes,Yes,No,52,Yes,Offer E,No,0
4291-TPNFG,72,Yes,Yes,Yes,30,No,Offer A,Yes,1
4291-YZODP,7,No,Yes,No,0,No,Offer E,No,0
4293-ETKAP,65,Yes,Yes,Yes,13,Yes,Offer B,Yes,10
4295-YURET,56,Yes,Yes,No,19,No,Offer B,Yes,8
4298-OYIFC,15,Yes,Yes,Yes,13,No,None,Yes,1
4299-OPXEJ,56,No,Yes,No,0,No,Offer B,No,0
4299-SIMNS,9,Yes,Yes,Yes,6,No,Offer E,No,0
4301-VVZKA,16,Yes,Yes,Yes,46,Yes,None,Yes,1
4302-ZYFEL,69,No,Yes,No,0,No,Offer A,Yes,8
4304-TSPVK,68,Yes,Yes,Yes,21,Yes,Offer A,Yes,8
4304-XUMGI,50,Yes,Yes,Yes,18,Yes,None,Yes,3
4307-KTUMW,53,Yes,Yes,Yes,73,Yes,Offer B,Yes,1
4307-KWMXE,10,Yes,No,No,22,Yes,Offer D,No,0
4310-KEDTB,26,Yes,No,No,27,Yes,None,No,0
4311-QTTAI,16,No,Yes,No,0,No,None,No,0
4312-GVYNH,70,Yes,No,No,26,Yes,None,Yes,8
4312-KFRXN,72,No,Yes,Yes,0,No,Offer A,Yes,2
4315-MURBD,12,Yes,Yes,No,23,Yes,None,No,0
4316-XCSLJ,17,Yes,Yes,No,53,Yes,None,No,0
4317-VTEOA,1,Yes,Yes,No,3,Yes,Offer E,No,0
4318-RAJVY,10,No,Yes,No,0,No,None,No,0
4320-QMLLA,7,Yes,Yes,No,24,Yes,None,No,0
4322-RCYMT,68,Yes,Yes,Yes,18,No,Offer A,Yes,1
4323-ELYYB,13,No,Yes,No,0,No,None,Yes,7
4323-OHFOW,70,Yes,Yes,Yes,24,Yes,None,Yes,1
4323-SADQS,7,Yes,No,No,30,Yes,None,Yes,2
4324-AHJKS,5,Yes,Yes,No,26,Yes,None,No,0
4324-BZCKL,10,Yes,Yes,No,59,Yes,None,Yes,6
4325-NFSKC,19,Yes,Yes,Yes,25,Yes,Offer D,No,0
4328-VUFWD,39,Yes,Yes,No,17,Yes,None,No,0
4329-YPDDQ,20,Yes,Yes,No,18,Yes,None,No,0
4332-MUOEZ,20,Yes,Yes,No,5,Yes,None,Yes,1
4334-HOWRP,72,Yes,No,No,7,No,Offer A,Yes,1
4335-BSMJS,62,No,Yes,Yes,0,No,None,No,0
4335-UPJSI,24,No,Yes,No,0,No,None,No,0
4338-EYCER,21,Yes,Yes,No,11,Yes,None,Yes,4
4342-HENTK,2,Yes,Yes,No,25,Yes,None,No,0
4342-HFXWS,48,Yes,Yes,No,27,Yes,Offer B,Yes,6
4343-EJVQB,7,Yes,Yes,No,23,Yes,None,No,0
4349-GFQHK,1,Yes,Yes,Yes,52,Yes,Offer E,No,0
4350-ZTLPI,53,Yes,Yes,Yes,20,Yes,Offer B,Yes,1
4351-QLCSU,1,Yes,Yes,No,26,Yes,None,No,0
4353-HYOJD,27,Yes,Yes,No,30,Yes,Offer C,Yes,5
4355-CVPVS,56,Yes,Yes,No,28,Yes,None,Yes,4
4355-HBJHH,67,Yes,Yes,Yes,3,Yes,None,No,0
4359-INNWN,17,No,Yes,No,0,No,Offer D,No,0
4360-PNRQB,18,Yes,Yes,Yes,42,Yes,Offer D,No,0
4360-QRAVE,37,Yes,No,No,29,Yes,Offer C,No,0
4361-BKAXE,41,Yes,Yes,Yes,59,Yes,Offer B,No,0
4361-FEBGN,48,No,Yes,No,0,No,None,No,0
4361-JEIVL,1,Yes,Yes,No,52,Yes,Offer E,No,0
4365-MSDYN,8,No,Yes,No,0,No,None,Yes,7
4366-CTOUZ,50,Yes,Yes,No,9,Yes,None,No,0
4367-NHWMM,1,Yes,No,No,13,Yes,None,No,0
4367-NUYAO,0,No,Yes,Yes,0,No,None,Yes,5
4369-HTUIF,6,Yes,Yes,No,30,Yes,Offer E,No,0
4369-NYSCF,56,Yes,Yes,No,13,No,Offer B,No,0
4373-MAVJG,14,Yes,Yes,Yes,9,Yes,Offer D,Yes,1
4373-VVHQL,1,Yes,Yes,No,26,No,Offer E,No,0
4374-YMUSQ,34,Yes,Yes,Yes,13,Yes,Offer C,No,0
4376-KFVRS,72,Yes,Yes,Yes,3,Yes,Offer A,Yes,5
4377-VDHYI,32,Yes,Yes,No,69,Yes,None,Yes,6
4378-BZYFP,17,No,Yes,No,0,No,None,No,0
4378-MYPGO,68,Yes,Yes,No,19,Yes,None,Yes,3
4381-MHQDC,47,Yes,Yes,Yes,13,No,Offer B,No,0
4385-GZQXV,16,Yes,Yes,No,9,Yes,Offer D,No,0
4385-ZKVNW,44,Yes,Yes,No,52,No,None,Yes,4
4389-UEFCZ,72,Yes,Yes,Yes,59,Yes,None,No,0
4390-KYULV,3,No,Yes,No,0,No,Offer E,Yes,1
4391-LNRXK,22,Yes,Yes,No,18,Yes,Offer D,No,0
4391-RESHN,23,Yes,Yes,Yes,2,Yes,Offer D,No,0
4393-GEADV,70,Yes,Yes,Yes,75,Yes,None,Yes,10
4393-OBCRR,3,No,Yes,No,0,No,None,No,0
4393-RYCRE,44,Yes,Yes,No,41,Yes,None,No,0
4395-PZMSN,5,Yes,Yes,No,15,Yes,Offer E,No,0
4396-KLSEH,4,No,Yes,No,0,No,Offer E,No,0
4397-FRLTA,4,No,Yes,No,0,No,Offer E,No,0
4398-HSCJH,3,Yes,Yes,Yes,25,Yes,Offer E,No,0
4402-FTBXC,54,Yes,Yes,No,24,Yes,None,No,0
4403-BWPAY,14,No,Yes,Yes,0,No,None,No,0
4404-HIBDJ,25,Yes,Yes,No,21,Yes,None,No,0
4412-YLTKF,27,Yes,Yes,Yes,18,No,Offer C,No,0
4415-IJZTP,1,Yes,Yes,Yes,25,Yes,None,No,0
4415-WNGVR,12,Yes,Yes,No,13,No,None,Yes,3
4418-LZMSV,13,Yes,Yes,No,56,Yes,None,Yes,8
4419-UJMUS,69,Yes,Yes,Yes,21,Yes,Offer A,No,0
4422-QVIJA,35,Yes,Yes,Yes,19,No,None,No,0
4423-JWZJN,64,Yes,Yes,Yes,30,Yes,Offer B,Yes,9
4423-YLHDV,21,Yes,Yes,Yes,59,Yes,Offer D,Yes,1
4424-TKOPW,2,Yes,Yes,Yes,14,Yes,None,No,0
4425-OWHWB,20,No,Yes,No,0,No,None,No,0
4429-WYGFR,26,Yes,Yes,No,8,Yes,Offer C,No,0
4430-UZIPO,3,Yes,No,No,21,Yes,Offer E,No,0
4430-YHXGG,4,No,Yes,Yes,0,No,Offer E,No,0
4431-EDMIQ,7,Yes,Yes,No,53,Yes,None,Yes,8
4432-ADRLB,2,Yes,Yes,No,11,No,None,No,0
4433-JCGCG,46,Yes,Yes,Yes,22,Yes,Offer B,Yes,1
4439-JMPMT,5,Yes,Yes,No,22,Yes,Offer E,Yes,1
4439-YRNVD,10,Yes,No,No,23,Yes,None,No,0
4441-NIHPT,13,Yes,Yes,No,21,Yes,None,No,0
4443-EMBNA,71,No,Yes,Yes,0,No,None,Yes,3
4445-KWOKW,42,Yes,Yes,Yes,41,Yes,Offer B,No,0
4445-ZJNMU,9,Yes,Yes,Yes,69,Yes,Offer E,No,0
4446-BZKHU,61,Yes,Yes,Yes,24,Yes,None,Yes,1
4450-DLLMH,2,Yes,Yes,No,3,Yes,Offer E,No,0
4450-MDZFX,60,Yes,Yes,Yes,57,Yes,Offer B,Yes,9
4450-YOOHP,39,Yes,No,No,6,Yes,None,No,0
4451-RWASJ,15,No,Yes,No,0,No,Offer D,Yes,9
4452-QIIEB,7,Yes,Yes,No,6,Yes,Offer E,No,0
4452-ROHMO,15,No,Yes,No,0,No,Offer D,No,0
4455-BFSPD,61,Yes,Yes,Yes,23,Yes,None,Yes,5
4456-RHSNB,19,Yes,Yes,No,17,Yes,None,Yes,3
4458-KVRBJ,59,No,Yes,Yes,0,No,None,No,0
4459-BBGHE,30,Yes,No,No,17,Yes,Offer C,No,0
4462-CYWMH,62,Yes,Yes,Yes,3,Yes,Offer B,Yes,7
4464-JCOLN,2,No,Yes,No,0,No,Offer E,Yes,2
4465-VDKIQ,18,Yes,Yes,No,26,Yes,None,No,0
4468-KAZHE,20,Yes,Yes,No,16,Yes,None,Yes,1
4468-YDOVK,5,Yes,Yes,No,21,Yes,None,No,0
4471-KXAUH,42,Yes,Yes,Yes,22,Yes,None,Yes,1
4472-LVYGI,0,Yes,No,No,20,Yes,None,Yes,2
4472-VESGY,52,Yes,Yes,Yes,28,Yes,None,Yes,6
4475-NVTLU,45,No,Yes,No,0,No,Offer B,Yes,6
4476-OSWTN,69,Yes,Yes,Yes,14,Yes,None,Yes,2
4480-MBMLB,36,Yes,Yes,Yes,4,Yes,Offer C,No,0
4480-QQRHC,8,Yes,Yes,No,13,Yes,None,No,0
4482-EWFMI,2,Yes,Yes,No,8,Yes,None,No,0
4482-FTFFX,5,Yes,Yes,No,71,Yes,None,No,0
4484-CGXFK,3,Yes,Yes,No,7,Yes,None,No,0
4484-GLZOU,52,Yes,Yes,Yes,48,Yes,None,Yes,6
4486-EFAEB,13,No,Yes,No,0,No,None,No,0
4487-ZYJZK,38,No,Yes,No,0,No,None,Yes,1
4488-KQFDT,61,Yes,Yes,Yes,30,Yes,Offer B,No,0
4488-PSYCG,16,No,Yes,No,0,No,Offer D,No,0
4489-SNOJF,35,Yes,Yes,Yes,82,Yes,None,Yes,1
4495-LHSSK,18,Yes,Yes,Yes,30,Yes,Offer D,No,0
4500-HKANN,23,Yes,Yes,Yes,17,Yes,None,Yes,6
4501-EQDRN,1,Yes,Yes,No,25,Yes,None,No,0
4501-UYKBC,46,Yes,Yes,Yes,26,Yes,None,No,0
4501-VCPFK,26,Yes,No,No,47,Yes,Offer C,No,0
4503-BDXBD,11,Yes,Yes,No,29,Yes,None,No,0
4504-YOULA,35,Yes,Yes,Yes,23,Yes,Offer C,No,0
4505-EXZHB,6,Yes,Yes,No,27,No,Offer E,No,0
4508-OEBEY,31,Yes,Yes,No,15,Yes,None,Yes,2
4510-HIMLV,1,Yes,Yes,No,25,No,None,No,0
4510-PYUSH,38,Yes,Yes,No,27,Yes,None,No,0
4512-ZUIYL,2,Yes,Yes,No,10,Yes,Offer E,No,0
4513-CXYIX,71,Yes,Yes,Yes,17,Yes,Offer A,Yes,4
4514-GFCFI,16,Yes,Yes,Yes,7,Yes,None,No,0
4518-FZBSX,42,No,Yes,No,0,No,Offer B,Yes,4
4521-WFJAI,56,No,Yes,Yes,0,No,None,No,0
4521-YEEHE,18,Yes,Yes,Yes,59,Yes,Offer D,Yes,8
4522-AKYLR,13,Yes,Yes,No,20,Yes,None,No,0
4522-XRWWI,42,Yes,Yes,Yes,82,Yes,Offer B,Yes,1
4523-WXCEF,59,Yes,Yes,Yes,48,Yes,Offer B,Yes,4
4524-QCSSM,26,Yes,No,No,6,Yes,None,No,0
4525-VZCZG,54,Yes,Yes,No,11,No,None,No,0
4526-EXKKN,40,No,Yes,Yes,0,No,None,No,0
4526-RMTLL,8,Yes,Yes,Yes,14,Yes,Offer E,No,0
4526-ZJJTM,25,Yes,Yes,No,4,Yes,None,Yes,1
4529-CKBCL,2,Yes,Yes,No,22,No,Offer E,No,0
4530-NDRKU,42,No,Yes,No,0,No,None,Yes,4
4531-AUZNK,51,Yes,Yes,Yes,47,Yes,Offer B,Yes,2
4534-WGCIR,58,No,Yes,Yes,0,No,None,Yes,1
4536-PLEQY,12,Yes,Yes,No,20,Yes,Offer D,Yes,1
4537-CIBHB,9,No,Yes,No,0,No,None,Yes,10
4537-DKTAL,2,Yes,Yes,No,71,No,Offer E,No,0
4538-WNTMJ,46,No,Yes,Yes,0,No,Offer B,No,0
4541-RMRLG,7,No,Yes,No,0,No,None,No,0
4544-RXFMG,8,Yes,Yes,No,24,Yes,Offer E,Yes,1
4546-FOKWR,16,Yes,Yes,Yes,16,Yes,None,No,0
4547-FZJWE,55,Yes,Yes,No,69,No,None,Yes,5
4547-KQRTM,10,Yes,Yes,Yes,10,Yes,None,No,0
4547-LYTDD,16,Yes,Yes,Yes,17,Yes,Offer D,No,0
4548-SDBKE,5,Yes,Yes,Yes,46,Yes,Offer E,No,0
4549-ZDQYY,52,Yes,Yes,No,5,Yes,None,No,0
4550-EVXNY,1,Yes,Yes,No,8,Yes,Offer E,No,0
4550-VBOFE,70,Yes,Yes,Yes,20,Yes,None,Yes,1
4553-DVPZG,62,Yes,Yes,Yes,82,Yes,Offer B,Yes,10
4554-YGZIH,49,Yes,Yes,Yes,14,Yes,Offer B,Yes,3
4558-CGYCZ,4,No,Yes,No,0,No,None,No,0
4558-FANTW,17,Yes,Yes,No,51,Yes,Offer D,Yes,1
4559-UWIHT,14,Yes,Yes,Yes,10,Yes,Offer D,Yes,8
4560-WQAQW,59,Yes,Yes,Yes,9,No,Offer B,No,0
4565-EVZMJ,47,Yes,Yes,No,5,Yes,None,No,0
4565-NLZBV,71,No,Yes,Yes,0,No,None,Yes,5
4566-GOLUK,47,Yes,Yes,Yes,7,Yes,None,Yes,1
4566-NECEV,5,Yes,Yes,Yes,20,Yes,None,No,0
4566-QVRRW,11,Yes,Yes,No,30,Yes,Offer D,Yes,1
4567-AKPIA,41,Yes,Yes,Yes,59,Yes,None,Yes,3
4568-KNYWR,52,Yes,Yes,No,10,No,None,No,0
4568-TTZRT,9,No,Yes,No,0,No,Offer E,No,0
4570-QHXHL,9,Yes,Yes,No,29,Yes,None,No,0
4572-DVCGN,10,Yes,Yes,No,11,Yes,None,No,0
4573-JKNAE,12,No,Yes,No,0,No,Offer D,No,0
4576-CSAJH,22,Yes,Yes,No,59,Yes,None,No,0
4578-PHJYZ,52,Yes,Yes,No,19,Yes,None,Yes,9
4580-TMHJU,43,Yes,Yes,No,20,Yes,None,Yes,3
4581-LNWUM,13,Yes,No,No,27,Yes,Offer D,No,0
4581-SSPWD,3,Yes,Yes,Yes,23,No,Offer E,No,0
4583-PARNH,16,Yes,Yes,No,20,Yes,None,Yes,1
4584-LBNMK,45,No,Yes,Yes,0,No,None,Yes,5
4585-HETAI,4,Yes,Yes,No,58,Yes,None,Yes,5
4587-NUKOX,3,Yes,Yes,No,2,Yes,Offer E,No,0
4587-VVTOX,6,Yes,Yes,Yes,58,Yes,Offer E,Yes,1
4588-YBNIB,1,No,Yes,No,0,No,Offer E,No,0
4589-IUAJB,70,No,Yes,Yes,0,No,Offer A,Yes,1
4592-IWTJI,3,Yes,No,No,15,Yes,Offer E,Yes,1
4597-ELFTS,56,No,Yes,Yes,0,No,None,No,0
4597-NUCQV,24,Yes,Yes,Yes,30,Yes,None,No,0
4598-XLKNJ,25,Yes,Yes,No,12,Yes,Offer C,Yes,1
4598-ZADCK,53,Yes,No,No,25,Yes,None,No,0
4603-JANFB,1,Yes,Yes,No,19,Yes,Offer E,No,0
4607-CHPCA,25,Yes,Yes,No,4,No,None,Yes,1
4608-LCIMN,8,Yes,Yes,No,75,Yes,None,Yes,1
4609-KNNWG,27,No,Yes,No,0,No,None,Yes,1
4611-ANLQC,60,Yes,No,No,4,Yes,Offer B,Yes,7
4612-SSVHJ,20,Yes,Yes,No,21,Yes,Offer D,No,0
4612-THJBS,56,Yes,Yes,Yes,4,Yes,None,No,0
4614-NUVZD,1,Yes,Yes,No,24,Yes,None,No,0
4615-PIVVU,42,Yes,Yes,No,20,Yes,None,No,0
4616-EWBNJ,16,No,Yes,No,0,No,Offer D,No,0
4616-ULAOA,65,Yes,Yes,Yes,19,Yes,Offer B,Yes,1
4619-EVPHY,20,Yes,Yes,No,2,Yes,None,Yes,2
4622-YNKIJ,33,Yes,Yes,No,18,Yes,Offer C,No,0
4623-ZKHLY,22,No,Yes,No,0,No,Offer D,Yes,1
4625-EWPTF,8,Yes,No,No,4,No,Offer E,No,0
4625-LAMOB,44,No,Yes,No,0,No,None,No,0
4625-XMOYM,72,No,Yes,Yes,0,No,None,Yes,8
4626-GYCZP,7,Yes,Yes,Yes,23,Yes,None,No,0
4626-OZDTJ,51,Yes,Yes,Yes,4,Yes,Offer B,Yes,10
4627-MIHJH,69,Yes,Yes,Yes,27,Yes,None,No,0
4628-CTTLA,57,Yes,No,No,59,No,Offer B,No,0
4628-WQCQQ,35,Yes,Yes,No,16,Yes,None,No,0
4629-NRXKX,2,Yes,Yes,No,21,Yes,None,Yes,1
4631-OACRM,15,Yes,Yes,No,12,Yes,None,No,0
4632-PAOYU,22,No,Yes,No,0,No,Offer D,Yes,1
4632-XJMEX,53,Yes,Yes,No,59,Yes,Offer B,No,0
4633-MKHYU,9,Yes,Yes,No,52,Yes,Offer E,No,0
4634-JLRJT,1,No,Yes,No,0,No,Offer E,No,0
4635-EJYPD,32,No,Yes,No,0,No,None,Yes,2
4636-JGAAI,34,Yes,Yes,Yes,48,Yes,None,Yes,10
4636-OLWOE,54,Yes,Yes,No,59,Yes,Offer B,No,0
4636-QRJKY,6,Yes,Yes,Yes,23,Yes,None,Yes,1
4636-TVXVG,62,No,Yes,No,0,No,None,Yes,9
4640-UHDOS,13,Yes,Yes,No,27,Yes,Offer D,Yes,3
4641-FROLU,30,No,Yes,No,0,No,Offer C,Yes,8
4644-OBGFZ,55,No,Yes,No,0,No,None,Yes,5
4644-PIZRT,17,Yes,Yes,Yes,76,Yes,None,Yes,5
4646-QZXTF,7,Yes,Yes,No,9,Yes,None,Yes,4
4647-MUZON,18,Yes,Yes,No,7,Yes,Offer D,Yes,9
4647-XXZAM,6,Yes,Yes,No,29,Yes,None,Yes,1
4648-YPBTM,53,Yes,Yes,Yes,4,Yes,None,No,0
4652-NNHNY,16,Yes,Yes,Yes,30,Yes,None,Yes,1
4652-ODEVH,45,No,Yes,Yes,0,No,None,Yes,10
4654-DLAMQ,64,Yes,Yes,No,11,Yes,None,Yes,9
4654-GGUII,18,Yes,No,No,48,No,None,No,0
4654-ULTTN,70,Yes,Yes,Yes,5,Yes,Offer A,Yes,9
4656-CAURT,69,No,Yes,Yes,0,No,None,No,0
4657-FWVFY,40,Yes,Yes,Yes,23,Yes,None,Yes,4
4658-HCOHW,21,Yes,Yes,No,3,Yes,None,Yes,1
4659-NZRUF,19,Yes,Yes,Yes,17,No,Offer D,No,0
4660-IRIBM,18,Yes,Yes,No,19,Yes,Offer D,Yes,1
4661-NJEUX,1,No,Yes,No,0,No,None,No,0
4662-EKDPQ,2,Yes,Yes,Yes,20,Yes,None,No,0
4664-NJCMS,33,Yes,No,No,7,Yes,Offer C,Yes,7
4667-OHGKG,1,No,Yes,No,0,No,None,No,0
4667-QONEA,60,Yes,Yes,No,16,Yes,Offer B,Yes,9
4670-TABXH,72,Yes,Yes,Yes,17,Yes,None,Yes,6
4671-LXRDQ,2,Yes,Yes,No,3,No,None,No,0
4671-VJLCL,63,Yes,Yes,Yes,17,Yes,Offer B,No,0
4672-FOTSD,12,Yes,Yes,Yes,4,Yes,Offer D,No,0
4673-KKSLS,31,Yes,Yes,No,20,No,None,No,0
4674-HGNUA,71,Yes,Yes,Yes,27,Yes,Offer A,Yes,6
4676-MQUEA,50,Yes,Yes,Yes,17,Yes,None,Yes,9
4676-WLUHT,54,Yes,No,No,7,Yes,Offer B,No,0
4678-DVQEO,1,Yes,Yes,No,23,Yes,None,No,0
4680-KUTAJ,11,Yes,Yes,Yes,3,Yes,None,No,0
4682-BLBUC,44,Yes,Yes,No,48,Yes,None,Yes,1
4683-WYDOU,62,Yes,Yes,Yes,28,Yes,None,Yes,8
4685-ERGHK,57,Yes,Yes,Yes,26,Yes,Offer B,No,0
4685-TFLLS,18,No,Yes,No,0,No,Offer D,Yes,1
4686-GEFRM,70,Yes,Yes,Yes,42,Yes,Offer A,Yes,5
4686-UXDML,21,Yes,Yes,Yes,48,Yes,None,No,0
4690-LLKUA,17,Yes,Yes,No,2,Yes,None,No,0
4690-PKDQG,42,Yes,Yes,Yes,12,Yes,None,Yes,3
4692-NNQRU,21,Yes,Yes,No,20,Yes,Offer D,Yes,7
4693-VWVBO,3,No,Yes,No,0,No,None,No,0
4694-PHWFW,8,No,Yes,No,0,No,None,No,0
4695-VADHF,18,Yes,Yes,No,22,Yes,None,Yes,1
4695-WJZUE,2,Yes,Yes,Yes,28,Yes,None,No,0
4697-LUPSU,2,No,Yes,No,0,No,None,Yes,6
4698-KVLLG,51,No,Yes,No,0,No,None,No,0
4700-UBQMV,21,Yes,Yes,Yes,23,Yes,None,Yes,6
4701-AHWMW,55,Yes,No,No,42,No,None,Yes,1
4701-LKOZD,70,Yes,Yes,Yes,7,No,None,No,0
4701-MLJPN,31,Yes,Yes,No,6,No,Offer C,No,0
4702-HDRKD,67,Yes,No,No,85,Yes,Offer A,No,0
4702-IOQDC,1,Yes,Yes,No,30,Yes,Offer E,No,0
4703-MQYKT,21,No,Yes,No,0,No,None,No,0
4704-ERYFC,22,Yes,Yes,No,52,Yes,None,Yes,1
4706-AXVKM,11,Yes,Yes,Yes,5,Yes,None,No,0
4706-DGAHW,1,Yes,Yes,No,15,Yes,Offer E,No,0
4707-MAXGU,72,No,Yes,Yes,0,No,None,Yes,1
4707-YNOQA,34,No,Yes,Yes,0,No,None,Yes,6
4709-LKHYG,29,No,Yes,No,0,No,Offer C,Yes,6
4710-FDUIZ,56,Yes,Yes,Yes,7,No,None,Yes,2
4710-NKCAW,5,Yes,Yes,Yes,15,Yes,None,Yes,7
4712-AUQZO,18,Yes,No,No,30,Yes,None,No,0
4712-UYOOI,20,No,Yes,No,0,No,None,Yes,4
4713-LZDRV,2,Yes,Yes,No,30,Yes,Offer E,No,0
4713-ZBURT,45,Yes,Yes,Yes,12,Yes,None,No,0
4716-HHKQH,20,Yes,Yes,Yes,3,Yes,None,Yes,3
4716-MRVEN,29,No,Yes,No,0,No,Offer C,No,0
4717-GHADL,50,Yes,Yes,Yes,14,Yes,Offer B,No,0
4718-DHSMV,11,Yes,No,No,52,Yes,Offer D,No,0
4718-WXBGI,72,Yes,Yes,Yes,59,Yes,Offer A,Yes,1
4719-UMSIY,6,No,Yes,No,0,No,None,No,0
4720-VSTSI,44,Yes,Yes,Yes,6,Yes,None,No,0
4723-BEGSG,72,Yes,Yes,Yes,23,Yes,None,Yes,1
4724-WXVWF,48,Yes,Yes,Yes,46,Yes,None,No,0
4726-DLWQN,50,Yes,Yes,Yes,23,No,Offer B,No,0
4727-MCYZG,1,Yes,Yes,No,48,No,Offer E,No,0
4729-XKASR,1,Yes,No,No,57,Yes,None,No,0
4730-AWNAU,36,Yes,No,No,24,Yes,None,Yes,7
4732-RRJZC,7,No,Yes,No,0,No,None,Yes,9
4735-ASGMA,26,Yes,Yes,Yes,27,Yes,None,No,0
4735-BJKOU,40,No,Yes,No,0,No,None,No,0
4737-AQCPU,72,Yes,Yes,Yes,18,Yes,None,Yes,5
4737-HOBAX,63,Yes,Yes,Yes,20,Yes,None,Yes,5
4741-WWJQZ,2,Yes,Yes,No,23,Yes,Offer E,No,0
4742-DRORA,60,Yes,Yes,Yes,29,Yes,Offer B,Yes,5
4742-TXUEX,47,No,Yes,No,0,No,None,Yes,1
4745-LSPLO,1,No,Yes,No,0,No,None,No,0
4747-LCAQL,25,Yes,Yes,No,71,Yes,Offer C,No,0
4749-OJKQU,4,Yes,Yes,Yes,22,Yes,None,No,0
4749-VFKVB,1,Yes,Yes,Yes,14,Yes,None,No,0
4750-UKWJK,37,No,Yes,No,0,No,None,Yes,1
4750-ZRXIU,4,Yes,Yes,Yes,17,Yes,None,No,0
4751-ERMAN,72,Yes,Yes,No,18,Yes,None,Yes,7
4753-PADAS,67,Yes,Yes,Yes,73,Yes,Offer A,Yes,2
4759-PXTAN,59,Yes,Yes,Yes,13,Yes,None,Yes,7
4759-TRPLW,1,Yes,Yes,No,15,Yes,Offer E,No,0
4760-THGOT,43,Yes,Yes,Yes,11,Yes,None,Yes,9
4760-XOHVN,1,No,Yes,No,0,No,None,Yes,1
4763-PGDPO,4,Yes,Yes,No,42,No,None,No,0
4765-OXPPD,9,Yes,Yes,No,69,Yes,Offer E,Yes,1
4767-HZZHQ,30,Yes,Yes,No,21,No,Offer C,Yes,5
4770-QAZXN,13,No,Yes,No,0,No,Offer D,No,0
4770-UEZOX,2,Yes,Yes,No,52,Yes,Offer E,No,0
4774-HHGGS,30,No,Yes,No,0,No,None,Yes,1
4776-XSKYQ,12,Yes,No,No,22,Yes,None,Yes,4
4778-IZARL,63,Yes,Yes,No,15,Yes,None,Yes,8
4779-ZGICK,48,No,Yes,Yes,0,No,Offer B,No,0
4781-ZXYGU,1,No,Yes,No,0,No,Offer E,Yes,7
4782-OSFXZ,71,Yes,Yes,Yes,24,Yes,Offer A,Yes,1
4785-FCIFB,61,No,Yes,Yes,0,No,Offer B,Yes,10
4785-NKHCX,5,No,Yes,No,0,No,Offer E,No,0
4785-QRJHC,46,Yes,No,No,15,No,None,Yes,1
4786-UKSNZ,1,No,Yes,No,0,No,Offer E,No,0
4789-KWMXN,47,Yes,Yes,Yes,17,Yes,Offer B,Yes,1
4791-QRGMF,59,Yes,Yes,Yes,5,Yes,Offer B,Yes,1
4795-KTRTH,5,Yes,Yes,Yes,11,No,Offer E,Yes,1
4795-UXVCJ,26,No,Yes,No,0,No,Offer C,No,0
4795-WRNVT,40,Yes,Yes,No,26,Yes,None,No,0
4797-AXPXK,1,Yes,Yes,No,16,No,Offer E,No,0
4797-MIWUM,7,No,Yes,No,0,No,Offer E,No,0
4800-CZMPC,48,Yes,Yes,Yes,47,Yes,Offer B,Yes,1
4800-VHZKI,1,No,Yes,No,0,No,Offer E,No,0
4801-JZAZL,11,Yes,No,No,17,Yes,None,Yes,1
4801-KFYKL,8,No,Yes,No,0,No,None,No,0
4803-AXVYP,38,Yes,Yes,Yes,2,Yes,Offer C,No,0
4803-LBYPN,34,No,Yes,No,0,No,Offer C,Yes,1
4804-NCPET,19,No,Yes,No,0,No,None,Yes,3
4806-DXQCE,70,Yes,Yes,Yes,25,Yes,None,Yes,7
4806-HIPDW,1,Yes,Yes,No,13,Yes,Offer E,Yes,1
4806-KEXQR,4,Yes,Yes,No,46,Yes,Offer E,No,0
4807-IZYOZ,51,No,Yes,No,0,No,Offer B,No,0
4808-YNLEU,35,Yes,Yes,No,30,Yes,Offer C,Yes,1
4811-JBUVU,30,Yes,Yes,Yes,2,Yes,None,No,0
4813-HQMGZ,8,Yes,Yes,Yes,4,No,Offer E,Yes,4
4815-GBTCD,4,Yes,No,No,29,Yes,None,Yes,1
4815-TUMEQ,10,No,Yes,No,0,No,Offer D,No,0
4815-YOSUK,72,Yes,Yes,Yes,52,Yes,None,Yes,9
4816-JBHOV,2,Yes,Yes,No,20,Yes,Offer E,No,0
4816-LXZYW,23,Yes,Yes,Yes,11,Yes,Offer D,No,0
4816-OKWNX,50,Yes,Yes,No,22,Yes,None,Yes,2
4817-KEQSP,71,No,Yes,No,0,No,None,Yes,2
4817-QRJSX,10,Yes,Yes,Yes,19,Yes,Offer D,No,0
4817-VYYWS,30,Yes,Yes,Yes,82,Yes,Offer C,No,0
4818-DRBQT,29,Yes,Yes,Yes,47,Yes,Offer C,Yes,1
4818-QIUFN,20,Yes,Yes,Yes,5,Yes,None,No,0
4819-HJPIW,18,Yes,No,No,8,Yes,None,No,0
4821-SJHJV,32,Yes,Yes,Yes,82,Yes,None,Yes,6
4821-WQOYN,72,No,Yes,No,0,No,None,Yes,6
4822-LPTYJ,72,Yes,Yes,Yes,22,No,None,Yes,8
4822-NGOCH,13,Yes,Yes,Yes,4,Yes,None,No,0
4822-RVYBB,8,Yes,Yes,Yes,29,Yes,Offer E,No,0
4822-YCXMX,25,Yes,Yes,Yes,22,Yes,Offer C,No,0
4824-GUCBY,22,Yes,Yes,No,22,Yes,None,No,0
4825-FUREZ,42,No,Yes,No,0,No,None,Yes,10
4825-XJGDM,61,Yes,No,No,8,Yes,Offer B,No,0
4826-DXMUP,35,Yes,Yes,No,73,Yes,None,No,0
4826-TZEVA,40,Yes,Yes,No,15,Yes,Offer B,No,0
4826-XTSOH,1,Yes,Yes,Yes,23,Yes,None,No,0
4827-DPADN,72,Yes,Yes,Yes,69,No,None,Yes,3
4827-LTQRJ,66,Yes,Yes,Yes,28,Yes,None,Yes,1
4827-USJHP,20,Yes,Yes,No,18,Yes,Offer D,No,0
4828-FAZPK,16,Yes,Yes,Yes,69,Yes,Offer D,Yes,1
4829-AUOAX,46,Yes,Yes,Yes,8,No,None,No,0
4829-ZLJTK,72,Yes,Yes,Yes,2,Yes,Offer A,Yes,5
4830-FAXFM,19,No,Yes,Yes,0,No,Offer D,No,0
4831-EOBFE,29,Yes,Yes,No,15,Yes,None,Yes,1
4832-VRBMR,65,Yes,Yes,Yes,5,Yes,None,Yes,1
4833-QTJNO,67,Yes,Yes,Yes,20,Yes,None,Yes,10
4835-YSJMR,39,Yes,Yes,No,15,Yes,Offer C,No,0
4836-WNFNO,72,No,Yes,Yes,0,No,None,Yes,7
4837-PZTIC,47,Yes,No,No,23,Yes,Offer B,No,0
4837-QUSFT,65,Yes,Yes,Yes,6,Yes,Offer B,Yes,8
4840-ORQXB,56,Yes,Yes,Yes,7,Yes,None,No,0
4844-JJWUY,1,Yes,Yes,No,22,Yes,Offer E,No,0
4846-WHAFZ,37,Yes,Yes,Yes,14,Yes,Offer C,Yes,1
4847-QNOKA,1,Yes,Yes,No,59,Yes,Offer E,No,0
4847-TAJYI,6,Yes,Yes,No,19,Yes,Offer E,No,0
4849-PYRLQ,56,Yes,Yes,Yes,8,Yes,None,No,0
4851-BQDNX,40,Yes,Yes,No,22,Yes,None,Yes,5
4853-OITSN,5,Yes,Yes,Yes,28,Yes,Offer E,Yes,8
4853-RULSV,70,Yes,Yes,Yes,42,Yes,Offer A,No,0
4854-CIDCF,3,Yes,Yes,No,25,Yes,None,No,0
4854-SSLTN,2,Yes,Yes,No,53,Yes,Offer E,Yes,8
4855-SNKMY,1,Yes,Yes,No,30,Yes,Offer E,No,0
4859-ZSRDZ,58,Yes,No,No,11,Yes,Offer B,Yes,1
4860-IJUDE,13,Yes,Yes,No,5,Yes,None,No,0
4860-YZGZM,10,No,Yes,No,0,No,None,No,0
4868-AADLV,66,Yes,Yes,Yes,10,Yes,None,No,0
4869-EPIUS,56,Yes,Yes,No,24,Yes,None,Yes,3
4871-JTKJF,1,Yes,Yes,No,5,Yes,None,No,0
4872-JCVCA,71,Yes,No,No,16,Yes,Offer A,Yes,1
4872-VXRIL,56,Yes,Yes,Yes,59,Yes,Offer B,No,0
4873-ILOLJ,24,Yes,Yes,No,23,Yes,None,No,0
4877-EVATK,1,No,Yes,No,0,No,None,No,0
4877-TSOFF,55,Yes,Yes,Yes,29,Yes,Offer B,Yes,7
4878-BUNFV,42,No,Yes,No,0,No,Offer B,Yes,10
4879-GZLFH,42,Yes,Yes,No,53,Yes,None,Yes,10
4881-GQJTW,14,No,Yes,No,0,No,Offer D,No,0
4881-JVQOD,10,Yes,No,No,53,Yes,None,Yes,1
4883-KCPZJ,22,No,Yes,Yes,0,No,Offer D,Yes,9
4883-QICIH,32,Yes,Yes,No,5,Yes,None,Yes,1
4884-LEVMQ,39,No,Yes,No,0,No,Offer C,Yes,10
4884-TVUQF,57,Yes,Yes,Yes,17,Yes,Offer B,No,0
4884-ZTHVF,8,Yes,Yes,No,28,Yes,None,No,0
4890-VMUAV,63,Yes,Yes,Yes,11,No,Offer B,No,0
4891-NLUBA,61,Yes,No,No,26,Yes,Offer B,Yes,8
4892-VLANZ,1,No,Yes,No,0,No,None,No,0
4893-GYUJU,50,No,Yes,No,0,No,None,No,0
4895-TMWIR,11,No,Yes,No,0,No,None,Yes,1
4896-CPRPF,35,No,Yes,Yes,0,No,None,Yes,1
4897-QSUYC,1,No,Yes,No,0,No,Offer E,No,0
4900-MSOMT,72,Yes,Yes,Yes,23,Yes,None,Yes,7
4902-OHLSK,29,Yes,Yes,Yes,16,Yes,None,No,0
4903-CNOZC,29,Yes,Yes,Yes,47,Yes,Offer C,No,0
4903-UYAVB,5,No,Yes,No,0,No,Offer E,No,0
4905-JEFDW,11,Yes,No,No,5,Yes,None,No,0
4906-ZHGPK,54,Yes,Yes,Yes,28,Yes,None,Yes,3
4908-XAXAY,49,Yes,Yes,No,21,Yes,None,No,0
4909-JOUPP,72,Yes,Yes,Yes,3,Yes,None,Yes,5
4910-AQFFX,9,Yes,Yes,Yes,59,No,None,Yes,1
4910-GMJOT,1,Yes,Yes,Yes,27,Yes,None,No,0
4911-BANWH,31,Yes,Yes,Yes,27,Yes,None,No,0
4912-PIGUY,1,Yes,Yes,Yes,11,No,Offer E,No,0
4913-EHYUI,56,Yes,Yes,Yes,12,Yes,Offer B,No,0
4915-BFSXL,70,Yes,Yes,Yes,29,Yes,Offer A,Yes,9
4918-FYJNT,55,Yes,Yes,Yes,21,Yes,None,Yes,4
4918-QLLIW,3,Yes,Yes,No,82,Yes,None,No,0
4919-IKATY,5,Yes,Yes,Yes,8,Yes,Offer E,Yes,3
4919-MOAVT,3,Yes,Yes,No,23,Yes,Offer E,No,0
4922-CVPDX,26,Yes,Yes,No,58,No,Offer C,Yes,6
4923-ADWXJ,25,Yes,Yes,No,10,Yes,None,No,0
4925-LMHOK,15,Yes,Yes,Yes,59,Yes,Offer D,No,0
4926-UMJZD,31,Yes,Yes,No,15,No,None,Yes,4
4927-WWOOZ,2,Yes,Yes,Yes,20,No,None,No,0
4929-BSTRX,1,Yes,Yes,No,14,Yes,None,No,0
4929-ROART,18,Yes,Yes,Yes,17,No,None,No,0
4929-XIHVW,2,Yes,Yes,No,11,No,Offer E,Yes,10
4931-TRZWN,13,Yes,Yes,No,5,Yes,Offer D,No,0
4933-BSAIP,40,No,Yes,No,0,No,None,Yes,1
4933-IKULF,17,No,Yes,No,0,No,Offer D,No,0
4936-YPJNK,10,No,Yes,No,0,No,None,No,0
4937-QPZPO,61,Yes,Yes,Yes,58,Yes,None,Yes,3
4939-KYYPY,27,Yes,Yes,Yes,25,Yes,None,No,0
4940-KHCWD,60,Yes,No,No,2,Yes,Offer B,Yes,1
4942-VZZOM,64,Yes,Yes,Yes,2,Yes,Offer B,Yes,3
4945-RVMTE,28,Yes,Yes,No,3,Yes,None,No,0
4946-EDSEW,11,No,Yes,No,0,No,Offer D,Yes,1
4947-DSMXK,34,Yes,Yes,Yes,52,Yes,None,Yes,9
4948-WBBKL,36,Yes,Yes,Yes,10,Yes,Offer C,No,0
4950-BDEUX,35,Yes,No,No,26,Yes,Offer C,No,0
4950-HKQTE,22,No,Yes,Yes,0,No,Offer D,No,0
4951-UKAAQ,4,Yes,Yes,Yes,51,No,None,No,0
4952-YSOGZ,4,Yes,Yes,Yes,30,Yes,None,Yes,1
4955-VCWBI,43,No,Yes,No,0,No,None,Yes,5
4957-SREEC,70,No,Yes,No,0,No,Offer A,Yes,2
4957-TIALW,15,Yes,Yes,No,73,Yes,Offer D,No,0
4957-TREIR,3,Yes,Yes,No,7,Yes,None,No,0
4958-GZWIY,7,Yes,Yes,No,4,Yes,None,Yes,1
4958-XCBDQ,35,Yes,Yes,Yes,25,Yes,Offer C,No,0
4959-JOSRX,2,Yes,Yes,No,16,Yes,Offer E,Yes,3
4962-CHQPW,29,No,Yes,No,0,No,Offer C,No,0
4967-WPNCF,72,Yes,No,No,14,Yes,Offer A,No,0
4971-PUYQO,27,Yes,Yes,Yes,6,Yes,None,No,0
4973-MGTON,71,Yes,Yes,No,26,Yes,None,No,0
4973-RLZVI,30,Yes,Yes,No,13,No,None,No,0
4976-LNFVV,19,Yes,No,No,14,Yes,None,Yes,6
4979-HPRFL,56,No,Yes,Yes,0,No,Offer B,Yes,1
4980-URKXC,36,No,Yes,No,0,No,None,Yes,1
4981-FLTMF,57,Yes,Yes,Yes,15,Yes,None,Yes,3
4983-CCWMC,3,Yes,Yes,No,16,No,None,No,0
4983-CLMLV,52,Yes,Yes,Yes,71,Yes,None,No,0
4986-MXSFP,2,No,Yes,No,0,No,Offer E,No,0
4987-GQWPO,17,Yes,No,No,11,Yes,None,No,0
4988-IQIGL,1,Yes,Yes,Yes,18,Yes,None,No,0
4989-LIXVT,68,Yes,Yes,Yes,28,Yes,None,No,0
4990-ALDGW,57,No,Yes,No,0,No,None,No,0
4992-LTJNE,72,Yes,Yes,Yes,27,Yes,Offer A,Yes,5
4993-JCRGJ,26,Yes,Yes,Yes,30,Yes,None,No,0
4994-OBRSZ,14,Yes,Yes,No,52,Yes,None,No,0
4998-IKFSE,30,Yes,Yes,Yes,59,No,Offer C,No,0
4999-IEZLT,66,Yes,No,No,15,Yes,None,No,0
5002-GCQFH,49,Yes,Yes,Yes,26,No,Offer B,Yes,1
5003-OKNNK,15,No,Yes,No,0,No,Offer D,Yes,10
5003-XZWWO,71,Yes,Yes,Yes,30,Yes,None,Yes,4
5006-MXVRN,39,No,Yes,No,0,No,None,No,0
5010-IPEAQ,67,Yes,No,No,51,Yes,None,Yes,2
5012-YSPJJ,31,Yes,Yes,No,71,Yes,None,Yes,6
5013-SBUIH,50,Yes,Yes,Yes,28,Yes,None,No,0
5014-GSOUQ,13,No,Yes,No,0,No,Offer D,No,0
5014-WUQMG,47,Yes,Yes,No,52,Yes,Offer B,Yes,1
5016-ETTFF,10,Yes,No,No,30,No,Offer D,No,0
5016-IBERQ,23,Yes,Yes,Yes,51,Yes,None,Yes,1
5016-LIPDW,57,No,Yes,No,0,No,None,Yes,1
5018-GWURO,56,Yes,Yes,Yes,51,Yes,None,Yes,9
5018-HEKFO,10,No,Yes,Yes,0,No,Offer D,No,0
5018-LXQQG,30,Yes,Yes,No,17,Yes,Offer C,Yes,1
5019-GQVCR,43,Yes,Yes,Yes,7,Yes,None,No,0
5020-ZSTTY,54,Yes,Yes,Yes,5,Yes,Offer B,No,0
5022-JNQEQ,9,Yes,Yes,No,20,Yes,None,Yes,10
5022-KVDQT,27,Yes,Yes,Yes,69,No,None,No,0
5025-GOOKI,20,No,Yes,No,0,No,Offer D,No,0
5027-QPKTE,7,Yes,Yes,No,28,No,Offer E,Yes,1
5027-XWQHA,6,Yes,Yes,No,10,No,None,No,0
5027-YOCXN,51,Yes,Yes,Yes,41,Yes,None,Yes,6
5028-GZLDO,2,Yes,Yes,No,85,Yes,None,No,0
5028-HTLJB,1,No,Yes,No,0,No,Offer E,No,0
5032-MIYKT,1,Yes,Yes,No,52,Yes,None,No,0
5032-USPKF,38,Yes,Yes,Yes,13,Yes,None,No,0
5035-BVCXS,11,Yes,Yes,No,27,Yes,None,No,0
5035-PGZXH,56,Yes,Yes,Yes,2,No,None,No,0
5038-ETMLM,72,Yes,Yes,Yes,22,Yes,Offer A,Yes,10
5039-LZRQT,13,No,Yes,No,0,No,None,No,0
5043-TRZWM,1,Yes,Yes,No,26,Yes,None,No,0
5044-LRQAQ,7,Yes,Yes,No,73,Yes,None,Yes,8
5044-XDPYX,51,No,Yes,Yes,0,No,None,Yes,7
5046-NUHWD,29,Yes,No,No,23,Yes,None,Yes,5
5047-LHVLY,1,Yes,Yes,No,12,Yes,Offer E,No,0
5049-GLYVG,1,No,Yes,No,0,No,Offer E,No,0
5049-MUBWG,26,Yes,Yes,No,76,Yes,None,No,0
5052-PNLOS,3,Yes,Yes,Yes,14,Yes,Offer E,No,0
5054-IEXZT,1,Yes,Yes,No,21,No,None,No,0
5055-BRMNE,67,Yes,Yes,Yes,16,Yes,Offer A,Yes,3
5055-MGMGF,65,Yes,Yes,Yes,23,No,Offer B,Yes,3
5056-FIMPT,43,Yes,Yes,No,10,No,None,No,0
5057-LCOUI,39,Yes,No,No,4,Yes,Offer C,No,0
5057-RKGLH,9,No,Yes,No,0,No,None,Yes,9
5060-TQUQN,30,Yes,Yes,Yes,48,Yes,None,Yes,1
5061-PBXFW,32,Yes,Yes,No,17,Yes,None,Yes,3
5062-CJJKH,25,Yes,Yes,No,53,Yes,None,Yes,1
5063-IUOKK,13,No,Yes,No,0,No,Offer D,No,0
5066-GFJMM,3,No,Yes,No,0,No,Offer E,Yes,4
5067-DGXLL,2,No,Yes,No,0,No,None,No,0
5067-WJEUN,67,Yes,Yes,No,26,No,Offer A,Yes,1
5067-XJQFU,66,Yes,Yes,Yes,9,Yes,None,Yes,3
5071-FBJFS,4,Yes,Yes,No,21,Yes,None,Yes,8
5073-RZGBK,50,Yes,Yes,Yes,76,Yes,Offer B,Yes,6
5073-WXOYN,60,Yes,No,No,5,Yes,Offer B,No,0
5074-FBGHB,64,Yes,Yes,Yes,23,Yes,None,No,0
5075-JSDKI,59,No,Yes,Yes,0,No,Offer B,No,0
5076-YVXCM,51,Yes,Yes,Yes,12,No,Offer B,No,0
5077-DXTCG,1,Yes,Yes,No,26,Yes,None,No,0
5081-NWSUP,10,Yes,Yes,No,5,Yes,Offer D,No,0
5084-OOVCJ,17,Yes,Yes,No,69,Yes,None,Yes,1
5087-SUURX,18,Yes,No,No,30,Yes,None,Yes,1
5088-QZLRL,1,No,Yes,No,0,No,Offer E,No,0
5089-IFSDP,58,Yes,Yes,Yes,24,Yes,Offer B,Yes,1
5090-EMGTC,59,Yes,Yes,No,11,Yes,Offer B,Yes,10
5091-HFAZW,2,Yes,Yes,No,12,No,None,No,0
5092-STPKP,24,Yes,Yes,No,4,Yes,None,No,0
5093-FEGLU,47,No,Yes,No,0,No,Offer B,Yes,1
5095-AESKG,3,Yes,Yes,Yes,20,No,None,Yes,1
5095-ETBRJ,55,Yes,Yes,No,69,Yes,None,Yes,5
5099-BAILX,43,Yes,Yes,Yes,5,Yes,Offer B,Yes,1
5103-MHMHY,1,Yes,Yes,No,19,Yes,Offer E,No,0
5108-ADXWO,11,Yes,Yes,No,30,Yes,None,No,0
5110-CHOPY,60,Yes,No,No,4,Yes,None,No,0
5115-GZDEL,72,Yes,No,No,71,Yes,None,No,0
5115-SQAAU,69,No,Yes,Yes,0,No,None,Yes,5
5117-IFGPS,29,Yes,Yes,Yes,12,Yes,Offer C,Yes,7
5117-ZSMHQ,71,Yes,Yes,Yes,85,No,Offer A,Yes,9
5118-MUEYH,48,Yes,Yes,Yes,51,Yes,Offer B,Yes,4
5119-KEPFY,36,Yes,Yes,Yes,6,Yes,None,Yes,3
5119-NZPTV,2,Yes,Yes,No,24,Yes,Offer E,Yes,9
5120-ZBLAI,50,Yes,Yes,Yes,28,Yes,Offer B,Yes,5
5122-CYFXA,3,Yes,Yes,No,20,Yes,Offer E,No,0
5124-EOGYE,31,No,Yes,No,0,No,None,No,0
5125-CNDSP,63,Yes,No,No,28,Yes,Offer B,No,0
5126-RCXYW,54,Yes,No,No,19,No,Offer B,No,0
5127-BZENZ,56,Yes,Yes,Yes,11,Yes,Offer B,Yes,1
5129-HHMZC,43,Yes,Yes,Yes,14,Yes,None,Yes,6
5129-JLPIS,25,Yes,Yes,No,48,Yes,None,No,0
5130-IEKQT,25,Yes,Yes,Yes,22,Yes,Offer C,No,0
5130-YPIRV,62,Yes,Yes,No,59,Yes,Offer B,Yes,1
5131-PONJI,49,Yes,Yes,No,20,Yes,Offer B,Yes,10
5133-POWUA,1,Yes,Yes,No,21,Yes,None,No,0
5133-VRSAB,8,Yes,No,No,8,No,Offer E,No,0
5134-IKDAY,1,Yes,Yes,No,13,Yes,None,Yes,1
5135-GRQJV,72,Yes,Yes,Yes,19,Yes,Offer A,Yes,4
5135-RDDQL,63,Yes,Yes,No,11,Yes,Offer B,Yes,6
5136-GFPMB,54,Yes,Yes,Yes,15,Yes,Offer B,No,0
5136-KCKGI,33,Yes,Yes,Yes,73,Yes,Offer C,Yes,1
5136-RGMZO,31,Yes,Yes,Yes,24,Yes,None,No,0
5138-WVKYJ,10,Yes,Yes,Yes,13,Yes,Offer D,No,0
5140-FOMCQ,59,Yes,Yes,Yes,4,Yes,Offer B,Yes,7
5141-ZUVBH,9,Yes,Yes,No,16,Yes,None,No,0
5143-EGQFK,10,Yes,No,No,20,No,None,No,0
5143-WMWOG,1,No,Yes,No,0,No,None,No,0
5144-PQCDZ,4,No,Yes,No,0,No,None,No,0
5144-TVGLP,38,Yes,Yes,Yes,13,Yes,None,No,0
5146-CBVOE,16,Yes,Yes,No,25,Yes,None,No,0
5146-YYFRZ,67,No,Yes,No,0,No,Offer A,No,0
5148-HKFIR,20,No,Yes,No,0,No,None,No,0
5148-ORICT,64,Yes,Yes,No,42,Yes,None,Yes,2
5149-CUZUJ,28,Yes,Yes,No,16,Yes,None,Yes,1
5149-QYTTU,71,Yes,Yes,Yes,19,No,Offer A,Yes,3
5149-TGWDZ,21,Yes,Yes,No,27,Yes,None,No,0
5150-ITWWB,3,Yes,Yes,Yes,28,Yes,Offer E,No,0
5150-LJNSR,31,Yes,Yes,Yes,59,Yes,Offer C,Yes,3
5151-HQRDG,37,Yes,Yes,Yes,10,Yes,None,Yes,6
5153-LXKDT,68,Yes,Yes,Yes,75,Yes,None,Yes,1
5153-RTHKF,34,Yes,Yes,Yes,76,No,None,No,0
5154-VEKBL,9,Yes,No,No,48,Yes,Offer E,No,0
5155-AZQPB,28,Yes,Yes,Yes,30,Yes,Offer C,Yes,6
5156-UMKOW,3,Yes,No,No,53,Yes,None,No,0
5158-RIVOP,11,No,Yes,No,0,No,Offer D,Yes,3
5159-YFPKQ,2,Yes,Yes,No,16,Yes,Offer E,No,0
5160-UXJED,17,Yes,Yes,No,73,Yes,None,No,0
5161-UBZXI,69,Yes,Yes,No,24,Yes,None,Yes,1
5161-XEUVX,37,Yes,Yes,Yes,58,Yes,Offer C,Yes,8
5167-GBFRE,4,Yes,No,No,19,Yes,Offer E,No,0
5167-ZFFMM,1,Yes,Yes,Yes,24,Yes,Offer E,No,0
5168-MQQCA,72,Yes,Yes,Yes,16,Yes,Offer A,Yes,2
5168-MSWXT,8,Yes,Yes,No,82,Yes,None,Yes,4
5170-PTRKA,49,Yes,No,No,82,Yes,None,Yes,1
5171-EPLKN,27,No,Yes,No,0,No,None,No,0
5172-MIGPM,4,Yes,Yes,Yes,59,Yes,None,No,0
5172-RKOCB,72,Yes,Yes,Yes,53,Yes,None,No,0
5173-WXOQV,2,Yes,Yes,No,26,No,Offer E,Yes,2
5173-ZXXXL,2,No,Yes,No,0,No,None,No,0
5174-ITUMV,67,Yes,Yes,Yes,16,Yes,Offer A,No,0
5174-RNGBH,9,Yes,Yes,No,69,No,None,No,0
5175-AOBHI,4,Yes,Yes,No,16,Yes,None,No,0
5175-WLYXL,22,Yes,Yes,Yes,10,No,Offer D,No,0
5176-LDKUH,48,Yes,Yes,No,23,Yes,None,No,0
5176-LMJXE,47,No,Yes,No,0,No,None,No,0
5176-OLSKT,66,Yes,Yes,Yes,11,No,Offer A,Yes,5
5177-RVZNU,37,No,Yes,No,0,No,None,No,0
5178-LMXOP,1,Yes,Yes,Yes,11,Yes,None,Yes,1
5180-UCIIQ,22,Yes,No,No,18,Yes,None,Yes,5
5181-OABFK,56,Yes,Yes,No,53,Yes,None,Yes,7
5183-KLYEM,72,Yes,Yes,Yes,42,Yes,Offer A,No,0
5183-SNMJQ,10,Yes,Yes,No,11,Yes,Offer D,No,0
5186-EJEGL,9,Yes,Yes,No,51,Yes,None,No,0
5186-PEIZU,35,No,Yes,No,0,No,None,No,0
5186-SAMNZ,1,Yes,Yes,No,15,No,None,No,0
5188-HGMLP,54,Yes,Yes,Yes,5,Yes,None,Yes,10
5192-EBGOV,1,Yes,Yes,Yes,21,Yes,None,No,0
5193-QLVZB,63,Yes,Yes,Yes,21,Yes,Offer B,No,0
5195-KPUNQ,53,Yes,Yes,No,28,Yes,Offer B,No,0
5196-SGOAK,1,Yes,Yes,No,21,Yes,Offer E,No,0
5196-WPYOW,67,Yes,Yes,No,19,Yes,None,Yes,1
5197-LQXXH,71,Yes,Yes,Yes,18,Yes,None,Yes,9
5197-PYEPU,42,Yes,Yes,Yes,69,No,Offer B,Yes,5
5197-YPYBZ,12,No,Yes,Yes,0,No,None,Yes,4
5198-EFNBM,57,Yes,Yes,No,4,Yes,None,Yes,10
5198-HQAEN,35,Yes,Yes,No,57,Yes,Offer C,Yes,5
5199-FPUSP,33,Yes,No,No,12,Yes,None,No,0
5201-CBWYG,62,No,Yes,Yes,0,No,None,Yes,1
5201-FRKKS,25,Yes,Yes,No,26,Yes,Offer C,No,0
5201-USSQZ,26,Yes,Yes,No,2,Yes,None,Yes,1
5202-IVJNU,39,Yes,No,No,24,No,None,No,0
5203-XEHAX,34,Yes,Yes,No,7,Yes,None,No,0
5204-HMGYF,49,Yes,Yes,No,23,Yes,None,Yes,4
5204-QZXPU,19,Yes,No,No,21,Yes,None,No,0
5206-HPJKM,17,Yes,Yes,No,14,Yes,None,No,0
5206-XZZQI,53,Yes,Yes,No,29,No,Offer B,No,0
5207-PLSTK,1,Yes,Yes,No,22,Yes,None,Yes,10
5208-FVQKB,70,Yes,Yes,No,15,Yes,Offer A,Yes,7
5208-HFSBT,2,Yes,Yes,No,30,Yes,Offer E,No,0
5213-TWWJU,28,Yes,Yes,No,59,Yes,None,No,0
5214-CHIWJ,27,No,Yes,No,0,No,None,No,0
5214-NLTIT,72,Yes,Yes,Yes,59,No,Offer A,Yes,1
5215-LNLDJ,7,Yes,No,No,76,Yes,None,Yes,3
5216-WASFJ,31,Yes,Yes,Yes,3,Yes,Offer C,Yes,4
5219-YIPTK,33,Yes,Yes,Yes,12,Yes,None,Yes,1
5220-AGAAX,68,No,Yes,Yes,0,No,Offer A,Yes,8
5222-IMUKT,32,Yes,Yes,No,24,Yes,None,No,0
5222-JCXZT,4,No,Yes,No,0,No,None,No,0
5223-UZAVK,64,Yes,Yes,No,2,Yes,Offer B,No,0
5226-NOZFC,26,Yes,Yes,No,13,Yes,None,No,0
5227-JSCFE,71,Yes,No,No,19,Yes,Offer A,Yes,9
5228-EXCET,13,Yes,Yes,No,20,Yes,None,No,0
5229-DTFYB,41,Yes,Yes,No,2,Yes,None,No,0
5229-PRWKT,8,Yes,Yes,Yes,2,Yes,Offer E,No,0
5231-FIQPA,41,No,Yes,No,0,No,None,No,0
5232-NXPAY,47,Yes,Yes,No,12,Yes,Offer B,No,0
5233-AOZUF,29,Yes,Yes,Yes,17,Yes,None,Yes,3
5233-GEEAX,8,Yes,No,No,4,Yes,Offer E,No,0
5236-PERKL,57,Yes,Yes,Yes,6,Yes,None,No,0
5236-XMZJY,42,Yes,Yes,No,26,Yes,Offer B,No,0
5240-CAOYT,57,Yes,Yes,Yes,41,Yes,None,No,0
5240-IJOQT,1,Yes,Yes,Yes,20,Yes,None,No,0
5242-UOWHD,45,No,Yes,No,0,No,Offer B,Yes,3
5243-SAOTC,54,Yes,Yes,Yes,3,Yes,Offer B,No,0
5244-IRFIH,33,Yes,Yes,Yes,8,Yes,None,Yes,1
5245-VDBUR,52,Yes,No,No,8,Yes,None,Yes,4
5248-KWLAR,71,Yes,Yes,Yes,29,Yes,Offer A,Yes,1
5248-RPYWW,72,Yes,Yes,Yes,16,Yes,None,Yes,2
5248-YGIJN,72,Yes,Yes,Yes,28,Yes,None,Yes,9
5249-QYHEX,40,No,Yes,Yes,0,No,Offer B,Yes,2
5256-SKJGO,64,Yes,No,No,30,Yes,None,Yes,1
5260-UMPWX,26,No,Yes,No,0,No,None,Yes,4
5261-QSHQM,4,Yes,No,No,9,Yes,Offer E,No,0
5266-PFRQK,52,No,Yes,No,0,No,Offer B,Yes,2
5268-DSMNQ,62,Yes,Yes,Yes,25,Yes,None,Yes,5
5269-NRGDP,42,Yes,Yes,No,23,Yes,None,Yes,1
5271-DBYSJ,11,Yes,Yes,No,15,No,Offer D,No,0
5271-YNWVR,68,Yes,Yes,Yes,22,Yes,Offer A,Yes,1
5274-XHAKY,41,Yes,Yes,Yes,59,Yes,Offer B,Yes,10
5275-PMFUT,72,Yes,No,No,18,Yes,None,Yes,9
5275-SQEIZ,1,Yes,Yes,No,21,Yes,None,No,0
5276-KQWHG,2,Yes,Yes,No,21,Yes,Offer E,No,0
5277-ZLOOR,2,Yes,Yes,Yes,25,Yes,Offer E,No,0
5278-PNYOX,49,Yes,Yes,No,27,Yes,None,No,0
5281-BUZGT,36,Yes,Yes,Yes,23,Yes,Offer C,No,0
5285-MVEHD,56,Yes,Yes,No,13,Yes,Offer B,Yes,1
5286-YHCVC,72,Yes,Yes,Yes,15,Yes,None,Yes,4
5287-QWLKY,71,Yes,Yes,Yes,8,Yes,None,Yes,1
5288-AHOUP,11,Yes,Yes,No,3,Yes,None,No,0
5293-WXJAK,11,Yes,Yes,Yes,27,Yes,None,Yes,5
5294-CDGWY,51,Yes,No,No,2,Yes,None,Yes,1
5294-DMSFH,29,Yes,Yes,No,13,Yes,None,Yes,1
5294-IMHHT,53,Yes,Yes,Yes,17,Yes,None,Yes,6
5295-PCJOO,4,Yes,Yes,No,16,No,None,No,0
5296-BFCYD,46,No,Yes,No,0,No,None,Yes,4
5296-PSYVW,72,No,Yes,Yes,0,No,None,Yes,8
5297-MDOIR,63,Yes,Yes,No,46,Yes,Offer B,Yes,7
5298-GSTLM,60,Yes,Yes,Yes,11,Yes,Offer B,No,0
5299-RULOA,10,Yes,Yes,Yes,30,Yes,None,Yes,1
5299-SJCZT,3,Yes,Yes,Yes,6,Yes,Offer E,No,0
5301-GAUUY,32,Yes,Yes,Yes,21,Yes,Offer C,No,0
5302-BDJNT,35,Yes,Yes,Yes,59,Yes,None,No,0
5304-EFJLP,72,Yes,Yes,Yes,19,No,None,Yes,4
5306-BVTKJ,48,Yes,Yes,No,85,Yes,Offer B,Yes,1
5307-DZCVC,32,Yes,Yes,Yes,9,Yes,Offer C,No,0
5307-UVGNB,53,Yes,No,No,25,Yes,None,Yes,5
5309-TAIKL,7,Yes,Yes,No,21,Yes,None,No,0
5310-NOOVA,46,No,Yes,No,0,No,None,No,0
5311-IHLEI,12,Yes,No,No,9,Yes,Offer D,No,0
5312-IRCFR,64,Yes,Yes,Yes,69,Yes,None,Yes,8
5312-TSZVC,15,No,Yes,No,0,No,None,No,0
5312-UXESG,41,Yes,Yes,Yes,4,Yes,Offer B,No,0
5313-FPXWG,51,No,Yes,Yes,0,No,Offer B,No,0
5315-CKEQK,28,Yes,Yes,Yes,21,No,None,Yes,1
5317-FLPJF,66,Yes,No,No,73,No,Offer A,No,0
5318-IXUZF,2,Yes,Yes,No,6,Yes,None,No,0
5318-YKDPV,43,Yes,Yes,No,18,Yes,None,Yes,1
5320-BRKGK,58,Yes,Yes,Yes,69,Yes,Offer B,Yes,1
5321-NTRKC,66,Yes,Yes,Yes,59,Yes,Offer A,Yes,8
5322-TEUJK,71,Yes,Yes,Yes,29,Yes,None,Yes,5
5322-ZSMZY,31,No,Yes,Yes,0,No,None,Yes,7
5324-KTGCG,71,No,Yes,No,0,No,None,Yes,5
5325-UWTWJ,31,Yes,Yes,Yes,21,Yes,Offer C,Yes,4
5327-CNLUQ,48,Yes,Yes,Yes,18,Yes,Offer B,Yes,1
5327-XOKKY,72,Yes,Yes,Yes,3,Yes,Offer A,Yes,7
5329-KRDTM,72,Yes,Yes,Yes,10,Yes,Offer A,Yes,4
5331-RGMTT,54,Yes,Yes,Yes,13,No,None,No,0
5334-AFQJB,72,No,Yes,Yes,0,No,Offer A,No,0
5334-JLAXU,60,Yes,Yes,Yes,19,Yes,Offer B,Yes,8
5336-UFNZP,65,Yes,Yes,Yes,26,Yes,Offer B,Yes,7
5337-IIWKZ,34,Yes,No,No,76,Yes,Offer C,Yes,2
5338-YHWYT,37,Yes,Yes,No,27,No,None,No,0
5339-PXDVH,4,Yes,Yes,Yes,18,Yes,Offer E,No,0
5339-TJFEK,62,Yes,Yes,Yes,52,No,Offer B,Yes,8
5343-SGUBI,52,Yes,Yes,Yes,14,Yes,Offer B,No,0
5345-BMKWB,8,No,Yes,No,0,No,None,Yes,9
5346-BZCHP,69,No,Yes,No,0,No,Offer A,No,0
5348-CAGXB,12,Yes,Yes,Yes,22,Yes,Offer D,No,0
5349-AZPEW,5,Yes,No,No,53,Yes,Offer E,Yes,3
5349-IECLD,2,Yes,Yes,No,2,Yes,None,No,0
5351-QESIO,1,Yes,No,No,17,Yes,Offer E,No,0
5353-WILCI,28,Yes,Yes,No,15,No,Offer C,No,0
5356-CSVSQ,3,Yes,Yes,Yes,48,Yes,None,No,0
5356-KZCKT,58,No,Yes,Yes,0,No,Offer B,No,0
5356-RHIPP,1,No,Yes,No,0,No,Offer E,No,0
5357-TZHPP,9,Yes,Yes,Yes,18,Yes,None,No,0
5360-LJCNJ,71,Yes,Yes,Yes,3,No,None,Yes,4
5360-XGYAZ,72,Yes,No,No,16,No,None,Yes,1
5364-EVNIB,13,Yes,Yes,No,3,Yes,None,No,0
5364-XYIRR,51,Yes,Yes,Yes,9,Yes,None,Yes,1
5365-LLFYV,2,Yes,Yes,No,29,Yes,Offer E,No,0
5366-IJEQJ,20,Yes,Yes,Yes,59,Yes,Offer D,No,0
5366-OBVMR,18,Yes,Yes,No,17,Yes,Offer D,Yes,4
5370-IIVVL,37,Yes,Yes,Yes,59,Yes,Offer C,No,0
5371-VYLSX,50,Yes,Yes,Yes,22,Yes,None,No,0
5372-FBKBN,21,No,Yes,No,0,No,Offer D,No,0
5373-SFODM,36,Yes,Yes,Yes,5,Yes,None,Yes,1
5375-XLDOF,69,Yes,Yes,Yes,27,No,Offer A,Yes,7
5376-DEQCP,1,Yes,Yes,No,23,Yes,None,No,0
5376-PCKNB,72,Yes,Yes,Yes,12,No,Offer A,Yes,5
5377-NDTOU,71,Yes,Yes,Yes,76,Yes,Offer A,Yes,3
5378-IKEEG,1,Yes,No,No,2,Yes,Offer E,No,0
5380-AFSSK,5,Yes,Yes,Yes,10,Yes,None,No,0
5380-WJKOV,34,Yes,Yes,Yes,28,Yes,Offer C,No,0
5380-XPJNZ,38,No,Yes,No,0,No,None,No,0
5382-SOYZL,22,Yes,Yes,Yes,17,Yes,None,No,0
5382-TEMLV,45,Yes,Yes,No,16,Yes,None,No,0
5383-MMTWC,8,Yes,Yes,Yes,22,Yes,None,Yes,1
5384-ZTTWP,15,No,Yes,No,0,No,Offer D,Yes,4
5385-SUIRI,52,Yes,Yes,Yes,23,Yes,None,No,0
5386-THSLQ,66,Yes,No,No,9,Yes,Offer A,No,0
5387-ASZNZ,66,Yes,Yes,Yes,5,Yes,Offer A,No,0
5389-FFVKB,32,Yes,Yes,No,25,Yes,None,Yes,1
5392-AKEMH,12,Yes,Yes,No,12,Yes,None,No,0
5393-HJZSM,32,Yes,Yes,No,19,Yes,Offer C,Yes,1
5393-RXQSZ,1,Yes,Yes,No,22,Yes,None,No,0
5394-MEITZ,60,Yes,Yes,No,42,Yes,None,Yes,5
5394-SVGJV,37,Yes,Yes,Yes,42,Yes,None,No,0
5396-IZEPB,9,No,Yes,No,0,No,Offer E,No,0
5397-NSKQG,67,Yes,No,No,17,Yes,Offer A,Yes,2
5397-TUPSH,65,Yes,Yes,No,20,Yes,None,Yes,6
5399-ZIMKF,5,Yes,Yes,No,16,Yes,None,No,0
5402-HTOTQ,16,Yes,Yes,Yes,4,Yes,None,No,0
5404-GGUKR,5,Yes,Yes,No,7,Yes,Offer E,No,0
5405-ZMYXQ,8,Yes,Yes,Yes,42,Yes,Offer E,No,0
5406-KGRMX,71,No,Yes,Yes,0,No,None,No,0
5414-OFQCB,57,Yes,Yes,Yes,10,No,None,No,0
5419-CONWX,4,Yes,Yes,No,10,Yes,None,No,0
5419-JKZNQ,30,Yes,Yes,Yes,19,Yes,None,Yes,1
5419-JPRRN,1,Yes,Yes,Yes,7,Yes,None,No,0
5419-KLXBN,25,Yes,Yes,No,5,Yes,None,Yes,1
5423-BHIXO,32,Yes,Yes,Yes,3,Yes,None,No,0
5424-RLQLC,10,Yes,Yes,No,25,No,Offer D,No,0
5429-LWCMV,12,Yes,Yes,Yes,6,No,Offer D,No,0
5433-KYGHE,14,Yes,Yes,Yes,22,Yes,Offer D,No,0
5438-QMDDL,19,Yes,Yes,No,48,Yes,None,Yes,3
5439-WIKXB,41,Yes,Yes,No,2,No,Offer B,Yes,8
5440-FLBQG,69,Yes,Yes,Yes,4,Yes,Offer A,Yes,1
5440-VHLUL,69,Yes,Yes,Yes,28,Yes,Offer A,No,0
5442-BHQNG,2,Yes,Yes,No,9,Yes,None,No,0
5442-BXVND,33,No,Yes,Yes,0,No,None,Yes,2
5442-PPTJY,12,No,Yes,No,0,No,Offer D,Yes,7
5442-UTCVD,3,Yes,Yes,Yes,21,Yes,None,No,0
5442-XSDCW,11,Yes,Yes,No,19,No,Offer D,Yes,1
5443-SCMKX,58,Yes,Yes,Yes,26,No,None,Yes,1
5445-GLVOT,22,Yes,Yes,No,11,Yes,Offer D,No,0
5445-PZWGX,62,Yes,Yes,Yes,21,No,Offer B,No,0
5445-UTODQ,7,Yes,Yes,No,27,Yes,None,Yes,1
5446-DKWYW,61,Yes,Yes,Yes,10,Yes,Offer B,Yes,9
5447-VYTKW,27,Yes,Yes,No,28,Yes,None,No,0
5447-WZAFP,53,Yes,Yes,No,73,Yes,Offer B,No,0
5448-VWNAM,19,Yes,Yes,Yes,57,Yes,Offer D,No,0
5449-FIBXJ,19,Yes,Yes,Yes,22,Yes,Offer D,Yes,1
5451-MHQOF,56,No,Yes,Yes,0,No,None,Yes,7
5451-YHYPW,72,Yes,Yes,Yes,24,No,Offer A,Yes,2
5453-AXEPF,17,Yes,Yes,Yes,8,Yes,Offer D,Yes,7
5453-YBTWV,70,Yes,Yes,No,19,Yes,None,Yes,10
5456-ITGIC,72,Yes,No,No,9,Yes,None,Yes,9
5457-COLHT,69,Yes,Yes,No,53,Yes,None,Yes,5
5458-CQJTA,65,Yes,Yes,No,30,Yes,Offer B,Yes,1
5461-QKNTN,43,Yes,Yes,Yes,5,Yes,None,Yes,1
5465-BUBFA,41,No,Yes,No,0,No,Offer B,Yes,1
5468-BPMMO,46,No,Yes,No,0,No,None,Yes,3
5469-CTCWN,61,Yes,Yes,Yes,21,Yes,None,Yes,1
5469-NUJUR,19,No,Yes,No,0,No,None,No,0
5472-CVMDX,68,Yes,No,No,58,Yes,None,No,0
5473-KHBPS,52,Yes,Yes,Yes,20,Yes,Offer B,Yes,8
5474-LAMUQ,24,No,Yes,No,0,No,Offer C,Yes,9
5478-JJVZK,33,Yes,Yes,Yes,24,Yes,None,No,0
5480-HPRRX,3,Yes,No,No,30,Yes,None,No,0
5480-TBGPH,24,Yes,Yes,No,28,Yes,None,No,0
5480-XTFFL,31,No,Yes,No,0,No,Offer C,Yes,3
5481-NTDOH,67,Yes,Yes,Yes,20,Yes,None,Yes,8
5482-NUPNA,4,Yes,Yes,No,59,Yes,None,No,0
5482-PLVPE,2,Yes,No,No,11,Yes,None,No,0
5482-VXSXJ,22,Yes,Yes,No,17,Yes,None,No,0
5485-ITNPC,66,Yes,Yes,No,10,Yes,None,Yes,2
5485-WUYWF,2,Yes,Yes,No,24,Yes,None,No,0
5493-SDRDQ,2,Yes,Yes,No,52,Yes,Offer E,No,0
5494-HECPR,1,Yes,Yes,No,3,Yes,Offer E,No,0
5494-WOZRZ,71,Yes,Yes,No,23,Yes,None,No,0
5495-GPSRW,20,No,Yes,No,0,No,None,No,0
5498-IBWPI,66,Yes,Yes,No,27,Yes,Offer A,Yes,1
5498-TXHLF,34,Yes,Yes,Yes,4,Yes,None,Yes,1
5499-ECUTN,47,Yes,Yes,No,11,No,None,Yes,1
5501-TVMGM,1,Yes,Yes,No,69,No,None,No,0
5502-RLUYV,69,Yes,Yes,Yes,27,Yes,None,Yes,1
5504-WSIUR,70,Yes,Yes,Yes,3,No,None,No,0
5505-OVWQW,17,No,Yes,No,0,No,None,No,0
5510-BOIUJ,1,No,Yes,No,0,No,None,No,0
5512-IDZEI,46,No,Yes,Yes,0,No,None,Yes,1
5514-YQENT,41,Yes,Yes,No,59,Yes,None,No,0
5515-AKOAJ,54,Yes,Yes,Yes,9,Yes,None,No,0
5515-IDEJJ,1,No,Yes,No,0,No,Offer E,Yes,4
5515-RUGKN,8,Yes,Yes,No,26,Yes,None,No,0
5519-NPHVG,12,Yes,Yes,Yes,24,No,None,No,0
5519-TEEUH,33,No,Yes,No,0,No,Offer C,No,0
5519-YLDGW,21,Yes,Yes,Yes,16,Yes,Offer D,Yes,1
5520-FVEWJ,12,Yes,Yes,Yes,59,Yes,None,Yes,1
5522-JBWMO,1,Yes,Yes,No,29,Yes,None,No,0
5522-NYKPB,25,Yes,Yes,No,59,Yes,Offer C,No,0
5524-KHNJP,33,Yes,Yes,No,30,Yes,Offer C,Yes,7
5527-ACHSO,11,Yes,Yes,No,12,Yes,None,No,0
5529-GIBVH,47,No,Yes,No,0,No,None,No,0
5533-NHFRF,7,Yes,No,No,26,Yes,None,No,0
5533-RJFTJ,49,Yes,No,No,58,Yes,Offer B,No,0
5536-RTPWK,49,Yes,Yes,Yes,22,Yes,Offer B,Yes,1
5536-SLHPM,55,Yes,Yes,Yes,4,Yes,None,Yes,5
5537-UXXVS,20,No,Yes,No,0,No,Offer D,No,0
5539-HIVAK,28,No,Yes,Yes,0,No,None,Yes,8
5539-TMZLF,1,Yes,Yes,No,5,Yes,None,No,0
5542-DHSXL,4,Yes,Yes,No,3,Yes,None,Yes,2
5542-NKVRU,42,No,Yes,No,0,No,Offer B,No,0
5542-TBBWB,1,Yes,Yes,No,14,No,None,No,0
5543-QDCRY,4,Yes,Yes,No,30,Yes,None,No,0
5546-BYZSM,41,No,Yes,No,0,No,Offer B,No,0
5546-QUERU,13,No,Yes,No,0,No,None,No,0
5549-ZGHFB,50,No,Yes,Yes,0,No,None,Yes,3
5550-VFRLC,1,Yes,Yes,No,30,No,None,No,0
5552-ZNFSJ,1,Yes,Yes,No,28,Yes,None,No,0
5553-AOINX,66,Yes,Yes,Yes,30,Yes,None,Yes,6
5555-RNPGT,10,No,Yes,Yes,0,No,Offer D,No,0
5561-NWEVX,2,Yes,Yes,Yes,18,Yes,Offer E,Yes,1
5562-BETPV,1,No,Yes,No,0,No,Offer E,Yes,1
5562-YJQGT,2,No,Yes,No,0,No,None,No,0
5564-NEMQO,1,Yes,Yes,No,17,No,Offer E,No,0
5565-FILXA,16,Yes,Yes,Yes,16,Yes,None,No,0
5566-SOEZD,27,Yes,Yes,No,53,Yes,None,Yes,1
5567-GZKQY,58,No,Yes,No,0,No,Offer B,No,0
5567-WSELE,3,Yes,Yes,Yes,27,Yes,Offer E,Yes,1
5568-DMXZS,8,Yes,Yes,No,16,Yes,Offer E,No,0
5569-IDSEY,71,Yes,Yes,Yes,28,Yes,Offer A,Yes,8
5569-KGJHX,9,Yes,Yes,Yes,5,No,Offer E,Yes,1
5569-OUICF,28,Yes,Yes,Yes,20,Yes,Offer C,Yes,1
5570-PTWEH,3,Yes,Yes,Yes,29,Yes,None,Yes,1
5572-ZDXHY,22,Yes,Yes,No,52,Yes,None,No,0
5574-NXZIU,63,Yes,Yes,No,17,Yes,None,No,0
5575-GNVDE,34,Yes,Yes,No,16,Yes,None,No,0
5575-TPIZQ,46,Yes,Yes,Yes,73,Yes,Offer B,No,0
5577-OTWWW,15,No,Yes,No,0,No,Offer D,No,0
5578-NKCXI,58,Yes,Yes,No,76,Yes,None,Yes,9
5583-EJXRD,44,Yes,No,No,59,Yes,None,Yes,1
5583-SXDAG,1,Yes,Yes,No,18,No,Offer E,Yes,1
5590-BYNII,22,Yes,Yes,Yes,17,Yes,None,No,0
5590-YRFJT,20,Yes,No,No,10,Yes,None,Yes,1
5590-ZSKRV,8,Yes,Yes,No,18,Yes,Offer E,Yes,1
5593-SUAOO,24,Yes,Yes,Yes,53,Yes,None,Yes,6
5597-GLBUC,1,Yes,Yes,No,23,Yes,Offer E,No,0
5598-IKHQQ,72,No,Yes,Yes,0,No,Offer A,No,0
5599-HVLTW,14,Yes,Yes,Yes,3,Yes,None,No,0
5600-KTXFM,2,Yes,Yes,No,19,Yes,Offer E,Yes,6
5600-PDUJF,6,Yes,Yes,No,22,Yes,None,No,0
5602-BVFMK,12,No,Yes,No,0,No,None,No,0
5605-IYGFG,7,Yes,Yes,No,4,Yes,None,No,0
5605-XNWEN,72,No,Yes,Yes,0,No,None,No,0
5606-AMZBO,10,Yes,Yes,Yes,42,Yes,None,Yes,4
5609-CEBID,20,Yes,Yes,Yes,12,No,None,No,0
5609-IMCGG,15,Yes,Yes,Yes,4,Yes,Offer D,No,0
5614-DNZCE,58,Yes,Yes,No,16,Yes,None,No,0
5616-PRTNT,20,No,Yes,No,0,No,None,No,0
5619-PTMIK,46,Yes,Yes,Yes,82,Yes,Offer B,Yes,1
5619-XZZKR,4,No,Yes,No,0,No,None,No,0
5622-UEJFI,35,No,Yes,Yes,0,No,None,Yes,9
5624-BQSSA,1,No,Yes,No,0,No,None,No,0
5624-RYAMH,9,No,Yes,No,0,No,None,No,0
5626-MGTUK,20,Yes,Yes,Yes,25,No,None,No,0
5627-TVBPP,35,No,Yes,No,0,No,None,No,0
5628-FCGYG,21,Yes,Yes,Yes,9,Yes,None,No,0
5628-RKIFK,49,Yes,Yes,Yes,14,Yes,None,No,0
5630-AHZIL,3,Yes,Yes,No,56,No,Offer E,No,0
5630-IXDXV,47,Yes,Yes,Yes,10,Yes,Offer B,No,0
5639-NTUPK,13,Yes,Yes,No,59,Yes,Offer D,No,0
5640-CAXOA,30,Yes,No,No,42,Yes,None,No,0
5641-DMBFJ,58,Yes,Yes,Yes,59,Yes,None,Yes,1
5642-MHDQT,53,No,Yes,No,0,No,Offer B,Yes,6
5644-PDMZC,2,Yes,Yes,Yes,19,Yes,None,No,0
5647-FXOTP,60,Yes,Yes,Yes,25,No,Offer B,Yes,1
5647-URDKA,8,No,Yes,No,0,No,None,Yes,8
5649-ANRML,2,Yes,Yes,No,20,Yes,Offer E,No,0
5649-RXQTV,51,Yes,Yes,No,2,Yes,Offer B,No,0
5649-TJHOV,27,Yes,No,No,25,No,Offer C,Yes,1
5649-VUKMC,12,Yes,Yes,No,16,Yes,None,No,0
5650-VDUDS,4,Yes,No,No,16,Yes,Offer E,No,0
5650-YLIBA,31,Yes,Yes,Yes,12,Yes,None,No,0
5651-CPDND,10,Yes,Yes,No,14,Yes,Offer D,No,0
5651-CRHKQ,41,Yes,Yes,No,16,Yes,None,Yes,3
5651-WYIPH,18,Yes,Yes,No,23,Yes,None,No,0
5651-YLPRD,32,Yes,Yes,No,57,No,None,Yes,7
5652-MSDEY,10,Yes,Yes,Yes,21,Yes,None,No,0
5655-JSMZM,49,Yes,Yes,Yes,2,Yes,Offer B,No,0
5656-JAMLX,62,No,Yes,No,0,No,None,No,0
5656-MJEFC,42,Yes,No,No,8,Yes,Offer B,Yes,10
5663-QBGIS,72,Yes,Yes,Yes,30,Yes,None,No,0
5666-CYCYZ,24,Yes,Yes,Yes,52,Yes,None,No,0
5666-MBJPT,65,No,Yes,Yes,0,No,Offer B,No,0
5668-MEISB,72,Yes,Yes,Yes,14,Yes,None,Yes,1
5669-SRAIP,5,Yes,No,No,2,Yes,Offer E,No,0
5671-RQRLP,70,Yes,Yes,Yes,3,Yes,Offer A,Yes,4
5671-UUNXD,50,Yes,Yes,Yes,23,Yes,None,Yes,1
5673-FSSMF,1,Yes,Yes,Yes,59,No,Offer E,No,0
5673-TIYIB,2,Yes,No,No,8,Yes,Offer E,No,0
5676-CFLYY,71,Yes,Yes,No,59,Yes,Offer A,Yes,4
5678-VFNEQ,71,Yes,Yes,Yes,82,Yes,Offer A,Yes,8
5680-LQOGP,68,Yes,Yes,No,59,No,Offer A,No,0
5681-LLOEI,43,Yes,Yes,Yes,25,Yes,None,Yes,11
5684-FJVYR,72,Yes,Yes,Yes,25,Yes,Offer A,Yes,9
5685-IIXLY,5,Yes,Yes,No,23,Yes,None,Yes,1
5686-CMAWK,17,Yes,Yes,Yes,4,Yes,None,No,0
5687-DKDTV,4,No,Yes,No,0,No,None,No,0
5688-KZTSN,15,No,Yes,No,0,No,None,Yes,1
5692-FPTAH,1,Yes,Yes,No,26,Yes,None,No,0
5692-ICXLW,31,Yes,Yes,Yes,24,No,None,No,0
5693-PIPCS,41,Yes,Yes,No,59,Yes,Offer B,No,0
5696-CEIQJ,67,Yes,Yes,No,76,Yes,Offer A,Yes,4
5696-EXCYS,17,No,Yes,No,0,No,Offer D,No,0
5696-JVVQY,48,Yes,Yes,No,57,No,Offer B,Yes,1
5696-QURRL,1,Yes,Yes,No,26,No,None,No,0
5697-GOMBF,28,Yes,No,No,58,No,None,Yes,3
5698-BQJOH,9,Yes,Yes,Yes,29,Yes,None,No,0
5699-BNCAS,71,No,Yes,Yes,0,No,Offer A,No,0
5701-GUXDC,26,Yes,No,No,51,Yes,None,Yes,4
5701-SVCWR,1,No,Yes,Yes,0,No,Offer E,No,0
5701-YVSVF,11,Yes,Yes,No,2,Yes,Offer D,Yes,9
5701-ZIKJE,13,Yes,Yes,No,59,Yes,Offer D,No,0
5702-KVQRD,71,Yes,Yes,No,19,Yes,Offer A,Yes,2
5702-SKUOB,4,No,Yes,No,0,No,None,Yes,1
5707-ORNDZ,9,Yes,Yes,Yes,7,Yes,Offer E,No,0
5707-ZMDJP,53,Yes,Yes,No,16,Yes,None,Yes,3
5708-EVONK,58,Yes,Yes,Yes,20,Yes,None,Yes,1
5709-LVOEQ,0,Yes,Yes,No,5,Yes,None,Yes,8
5712-AHQNN,43,Yes,Yes,No,12,Yes,None,No,0
5712-PTIWW,2,Yes,Yes,No,2,Yes,Offer E,No,0
5712-VBOXD,4,No,Yes,No,0,No,Offer E,No,0
5716-EZXZN,65,Yes,Yes,Yes,13,Yes,None,Yes,5
5716-LIBJC,13,Yes,Yes,Yes,27,Yes,Offer D,No,0
5724-BIDBU,49,Yes,Yes,Yes,52,Yes,None,Yes,3
5726-CVNYA,8,No,Yes,No,0,No,Offer E,Yes,8
5727-MYATE,72,Yes,Yes,Yes,26,Yes,Offer A,Yes,1
5729-KLZAR,4,Yes,Yes,No,59,No,Offer E,Yes,1
5730-DBDSI,66,No,Yes,No,0,No,Offer A,No,0
5730-RIITO,43,Yes,No,No,18,No,None,No,0
5732-IKGQH,52,Yes,Yes,No,11,Yes,None,Yes,5
5734-EJKXG,61,Yes,Yes,Yes,42,Yes,Offer B,No,0
5736-YEJAX,69,Yes,Yes,Yes,46,No,Offer A,No,0
5740-YHGTW,70,Yes,Yes,Yes,53,Yes,None,Yes,8
5743-KHMNA,71,No,Yes,Yes,0,No,None,No,0
5747-PMBSQ,10,Yes,Yes,No,30,No,None,Yes,1
5748-RNCJT,69,Yes,Yes,Yes,11,Yes,Offer A,No,0
5751-USDBL,46,Yes,Yes,No,10,Yes,None,Yes,1
5753-QQWPW,28,Yes,Yes,No,11,Yes,Offer C,No,0
5756-JYOJT,11,Yes,Yes,No,23,Yes,None,No,0
5756-OZRIO,61,Yes,Yes,Yes,20,Yes,None,Yes,9
5759-RCVCB,3,Yes,No,No,30,Yes,Offer E,No,0
5760-FXFVO,6,Yes,Yes,No,28,Yes,Offer E,No,0
5760-IFJOZ,3,Yes,Yes,Yes,22,Yes,None,No,0
5760-WRAHC,22,Yes,Yes,No,28,Yes,Offer D,No,0
5762-TJXGK,52,Yes,No,No,19,Yes,Offer B,No,0
5766-FTRTS,72,Yes,Yes,No,26,Yes,Offer A,Yes,8
5766-XQXMQ,29,Yes,Yes,No,19,Yes,None,No,0
5766-ZJYBB,1,No,Yes,No,0,No,None,No,0
5774-QPLTF,50,No,Yes,No,0,No,None,Yes,9
5774-XZTQC,7,No,Yes,No,0,No,Offer E,Yes,3
5777-KJIRB,40,Yes,Yes,No,6,Yes,None,No,0
5777-ZPQNC,12,No,Yes,No,0,No,Offer D,No,0
5778-BVOFB,9,Yes,Yes,No,20,Yes,Offer E,No,0
5780-INQIK,8,Yes,Yes,No,6,Yes,None,No,0
5781-BKHOP,72,Yes,Yes,Yes,28,Yes,Offer A,Yes,10
5781-RFZRP,71,Yes,Yes,Yes,5,Yes,None,Yes,7
5787-KXGIY,72,No,Yes,No,0,No,None,Yes,3
5788-YPOEG,34,Yes,Yes,No,16,Yes,Offer C,Yes,9
5789-LDFXO,24,No,Yes,Yes,0,No,Offer C,No,0
5791-KAJFD,56,Yes,Yes,Yes,8,Yes,None,Yes,2
5792-JALQC,52,Yes,Yes,Yes,3,Yes,Offer B,No,0
5793-YOLJN,55,No,Yes,No,0,No,Offer B,Yes,8
5795-BKOYE,69,Yes,Yes,No,19,Yes,Offer A,Yes,5
5795-KTGUD,68,Yes,Yes,Yes,14,Yes,Offer A,Yes,2
5797-APWZC,1,Yes,Yes,No,22,Yes,Offer E,No,0
5799-JRCZO,63,No,Yes,No,0,No,None,No,0
5802-ADBRC,50,Yes,Yes,Yes,7,Yes,Offer B,Yes,7
5803-NQJZO,72,Yes,Yes,Yes,6,Yes,None,Yes,1
5804-HYIEZ,70,Yes,Yes,Yes,13,Yes,Offer A,Yes,1
5804-JMYIO,39,No,Yes,No,0,No,Offer C,Yes,6
5804-LEPIM,2,Yes,Yes,No,10,Yes,Offer E,No,0
5808-TOTXO,3,No,Yes,No,0,No,None,No,0
5811-IWXYM,52,Yes,Yes,Yes,52,Yes,Offer B,Yes,1
5813-UECBU,33,Yes,Yes,Yes,2,Yes,None,No,0
5815-HGGHV,20,Yes,Yes,No,18,No,Offer D,Yes,3
5816-JMLGY,70,Yes,Yes,No,52,Yes,None,Yes,4
5816-QVHRX,37,Yes,Yes,Yes,82,Yes,None,No,0
5816-SCGFC,7,Yes,Yes,No,18,Yes,None,No,0
5820-PTRYM,56,Yes,Yes,Yes,18,Yes,None,Yes,1
5821-MMEIL,57,No,Yes,No,0,No,None,Yes,6
5825-XJOCM,48,Yes,Yes,Yes,53,Yes,None,No,0
5827-MWCZK,56,Yes,Yes,Yes,53,Yes,Offer B,Yes,4
5828-AVIPD,19,Yes,Yes,Yes,51,Yes,None,Yes,1
5828-DWPIL,62,Yes,Yes,Yes,3,Yes,None,Yes,4
5829-NVSQN,23,Yes,Yes,No,29,Yes,None,Yes,3
5832-EXGTT,29,Yes,Yes,No,73,Yes,None,Yes,9
5832-TRLPB,29,Yes,Yes,No,27,Yes,None,No,0
5832-XKAES,2,Yes,Yes,No,27,Yes,Offer E,No,0
5834-ASPWA,1,Yes,Yes,Yes,15,Yes,None,No,0
5835-BEQEU,3,Yes,Yes,Yes,23,No,None,No,0
5837-LXSDN,21,Yes,Yes,No,30,Yes,None,Yes,1
5839-SUYVZ,16,Yes,Yes,No,82,Yes,None,No,0
5840-NVDCG,16,Yes,Yes,No,30,Yes,None,Yes,10
5842-POCOP,5,Yes,Yes,No,27,Yes,None,Yes,1
5843-TTHGI,18,Yes,Yes,No,69,No,None,No,0
5844-QVTAT,33,Yes,Yes,No,27,Yes,Offer C,Yes,8
5845-BZZIB,35,No,Yes,No,0,No,None,Yes,7
5846-ABOBJ,71,No,Yes,Yes,0,No,None,Yes,2
5846-NEQVZ,71,Yes,Yes,No,58,Yes,None,Yes,3
5846-QFDFI,33,Yes,Yes,Yes,73,Yes,Offer C,Yes,6
5847-MXBEO,22,No,Yes,No,0,No,Offer D,No,0
5848-FHRFC,68,No,Yes,No,0,No,Offer A,No,0
5849-ASHZJ,27,No,Yes,No,0,No,None,No,0
5850-BDWCY,6,No,Yes,No,0,No,Offer E,No,0
5854-KSRBJ,70,No,Yes,Yes,0,No,Offer A,Yes,10
5855-EIBDE,49,Yes,Yes,Yes,12,Yes,None,Yes,10
5857-TYBCJ,44,Yes,Yes,Yes,30,Yes,Offer B,Yes,6
5857-XRECV,2,No,Yes,No,0,No,None,No,0
5858-EAFCZ,1,Yes,Yes,No,16,Yes,None,No,0
5859-HZYLF,26,No,Yes,No,0,No,None,Yes,9
5862-BRIXZ,46,Yes,No,No,13,Yes,Offer B,No,0
5863-OOKCL,10,No,Yes,No,0,No,Offer D,No,0
5868-CZJDR,1,Yes,No,No,6,No,Offer E,No,0
5868-YTYKS,1,No,Yes,No,0,No,Offer E,No,0
5868-YWPDW,6,Yes,Yes,No,25,Yes,None,Yes,1
5871-DGTXZ,32,No,Yes,No,0,No,Offer C,No,0
5872-OEQNH,60,Yes,No,No,73,Yes,Offer B,No,0
5875-YPQFJ,1,Yes,Yes,No,28,Yes,Offer E,No,0
5876-HZVZM,6,Yes,Yes,No,20,No,Offer E,Yes,1
5876-QMYLD,23,No,Yes,No,0,No,None,Yes,10
5879-HMFFH,72,Yes,Yes,Yes,24,Yes,None,Yes,1
5879-SESNB,11,Yes,Yes,Yes,23,Yes,Offer D,No,0
5882-CMAZQ,5,Yes,No,No,19,Yes,None,Yes,9
5883-GTGVD,19,Yes,Yes,Yes,18,Yes,Offer D,No,0
5884-FBCTL,72,No,Yes,Yes,0,No,None,Yes,4
5884-GCYMI,1,Yes,Yes,No,20,Yes,Offer E,No,0
5886-VLQVU,35,Yes,Yes,Yes,51,No,None,No,0
5887-IKKYO,58,Yes,Yes,Yes,23,Yes,Offer B,Yes,2
5889-JTMUL,50,Yes,Yes,Yes,4,No,Offer B,Yes,1
5889-LFOLL,13,Yes,Yes,Yes,42,Yes,Offer D,No,0
5893-KCLGT,72,No,Yes,No,0,No,None,No,0
5893-PYOLZ,56,Yes,Yes,No,21,Yes,Offer B,No,0
5895-QSXOD,9,Yes,Yes,No,24,Yes,None,No,0
5896-NPFWW,3,Yes,Yes,No,51,Yes,None,Yes,1
5897-ZYEKH,67,Yes,Yes,Yes,10,Yes,None,Yes,3
5898-IGSLP,31,Yes,Yes,Yes,57,Yes,Offer C,Yes,1
5899-MQZZL,13,Yes,Yes,Yes,48,Yes,Offer D,No,0
5899-OUVKV,31,Yes,Yes,No,18,Yes,None,No,0
5902-WBLSE,70,No,Yes,No,0,No,None,No,0
5906-BFOZT,1,No,Yes,No,0,No,None,No,0
5906-CVLHP,45,Yes,Yes,No,26,Yes,None,Yes,1
5906-DVAPM,55,Yes,Yes,Yes,51,Yes,None,Yes,7
5908-QMGOE,15,Yes,Yes,Yes,9,Yes,None,No,0
5909-ECHUI,1,Yes,Yes,No,22,Yes,None,No,0
5913-INRQV,34,Yes,Yes,No,18,Yes,None,Yes,7
5914-DVBWJ,18,Yes,Yes,Yes,21,Yes,None,No,0
5914-GXMDA,32,No,Yes,No,0,No,None,Yes,1
5914-XRFQB,72,Yes,Yes,Yes,6,Yes,None,No,0
5915-ANOEI,70,Yes,Yes,Yes,2,Yes,None,Yes,1
5915-DGNVC,49,Yes,Yes,Yes,30,Yes,Offer B,Yes,9
5916-QEWPT,2,Yes,Yes,No,23,Yes,Offer E,Yes,1
5917-HBSDW,37,No,Yes,No,0,No,None,Yes,1
5917-RYRMG,32,No,Yes,No,0,No,None,No,0
5918-VUKWP,32,No,Yes,No,0,No,Offer C,No,0
5919-TMRGD,1,Yes,Yes,No,57,Yes,None,No,0
5919-VCZYM,2,No,Yes,No,0,No,None,No,0
5921-NGYRH,64,Yes,Yes,No,22,Yes,Offer B,No,0
5922-ABDVO,19,Yes,Yes,Yes,47,No,Offer D,Yes,1
5923-GXUOC,10,Yes,Yes,No,2,Yes,None,No,0
5924-IFQTT,13,Yes,Yes,Yes,23,Yes,None,Yes,4
5924-SNGKP,41,No,Yes,No,0,No,None,No,0
5928-QLDHB,9,Yes,Yes,Yes,3,Yes,None,No,0
5930-GBIWP,69,Yes,Yes,Yes,26,Yes,None,No,0
5931-FLJJF,7,Yes,Yes,No,22,Yes,None,Yes,1
5934-RMPOV,22,Yes,Yes,Yes,19,Yes,Offer D,No,0
5934-TSSAU,23,Yes,Yes,No,75,Yes,Offer D,Yes,6
5935-FCCNB,17,Yes,Yes,Yes,11,Yes,None,No,0
5937-EORGB,15,Yes,Yes,Yes,26,Yes,None,Yes,9
5939-SXWHM,48,No,Yes,Yes,0,No,Offer B,Yes,1
5939-XAIXZ,19,Yes,Yes,Yes,27,Yes,Offer D,No,0
5940-AHUHD,1,Yes,Yes,No,41,Yes,Offer E,No,0
5940-NFXKV,19,Yes,Yes,Yes,25,No,None,Yes,1
5944-UGLLK,53,Yes,No,No,17,Yes,Offer B,No,0
5945-AZYHT,71,Yes,Yes,Yes,9,Yes,Offer A,Yes,9
5947-SGKCL,15,Yes,Yes,Yes,59,Yes,Offer D,Yes,6
5948-UJZLF,2,Yes,Yes,No,71,Yes,None,No,0
5949-EBSQK,4,Yes,Yes,No,21,Yes,None,Yes,4
5949-HGVJL,26,Yes,Yes,No,20,No,None,Yes,7
5949-XIKAE,8,Yes,Yes,No,25,Yes,None,Yes,1
5950-AAAGJ,18,Yes,Yes,Yes,73,Yes,Offer D,No,0
5951-AOFIH,33,Yes,Yes,No,51,No,None,No,0
5954-BDFSG,72,Yes,Yes,Yes,21,No,None,No,0
5955-EPOAZ,6,No,Yes,No,0,No,None,No,0
5955-ERIHD,18,Yes,Yes,Yes,20,Yes,Offer D,Yes,1
5956-VKDTT,5,Yes,Yes,Yes,22,Yes,Offer E,Yes,4
5956-YHHRX,21,Yes,Yes,Yes,17,No,Offer D,No,0
5959-BELXA,32,Yes,Yes,Yes,18,Yes,Offer C,No,0
5960-MVTUK,3,Yes,No,No,18,Yes,Offer E,No,0
5960-WPXQM,1,Yes,Yes,No,52,Yes,None,No,0
5961-VUSRV,12,No,Yes,No,0,No,Offer D,No,0
5965-GGPRW,72,Yes,Yes,Yes,14,Yes,Offer A,Yes,5
5966-EMAZU,64,Yes,Yes,Yes,71,Yes,Offer B,Yes,1
5968-HYJRZ,47,No,Yes,Yes,0,No,Offer B,Yes,3
5968-VXZLG,2,Yes,Yes,No,12,Yes,None,No,0
5968-XQIVE,72,Yes,Yes,Yes,18,Yes,Offer A,Yes,2
5970-GHJAW,46,No,Yes,No,0,No,Offer B,Yes,9
5973-EJGDP,51,Yes,Yes,Yes,52,No,Offer B,No,0
5975-BAICR,36,Yes,Yes,No,14,Yes,None,Yes,8
5976-JCJRH,10,Yes,Yes,No,23,Yes,Offer D,Yes,1
5977-CKHON,43,Yes,Yes,Yes,53,Yes,Offer B,Yes,3
5980-BDHPY,72,Yes,Yes,Yes,26,Yes,None,Yes,5
5980-NOPLP,44,Yes,Yes,Yes,59,Yes,None,Yes,4
5981-ITEMU,40,Yes,Yes,Yes,23,Yes,Offer B,Yes,1
5981-ZVXOT,35,Yes,Yes,Yes,3,Yes,Offer C,No,0
5982-FPVQN,37,Yes,Yes,Yes,15,Yes,None,Yes,2
5982-PSMKW,23,Yes,Yes,Yes,51,Yes,Offer D,Yes,1
5982-XMDEX,65,No,Yes,Yes,0,No,Offer B,No,0
5985-BEHZK,72,Yes,Yes,Yes,10,Yes,Offer A,Yes,1
5985-TBABQ,32,Yes,Yes,Yes,5,Yes,Offer C,No,0
5986-WWXDV,39,No,Yes,No,0,No,None,No,0
5989-AXPUC,68,Yes,Yes,Yes,27,Yes,Offer A,Yes,1
5989-OMNJE,24,Yes,No,No,27,Yes,None,Yes,6
5989-PGKJB,16,Yes,Yes,No,28,Yes,Offer D,No,0
5993-BQHEA,12,No,Yes,No,0,No,None,No,0
5993-JSUWV,66,Yes,Yes,No,30,Yes,None,No,0
5995-LFTLE,58,No,Yes,Yes,0,No,None,No,0
5995-OIGLP,12,Yes,Yes,No,10,Yes,None,No,0
5995-SNNEW,23,Yes,Yes,Yes,14,No,None,Yes,1
5995-WWKKG,37,No,Yes,No,0,No,Offer C,No,0
5996-DAOQL,1,No,Yes,No,0,No,Offer E,No,0
5996-EBTKM,67,Yes,Yes,Yes,24,Yes,Offer A,Yes,1
5996-NRVXR,40,Yes,Yes,No,18,Yes,None,Yes,2
5997-OPVFA,72,Yes,Yes,Yes,30,Yes,Offer A,Yes,7
5998-DZLYR,61,Yes,Yes,Yes,13,Yes,Offer B,Yes,1
5998-VVEJY,26,Yes,Yes,Yes,22,Yes,None,No,0
5999-LCXAO,1,Yes,No,No,24,Yes,None,No,0
6000-APYLU,9,Yes,Yes,No,7,Yes,None,No,0
6000-UKLWI,41,No,Yes,No,0,No,None,No,0
6005-OBZPH,26,Yes,Yes,Yes,12,Yes,Offer C,No,0
6007-TCTST,72,Yes,Yes,Yes,24,Yes,None,Yes,9
6008-NAIXK,54,Yes,No,No,26,Yes,None,No,0
6010-DDPPW,70,No,Yes,Yes,0,No,Offer A,Yes,7
6013-BHCAW,61,Yes,Yes,Yes,41,Yes,None,Yes,1
6015-VVHHE,5,Yes,Yes,Yes,25,Yes,None,No,0
6016-LVTJQ,34,No,Yes,No,0,No,None,Yes,7
6016-NXBNJ,35,No,Yes,No,0,No,None,No,0
6017-PPLPX,20,Yes,Yes,No,8,Yes,None,Yes,1
6022-KOUQO,2,Yes,No,No,27,Yes,Offer E,Yes,4
6022-UGGSO,32,Yes,Yes,No,9,Yes,Offer C,No,0
6023-GSSXW,69,Yes,Yes,No,69,Yes,None,Yes,1
6023-YEBUP,3,Yes,Yes,Yes,30,No,Offer E,No,0
6024-RUGGH,72,No,Yes,Yes,0,No,None,Yes,1
6029-CSMJE,17,Yes,No,No,11,Yes,None,No,0
6029-WTIPC,37,Yes,Yes,Yes,19,Yes,Offer C,No,0
6030-REHUX,28,Yes,Yes,Yes,8,Yes,Offer C,Yes,6
6032-IGALN,1,Yes,No,No,28,Yes,None,No,0
6032-KRXXO,30,Yes,Yes,No,19,Yes,None,No,0
6034-YMTOB,5,Yes,Yes,No,6,Yes,None,No,0
6034-ZRYCV,72,Yes,No,No,15,Yes,Offer A,Yes,1
6035-BXTTY,32,Yes,Yes,No,14,No,None,No,0
6035-RIIOM,54,Yes,Yes,Yes,8,Yes,None,No,0
6036-TTFYU,16,No,Yes,No,0,No,None,Yes,1
6038-GCYEC,24,Yes,No,No,52,Yes,Offer C,No,0
6040-CGACY,15,No,Yes,No,0,No,None,No,0
6047-SUHPR,39,Yes,Yes,No,13,No,None,Yes,5
6047-YHPVI,5,Yes,Yes,No,58,Yes,None,No,0
6048-NJXHX,41,No,Yes,No,0,No,Offer B,Yes,1
6048-QBXKL,2,Yes,Yes,Yes,25,Yes,Offer E,No,0
6048-UWKAL,69,Yes,Yes,Yes,13,Yes,None,Yes,2
6050-FFXES,69,Yes,Yes,Yes,6,No,None,Yes,3
6050-IJRHS,70,Yes,Yes,Yes,19,Yes,Offer A,Yes,2
6051-PTVNS,55,No,Yes,No,0,No,Offer B,No,0
6060-DRTNL,5,Yes,Yes,No,27,No,None,No,0
6060-QBMGV,70,No,Yes,No,0,No,Offer A,Yes,9
6061-GWWAV,41,Yes,Yes,No,11,Yes,None,No,0
6061-PQHMK,25,No,Yes,No,0,No,None,No,0
6064-PUPMC,23,Yes,Yes,No,30,Yes,None,Yes,4
6064-ZATLR,27,Yes,Yes,No,29,Yes,None,No,0
6067-NGCEU,65,Yes,Yes,Yes,14,Yes,None,No,0
6072-NUQCB,22,No,Yes,No,0,No,Offer D,Yes,1
6075-QMNRR,52,Yes,Yes,No,8,Yes,Offer B,No,0
6075-SLNIL,38,Yes,Yes,Yes,11,Yes,Offer C,No,0
6077-BDPXA,3,Yes,Yes,No,15,Yes,None,No,0
6078-VESFR,13,Yes,Yes,No,26,Yes,None,Yes,1
6080-LNESI,51,No,Yes,Yes,0,No,Offer B,No,0
6080-TCMYC,40,Yes,Yes,Yes,56,Yes,None,Yes,4
6082-GLJIX,18,No,Yes,No,0,No,Offer D,No,0
6082-OQFBA,23,No,Yes,No,0,No,Offer D,Yes,2
6086-ESGRL,1,Yes,Yes,No,11,Yes,Offer E,No,0
6087-MVHJH,16,Yes,Yes,Yes,5,No,Offer D,No,0
6087-YPWHO,72,Yes,Yes,Yes,17,Yes,Offer A,Yes,1
6088-BXMRG,32,Yes,Yes,Yes,22,Yes,None,Yes,2
6092-QZVPP,36,Yes,Yes,No,52,No,Offer C,No,0
6094-ZIVKX,68,Yes,Yes,No,27,Yes,Offer A,No,0
6096-EGVTU,64,No,Yes,Yes,0,No,None,Yes,6
6097-EQISJ,66,Yes,Yes,Yes,12,No,Offer A,Yes,1
6100-FJZDG,26,No,Yes,No,0,No,None,Yes,10
6100-QQHEB,17,Yes,Yes,Yes,13,Yes,Offer D,Yes,1
6101-IMRMM,6,Yes,Yes,No,17,No,Offer E,No,0
6103-BOCOU,26,Yes,Yes,Yes,22,Yes,Offer C,No,0
6103-LIANB,59,Yes,Yes,Yes,16,Yes,None,Yes,3
6103-QCKFX,44,Yes,Yes,No,75,No,Offer B,Yes,10
6108-OQZDQ,4,Yes,Yes,Yes,51,Yes,Offer E,Yes,4
6110-OHIHY,3,Yes,Yes,No,3,No,Offer E,No,0
6112-KTHFQ,13,No,Yes,No,0,No,Offer D,No,0
6114-TCFID,29,Yes,No,No,28,Yes,None,No,0
6115-ZTBFQ,72,Yes,No,No,4,Yes,None,Yes,6
6116-RFVHN,34,Yes,Yes,Yes,47,Yes,Offer C,Yes,10
6119-SPUDB,46,Yes,No,No,2,Yes,Offer B,No,0
6120-RJKLU,62,Yes,Yes,No,29,Yes,Offer B,Yes,9
6121-TNHBO,63,Yes,Yes,Yes,18,Yes,Offer B,No,0
6121-VZNQB,1,No,Yes,No,0,No,None,No,0
6122-EFVKN,24,Yes,No,No,20,Yes,None,No,0
6122-LJADA,70,Yes,Yes,Yes,13,Yes,None,Yes,7
6124-ACRHJ,1,No,Yes,No,0,No,None,No,0
6127-ISGTU,16,Yes,Yes,Yes,7,Yes,None,Yes,1
6127-IYJOZ,1,Yes,Yes,No,6,Yes,None,No,0
6128-AQBMT,41,Yes,No,No,9,Yes,Offer B,Yes,8
6128-CZOMY,1,Yes,Yes,No,22,Yes,None,No,0
6128-DAFVY,56,Yes,No,No,23,Yes,None,No,0
6131-FOYAS,35,Yes,Yes,Yes,16,Yes,None,No,0
6131-IUNXN,19,No,Yes,No,0,No,None,Yes,6
6131-JLWZM,13,No,Yes,No,0,No,Offer D,No,0
6133-OZILE,18,Yes,No,No,11,No,Offer D,No,0
6134-KWTBV,62,No,Yes,Yes,0,No,None,No,0
6135-OZQVA,7,Yes,Yes,Yes,17,Yes,Offer E,No,0
6137-MFAJN,48,Yes,No,No,23,Yes,None,No,0
6137-NICCO,6,Yes,Yes,Yes,19,Yes,None,Yes,7
6139-ZZRBQ,64,No,Yes,No,0,No,None,No,0
6140-QNRQQ,1,Yes,Yes,No,10,Yes,Offer E,No,0
6141-OOXUQ,1,No,Yes,No,0,No,Offer E,No,0
6142-VSJQO,1,Yes,Yes,No,59,Yes,None,No,0
6143-JQKEA,10,Yes,Yes,No,22,Yes,None,No,0
6145-NNPNO,1,Yes,Yes,No,13,Yes,Offer E,No,0
6147-CBCRA,33,No,Yes,No,0,No,None,Yes,5
6152-ONASV,68,Yes,Yes,Yes,30,No,Offer A,Yes,4
6156-UZDLF,26,Yes,Yes,No,41,No,Offer C,No,0
6158-DWPZT,9,Yes,No,No,15,Yes,Offer E,Yes,1
6158-HDPXZ,1,Yes,No,No,13,Yes,None,No,0
6161-ERDGD,71,Yes,Yes,Yes,53,Yes,Offer A,No,0
6161-UUUTA,3,Yes,Yes,No,3,Yes,None,No,0
6164-HAQTX,71,Yes,No,No,20,Yes,None,No,0
6164-HXUGH,6,No,Yes,No,0,No,Offer E,Yes,1
6166-ILMNY,2,Yes,Yes,No,24,Yes,None,No,0
6166-YIPFO,72,Yes,No,No,12,No,Offer A,Yes,8
6168-WFVVF,3,Yes,Yes,No,16,Yes,None,No,0
6168-YBYNP,59,Yes,Yes,Yes,51,Yes,Offer B,No,0
6169-PGNCD,57,Yes,Yes,No,3,Yes,None,No,0
6169-PPETC,35,No,Yes,No,0,No,None,Yes,8
6171-ZTVYB,43,Yes,Yes,Yes,17,Yes,None,Yes,1
6172-FECYY,49,Yes,Yes,Yes,20,Yes,Offer B,Yes,1
6173-GOLSU,67,Yes,Yes,Yes,23,Yes,Offer A,Yes,4
6173-ITPWD,47,Yes,Yes,Yes,59,No,Offer B,Yes,1
6174-NRBTZ,46,Yes,No,No,19,Yes,None,No,0
6175-IRFIT,5,Yes,Yes,No,24,No,None,No,0
6176-YJWAS,72,Yes,Yes,Yes,3,Yes,Offer A,Yes,1
6177-PEVRA,48,Yes,Yes,No,5,Yes,None,No,0
6178-KFNHS,12,Yes,Yes,Yes,25,Yes,Offer D,No,0
6179-GJPSO,43,Yes,Yes,No,10,Yes,None,No,0
6180-YBIQI,5,Yes,No,No,21,Yes,Offer E,No,0
6181-AXXYF,72,No,Yes,Yes,0,No,Offer A,Yes,3
6184-DYUOB,3,No,Yes,No,0,No,None,Yes,5
6185-TASNN,1,Yes,Yes,No,21,Yes,Offer E,No,0
6188-UXBBR,38,No,Yes,No,0,No,Offer C,Yes,1
6194-HBGQN,51,Yes,Yes,Yes,59,Yes,None,No,0
6195-MELTI,57,Yes,Yes,No,20,Yes,None,No,0
6196-HBOBZ,65,Yes,Yes,Yes,20,Yes,None,Yes,9
6198-PNNSZ,56,Yes,Yes,Yes,21,Yes,Offer B,Yes,9
6198-RTPMF,17,Yes,Yes,Yes,13,Yes,Offer D,Yes,10
6198-ZFIOJ,5,Yes,Yes,Yes,25,No,None,No,0
6199-IPCAO,29,No,Yes,Yes,0,No,None,Yes,8
6199-IWKGC,46,Yes,Yes,Yes,15,Yes,None,Yes,5
6202-DYYFX,22,Yes,Yes,Yes,5,Yes,Offer D,No,0
6202-JVYEU,9,No,Yes,No,0,No,None,No,0
6203-HBZPA,52,Yes,No,No,18,Yes,None,No,0
6204-IEUXJ,3,Yes,Yes,No,58,Yes,Offer E,No,0
6207-WIOLX,25,Yes,No,No,48,Yes,Offer C,Yes,6
6210-KBBPI,9,Yes,Yes,Yes,15,Yes,None,No,0
6211-WHMYA,64,Yes,No,No,21,No,None,No,0
6211-WWLTF,63,Yes,Yes,No,6,Yes,Offer B,Yes,3
6212-ATMLK,50,Yes,Yes,Yes,6,No,None,No,0
6214-EDAKZ,22,Yes,Yes,No,19,No,None,Yes,1
6215-NQCPY,15,Yes,Yes,Yes,15,Yes,Offer D,No,0
6217-KDYWC,57,No,Yes,No,0,No,None,No,0
6217-TOWGS,17,Yes,Yes,Yes,52,Yes,Offer D,Yes,5
6218-KNUBD,6,Yes,Yes,No,8,Yes,None,No,0
6221-AVQYL,2,Yes,Yes,Yes,15,Yes,None,No,0
6223-DHJGV,42,No,Yes,No,0,No,None,No,0
6227-FBDXH,69,Yes,Yes,Yes,4,Yes,Offer A,Yes,10
6227-HWPWX,15,Yes,Yes,No,28,Yes,Offer D,No,0
6229-LSCKB,6,Yes,Yes,No,11,Yes,Offer E,No,0
6229-UOLQL,56,Yes,No,No,41,Yes,Offer B,Yes,8
6230-BSUXY,1,Yes,Yes,No,8,Yes,None,No,0
6231-WFGFH,4,No,Yes,No,0,No,None,Yes,4
6233-HXJMX,45,Yes,Yes,Yes,8,Yes,Offer B,No,0
6234-PFPXL,22,Yes,Yes,Yes,29,Yes,None,Yes,6
6234-RAAPL,72,Yes,Yes,Yes,26,Yes,None,Yes,7
6235-VDHOM,5,Yes,No,No,26,Yes,Offer E,No,0
6240-EURKS,18,Yes,No,No,85,No,None,No,0
6242-FEGFD,66,Yes,Yes,Yes,20,Yes,None,Yes,5
6242-MBHPK,23,Yes,Yes,No,12,Yes,None,Yes,1
6242-SGYTS,62,Yes,Yes,Yes,59,Yes,Offer B,Yes,6
6243-OZGFH,23,Yes,No,No,14,No,None,No,0
6244-BESBM,69,Yes,Yes,No,30,Yes,None,Yes,6
6248-BSHKG,61,No,Yes,No,0,No,Offer B,Yes,7
6248-TKCQV,70,Yes,Yes,Yes,17,Yes,None,Yes,5
6250-CGGUN,54,Yes,Yes,No,18,Yes,Offer B,No,0
6252-DFGTK,37,Yes,Yes,Yes,11,Yes,None,Yes,1
6253-GNHWH,71,Yes,Yes,Yes,52,Yes,None,Yes,9
6253-WRFHY,13,Yes,Yes,No,21,Yes,None,Yes,1
6257-DTAYD,71,Yes,Yes,Yes,85,Yes,Offer A,Yes,1
6257-RJOHI,4,Yes,Yes,No,21,Yes,Offer E,No,0
6258-NGCNG,7,No,Yes,Yes,0,No,Offer E,No,0
6258-PVZWJ,68,Yes,Yes,Yes,21,Yes,Offer A,Yes,1
6259-WJQLC,32,Yes,Yes,Yes,5,Yes,Offer C,No,0
6260-ONULR,1,Yes,Yes,No,29,Yes,None,No,0
6260-XLACS,4,No,Yes,No,0,No,None,No,0
6261-LHRTG,26,Yes,Yes,No,42,Yes,None,No,0
6261-RCVNS,42,Yes,Yes,No,53,Yes,Offer B,No,0
6265-FRMTQ,31,No,Yes,No,0,No,None,No,0
6265-SXWBU,69,Yes,Yes,Yes,27,Yes,None,Yes,9
6266-QHOJZ,65,Yes,Yes,Yes,7,Yes,None,No,0
6267-DCFFZ,30,Yes,Yes,Yes,27,Yes,Offer C,Yes,8
6270-OMFIW,60,Yes,Yes,No,29,Yes,Offer B,Yes,9
6275-YDUVO,2,Yes,Yes,No,27,Yes,Offer E,No,0
6278-FEPBZ,9,No,Yes,No,0,No,Offer E,No,0
6281-FKEWS,44,Yes,No,No,3,Yes,None,No,0
6283-GITPX,71,Yes,Yes,No,52,Yes,Offer A,No,0
6284-AHOOQ,22,Yes,Yes,Yes,27,Yes,None,No,0
6284-KMNUF,56,Yes,Yes,Yes,11,Yes,Offer B,Yes,10
6285-FTQBF,72,No,Yes,Yes,0,No,Offer A,Yes,4
6286-SUUWT,1,No,Yes,No,0,No,Offer E,No,0
6286-ZHAOK,20,No,Yes,Yes,0,No,Offer D,Yes,6
6288-CHQJB,54,Yes,Yes,No,76,Yes,Offer B,Yes,3
6288-LBEAR,23,Yes,Yes,No,46,Yes,None,No,0
6289-CPNLD,33,Yes,Yes,No,4,Yes,Offer C,Yes,3
6292-TOSSS,50,No,Yes,Yes,0,No,Offer B,No,0
6295-OSINB,72,Yes,Yes,Yes,73,No,Offer A,Yes,2
6296-DDOOR,19,Yes,Yes,No,69,Yes,None,No,0
6297-NOOPG,70,Yes,Yes,Yes,23,Yes,None,Yes,4
6298-QDFNH,22,Yes,Yes,Yes,17,Yes,None,No,0
6300-BWMJX,59,Yes,Yes,Yes,26,Yes,None,Yes,1
6302-JGYRJ,31,Yes,Yes,Yes,3,Yes,None,No,0
6303-KFWSL,29,Yes,Yes,Yes,69,Yes,None,No,0
6304-IJFSQ,3,Yes,Yes,No,16,Yes,None,No,0
6305-YLBMM,69,Yes,Yes,No,24,Yes,None,No,0
6308-CQRBU,71,Yes,Yes,Yes,22,Yes,None,Yes,7
6311-UEUME,29,Yes,Yes,No,7,Yes,None,No,0
6313-GIDIT,53,Yes,No,No,25,Yes,None,No,0
6317-YPKDH,1,Yes,No,No,27,Yes,Offer E,No,0
6319-IEJWJ,20,Yes,Yes,No,10,Yes,None,Yes,1
6319-QSUSR,11,No,Yes,No,0,No,Offer D,No,0
6322-HRPFA,49,Yes,Yes,No,30,Yes,Offer B,Yes,3
6322-PJJDJ,49,Yes,Yes,No,9,No,Offer B,Yes,8
6323-AYBRX,59,No,Yes,No,0,No,None,No,0
6326-MTTXK,8,Yes,Yes,Yes,6,Yes,Offer E,No,0
6328-ZPBGN,11,Yes,Yes,Yes,22,Yes,None,No,0
6330-JKLPC,11,Yes,Yes,Yes,27,Yes,Offer D,Yes,3
6331-EWIEB,20,Yes,Yes,Yes,25,Yes,Offer D,No,0
6331-LWDTQ,10,Yes,Yes,Yes,11,No,None,No,0
6332-FBZRI,67,Yes,Yes,Yes,24,Yes,None,Yes,6
6333-YDVLT,65,Yes,Yes,Yes,10,Yes,None,No,0
6338-AVWCY,3,Yes,No,No,26,Yes,None,No,0
6339-DKLMK,13,Yes,No,No,27,Yes,Offer D,No,0
6339-RZCBJ,48,Yes,Yes,No,10,Yes,None,No,0
6339-TBELP,71,Yes,Yes,Yes,15,Yes,None,No,0
6339-YPSAH,9,Yes,Yes,No,22,No,None,No,0
6340-DACFT,50,No,Yes,No,0,No,None,Yes,10
6341-AEVKX,62,Yes,Yes,No,5,Yes,Offer B,Yes,5
6341-JVQGF,31,Yes,Yes,No,41,Yes,None,Yes,2
6344-SFJVH,20,Yes,No,No,21,Yes,None,No,0
6345-FZOQH,69,No,Yes,No,0,No,Offer A,Yes,3
6345-HOVES,34,Yes,No,No,28,Yes,None,No,0
6345-ULYRW,44,Yes,Yes,Yes,14,Yes,None,Yes,1
6347-DCUIK,10,Yes,Yes,Yes,85,Yes,Offer D,No,0
6348-SNFUS,72,Yes,No,No,47,Yes,Offer A,Yes,5
6349-JDHQP,53,No,Yes,No,0,No,None,No,0
6350-XFYGW,4,Yes,Yes,No,17,Yes,None,No,0
6351-SCJKT,3,Yes,No,No,25,Yes,None,No,0
6352-GIGGQ,67,Yes,Yes,Yes,59,Yes,Offer A,No,0
6352-TWCAU,35,Yes,Yes,Yes,17,Yes,None,No,0
6353-BRMMA,54,Yes,Yes,Yes,76,Yes,Offer B,Yes,3
6356-ELRKD,1,Yes,Yes,No,27,Yes,None,No,0
6357-JJPQT,3,Yes,Yes,No,5,No,None,No,0
6358-LYNGM,1,Yes,Yes,Yes,76,Yes,Offer E,No,0
6360-SVNWV,31,Yes,Yes,No,8,Yes,None,No,0
6362-QHAFM,42,Yes,Yes,Yes,11,Yes,None,Yes,1
6365-HITVU,71,Yes,Yes,No,51,Yes,None,Yes,5
6365-MTGZX,24,Yes,Yes,No,2,Yes,None,No,0
6366-XIVKZ,13,Yes,Yes,No,25,Yes,None,Yes,3
6366-ZGQGL,1,Yes,No,No,29,Yes,Offer E,No,0
6368-NWMCE,38,Yes,Yes,Yes,24,Yes,None,No,0
6368-TZZDT,4,No,Yes,No,0,No,None,Yes,8
6369-MCAKO,68,Yes,Yes,Yes,23,Yes,Offer A,Yes,4
6370-ZVHDV,61,No,Yes,Yes,0,No,Offer B,Yes,1
6371-NZYEG,16,Yes,Yes,No,27,Yes,None,Yes,9
6372-RFVNS,1,Yes,Yes,No,30,Yes,Offer E,Yes,1
6374-AFWOX,46,Yes,Yes,No,41,Yes,None,Yes,3
6374-NTQLP,72,Yes,Yes,No,25,No,None,Yes,4
6376-GAHQE,4,Yes,Yes,No,28,No,Offer E,No,0
6377-KSLXC,5,No,Yes,No,0,No,None,No,0
6377-WHAOX,60,Yes,Yes,Yes,22,Yes,Offer B,Yes,5
6379-RXJRQ,10,Yes,Yes,No,19,Yes,None,Yes,1
6380-ARCEH,1,No,Yes,No,0,No,Offer E,No,0
6383-ZTSIW,39,Yes,Yes,No,18,Yes,None,Yes,6
6384-VMJHP,72,Yes,Yes,No,69,Yes,Offer A,No,0
6386-SZZKH,49,Yes,Yes,Yes,10,Yes,None,Yes,1
6388-TABGU,62,Yes,Yes,No,8,Yes,Offer B,No,0
6390-DSAZX,1,Yes,Yes,No,52,Yes,None,No,0
6393-WRYZE,34,Yes,Yes,Yes,16,Yes,None,Yes,1
6394-HHHZM,3,No,Yes,No,0,No,Offer E,No,0
6394-MFYNG,48,Yes,Yes,Yes,47,Yes,None,No,0
6397-JNZZG,43,Yes,No,No,21,Yes,Offer B,Yes,1
6400-BWQKW,6,Yes,Yes,Yes,27,Yes,None,No,0
6402-EJMWF,4,Yes,Yes,No,3,Yes,None,No,0
6402-SSEJG,25,Yes,No,No,9,Yes,None,No,0
6402-ZFPPI,25,Yes,Yes,Yes,30,Yes,None,No,0
6407-GSJNL,51,No,Yes,Yes,0,No,Offer B,No,0
6407-UTSLV,2,Yes,Yes,No,14,Yes,None,No,0
6408-OTUBZ,66,Yes,Yes,Yes,26,Yes,Offer A,No,0
6408-WHTEF,72,Yes,Yes,Yes,19,Yes,None,Yes,7
6410-LEFEN,9,Yes,Yes,No,2,Yes,None,No,0
6413-XKKPU,17,Yes,Yes,No,22,Yes,None,Yes,1
6416-JNVRK,46,Yes,Yes,No,7,Yes,Offer B,No,0
6416-TVAIH,1,Yes,Yes,No,11,Yes,Offer E,Yes,1
6416-YJTTB,11,Yes,Yes,No,52,Yes,Offer D,No,0
6418-HNFED,51,Yes,Yes,No,9,Yes,Offer B,Yes,1
6418-PIQSP,62,Yes,Yes,No,22,Yes,Offer B,Yes,6
6419-ZTTLE,23,No,Yes,No,0,No,None,Yes,2
6421-SZVEM,28,Yes,Yes,No,69,Yes,Offer C,Yes,4
6424-ELEYH,3,Yes,Yes,Yes,13,Yes,Offer E,Yes,1
6425-JWTDV,48,No,Yes,No,0,No,Offer B,Yes,5
6425-YQLLO,66,Yes,Yes,Yes,11,Yes,None,Yes,1
6427-FEFIG,24,Yes,Yes,Yes,56,Yes,Offer C,Yes,8
6429-SHBCB,19,Yes,Yes,Yes,4,Yes,Offer D,No,0
6432-TWQLB,5,Yes,Yes,Yes,16,Yes,Offer E,Yes,1
6434-TTGJP,10,Yes,No,No,24,Yes,Offer D,Yes,2
6435-SRWBJ,5,Yes,Yes,Yes,42,Yes,Offer E,No,0
6435-VWCCY,65,Yes,Yes,Yes,26,Yes,Offer B,Yes,3
6437-UDQJM,72,Yes,Yes,Yes,28,Yes,None,Yes,5
6437-UKHMV,7,Yes,Yes,No,16,Yes,None,No,0
6439-GTPCA,45,Yes,Yes,Yes,51,Yes,None,No,0
6439-LAJXL,9,Yes,Yes,No,7,Yes,Offer E,Yes,2
6439-PKTRR,70,Yes,Yes,Yes,16,Yes,Offer A,Yes,6
6440-DKQGE,30,Yes,Yes,No,6,No,Offer C,No,0
6445-TNRXS,68,Yes,Yes,Yes,24,Yes,Offer A,Yes,5
6447-EGDIV,31,No,Yes,No,0,No,None,No,0
6447-GORXK,31,Yes,No,No,51,Yes,Offer C,No,0
6457-GIRWB,1,Yes,Yes,No,26,Yes,None,No,0
6457-USBER,1,Yes,Yes,No,15,Yes,None,No,0
6458-CYIDZ,5,Yes,Yes,No,17,Yes,Offer E,No,0
6461-PPAXN,35,Yes,Yes,No,59,Yes,None,Yes,5
6461-SZMCV,71,Yes,Yes,Yes,30,Yes,None,Yes,7
6463-HHXJR,71,Yes,Yes,Yes,19,Yes,Offer A,Yes,5
6463-MVYRY,57,Yes,Yes,No,30,Yes,Offer B,No,0
6464-KEXXH,8,Yes,No,No,16,Yes,None,No,0
6465-GSRCL,67,Yes,Yes,Yes,59,Yes,Offer A,No,0
6467-CHFZW,47,Yes,Yes,Yes,16,Yes,None,Yes,1
6469-MRVET,1,No,Yes,No,0,No,None,Yes,8
6469-QJKZW,4,No,Yes,No,0,No,None,Yes,5
6473-ULUHT,16,Yes,Yes,Yes,59,Yes,Offer D,Yes,5
6474-FVJLC,2,Yes,Yes,Yes,30,Yes,Offer E,No,0
6475-VHUIZ,23,Yes,Yes,No,4,Yes,Offer D,Yes,6
6476-EPYZR,12,No,Yes,No,0,No,None,Yes,6
6476-YHMGA,15,Yes,Yes,No,18,Yes,None,Yes,5
6478-HRRCZ,32,Yes,Yes,No,6,Yes,None,Yes,7
6479-OAUSD,25,No,Yes,No,0,No,Offer C,No,0
6479-SZPLM,36,No,Yes,No,0,No,None,Yes,2
6479-VDGRK,72,Yes,Yes,No,21,Yes,None,No,0
6480-YAGIY,45,Yes,Yes,No,3,Yes,None,No,0
6481-ESCNL,29,Yes,Yes,Yes,12,Yes,None,No,0
6481-LXPWL,56,Yes,No,No,28,No,None,Yes,1
6481-OGDOO,67,Yes,Yes,No,5,Yes,Offer A,Yes,1
6483-OATDN,8,Yes,Yes,No,20,Yes,None,Yes,7
6484-LATFU,68,No,Yes,Yes,0,No,None,No,0
6485-QXWWE,62,No,Yes,Yes,0,No,Offer B,No,0
6486-LHTMA,31,Yes,Yes,Yes,22,Yes,None,Yes,1
6490-FGZAT,6,No,Yes,No,0,No,Offer E,No,0
6496-JDSSB,8,Yes,Yes,No,73,Yes,None,No,0
6496-SLWHQ,3,Yes,Yes,Yes,18,Yes,Offer E,No,0
6497-TILVL,7,Yes,Yes,No,71,Yes,None,Yes,1
6500-JVEGC,68,Yes,Yes,Yes,7,Yes,None,No,0
6502-HCJTI,7,Yes,Yes,Yes,17,Yes,None,No,0
6502-KUGLL,14,Yes,Yes,No,69,Yes,Offer D,Yes,4
6502-MJQAE,1,Yes,Yes,No,58,Yes,None,No,0
6504-VBLFL,55,Yes,Yes,No,23,Yes,Offer B,Yes,9
6505-OZNPG,6,Yes,No,No,52,No,None,No,0
6506-EYCNH,28,No,Yes,No,0,No,None,Yes,9
6507-DTJZV,13,Yes,Yes,No,17,Yes,Offer D,No,0
6507-ZJSUR,23,Yes,Yes,No,11,No,None,Yes,6
6508-NJYRO,15,No,Yes,No,0,No,None,Yes,5
6509-TSGWN,37,No,Yes,Yes,0,No,None,Yes,1
6510-UPNKS,23,No,Yes,Yes,0,No,None,No,0
6513-EECDB,1,Yes,Yes,Yes,6,Yes,None,No,0
6516-NKQBO,38,Yes,Yes,No,73,Yes,None,Yes,1
6518-KZXCB,22,No,Yes,Yes,0,No,Offer D,No,0
6518-LGAOV,38,Yes,Yes,Yes,4,Yes,None,Yes,1
6518-PPLMZ,53,No,Yes,No,0,No,None,Yes,8
6519-CFDBX,2,Yes,Yes,No,13,Yes,None,No,0
6519-ZHPXP,72,Yes,Yes,No,25,No,None,Yes,1
6521-YYTYI,1,Yes,Yes,Yes,30,Yes,Offer E,No,0
6522-OIQSX,69,Yes,No,No,56,Yes,Offer A,Yes,4
6522-YRBXD,35,Yes,Yes,Yes,18,Yes,Offer C,Yes,3
6527-PZFPV,24,No,Yes,No,0,No,Offer C,Yes,6
6532-YLWSI,53,No,Yes,No,0,No,Offer B,Yes,1
6537-OTKMY,15,Yes,No,No,14,Yes,Offer D,No,0
6537-QLGEX,16,Yes,No,No,30,Yes,None,No,0
6538-POCHL,33,Yes,Yes,No,19,Yes,Offer C,No,0
6542-LWGXJ,3,Yes,No,No,12,Yes,Offer E,Yes,1
6543-CPZMK,9,Yes,No,No,9,No,Offer E,Yes,1
6543-JXSOO,23,Yes,Yes,No,41,Yes,Offer D,Yes,5
6543-XRMYR,30,Yes,Yes,Yes,8,No,None,No,0
6546-OPBBH,51,No,Yes,Yes,0,No,None,Yes,1
6549-BTYPG,60,Yes,No,No,69,Yes,None,Yes,5
6549-NNDYT,13,Yes,No,No,7,Yes,None,No,0
6549-YMFAW,9,No,Yes,No,0,No,None,Yes,1
6551-GNYDG,14,Yes,Yes,No,19,Yes,None,Yes,7
6551-VLJMV,34,No,Yes,No,0,No,Offer C,Yes,6
6551-ZCOTS,33,No,Yes,Yes,0,No,Offer C,No,0
6556-DBKZF,71,Yes,Yes,No,10,Yes,None,Yes,6
6557-BZXLQ,16,Yes,Yes,No,24,Yes,Offer D,No,0
6559-ILWKJ,71,Yes,No,No,25,No,None,Yes,1
6559-PDZLR,26,Yes,Yes,No,76,Yes,None,No,0
6559-RAKOZ,49,Yes,Yes,Yes,18,Yes,Offer B,Yes,7
6563-VNPMN,45,Yes,Yes,No,20,No,None,No,0
6563-VRERX,33,No,Yes,No,0,No,None,Yes,2
6567-HOOPW,1,Yes,Yes,No,24,Yes,None,No,0
6568-POCUI,45,Yes,Yes,No,18,No,None,Yes,3
6569-KTMDU,1,No,Yes,No,0,No,None,No,0
6572-ADKRS,46,Yes,Yes,No,69,Yes,Offer B,No,0
6574-MCOEH,33,Yes,Yes,Yes,18,No,None,Yes,2
6575-SUVOI,25,Yes,Yes,Yes,2,Yes,None,Yes,9
6576-FBXOJ,17,Yes,No,No,27,Yes,Offer D,Yes,5
6578-KRMAW,32,Yes,Yes,No,85,Yes,None,No,0
6579-JPICP,1,No,Yes,No,0,No,None,No,0
6581-NQCBA,16,Yes,No,No,29,Yes,Offer D,Yes,1
6582-OIVSP,1,Yes,Yes,No,41,Yes,None,No,0
6582-PLFUU,51,No,Yes,No,0,No,Offer B,Yes,1
6583-KQJLK,15,Yes,Yes,No,19,Yes,Offer D,Yes,5
6583-QGCSI,50,Yes,Yes,Yes,4,No,Offer B,Yes,1
6583-SZVGP,48,Yes,Yes,Yes,4,Yes,None,No,0
6584-VQMYT,27,Yes,Yes,No,59,No,Offer C,No,0
6585-WCEWR,72,No,Yes,No,0,No,None,Yes,1
6586-MYGKD,70,Yes,Yes,Yes,18,Yes,Offer A,Yes,1
6586-PSJOX,15,Yes,Yes,No,11,No,Offer D,No,0
6591-QGOYB,17,Yes,Yes,Yes,59,Yes,None,No,0
6595-COKXZ,1,Yes,Yes,No,22,Yes,Offer E,No,0
6595-YGXIT,25,Yes,Yes,Yes,23,Yes,Offer C,No,0
6598-KELSS,50,Yes,No,No,76,Yes,Offer B,No,0
6598-RFFVI,2,No,Yes,No,0,No,None,No,0
6599-CEBNN,34,Yes,Yes,No,14,Yes,Offer C,No,0
6599-GZWCM,13,Yes,Yes,No,15,Yes,None,No,0
6599-RCLCJ,47,Yes,Yes,Yes,20,No,Offer B,Yes,1
6599-SFQVE,6,Yes,Yes,No,58,Yes,None,No,0
6603-QWSPR,46,Yes,Yes,No,82,Yes,Offer B,No,0
6603-YRDCJ,33,Yes,Yes,No,52,Yes,Offer C,Yes,3
6608-QQLVK,1,Yes,Yes,No,28,Yes,None,No,0
6609-MXJHJ,30,No,Yes,Yes,0,No,Offer C,Yes,6
6614-FHDBO,72,Yes,Yes,Yes,22,Yes,None,No,0
6614-VBEGU,24,Yes,Yes,No,59,Yes,Offer C,Yes,8
6614-YOLAC,71,Yes,No,No,8,Yes,Offer A,Yes,3
6614-YWYSC,61,No,Yes,Yes,0,No,None,Yes,5
6615-NGGZJ,14,Yes,Yes,Yes,27,Yes,None,No,0
6615-ZGEDR,1,No,Yes,No,0,No,None,No,0
6616-AALSR,65,Yes,Yes,Yes,59,No,None,Yes,5
6617-WLBQC,23,Yes,Yes,Yes,30,Yes,Offer D,Yes,3
6618-RYATB,1,Yes,Yes,Yes,10,Yes,Offer E,No,0
6619-RPLQZ,45,No,Yes,No,0,No,Offer B,Yes,2
6620-HVDUJ,24,Yes,Yes,No,4,Yes,Offer C,No,0
6620-JDYNW,18,Yes,Yes,Yes,9,Yes,Offer D,No,0
6621-NRZAK,63,No,Yes,No,0,No,Offer B,Yes,7
6621-YOBKI,5,No,Yes,No,0,No,None,No,0
6624-JDRDS,6,Yes,No,No,52,Yes,Offer E,No,0
6625-FLENO,58,No,Yes,No,0,No,None,Yes,9
6625-IUTTT,67,Yes,Yes,No,41,No,Offer A,No,0
6625-UTXEW,12,Yes,Yes,No,73,Yes,Offer D,Yes,1
6627-CFOSN,59,Yes,Yes,Yes,12,No,Offer B,No,0
6629-CZTTH,1,Yes,Yes,No,22,Yes,None,No,0
6629-LADHQ,2,Yes,Yes,No,24,Yes,Offer E,No,0
6630-UJZMY,4,Yes,Yes,Yes,14,Yes,None,Yes,10
6631-HMANX,72,Yes,Yes,Yes,16,Yes,None,Yes,10
6633-MPWBS,5,Yes,Yes,No,18,Yes,Offer E,No,0
6633-SYEUS,23,Yes,Yes,No,76,Yes,None,No,0
6635-CPNUN,28,Yes,Yes,Yes,52,Yes,None,Yes,10
6635-MYYYZ,30,Yes,Yes,No,4,No,None,No,0
6637-KYRCV,5,Yes,No,No,59,Yes,None,Yes,1
6641-XRPSU,34,Yes,Yes,No,21,Yes,Offer C,No,0
6645-MXQJT,2,Yes,Yes,No,24,Yes,Offer E,Yes,10
6646-JPPHA,14,Yes,Yes,No,2,No,None,No,0
6646-QVXLR,62,Yes,Yes,Yes,16,Yes,None,Yes,1
6646-VRFOL,53,Yes,Yes,Yes,23,Yes,None,Yes,1
6647-ZEDXT,30,Yes,Yes,Yes,27,Yes,None,No,0
6648-INWPS,16,No,Yes,No,0,No,Offer D,Yes,4
6650-BWFRT,72,Yes,Yes,Yes,5,Yes,Offer A,Yes,1
6650-VJONK,1,Yes,Yes,No,27,No,None,No,0
6651-AZVTJ,49,Yes,Yes,Yes,73,No,None,Yes,1
6651-RLGGM,67,No,Yes,Yes,0,No,Offer A,Yes,2
6652-YFFJO,11,Yes,Yes,No,17,Yes,Offer D,No,0
6653-CBBOM,1,Yes,Yes,No,11,Yes,Offer E,No,0
6654-QGBZZ,1,No,Yes,No,0,No,None,No,0
6655-LHBYW,50,Yes,Yes,Yes,21,No,Offer B,No,0
6656-GULJQ,72,Yes,Yes,Yes,27,No,None,Yes,4
6656-JWRQX,1,Yes,No,No,9,No,None,No,0
6661-EIPZC,48,Yes,No,No,16,Yes,None,Yes,6
6661-HBGWL,42,Yes,Yes,Yes,12,Yes,None,No,0
6663-JOCQO,31,Yes,Yes,Yes,22,Yes,None,Yes,7
6664-FPDAC,56,Yes,Yes,Yes,28,Yes,Offer B,No,0
6668-CNMFP,19,Yes,Yes,Yes,52,Yes,None,Yes,1
6670-MFRPK,69,Yes,Yes,Yes,17,Yes,Offer A,Yes,5
6671-NGWON,7,No,Yes,No,0,No,Offer E,No,0
6674-KVJHG,11,No,Yes,Yes,0,No,None,No,0
6680-NENYN,43,Yes,Yes,Yes,59,Yes,None,No,0
6680-WKXRZ,3,Yes,Yes,Yes,24,Yes,None,No,0
6681-ZSEXG,56,Yes,Yes,Yes,17,Yes,Offer B,Yes,9
6682-QJDGB,40,Yes,Yes,No,76,Yes,None,No,0
6682-VCIXC,43,Yes,No,No,6,Yes,Offer B,Yes,2
6683-VLCTZ,20,Yes,Yes,Yes,13,No,None,No,0
6685-GBWJZ,63,Yes,Yes,No,13,Yes,None,Yes,6
6685-XSHHU,60,No,Yes,No,0,No,None,Yes,9
6686-YPGHK,47,Yes,Yes,No,20,No,None,No,0
6688-UZPWD,11,Yes,Yes,Yes,10,Yes,None,Yes,1
6689-KXGBO,1,Yes,Yes,No,5,Yes,None,No,0
6689-TCZHQ,5,Yes,Yes,No,20,Yes,Offer E,No,0
6689-VRRTK,44,Yes,Yes,Yes,2,Yes,None,No,0
6691-CCIHA,62,Yes,Yes,Yes,28,Yes,Offer B,Yes,1
6692-UDPJC,14,Yes,Yes,Yes,12,Yes,None,Yes,1
6692-YQHXC,16,Yes,Yes,No,27,Yes,None,No,0
6693-DJWTY,35,Yes,Yes,No,56,Yes,None,No,0
6693-FRIRW,18,Yes,Yes,No,20,Yes,None,No,0
6695-AMZUF,70,Yes,Yes,No,5,Yes,Offer A,No,0
6695-FRVEC,67,Yes,Yes,No,13,No,None,Yes,1
6696-YDAYZ,16,No,Yes,No,0,No,Offer D,Yes,3
6698-OXETB,11,No,Yes,No,0,No,Offer D,No,0
6701-DHKWQ,61,Yes,No,No,17,Yes,Offer B,Yes,10
6701-YVNQG,72,Yes,Yes,Yes,19,Yes,Offer A,Yes,4
6702-OHFWR,1,Yes,No,No,26,Yes,Offer E,No,0
6704-UTUKK,29,Yes,No,No,15,No,None,Yes,3
6705-LNMDD,20,Yes,Yes,No,4,Yes,Offer D,No,0
6705-LXORM,5,Yes,Yes,No,23,Yes,Offer E,Yes,1
6710-HSJRD,61,Yes,Yes,Yes,7,Yes,Offer B,Yes,8
6711-FLDFB,7,Yes,Yes,Yes,25,Yes,Offer E,No,0
6711-VTNRE,36,Yes,Yes,No,24,Yes,None,No,0
6712-OAWRH,26,Yes,Yes,No,27,Yes,Offer C,No,0
6713-OKOMC,10,Yes,No,No,8,Yes,Offer D,No,0
6715-OFDBP,5,Yes,Yes,No,26,Yes,None,No,0
6718-BDGHG,43,Yes,Yes,Yes,8,Yes,None,Yes,6
6719-FGEDO,72,Yes,Yes,Yes,42,Yes,Offer A,Yes,1
6719-OXYBR,15,Yes,Yes,No,18,Yes,None,No,0
6723-CEGQI,65,Yes,No,No,25,Yes,None,No,0
6723-WSNTY,66,Yes,Yes,Yes,23,Yes,None,Yes,3
6725-TPKJO,44,No,Yes,No,0,No,None,No,0
6726-NNFWD,71,Yes,Yes,No,27,Yes,Offer A,Yes,10
6726-WEXXK,27,Yes,Yes,Yes,14,Yes,None,Yes,7
6727-IOTLZ,14,Yes,Yes,No,25,Yes,Offer D,Yes,3
6728-CZFEI,15,Yes,Yes,No,52,Yes,None,No,0
6728-DKUCO,72,Yes,Yes,Yes,59,Yes,Offer A,Yes,1
6728-VOIFY,63,Yes,Yes,No,51,No,Offer B,Yes,5
6728-WYQBC,1,No,Yes,No,0,No,Offer E,No,0
6729-FZWSY,67,No,Yes,No,0,No,Offer A,No,0
6729-GDNGC,20,Yes,Yes,No,4,Yes,None,No,0
6732-FZUGP,47,Yes,Yes,Yes,69,Yes,Offer B,No,0
6732-VAILE,70,Yes,Yes,Yes,24,Yes,None,Yes,10
6733-LRIZX,35,Yes,Yes,Yes,23,Yes,None,No,0
6734-CKRSM,3,No,Yes,No,0,No,None,No,0
6734-FQAJX,67,Yes,Yes,No,11,Yes,None,No,0
6734-GMPVK,5,Yes,Yes,Yes,30,Yes,Offer E,No,0
6734-JDTTV,65,No,Yes,No,0,No,Offer B,Yes,5
6734-PSBAW,72,No,Yes,Yes,0,No,Offer A,Yes,1
6736-DHUQI,67,Yes,Yes,No,21,Yes,None,Yes,5
6738-ISCBM,44,Yes,No,No,17,Yes,None,No,0
6741-EGCBI,30,Yes,Yes,Yes,14,Yes,None,No,0
6741-QRLUP,63,Yes,Yes,Yes,26,Yes,None,No,0
6743-HHQPF,42,Yes,No,No,59,Yes,None,Yes,5
6745-JEFZB,35,Yes,Yes,Yes,10,No,None,Yes,2
6746-WAUWT,19,No,Yes,No,0,No,None,No,0
6749-UTDVX,72,Yes,Yes,Yes,16,Yes,Offer A,No,0
6752-APNJL,42,Yes,Yes,No,73,Yes,None,Yes,7
6754-LZUKA,61,Yes,Yes,Yes,51,Yes,None,Yes,1
6754-WKSHP,30,No,Yes,Yes,0,No,Offer C,No,0
6762-NSODU,46,No,Yes,No,0,No,None,Yes,9
6762-QVYJO,58,Yes,No,No,59,Yes,Offer B,Yes,8
6765-MBQNU,26,No,Yes,Yes,0,No,None,Yes,7
6766-HFKLA,56,Yes,Yes,Yes,13,Yes,None,Yes,10
6769-DCQLI,52,Yes,Yes,No,51,Yes,None,No,0
6769-DYBQN,46,Yes,Yes,No,29,Yes,None,No,0
6770-UAYGJ,49,No,Yes,Yes,0,No,None,Yes,8
6770-XUAGN,1,No,Yes,No,0,No,Offer E,Yes,1
6771-XWBDM,57,Yes,Yes,Yes,25,Yes,None,Yes,1
6772-KSATR,1,Yes,Yes,Yes,28,Yes,Offer E,No,0
6772-WFQRD,40,No,Yes,No,0,No,Offer B,No,0
6773-LQTVT,29,Yes,No,No,20,Yes,None,Yes,8
6776-TLWOI,3,No,Yes,No,0,No,Offer E,No,0
6777-TGHTM,53,Yes,Yes,Yes,4,Yes,None,No,0
6778-EICRF,24,Yes,Yes,Yes,10,Yes,None,Yes,9
6778-JFCMK,24,Yes,No,No,46,Yes,Offer C,No,0
6778-YSNIH,2,Yes,Yes,No,26,Yes,None,No,0
6784-XYJAE,36,Yes,Yes,Yes,5,No,None,No,0
6786-OBWQR,5,Yes,Yes,No,73,Yes,None,Yes,8
6789-HJBWG,12,Yes,Yes,No,48,No,Offer D,No,0
6791-YBNAK,18,Yes,No,No,52,Yes,Offer D,Yes,9
6794-HKIAJ,62,Yes,Yes,Yes,2,Yes,None,No,0
6797-LNAQX,70,Yes,Yes,Yes,3,No,Offer A,Yes,1
6797-UCJHZ,66,Yes,Yes,Yes,15,Yes,Offer A,Yes,7
6804-GDMOI,61,Yes,Yes,Yes,28,Yes,None,No,0
6806-YDEUL,6,No,Yes,No,0,No,Offer E,No,0
6807-SIWJI,38,Yes,Yes,Yes,26,Yes,Offer C,No,0
6810-VCAEX,47,Yes,No,No,3,Yes,Offer B,No,0
6813-GZQCG,45,No,Yes,Yes,0,No,None,Yes,5
6814-ZPWFQ,51,No,Yes,Yes,0,No,None,No,0
6815-ABQFQ,56,Yes,Yes,Yes,25,Yes,None,Yes,1
6817-WTYHE,2,Yes,Yes,No,17,Yes,None,No,0
6818-DJXAA,10,Yes,Yes,No,52,Yes,None,No,0
6818-WOBHJ,68,Yes,Yes,Yes,24,Yes,Offer A,Yes,1
6821-BUXUX,13,Yes,Yes,Yes,41,Yes,Offer D,No,0
6821-JPCDC,48,Yes,Yes,No,59,Yes,None,Yes,4
6823-SIDFQ,28,No,Yes,No,0,No,Offer C,No,0
6825-UYPFK,23,Yes,Yes,Yes,23,Yes,Offer D,No,0
6827-IEAUQ,27,Yes,Yes,No,13,Yes,None,Yes,5
6828-HMKWP,12,No,Yes,No,0,No,None,Yes,3
6833-JMZYP,15,Yes,Yes,No,16,Yes,None,No,0
6834-NXDCA,13,Yes,No,No,53,Yes,None,No,0
6837-BJYDQ,3,No,Yes,No,0,No,None,No,0
6837-HAEVO,69,Yes,Yes,Yes,11,Yes,Offer A,Yes,9
6838-HVLXG,12,No,Yes,No,0,No,None,No,0
6838-YAUVY,54,Yes,Yes,Yes,52,Yes,None,No,0
6839-ITVZJ,26,Yes,Yes,Yes,13,Yes,None,Yes,1
6840-RESVB,24,Yes,Yes,Yes,24,Yes,Offer C,Yes,1
6844-DZKRF,2,Yes,Yes,No,28,No,None,No,0
6845-RGTYS,47,Yes,Yes,Yes,51,Yes,None,Yes,1
6847-KJLTS,58,Yes,Yes,Yes,28,Yes,Offer B,Yes,8
6848-HJTXY,64,No,Yes,No,0,No,Offer B,Yes,8
6848-YLDFR,58,Yes,Yes,No,29,Yes,None,Yes,9
6849-OYAMU,19,Yes,Yes,No,20,Yes,None,Yes,1
6849-WLEYG,1,No,Yes,No,0,No,None,No,0
6851-WEFYX,35,Yes,Yes,Yes,3,Yes,None,Yes,4
6854-EXGSF,8,Yes,Yes,Yes,28,Yes,Offer E,No,0
6855-VLGOS,72,No,Yes,No,0,No,None,Yes,5
6856-RAURS,2,Yes,Yes,Yes,25,Yes,None,No,0
6857-TKDJV,67,No,Yes,Yes,0,No,None,Yes,6
6857-VWJDT,1,Yes,Yes,Yes,9,Yes,Offer E,No,0
6859-QNXIQ,72,Yes,Yes,Yes,53,Yes,None,Yes,10
6859-RKMZJ,11,Yes,Yes,No,15,Yes,None,Yes,6
6860-YRJZP,9,Yes,Yes,Yes,25,Yes,Offer E,No,0
6861-OKBCE,11,No,Yes,No,0,No,Offer D,No,0
6861-XWTWQ,7,Yes,Yes,Yes,2,Yes,None,Yes,1
6862-CQUMB,37,Yes,Yes,No,41,Yes,None,No,0
6865-JZNKO,30,Yes,Yes,No,27,Yes,None,No,0
6867-ACCZI,24,Yes,No,No,75,Yes,Offer C,Yes,1
6869-FGJJC,68,Yes,Yes,No,21,No,None,No,0
6870-ECSHE,2,No,Yes,No,0,No,None,No,0
6870-ZWMNX,70,Yes,Yes,Yes,9,No,Offer A,Yes,4
6872-HXFNF,64,Yes,Yes,Yes,52,Yes,Offer B,Yes,1
6873-UDNLD,40,Yes,Yes,No,58,Yes,None,No,0
6874-SGLHU,30,Yes,Yes,No,16,Yes,None,No,0
6876-ADESB,1,Yes,Yes,No,52,Yes,None,No,0
6877-LGWXO,18,Yes,Yes,No,18,Yes,Offer D,Yes,1
6877-TJMBR,1,Yes,Yes,No,51,Yes,Offer E,Yes,1
6878-GGDWG,32,No,Yes,No,0,No,None,Yes,1
6885-PKOAM,71,Yes,Yes,Yes,18,Yes,None,Yes,3
6888-SBYAI,1,Yes,Yes,No,14,Yes,Offer E,No,0
6890-PFRQX,18,Yes,Yes,Yes,8,Yes,None,No,0
6891-JPYFF,48,Yes,Yes,Yes,53,Yes,Offer B,Yes,1
6892-BOGQE,71,No,Yes,No,0,No,Offer A,No,0
6892-EZDTG,4,Yes,Yes,Yes,14,Yes,Offer E,Yes,1
6892-XPFPU,24,Yes,Yes,Yes,11,Yes,Offer C,Yes,3
6893-ODYYE,50,Yes,Yes,No,22,Yes,None,No,0
6894-LFHLY,1,Yes,Yes,Yes,23,Yes,None,No,0
6896-SRVYQ,44,Yes,Yes,No,3,No,Offer B,No,0
6897-RWMUB,61,Yes,Yes,No,59,Yes,None,Yes,2
6897-UUBNU,29,Yes,Yes,No,24,No,None,No,0
6898-MDLZW,12,Yes,Yes,No,3,Yes,Offer D,No,0
6898-RBTLU,49,Yes,Yes,Yes,14,Yes,Offer B,Yes,9
6899-PPEEA,37,Yes,Yes,Yes,2,Yes,None,No,0
6900-PXRMS,26,Yes,Yes,Yes,18,No,Offer C,No,0
6900-RBKER,52,Yes,Yes,Yes,17,Yes,Offer B,No,0
6901-GOGZG,60,Yes,Yes,Yes,85,Yes,Offer B,No,0
6904-JLBGY,72,Yes,Yes,Yes,30,Yes,Offer A,No,0
6905-NIQIN,1,Yes,Yes,No,59,Yes,Offer E,No,0
6906-ANDWJ,15,Yes,Yes,Yes,15,Yes,Offer D,Yes,1
6906-MPARY,40,Yes,Yes,No,69,Yes,Offer B,No,0
6907-CQGPN,29,Yes,No,No,27,Yes,None,No,0
6907-FLBER,1,Yes,Yes,Yes,24,No,Offer E,No,0
6907-NZZIJ,36,Yes,Yes,Yes,7,No,None,No,0
6908-VVYHM,65,Yes,Yes,Yes,2,No,Offer B,Yes,1
6910-HADCM,1,Yes,Yes,No,9,Yes,None,No,0
6916-HIJSE,65,Yes,Yes,No,17,Yes,None,No,0
6917-FIJHC,72,No,Yes,Yes,0,No,Offer A,Yes,8
6917-IAYHD,1,Yes,No,No,19,No,Offer E,No,0
6917-YACBP,59,Yes,Yes,Yes,5,Yes,Offer B,No,0
6918-UMQCG,5,Yes,Yes,No,59,Yes,Offer E,No,0
6919-ELBGL,72,Yes,Yes,Yes,2,Yes,Offer A,Yes,3
6921-OZMFH,5,Yes,Yes,Yes,12,Yes,None,Yes,3
6922-NCEDI,56,No,Yes,No,0,No,Offer B,No,0
6923-AQONU,23,No,Yes,No,0,No,Offer D,Yes,1
6923-EFPNL,4,Yes,Yes,Yes,13,Yes,None,No,0
6923-JHPMP,2,Yes,Yes,No,25,Yes,None,No,0
6924-TDGMT,11,No,Yes,No,0,No,None,Yes,6
6925-BAYGL,53,No,Yes,Yes,0,No,None,Yes,1
6927-WTFIV,20,Yes,Yes,No,22,Yes,Offer D,No,0
6928-ONTRW,72,No,Yes,No,0,No,None,Yes,9
6933-FHBZC,26,Yes,Yes,No,71,Yes,Offer C,No,0
6933-VLYFX,31,Yes,No,No,25,Yes,Offer C,Yes,7
6937-GCDGQ,19,Yes,Yes,No,21,Yes,Offer D,Yes,1
6941-KXRRV,48,Yes,Yes,No,2,Yes,None,Yes,10
6941-PMGEP,5,Yes,Yes,No,42,No,Offer E,No,0
6942-LBFDP,2,No,Yes,No,0,No,None,No,0
6946-LMSQS,25,Yes,Yes,Yes,25,Yes,Offer C,Yes,3
6950-TWMYB,54,Yes,Yes,No,75,Yes,Offer B,Yes,2
6952-OMNWB,68,Yes,Yes,Yes,15,Yes,Offer A,Yes,7
6953-PBDIN,70,Yes,Yes,Yes,25,No,Offer A,Yes,4
6954-OOYZZ,18,Yes,Yes,No,17,Yes,Offer D,Yes,10
6956-SMUCM,3,Yes,Yes,No,59,No,None,No,0
6959-GQEGV,45,Yes,Yes,No,6,Yes,None,No,0
6959-UWKHF,1,Yes,Yes,No,11,Yes,Offer E,No,0
6960-HVYXR,1,Yes,Yes,Yes,52,Yes,None,No,0
6961-MJKBO,47,No,Yes,No,0,No,None,No,0
6961-VCPMC,46,Yes,Yes,No,3,No,Offer B,Yes,1
6963-EZQEE,70,Yes,Yes,Yes,8,Yes,None,Yes,4
6963-KQYQB,70,No,Yes,Yes,0,No,Offer A,Yes,4
6967-PEJLL,37,Yes,No,No,52,Yes,Offer C,Yes,7
6967-QIQRV,15,Yes,Yes,No,30,No,None,Yes,8
6968-GMKPR,55,Yes,Yes,No,4,Yes,Offer B,No,0
6968-MHOMU,58,Yes,No,No,23,Yes,None,No,0
6968-URWQU,43,Yes,Yes,No,23,Yes,None,Yes,9
6969-MVBAI,9,Yes,Yes,Yes,4,Yes,Offer E,No,0
6972-SNKKW,6,No,Yes,No,0,No,None,No,0
6974-DAFLI,55,No,Yes,No,0,No,Offer B,Yes,8
6976-BWGLQ,72,No,Yes,Yes,0,No,Offer A,Yes,1
6979-TNDEU,8,No,Yes,No,0,No,None,No,0
6979-ZNSFF,8,Yes,Yes,Yes,8,Yes,Offer E,No,0
6980-CDGFC,67,No,Yes,No,0,No,Offer A,Yes,5
6980-IMXXE,69,No,Yes,No,0,No,None,Yes,5
6981-TDRFT,44,Yes,No,No,69,No,None,Yes,1
6982-SSHFK,1,Yes,Yes,No,12,Yes,Offer E,No,0
6982-UQZLY,1,No,Yes,No,0,No,Offer E,Yes,1
6985-HAYWX,26,Yes,Yes,Yes,10,Yes,None,Yes,5
6986-IJDHX,39,Yes,Yes,No,19,Yes,Offer C,Yes,5
6986-IXNDM,14,Yes,Yes,No,17,Yes,Offer D,No,0
6987-XQSJT,54,Yes,Yes,Yes,10,Yes,None,No,0
6988-CJEYV,49,Yes,Yes,Yes,27,Yes,Offer B,No,0
6990-YNRIO,65,Yes,Yes,Yes,7,Yes,None,No,0
6992-TKNYO,38,Yes,Yes,Yes,16,Yes,Offer C,Yes,2
6993-OHLXR,2,Yes,Yes,No,39,Yes,None,No,0
6993-YCOBK,60,Yes,Yes,Yes,76,No,None,Yes,1
6993-YGFJV,69,Yes,Yes,Yes,41,Yes,Offer A,Yes,9
6994-FGRHH,70,Yes,Yes,No,28,Yes,None,Yes,7
6994-KERXL,4,Yes,Yes,No,22,Yes,None,No,0
6994-ORCWG,14,Yes,Yes,Yes,7,Yes,Offer D,No,0
6996-KNSML,1,Yes,Yes,No,30,Yes,None,No,0
6997-UVGOX,71,Yes,Yes,No,53,Yes,Offer A,Yes,9
6999-CHVCF,68,Yes,Yes,Yes,7,Yes,None,No,0
7000-WCEVQ,20,Yes,Yes,Yes,27,Yes,None,No,0
7005-CCBKV,6,Yes,Yes,No,9,Yes,None,No,0
7005-CYUIL,71,Yes,Yes,No,3,Yes,Offer A,Yes,2
7008-LZVOZ,66,No,Yes,Yes,0,No,None,Yes,5
7009-LGECI,4,Yes,Yes,No,41,Yes,None,No,0
7009-PCARS,55,No,Yes,No,0,No,Offer B,No,0
7010-BRBUU,72,No,Yes,Yes,0,No,None,No,0
7010-ZMVBF,18,No,Yes,No,0,No,None,Yes,8
7011-CVEUC,25,Yes,Yes,No,8,Yes,None,Yes,7
7013-PSXHK,40,Yes,Yes,Yes,19,Yes,None,No,0
7014-ZZXAW,71,No,Yes,Yes,0,No,None,Yes,1
7016-BPGEU,29,Yes,No,No,22,Yes,None,No,0
7016-NVRIC,29,Yes,Yes,No,16,Yes,None,Yes,10
7017-VFHAY,61,Yes,Yes,Yes,12,Yes,Offer B,Yes,3
7017-VFULY,2,No,Yes,No,0,No,None,Yes,9
7018-FPXHH,56,Yes,Yes,No,13,Yes,Offer B,Yes,1
7018-WBJNK,13,Yes,Yes,No,22,No,Offer D,No,0
7020-OZKXZ,9,Yes,Yes,No,9,Yes,None,No,0
7021-XSNYE,7,Yes,No,No,28,Yes,None,Yes,4
7024-OHCCK,2,Yes,Yes,Yes,18,Yes,None,No,0
7025-IWFHT,41,Yes,Yes,No,15,Yes,Offer B,No,0
7025-WCBNE,47,Yes,Yes,Yes,10,Yes,None,No,0
7026-YMSBE,30,No,Yes,No,0,No,None,No,0
7028-DVOIQ,35,Yes,Yes,Yes,19,No,None,No,0
7029-IJEJK,54,Yes,No,No,21,Yes,None,No,0
7029-RPUAV,17,Yes,Yes,Yes,16,Yes,None,Yes,1
7030-FZTFM,72,Yes,Yes,Yes,11,No,Offer A,Yes,5
7030-NJVDP,24,Yes,Yes,No,8,Yes,None,Yes,2
7032-LMBHI,37,Yes,Yes,Yes,9,Yes,None,No,0
7033-CLAMM,48,No,Yes,No,0,No,Offer B,Yes,6
7036-TYDEC,69,Yes,Yes,Yes,13,Yes,None,No,0
7036-ZZKBD,31,Yes,Yes,No,28,Yes,Offer C,Yes,7
7037-MTYVW,38,Yes,Yes,Yes,59,Yes,Offer C,Yes,6
7041-TXQJH,37,Yes,No,No,6,Yes,Offer C,No,0
7044-YAACC,4,Yes,Yes,No,8,Yes,None,Yes,5
7047-FWEYA,46,Yes,Yes,Yes,29,No,Offer B,Yes,3
7047-YXDMZ,21,No,Yes,No,0,No,Offer D,No,0
7048-GXDAY,39,Yes,Yes,Yes,30,Yes,Offer C,No,0
7049-GKVZY,17,Yes,Yes,No,22,Yes,None,No,0
7054-DMVAS,54,Yes,Yes,No,16,Yes,None,No,0
7054-ENNGU,9,Yes,Yes,No,76,Yes,None,Yes,4
7054-LGEQW,1,Yes,Yes,No,30,Yes,Offer E,No,0
7055-HNEOJ,3,Yes,Yes,No,6,Yes,Offer E,Yes,2
7055-JCGNI,70,Yes,Yes,Yes,26,Yes,Offer A,No,0
7055-VKGDA,54,Yes,Yes,No,26,Yes,Offer B,No,0
7056-IMHCC,53,Yes,Yes,Yes,6,Yes,Offer B,Yes,1
7061-OVMIM,30,No,Yes,No,0,No,None,Yes,1
7064-FRRSW,48,Yes,Yes,Yes,2,Yes,None,No,0
7064-JHXCE,62,No,Yes,No,0,No,Offer B,Yes,5
7065-YUNRY,1,Yes,Yes,No,59,Yes,None,No,0
7067-KSAZT,65,Yes,Yes,Yes,30,Yes,None,Yes,1
7072-MBHEV,11,Yes,Yes,Yes,13,Yes,None,Yes,8
7073-QETQY,66,No,Yes,No,0,No,Offer A,Yes,9
7074-IEVOJ,3,Yes,Yes,Yes,11,Yes,None,No,0
7074-STDCN,39,Yes,No,No,26,Yes,Offer C,No,0
7075-BNDVQ,4,Yes,No,No,26,No,None,No,0
7077-XJMET,12,Yes,Yes,No,5,Yes,None,Yes,7
7078-NVFAM,32,Yes,No,No,14,Yes,None,Yes,3
7079-QRCBC,24,Yes,Yes,Yes,18,Yes,None,No,0
7080-TNUWP,70,Yes,Yes,Yes,16,Yes,None,Yes,5
7083-MIOPC,72,No,Yes,No,0,No,None,No,0
7083-YNSKY,15,No,Yes,Yes,0,No,Offer D,No,0
7088-FBAWU,17,Yes,Yes,No,47,Yes,Offer D,Yes,8
7089-IVVAZ,8,Yes,Yes,Yes,41,Yes,Offer E,No,0
7089-RKVSZ,8,No,Yes,Yes,0,No,None,Yes,6
7089-XXAYG,25,Yes,No,No,24,No,None,Yes,10
7094-MSZAO,10,No,Yes,No,0,No,None,Yes,7
7096-UCLNH,1,No,Yes,No,0,No,None,No,0
7096-ZNBZI,72,No,Yes,Yes,0,No,Offer A,Yes,1
7100-FQPRV,43,Yes,Yes,Yes,51,Yes,Offer B,Yes,5
7101-HRBLJ,72,Yes,Yes,No,46,Yes,None,Yes,9
7102-JJVTX,9,Yes,Yes,No,30,Yes,Offer E,Yes,9
7103-IPXPJ,50,Yes,Yes,Yes,18,Yes,Offer B,Yes,7
7103-ZGVNT,69,Yes,Yes,Yes,21,Yes,Offer A,Yes,10
7105-BENQF,15,Yes,Yes,No,29,Yes,None,No,0
7105-MXJLL,26,Yes,Yes,No,17,Yes,None,Yes,2
7107-UBYKY,35,No,Yes,Yes,0,No,Offer C,Yes,5
7108-DGVUU,21,Yes,Yes,Yes,18,No,None,Yes,4
7109-CQYUZ,52,Yes,Yes,Yes,30,Yes,None,No,0
7109-MFBYV,26,Yes,Yes,No,42,Yes,Offer C,No,0
7110-BDTWG,71,Yes,No,No,6,Yes,None,Yes,4
7112-OPOTK,33,Yes,Yes,No,23,Yes,None,No,0
7113-HIPFI,66,Yes,Yes,No,30,Yes,Offer A,Yes,10
7114-AEOZE,60,No,Yes,No,0,No,Offer B,No,0
7115-IRDHS,72,No,Yes,Yes,0,No,None,Yes,3
7120-RFMVS,1,Yes,Yes,Yes,12,Yes,None,No,0
7123-WQUHX,38,Yes,Yes,Yes,21,Yes,Offer C,No,0
7124-UGSUR,61,Yes,Yes,Yes,17,Yes,None,Yes,1
7126-RBHSD,17,Yes,Yes,Yes,4,Yes,Offer D,Yes,1
7128-GGCNO,46,Yes,Yes,Yes,26,Yes,Offer B,No,0
7129-ACFOG,5,Yes,Yes,Yes,22,No,None,No,0
7129-AZJDE,34,Yes,Yes,No,12,Yes,Offer C,Yes,1
7129-CAKJW,17,Yes,Yes,Yes,29,Yes,Offer D,No,0
7130-CTCUS,16,Yes,Yes,No,23,Yes,None,Yes,5
7130-VTEWQ,8,Yes,Yes,Yes,6,Yes,None,No,0
7130-YXBRO,48,Yes,Yes,Yes,59,Yes,Offer B,Yes,9
7131-ZQZNK,60,Yes,No,No,19,Yes,Offer B,Yes,1
7133-VBDCG,25,Yes,Yes,No,12,Yes,Offer C,No,0
7134-HBPBS,72,Yes,Yes,Yes,20,Yes,Offer A,No,0
7134-MJPDY,66,Yes,Yes,Yes,5,No,Offer A,No,0
7136-IHZJA,40,Yes,Yes,No,48,Yes,None,Yes,4
7136-RVDTZ,70,Yes,No,No,20,Yes,None,No,0
7137-NAXML,23,No,Yes,No,0,No,Offer D,No,0
7137-RYLPP,37,Yes,Yes,Yes,26,Yes,Offer C,Yes,1
7138-GIRSH,50,Yes,Yes,Yes,2,Yes,None,No,0
7139-JZFVG,60,Yes,Yes,No,28,Yes,None,Yes,7
7140-ADSMJ,8,No,Yes,No,0,No,Offer E,No,0
7142-HVGBG,43,Yes,Yes,Yes,26,Yes,Offer B,Yes,1
7143-BQIBA,10,Yes,Yes,No,17,Yes,Offer D,No,0
7145-FEJWU,12,Yes,Yes,Yes,18,Yes,None,No,0
7147-AYBAA,37,Yes,Yes,No,25,Yes,None,No,0
7148-XZPHA,55,Yes,Yes,No,53,Yes,None,Yes,9
7153-CHRBV,57,Yes,Yes,No,24,Yes,Offer B,Yes,6
7153-OANIO,1,Yes,Yes,No,16,Yes,Offer E,No,0
7156-MHUGY,13,Yes,Yes,No,4,No,None,No,0
7156-MXBJE,43,Yes,Yes,Yes,53,No,None,No,0
7157-SMCFK,61,No,Yes,No,0,No,Offer B,No,0
7159-FVYPK,3,Yes,Yes,Yes,73,No,None,Yes,3
7159-NOKYQ,67,Yes,Yes,Yes,11,No,Offer A,Yes,5
7161-DFHUF,71,No,Yes,Yes,0,No,None,Yes,4
7162-WPHPM,58,Yes,Yes,Yes,25,Yes,None,Yes,1
7163-OCEQI,22,Yes,Yes,Yes,11,Yes,None,Yes,6
7164-BPTUT,57,Yes,Yes,Yes,20,Yes,Offer B,No,0
7167-PCEYD,67,No,Yes,No,0,No,None,No,0
7168-HDQHG,36,No,Yes,No,0,No,Offer C,Yes,3
7169-YWAMK,72,Yes,Yes,No,26,Yes,None,Yes,7
7173-TETGO,72,Yes,Yes,Yes,22,Yes,Offer A,Yes,4
7175-NTIXE,25,Yes,Yes,No,48,Yes,None,No,0
7176-WIONM,12,Yes,No,No,82,Yes,Offer D,Yes,10
7176-WRTNX,70,Yes,Yes,Yes,30,Yes,Offer A,No,0
7180-PISOG,1,Yes,Yes,Yes,16,Yes,None,No,0
7181-BQYBV,1,Yes,Yes,Yes,9,Yes,None,Yes,1
7181-OQCUT,21,Yes,Yes,Yes,3,Yes,Offer D,No,0
7182-OVLBJ,62,Yes,Yes,Yes,52,No,None,Yes,4
7184-LRUUR,22,Yes,Yes,No,85,Yes,None,No,0
7188-CBBBA,65,Yes,Yes,Yes,6,No,None,No,0
7190-XHTWJ,38,No,Yes,No,0,No,None,No,0
7191-ADRGF,44,Yes,No,No,18,Yes,None,Yes,1
7196-LIWRH,6,No,Yes,No,0,No,Offer E,No,0
7197-VOJMM,67,Yes,Yes,No,20,Yes,None,No,0
7198-GLXTC,2,Yes,Yes,No,21,Yes,None,No,0
7203-OYKCT,72,Yes,Yes,Yes,18,Yes,None,No,0
7205-BAIAD,40,No,Yes,No,0,No,None,No,0
7206-GZCDC,1,Yes,Yes,No,18,Yes,Offer E,No,0
7206-PQBBZ,11,Yes,Yes,No,29,Yes,Offer D,Yes,7
7207-RMRDB,65,Yes,Yes,Yes,26,Yes,None,Yes,7
7208-PSIHR,70,Yes,Yes,Yes,30,No,None,Yes,9
7209-JCUDS,10,Yes,Yes,No,41,Yes,Offer D,No,0
7216-EWTRS,1,Yes,Yes,Yes,23,Yes,None,Yes,4
7216-KAOID,41,No,Yes,No,0,No,Offer B,Yes,8
7217-JYHOQ,24,Yes,Yes,No,26,Yes,None,Yes,6
7218-HKQFK,2,Yes,Yes,No,19,Yes,None,Yes,4
7219-TLZHO,4,No,Yes,No,0,No,None,Yes,1
7225-CBZPL,17,Yes,Yes,Yes,13,Yes,None,Yes,7
7225-IILWY,68,No,Yes,Yes,0,No,None,Yes,10
7228-OMTPN,4,Yes,Yes,No,15,Yes,None,No,0
7228-PAQPD,14,Yes,Yes,No,69,Yes,Offer D,No,0
7233-DRTRF,63,Yes,Yes,Yes,15,Yes,None,Yes,1
7233-IOQNP,43,Yes,No,No,21,Yes,Offer B,Yes,9
7233-PAHHL,66,Yes,Yes,Yes,26,Yes,Offer A,No,0
7234-FECYN,8,Yes,Yes,Yes,27,Yes,None,No,0
7234-KMNRQ,4,No,Yes,No,0,No,None,No,0
7235-NXZCP,2,Yes,Yes,Yes,18,Yes,Offer E,No,0
7239-HZZCX,1,No,Yes,No,0,No,None,No,0
7240-ETPTR,9,Yes,No,No,10,No,None,Yes,1
7240-FQLHE,18,Yes,Yes,Yes,15,Yes,None,Yes,1
7241-AJHFS,32,Yes,Yes,Yes,25,No,None,No,0
7242-EDTYC,44,No,Yes,No,0,No,Offer B,No,0
7242-QZLXF,1,Yes,No,No,51,No,None,No,0
7243-LCGGZ,1,No,Yes,No,0,No,None,No,0
7244-KXYZN,24,No,Yes,No,0,No,None,No,0
7244-QWYHG,50,Yes,No,No,73,Yes,Offer B,Yes,3
7245-JMTTQ,51,Yes,Yes,Yes,82,Yes,Offer B,No,0
7245-NIIWQ,3,Yes,Yes,No,21,Yes,Offer E,No,0
7246-ZGQDF,1,Yes,Yes,No,75,Yes,None,No,0
7247-XOZPB,53,Yes,Yes,Yes,13,Yes,Offer B,Yes,1
7248-VZQLC,47,Yes,Yes,Yes,12,Yes,None,No,0
7249-WBIYX,10,Yes,Yes,Yes,29,Yes,None,Yes,1
7250-EQKIY,1,Yes,Yes,No,29,Yes,Offer E,Yes,1
7251-LJBQN,40,Yes,Yes,Yes,24,Yes,None,No,0
7251-XFOIL,61,Yes,Yes,Yes,27,Yes,Offer B,No,0
7252-NTGSS,1,Yes,Yes,No,10,Yes,None,No,0
7253-UVNDW,46,Yes,Yes,No,17,Yes,None,No,0
7254-IQWOZ,1,Yes,Yes,No,69,Yes,Offer E,No,0
7255-SSFBC,72,Yes,Yes,Yes,28,Yes,Offer A,Yes,2
7266-GSSJX,11,No,Yes,No,0,No,None,Yes,3
7267-FRMJW,25,No,Yes,No,0,No,Offer C,Yes,1
7268-IGMFD,18,Yes,Yes,Yes,25,Yes,Offer D,No,0
7268-WNTCP,62,No,Yes,No,0,No,None,Yes,2
7269-JISCY,55,Yes,Yes,No,5,Yes,None,No,0
7270-BDIOA,22,Yes,Yes,Yes,23,Yes,None,No,0
7271-AJDTL,55,Yes,Yes,Yes,16,Yes,None,Yes,1
7272-QDCKA,28,Yes,Yes,Yes,13,Yes,Offer C,No,0
7273-TEFQD,3,Yes,No,No,28,Yes,Offer E,No,0
7274-CGTOD,62,Yes,No,No,51,Yes,None,No,0
7274-RTAPZ,1,Yes,Yes,No,48,Yes,Offer E,No,0
7277-KAMWT,13,No,Yes,No,0,No,Offer D,No,0
7277-OZCGZ,22,Yes,Yes,No,8,Yes,None,No,0
7278-CKDNC,24,Yes,Yes,Yes,23,Yes,None,No,0
7279-BUYWN,41,Yes,Yes,Yes,23,Yes,None,No,0
7279-NMVJC,17,No,Yes,No,0,No,None,No,0
7284-BUYEC,5,Yes,No,No,26,Yes,Offer E,No,0
7284-ZZLOH,45,Yes,Yes,No,4,No,None,Yes,10
7285-KLOTR,12,Yes,Yes,Yes,17,Yes,None,Yes,3
7291-CDTMJ,1,No,Yes,No,0,No,Offer E,No,0
7293-LSCDV,60,No,Yes,No,0,No,None,Yes,2
7294-TMAOP,1,Yes,Yes,No,51,No,Offer E,No,0
7295-JOMMD,4,Yes,Yes,No,18,Yes,Offer E,No,0
7296-PIXQY,14,Yes,Yes,No,17,Yes,Offer D,No,0
7297-DVYGA,51,No,Yes,No,0,No,Offer B,No,0
7298-IZWLY,1,No,Yes,No,0,No,None,No,0
7299-GNVPL,23,Yes,Yes,No,82,Yes,None,Yes,5
7301-ABVAD,72,Yes,Yes,Yes,13,Yes,None,No,0
7302-ZHMHP,1,No,Yes,No,0,No,None,No,0
7305-ZWMAJ,30,No,Yes,No,0,No,None,Yes,2
7306-YDSOI,69,Yes,Yes,No,12,Yes,Offer A,Yes,4
7310-EGVHZ,1,No,Yes,No,0,No,Offer E,No,0
7311-MQJCH,5,No,Yes,No,0,No,None,No,0
7312-XSBAT,1,Yes,Yes,No,14,Yes,Offer E,No,0
7314-OXENN,2,Yes,Yes,Yes,14,Yes,None,No,0
7315-WYOAW,13,Yes,Yes,Yes,41,No,Offer D,No,0
7317-GGVPB,71,Yes,Yes,Yes,11,No,Offer A,Yes,1
7318-EIVKO,8,Yes,Yes,Yes,22,Yes,Offer E,No,0
7319-VENRZ,7,Yes,Yes,No,58,Yes,Offer E,No,0
7319-ZNRTR,25,No,Yes,No,0,No,None,Yes,1
7321-KKSDU,32,No,Yes,No,0,No,None,No,0
7321-PKUYW,11,Yes,Yes,Yes,3,Yes,Offer D,No,0
7321-VGNKU,2,Yes,Yes,No,22,No,Offer E,Yes,1
7321-ZNSLA,13,Yes,No,No,57,Yes,None,No,0
7322-OCWHC,72,Yes,Yes,Yes,30,Yes,Offer A,Yes,10
7325-ENZFI,39,Yes,No,No,19,Yes,None,No,0
7326-RIGQZ,6,Yes,Yes,No,20,Yes,None,Yes,9
7328-OWMOM,31,No,Yes,No,0,No,Offer C,No,0
7328-ZJAJO,59,No,Yes,No,0,No,None,Yes,1
7330-WZLNC,5,Yes,Yes,Yes,51,Yes,Offer E,No,0
7336-RLLRH,27,Yes,Yes,Yes,14,Yes,Offer C,Yes,3
7337-CINUD,8,No,Yes,No,0,No,None,Yes,6
7338-ERIVA,39,Yes,No,No,13,Yes,Offer C,No,0
7339-POGZN,4,Yes,Yes,Yes,51,Yes,None,No,0
7340-KEFQE,51,Yes,No,No,27,Yes,Offer B,Yes,7
7341-LXCAF,4,Yes,Yes,Yes,30,Yes,None,Yes,8
7343-EOBEU,3,No,Yes,Yes,0,No,Offer E,Yes,9
7346-MEDWM,59,Yes,Yes,Yes,16,Yes,Offer B,No,0
7349-ALMUX,37,Yes,Yes,No,30,Yes,None,No,0
7351-KYHQH,7,Yes,Yes,No,7,Yes,None,No,0
7351-MHQVU,6,Yes,No,No,23,Yes,Offer E,No,0
7353-YOWFP,7,No,Yes,No,0,No,None,No,0
7354-OIJLX,9,Yes,Yes,Yes,11,Yes,Offer E,No,0
7356-AYNJP,4,No,Yes,Yes,0,No,Offer E,No,0
7356-IWLFW,46,Yes,Yes,Yes,16,Yes,Offer B,Yes,1
7359-PTSXY,1,Yes,Yes,No,28,Yes,None,No,0
7359-SSBJK,64,Yes,Yes,No,24,Yes,Offer B,No,0
7359-WWYJV,72,Yes,Yes,Yes,8,Yes,None,Yes,5
7361-YPXFS,28,Yes,Yes,Yes,23,Yes,None,No,0
7363-QTBIW,9,Yes,Yes,No,59,Yes,None,Yes,3
7365-BVCJH,1,Yes,No,No,6,Yes,Offer E,No,0
7369-TRPFD,19,No,Yes,No,0,No,Offer D,No,0
7375-WMVMT,71,Yes,Yes,No,9,Yes,None,Yes,2
7377-DMMRI,2,Yes,Yes,No,11,Yes,Offer E,No,0
7379-FNIUJ,2,Yes,Yes,No,15,No,Offer E,No,0
7379-POKDZ,3,Yes,Yes,No,11,Yes,None,Yes,1
7382-DFJTU,18,Yes,Yes,No,28,Yes,Offer D,No,0
7384-GHBPI,3,Yes,No,No,13,Yes,Offer E,Yes,1
7389-KBFIT,2,Yes,No,No,20,Yes,Offer E,Yes,6
7392-YYPYJ,22,Yes,Yes,Yes,73,Yes,Offer D,No,0
7394-FKDNK,9,Yes,Yes,No,18,Yes,Offer E,Yes,3
7394-LWLYN,2,Yes,Yes,No,10,Yes,None,No,0
7395-IGJOS,17,Yes,Yes,No,16,Yes,None,Yes,1
7395-XWZOY,20,Yes,No,No,20,Yes,None,No,0
7396-VJUZB,4,Yes,Yes,No,30,Yes,Offer E,Yes,8
7398-HPYZQ,71,Yes,Yes,Yes,30,Yes,Offer A,Yes,2
7398-LXGYX,44,Yes,Yes,Yes,10,Yes,Offer B,Yes,2
7398-SKNQZ,3,Yes,Yes,Yes,7,Yes,None,Yes,5
7399-QHBJS,72,Yes,Yes,Yes,27,Yes,None,Yes,8
7401-JIXNM,54,Yes,Yes,Yes,76,Yes,None,Yes,5
7401-RUBNK,18,Yes,Yes,No,41,Yes,Offer D,Yes,1
7402-EYFXX,26,Yes,Yes,Yes,9,Yes,Offer C,No,0
7402-PWYJJ,53,Yes,Yes,Yes,53,No,Offer B,Yes,2
7404-JLKQG,3,Yes,Yes,No,42,Yes,None,No,0
7407-SUJIZ,25,No,Yes,No,0,No,Offer C,No,0
7408-OFWXJ,72,Yes,Yes,Yes,69,Yes,None,Yes,3
7409-JURKQ,53,Yes,Yes,Yes,69,Yes,None,Yes,3
7409-KIUTL,1,Yes,Yes,No,5,Yes,None,No,0
7410-KTVFV,18,Yes,Yes,No,26,Yes,None,Yes,1
7410-OIEDU,10,Yes,Yes,No,42,Yes,None,No,0
7410-YTJIK,7,Yes,Yes,Yes,15,Yes,None,No,0
7416-CKTEP,57,No,Yes,No,0,No,Offer B,Yes,10
7421-ZLUPA,8,Yes,No,No,2,Yes,None,No,0
7422-WNBTY,33,Yes,Yes,Yes,7,Yes,None,Yes,5
7426-GSWPO,64,Yes,Yes,Yes,18,Yes,Offer B,No,0
7426-RHZGU,9,Yes,Yes,No,3,Yes,None,No,0
7426-WEIJX,60,Yes,Yes,Yes,11,Yes,None,Yes,10
7427-AUFPY,54,No,Yes,No,0,No,None,No,0
7432-FFVAR,46,Yes,Yes,No,48,No,Offer B,Yes,2
7434-SHXLS,1,No,Yes,No,0,No,Offer E,No,0
7435-ZNUYY,6,No,Yes,No,0,No,Offer E,No,0
7439-DKZTW,1,Yes,Yes,No,19,No,None,No,0
7442-YGZFK,1,Yes,Yes,Yes,11,Yes,None,No,0
7445-WMRBW,48,Yes,Yes,Yes,3,No,Offer B,No,0
7446-KQISO,45,Yes,Yes,Yes,27,Yes,None,Yes,2
7446-SFAOA,37,No,Yes,No,0,No,None,Yes,8
7446-YPODE,11,Yes,Yes,Yes,17,No,None,No,0
7449-HVPIV,55,Yes,Yes,Yes,56,Yes,Offer B,Yes,10
7450-NWRTR,12,Yes,Yes,Yes,26,Yes,None,No,0
7452-FOLON,39,No,Yes,Yes,0,No,None,No,0
7459-IMVYU,38,Yes,Yes,Yes,22,No,None,No,0
7459-RRWQZ,15,Yes,Yes,Yes,26,Yes,Offer D,No,0
7460-ITWWP,45,Yes,Yes,No,24,Yes,None,Yes,5
7463-IFMQU,72,No,Yes,No,0,No,None,Yes,1
7465-ZZRVX,1,Yes,Yes,No,27,No,None,No,0
7469-LKBCI,16,No,Yes,No,0,No,Offer D,No,0
7470-DYNOE,53,Yes,Yes,No,24,Yes,Offer B,No,0
7470-MCQTK,13,Yes,No,No,8,Yes,None,Yes,1
7471-MQPOS,71,Yes,Yes,Yes,20,No,None,Yes,1
7471-WNSUF,60,No,Yes,Yes,0,No,Offer B,Yes,1
7472-EQOAV,71,Yes,Yes,No,19,Yes,Offer A,Yes,5
7473-ZBDSN,14,No,Yes,No,0,No,Offer D,Yes,2
7479-NITWS,7,Yes,Yes,Yes,17,No,None,No,0
7480-QNVZJ,50,Yes,Yes,Yes,11,Yes,None,No,0
7480-SPLEF,69,No,Yes,Yes,0,No,None,Yes,5
7481-ATQQS,49,Yes,Yes,Yes,15,Yes,Offer B,No,0
7483-IQWIB,37,Yes,Yes,Yes,29,Yes,Offer C,Yes,1
7486-KSRVI,43,Yes,Yes,Yes,23,No,Offer B,No,0
7488-MXJIV,4,Yes,Yes,Yes,20,No,Offer E,No,0
7492-TAFJD,7,Yes,No,No,58,Yes,None,Yes,5
7493-GVFIO,57,No,Yes,No,0,No,Offer B,No,0
7493-TPUWZ,1,Yes,Yes,Yes,24,Yes,None,No,0
7495-OOKFY,8,Yes,Yes,Yes,17,Yes,Offer E,Yes,1
7501-IWUNG,61,Yes,Yes,No,24,No,Offer B,Yes,9
7501-VTYLJ,2,Yes,Yes,No,27,Yes,None,No,0
7502-BNYGS,46,Yes,Yes,No,53,Yes,Offer B,Yes,7
7503-EPSZW,64,No,Yes,Yes,0,No,Offer B,Yes,5
7503-MIOGA,72,Yes,Yes,Yes,17,Yes,Offer A,No,0
7503-QQRVF,16,Yes,Yes,No,8,Yes,Offer D,Yes,1
7503-ZGUZJ,1,Yes,Yes,Yes,51,No,None,No,0
7504-UWHNB,25,Yes,Yes,No,18,No,Offer C,No,0
7508-DQAKK,64,Yes,Yes,Yes,73,Yes,None,No,0
7508-KBIMB,24,Yes,Yes,No,53,Yes,None,Yes,7
7508-MYBOG,14,Yes,Yes,Yes,42,Yes,Offer D,Yes,1
7508-SMHXL,15,Yes,Yes,Yes,21,Yes,None,No,0
7511-YMXVQ,9,Yes,No,No,20,No,None,No,0
7515-LODFU,69,No,Yes,No,0,No,None,No,0
7516-GMHUV,50,Yes,Yes,Yes,8,Yes,None,Yes,1
7517-LDMPS,12,Yes,Yes,No,25,Yes,None,No,0
7517-SAWMO,19,Yes,Yes,No,22,Yes,Offer D,Yes,1
7519-JTWQH,69,Yes,Yes,Yes,42,Yes,Offer A,No,0
7520-HQWJU,66,Yes,Yes,Yes,59,Yes,None,Yes,6
7521-AFHAB,5,Yes,Yes,No,19,Yes,Offer E,Yes,10
7521-YXVZY,3,No,Yes,No,0,No,Offer E,No,0
7524-VRLPL,69,Yes,Yes,Yes,10,Yes,Offer A,No,0
7526-BEZQB,12,Yes,Yes,Yes,25,Yes,Offer D,No,0
7526-IVLYU,3,No,Yes,No,0,No,None,No,0
7527-QNRUS,17,No,Yes,Yes,0,No,Offer D,Yes,8
7529-ZDFXI,57,Yes,Yes,Yes,9,Yes,None,Yes,1
7530-HDYDS,38,Yes,Yes,No,41,Yes,None,No,0
7531-GQHME,12,No,Yes,No,0,No,Offer D,No,0
7534-BFESC,24,Yes,Yes,Yes,15,Yes,Offer C,No,0
7537-CBQUZ,63,Yes,Yes,Yes,20,Yes,None,No,0
7537-RBWEA,1,Yes,No,No,52,Yes,None,No,0
7538-GWHML,2,Yes,Yes,No,27,Yes,Offer E,No,0
7541-YLXCL,36,Yes,Yes,No,85,Yes,None,No,0
7542-CYDDM,18,No,Yes,No,0,No,None,No,0
7544-ZVIKX,58,Yes,Yes,Yes,10,Yes,None,Yes,2
7547-EKNFS,42,Yes,Yes,Yes,29,Yes,Offer B,Yes,1
7548-SEPYI,5,Yes,Yes,No,10,Yes,Offer E,No,0
7549-MYGPK,63,Yes,Yes,Yes,16,No,Offer B,Yes,3
7550-WIQVA,50,Yes,Yes,Yes,19,Yes,None,Yes,3
7551-DACSP,6,Yes,Yes,No,19,Yes,Offer E,Yes,1
7551-JOHTI,1,No,Yes,No,0,No,None,No,0
7552-KEYGT,27,No,Yes,No,0,No,Offer C,Yes,1
7554-AKDQF,6,Yes,Yes,No,27,Yes,Offer E,Yes,9
7554-NEWDD,10,No,Yes,Yes,0,No,None,No,0
7558-IMLMT,67,No,Yes,No,0,No,None,Yes,6
7560-QJAVJ,70,Yes,Yes,No,28,Yes,None,No,0
7560-QRBXH,48,No,Yes,No,0,No,None,No,0
7562-GSUHK,16,Yes,Yes,No,7,Yes,None,No,0
7562-UXTPG,13,Yes,Yes,No,28,Yes,None,No,0
7563-BIUPC,5,Yes,Yes,No,52,No,Offer E,No,0
7564-GHCVB,72,Yes,Yes,Yes,53,No,Offer A,Yes,5
7566-DSRLQ,72,Yes,Yes,Yes,24,No,Offer A,Yes,7
7567-ECMCM,24,Yes,Yes,No,41,Yes,None,No,0
7568-PODML,1,Yes,No,No,18,Yes,None,No,0
7569-NMZYQ,72,Yes,Yes,Yes,53,Yes,None,Yes,1
7570-WELNY,68,Yes,Yes,Yes,4,Yes,Offer A,Yes,1
7571-YXDAD,2,Yes,Yes,Yes,18,Yes,None,No,0
7572-KPVKK,62,Yes,Yes,Yes,19,Yes,Offer B,No,0
7576-ASEJU,41,Yes,Yes,No,11,Yes,Offer B,Yes,10
7576-JMYWV,46,Yes,Yes,Yes,16,Yes,Offer B,Yes,7
7576-OYWBN,3,Yes,Yes,Yes,28,Yes,None,No,0
7577-SWIFR,1,Yes,Yes,No,2,Yes,None,No,0
7579-KKLOE,71,Yes,Yes,Yes,3,Yes,Offer A,Yes,7
7579-OOPEC,2,Yes,Yes,No,20,Yes,Offer E,Yes,1
7580-UGXNC,2,Yes,Yes,No,6,Yes,None,No,0
7581-EBBOU,60,Yes,Yes,No,2,Yes,None,No,0
7586-ZATGZ,40,Yes,Yes,Yes,27,Yes,None,No,0
7587-AOVVU,27,Yes,Yes,Yes,15,Yes,None,No,0
7587-RZNME,3,Yes,Yes,No,41,Yes,Offer E,No,0
7590-VHVEG,1,Yes,No,No,10,Yes,Offer E,No,0
7593-JNWRU,6,Yes,Yes,No,21,Yes,Offer E,Yes,5
7593-XFKDI,1,Yes,Yes,No,21,Yes,None,No,0
7594-LZNWR,34,Yes,Yes,No,30,Yes,Offer C,No,0
7594-RQHXR,1,Yes,Yes,No,52,Yes,Offer E,No,0
7595-EHCDL,32,Yes,No,No,19,Yes,None,Yes,10
7595-EUIVN,1,Yes,Yes,No,26,Yes,None,No,0
7596-IIWYC,27,No,Yes,No,0,No,None,No,0
7596-LDUXP,12,Yes,Yes,No,19,Yes,Offer D,No,0
7596-ZYWBB,65,Yes,Yes,No,76,No,Offer B,No,0
7598-UAASY,2,Yes,Yes,No,51,Yes,Offer E,Yes,1
7599-FKVXZ,42,Yes,Yes,Yes,21,Yes,None,Yes,1
7599-NTMDP,62,Yes,No,No,26,No,Offer B,Yes,6
7601-DHFWZ,48,No,Yes,Yes,0,No,Offer B,No,0
7601-GNDYK,35,No,Yes,No,0,No,Offer C,Yes,1
7601-WFVZV,1,No,Yes,No,0,No,Offer E,No,0
7602-DBTOU,71,No,Yes,No,0,No,None,Yes,2
7602-MVRMB,72,Yes,Yes,Yes,14,Yes,None,Yes,9
7603-USHJS,12,Yes,Yes,Yes,59,Yes,Offer D,No,0
7605-BDWDC,31,Yes,No,No,10,Yes,None,No,0
7605-SNLQG,45,Yes,Yes,No,22,Yes,Offer B,Yes,6
7606-BPHHN,72,No,Yes,No,0,No,Offer A,No,0
7607-QKKTJ,45,Yes,Yes,Yes,69,No,None,Yes,6
7608-RGIRO,62,No,Yes,Yes,0,No,Offer B,No,0
7609-NRNCA,17,No,Yes,No,0,No,None,No,0
7609-YBPXG,54,Yes,Yes,Yes,26,No,None,No,0
7610-TVOPG,15,No,Yes,Yes,0,No,None,No,0
7611-YKYTC,22,Yes,Yes,No,19,Yes,Offer D,Yes,1
7613-LLQFO,12,Yes,Yes,Yes,23,Yes,None,No,0
7614-QVWQL,49,Yes,No,No,5,No,None,Yes,2
7615-ESMYF,2,Yes,No,No,51,Yes,None,Yes,1
7617-EYGLW,1,No,Yes,No,0,No,Offer E,No,0
7619-ODSGN,24,Yes,Yes,Yes,18,Yes,Offer C,Yes,1
7619-PLRLP,53,Yes,Yes,Yes,4,Yes,Offer B,Yes,3
7621-VPNET,42,Yes,Yes,Yes,13,Yes,None,Yes,8
7622-FWGEW,56,Yes,Yes,No,30,Yes,None,Yes,8
7622-NXQZR,28,Yes,No,No,48,Yes,Offer C,No,0
7623-HKYRK,6,No,Yes,No,0,No,None,No,0
7623-TRNQN,1,Yes,Yes,No,17,Yes,None,No,0
7625-XCQRH,11,Yes,Yes,Yes,4,Yes,None,No,0
7627-JKIAZ,37,Yes,Yes,Yes,29,Yes,None,No,0
7629-WFGLW,56,Yes,Yes,Yes,27,Yes,Offer B,Yes,10
7629-WIXZF,7,Yes,Yes,No,17,Yes,None,No,0
7632-MNYOY,66,Yes,Yes,Yes,25,Yes,None,No,0
7632-YUTXB,25,No,Yes,No,0,No,Offer C,Yes,7
7633-MVPUY,57,Yes,Yes,No,22,Yes,Offer B,Yes,1
7634-HLQJR,47,No,Yes,No,0,No,None,Yes,1
7634-WSWDB,8,Yes,No,No,51,Yes,None,No,0
7636-OWBPG,12,Yes,No,No,4,Yes,None,No,0
7636-PEPNS,58,Yes,Yes,No,25,No,None,Yes,7
7636-XUHWW,2,No,Yes,No,0,No,Offer E,No,0
7638-QVMVY,7,Yes,Yes,No,2,Yes,None,No,0
7639-LIAYI,52,Yes,Yes,Yes,73,Yes,Offer B,No,0
7639-OPLNG,70,Yes,Yes,Yes,2,Yes,Offer A,Yes,8
7639-SUPCW,22,Yes,Yes,No,30,No,None,No,0
7641-EUYET,46,Yes,Yes,Yes,17,Yes,None,Yes,3
7641-TQFHN,39,Yes,Yes,Yes,85,Yes,Offer C,No,0
7643-RCHXS,63,No,Yes,No,0,No,Offer B,No,0
7644-OMVMY,0,No,Yes,No,0,No,None,Yes,5
7647-GYYKX,54,No,Yes,No,0,No,None,Yes,1
7649-PHJVR,11,No,Yes,No,0,No,Offer D,No,0
7649-SIJJF,71,Yes,Yes,Yes,20,Yes,Offer A,Yes,5
7654-YWJUF,43,Yes,Yes,No,21,Yes,None,Yes,6
7657-DYEPJ,38,Yes,Yes,No,30,Yes,Offer C,No,0
7658-UYUQS,21,Yes,Yes,No,9,Yes,None,No,0
7660-HDPJV,1,Yes,Yes,No,18,Yes,None,No,0
7661-CPURM,19,Yes,Yes,No,2,Yes,Offer D,No,0
7663-CUXZB,59,Yes,Yes,Yes,19,Yes,Offer B,Yes,9
7663-RGWBC,1,Yes,Yes,No,10,Yes,None,No,0
7663-YJHSN,72,Yes,Yes,Yes,8,No,Offer A,Yes,10
7663-ZTEGJ,29,Yes,Yes,Yes,23,No,None,No,0
7665-NKLAV,36,Yes,No,No,71,Yes,None,Yes,5
7665-TOALD,1,Yes,Yes,No,59,Yes,None,No,0
7665-VIGUD,10,No,Yes,No,0,No,None,No,0
7666-WKRON,39,Yes,Yes,No,27,Yes,None,No,0
7668-XCFYV,17,Yes,Yes,Yes,20,Yes,None,Yes,9
7669-LCRSD,12,Yes,Yes,No,29,Yes,Offer D,Yes,5
7670-ZBPOQ,58,Yes,Yes,Yes,8,No,Offer B,Yes,1
7672-VFMXZ,57,Yes,Yes,No,15,Yes,None,Yes,6
7673-BQGKU,69,No,Yes,No,0,No,None,Yes,6
7673-LPRNY,23,Yes,Yes,Yes,12,Yes,None,No,0
7674-YTAFD,33,Yes,Yes,No,13,Yes,Offer C,No,0
7675-OZCZG,3,Yes,Yes,No,6,No,None,No,0
7677-SJJJK,8,No,Yes,No,0,No,Offer E,Yes,5
7682-AZNDK,34,Yes,Yes,No,85,Yes,None,Yes,5
7683-CBDKJ,14,Yes,Yes,No,19,Yes,None,Yes,1
7684-XSZIY,72,No,Yes,Yes,0,No,Offer A,Yes,3
7688-AWMDX,71,Yes,Yes,No,59,Yes,None,Yes,5
7690-KPNCU,64,Yes,Yes,No,71,Yes,Offer B,Yes,5
7691-KGKGP,53,Yes,Yes,No,19,Yes,Offer B,Yes,9
7691-XVTZH,68,Yes,Yes,Yes,82,Yes,Offer A,Yes,5
7693-LCKZL,5,Yes,Yes,Yes,19,Yes,None,Yes,1
7693-QPEFS,52,Yes,Yes,Yes,11,Yes,Offer B,No,0
7694-VLBWQ,67,Yes,Yes,Yes,3,Yes,Offer A,Yes,4
7695-PKLCZ,68,No,Yes,No,0,No,None,No,0
7696-AMHOD,49,Yes,Yes,No,82,Yes,None,Yes,10
7696-CFTAT,37,No,Yes,No,0,No,None,No,0
7698-YFGEZ,1,No,Yes,No,0,No,Offer E,No,0
7703-ZEKEF,23,Yes,Yes,Yes,24,Yes,Offer D,No,0
7706-DZNKK,11,No,Yes,No,0,No,Offer D,No,0
7706-YLMQA,70,No,Yes,No,0,No,None,No,0
7707-PYBBH,40,Yes,Yes,No,21,Yes,None,No,0
7710-JSYOA,69,Yes,Yes,Yes,24,Yes,Offer A,No,0
7711-GQBZC,71,No,Yes,Yes,0,No,None,Yes,1
7711-YIJWC,61,Yes,Yes,No,48,Yes,Offer B,Yes,3
7714-YXSMB,26,Yes,Yes,Yes,3,Yes,Offer C,No,0
7716-YTYHG,48,Yes,Yes,Yes,30,Yes,Offer B,Yes,1
7717-BICXI,60,No,Yes,No,0,No,Offer B,Yes,4
7718-RXDGG,15,Yes,Yes,No,10,No,Offer D,Yes,9
7718-UPSKJ,69,Yes,Yes,No,5,Yes,Offer A,Yes,9
7721-DVEKZ,1,No,Yes,No,0,No,Offer E,No,0
7721-JXEAW,59,Yes,No,No,69,Yes,Offer B,Yes,1
7722-CVFXN,54,Yes,Yes,Yes,57,Yes,None,Yes,9
7722-VJRQD,72,Yes,No,No,15,Yes,None,Yes,8
7727-SHVZV,9,No,Yes,No,0,No,None,No,0
7729-JTEEC,2,Yes,Yes,No,19,Yes,None,Yes,2
7729-XBTWX,66,No,Yes,No,0,No,None,Yes,7
7730-CLDSV,72,Yes,Yes,Yes,10,Yes,Offer A,Yes,6
7730-IUTDZ,43,Yes,Yes,No,11,Yes,None,No,0
7733-UDMTP,57,Yes,No,No,26,Yes,Offer B,No,0
7734-DBOAI,1,Yes,No,No,12,No,None,Yes,1
7739-LAXOG,32,Yes,Yes,Yes,9,No,None,Yes,1
7740-BTPUX,55,Yes,Yes,Yes,21,Yes,Offer B,Yes,7
7740-KKCXF,51,Yes,No,No,6,Yes,None,Yes,9
7742-MYPGI,6,Yes,Yes,No,10,Yes,None,Yes,3
7743-EXURX,8,Yes,Yes,No,20,Yes,Offer E,Yes,1
7746-AWNQW,28,Yes,No,No,2,Yes,Offer C,No,0
7746-QYVCO,16,Yes,Yes,No,17,Yes,Offer D,Yes,1
7748-UMTRK,30,Yes,Yes,Yes,17,Yes,None,No,0
7750-EYXWZ,12,Yes,No,No,24,Yes,None,No,0
7752-XUSCI,60,Yes,Yes,Yes,71,Yes,None,No,0
7753-USQYQ,55,Yes,Yes,No,26,No,Offer B,No,0
7754-IXRMC,1,Yes,Yes,No,14,Yes,None,No,0
7758-UJWYS,34,Yes,No,No,29,Yes,None,Yes,10
7758-XKCBS,15,Yes,No,No,29,No,None,No,0
7760-OYPDY,2,Yes,Yes,No,19,No,None,No,0
7762-ONLJY,6,No,Yes,No,0,No,None,Yes,5
7762-URZQH,66,Yes,Yes,Yes,52,Yes,None,No,0
7764-BDPEE,3,No,Yes,No,0,No,None,No,0
7765-LWVVH,72,Yes,Yes,Yes,19,Yes,None,Yes,8
7766-CLTIC,10,Yes,Yes,No,29,Yes,None,No,0
7767-UXAGJ,1,Yes,Yes,Yes,9,Yes,None,No,0
7771-CFQRQ,47,Yes,Yes,No,57,No,None,No,0
7771-ZONAT,22,Yes,No,No,19,Yes,None,No,0
7774-OJSXI,31,Yes,Yes,Yes,30,Yes,None,No,0
7776-QGYJC,39,Yes,Yes,No,76,Yes,Offer C,Yes,7
7776-QWNFX,30,Yes,Yes,No,29,Yes,None,Yes,1
7777-UNYHB,12,No,Yes,No,0,No,None,Yes,3
7779-LGOVN,10,Yes,Yes,Yes,4,Yes,None,Yes,2
7779-ORAEL,45,Yes,Yes,Yes,22,Yes,None,Yes,4
7780-OTDSO,18,Yes,Yes,Yes,16,Yes,None,Yes,1
7781-EWARA,70,Yes,No,No,47,Yes,Offer A,Yes,1
7781-HVGMK,72,Yes,No,No,30,Yes,Offer A,Yes,5
7783-YKGDV,12,Yes,Yes,Yes,14,Yes,Offer D,No,0
7785-RDVIG,3,No,Yes,No,0,No,None,Yes,5
7786-WBJYI,4,Yes,Yes,Yes,26,Yes,None,No,0
7787-BNTZM,6,No,Yes,No,0,No,None,No,0
7789-CRUVC,61,Yes,Yes,Yes,29,Yes,None,Yes,1
7789-HKSBS,42,Yes,Yes,Yes,7,Yes,None,Yes,2
7794-JASDG,1,Yes,Yes,No,20,Yes,Offer E,No,0
7795-CFOCW,45,Yes,No,No,10,Yes,None,No,0
7797-EJMDP,8,Yes,Yes,No,14,Yes,Offer E,No,0
7798-JVXYM,14,Yes,Yes,No,29,Yes,Offer D,No,0
7799-DSEWS,18,Yes,Yes,No,48,Yes,Offer D,No,0
7799-LGRDP,43,No,Yes,Yes,0,No,None,No,0
7801-CEDNV,27,Yes,Yes,No,5,Yes,None,Yes,10
7801-KICAO,18,Yes,Yes,Yes,13,Yes,Offer D,No,0
7802-EFKNY,5,Yes,No,No,7,Yes,Offer E,Yes,1
7803-XOCCZ,52,Yes,Yes,No,26,Yes,Offer B,Yes,1
7808-DVWEP,3,No,Yes,No,0,No,None,Yes,3
7811-JIVPF,23,Yes,Yes,No,2,No,None,No,0
7812-FZHPE,17,No,Yes,Yes,0,No,Offer D,Yes,1
7813-TKCVO,20,No,Yes,No,0,No,None,Yes,1
7813-ZGGAW,31,Yes,Yes,Yes,10,Yes,Offer C,No,0
7814-LEEVE,1,No,Yes,No,0,No,None,Yes,7
7815-PDTHL,35,No,Yes,No,0,No,None,No,0
7816-VGHTO,6,Yes,No,No,10,No,Offer E,Yes,7
7817-BOQPW,2,Yes,Yes,Yes,28,Yes,None,No,0
7817-OMJNA,14,No,Yes,No,0,No,Offer D,No,0
7820-ZYGNY,63,Yes,Yes,Yes,28,No,None,No,0
7821-DPRQE,68,Yes,Yes,Yes,48,Yes,Offer A,Yes,2
7823-JSOAG,3,Yes,Yes,Yes,14,Yes,None,No,0
7824-PANSQ,58,Yes,Yes,Yes,8,Yes,None,No,0
7825-ECJRF,19,Yes,Yes,No,19,No,None,No,0
7825-GKXMW,1,Yes,Yes,No,18,No,Offer E,No,0
7826-VVKWT,24,Yes,Yes,No,23,Yes,None,Yes,9
7831-QGOXH,18,Yes,Yes,Yes,71,Yes,None,No,0
7833-PKIHD,51,Yes,Yes,No,3,Yes,None,Yes,1
7838-LAZFO,45,Yes,Yes,No,19,Yes,Offer B,Yes,6
7839-NUIAA,61,Yes,Yes,Yes,30,No,Offer B,Yes,1
7839-QRKXN,1,No,Yes,No,0,No,Offer E,No,0
7841-FCRQD,33,Yes,Yes,No,59,Yes,None,Yes,1
7841-TZDMQ,2,Yes,Yes,No,41,Yes,None,No,0
7845-URHJN,8,No,Yes,No,0,No,None,Yes,1
7850-THJMU,26,No,Yes,No,0,No,None,Yes,4
7850-VWJUU,23,Yes,Yes,No,22,Yes,None,No,0
7851-FLGGQ,1,Yes,No,No,19,Yes,Offer E,No,0
7851-WZEKY,2,Yes,Yes,Yes,25,Yes,Offer E,No,0
7852-LECYP,13,Yes,Yes,Yes,6,Yes,Offer D,Yes,8
7853-GVUDZ,1,No,Yes,No,0,No,Offer E,Yes,1
7853-OETYL,4,Yes,No,No,13,Yes,Offer E,Yes,2
7853-WNZSY,1,No,Yes,No,0,No,Offer E,No,0
7854-EDSSA,22,Yes,Yes,Yes,17,Yes,Offer D,No,0
7854-EKTJL,2,No,Yes,No,0,No,None,No,0
7854-FOKSF,1,Yes,No,No,29,Yes,Offer E,No,0
7855-DIWPO,21,Yes,Yes,No,11,Yes,Offer D,No,0
7856-GANIL,45,Yes,Yes,Yes,20,Yes,Offer B,Yes,1
7858-GTZSP,12,Yes,Yes,Yes,25,No,Offer D,No,0
7860-KSUGX,72,Yes,Yes,Yes,48,Yes,Offer A,Yes,1
7860-UXCRM,63,Yes,Yes,No,73,Yes,None,Yes,9
7861-UVUFT,15,Yes,Yes,No,28,Yes,None,Yes,1
7868-BGSZA,43,Yes,Yes,Yes,69,Yes,None,Yes,7
7868-TMWMZ,60,Yes,Yes,No,30,Yes,None,Yes,2
7869-ZYDST,31,Yes,Yes,Yes,21,Yes,None,No,0
7872-BAAZR,53,No,Yes,No,0,No,Offer B,Yes,10
7872-RDDLZ,67,Yes,Yes,Yes,28,Yes,None,No,0
7873-CVMAW,72,Yes,Yes,Yes,27,Yes,None,No,0
7874-ECPQJ,4,No,Yes,No,0,No,None,No,0
7876-AEHIG,51,Yes,No,No,10,Yes,None,No,0
7876-BEUTG,15,Yes,Yes,Yes,18,Yes,Offer D,No,0
7876-DNYAP,69,No,Yes,No,0,No,Offer A,Yes,7
7878-JGDKK,4,Yes,Yes,No,29,Yes,Offer E,No,0
7878-RTCZG,1,No,Yes,No,0,No,None,No,0
7879-CGSFV,55,Yes,Yes,No,51,Yes,Offer B,No,0
7880-XSOJX,4,Yes,No,No,23,Yes,None,No,0
7881-EVUAD,2,Yes,No,No,21,Yes,Offer E,No,0
7881-INRLC,45,Yes,Yes,Yes,3,Yes,Offer B,No,0
7883-ROJOC,19,Yes,Yes,No,22,Yes,Offer D,No,0
7890-VYYWG,3,Yes,No,No,20,Yes,Offer E,Yes,1
7892-POOKP,28,Yes,Yes,Yes,47,Yes,Offer C,No,0
7892-QVYKW,23,Yes,Yes,Yes,71,Yes,None,Yes,10
7893-IXHRQ,1,No,Yes,No,0,No,None,No,0
7895-VONWT,25,Yes,No,No,59,Yes,Offer C,No,0
7898-PDWQE,71,Yes,Yes,Yes,41,Yes,Offer A,Yes,2
7901-HXJVA,14,Yes,Yes,No,26,Yes,None,No,0
7901-IIDQV,24,Yes,Yes,Yes,85,Yes,None,No,0
7901-TBKJX,56,Yes,Yes,Yes,16,No,None,No,0
7903-CMPEY,1,Yes,Yes,Yes,21,Yes,None,Yes,1
7905-NJMXS,7,Yes,Yes,Yes,26,Yes,None,Yes,2
7905-TVXTA,5,Yes,Yes,No,22,Yes,Offer E,No,0
7908-QCBCA,1,Yes,Yes,No,12,No,Offer E,Yes,1
7909-FIOIY,19,Yes,No,No,85,Yes,Offer D,Yes,4
7912-SYRQT,7,Yes,Yes,Yes,23,Yes,Offer E,No,0
7916-VCCPB,16,Yes,Yes,No,20,Yes,Offer D,Yes,6
7919-ZODZZ,10,Yes,Yes,No,14,Yes,Offer D,Yes,1
7921-BEPCI,72,Yes,Yes,Yes,23,Yes,None,No,0
7921-LMDFQ,51,Yes,Yes,No,21,Yes,None,No,0
7923-IYJWY,67,Yes,Yes,Yes,29,No,None,No,0
7924-GJZFI,25,Yes,Yes,No,24,Yes,None,Yes,7
7925-PNRGI,45,Yes,Yes,Yes,11,Yes,Offer B,Yes,9
7926-IJOOU,1,No,Yes,No,0,No,Offer E,No,0
7927-AUXBZ,30,Yes,Yes,No,8,Yes,Offer C,No,0
7928-VJYAB,11,Yes,Yes,No,19,Yes,Offer D,Yes,9
7929-DMBCV,20,Yes,Yes,No,21,Yes,Offer D,Yes,6
7929-SKFGK,70,Yes,Yes,Yes,30,Yes,Offer A,Yes,10
7931-PXHFC,38,Yes,Yes,No,14,Yes,None,No,0
7932-WPTDS,1,Yes,No,No,19,Yes,None,Yes,1
7938-OUHIO,3,Yes,Yes,No,73,Yes,Offer E,No,0
7940-UQQUG,64,Yes,Yes,Yes,11,Yes,None,Yes,4
7941-RCJOW,65,No,Yes,No,0,No,Offer B,No,0
7943-RQCHR,9,Yes,Yes,Yes,26,No,Offer E,No,0
7945-HLKEA,60,Yes,Yes,Yes,27,No,None,No,0
7945-PRBVF,35,No,Yes,No,0,No,None,No,0
7950-XWOVN,11,Yes,No,No,22,No,Offer D,No,0
7951-QKZPL,33,No,Yes,Yes,0,No,None,Yes,1
7951-VRDVK,36,Yes,Yes,No,73,No,None,No,0
7952-OBOYL,3,Yes,Yes,No,59,Yes,None,No,0
7954-MLBUN,31,Yes,Yes,No,14,Yes,None,No,0
7956-XQWGU,27,No,Yes,No,0,No,None,No,0
7957-RYHQD,40,Yes,Yes,No,4,Yes,Offer B,No,0
7963-GQRMY,3,Yes,Yes,No,51,Yes,Offer E,Yes,1
7963-SHNDT,52,Yes,No,No,7,No,None,No,0
7964-VEXDG,21,Yes,Yes,Yes,24,Yes,Offer D,No,0
7964-YESJC,24,Yes,Yes,Yes,27,Yes,None,Yes,6
7964-ZRKKG,67,Yes,Yes,Yes,23,Yes,None,Yes,1
7966-YOTQW,10,Yes,Yes,Yes,59,Yes,None,No,0
7967-HYCDE,8,Yes,Yes,No,59,Yes,Offer E,No,0
7968-QUXNS,6,No,Yes,No,0,No,None,No,0
7969-AULMZ,21,Yes,Yes,Yes,10,Yes,None,No,0
7969-FFOWG,65,No,Yes,No,0,No,Offer B,Yes,2
7971-HLVXI,72,Yes,Yes,Yes,20,Yes,Offer A,Yes,4
7973-DZRKH,66,Yes,Yes,Yes,51,Yes,Offer A,No,0
7975-JMZNT,66,Yes,Yes,Yes,58,Yes,Offer A,Yes,1
7975-TZMLR,47,Yes,Yes,Yes,8,Yes,None,No,0
7976-CICYS,4,No,Yes,No,0,No,None,No,0
7977-HXJKU,21,No,Yes,No,0,No,Offer D,No,0
7978-DKUQH,25,Yes,Yes,No,82,Yes,None,Yes,7
7979-CORPM,24,Yes,Yes,Yes,5,Yes,None,No,0
7980-MHFLQ,72,No,Yes,Yes,0,No,Offer A,Yes,5
7982-VCELR,36,Yes,Yes,No,71,Yes,None,No,0
7989-AWGEH,49,Yes,No,No,47,Yes,Offer B,Yes,8
7989-CHGTL,1,No,Yes,No,0,No,Offer E,No,0
7989-VCQOH,18,Yes,Yes,No,59,Yes,None,Yes,3
7993-NQLJE,15,Yes,Yes,No,17,Yes,None,Yes,7
7993-PYKOF,8,Yes,Yes,No,42,Yes,None,Yes,1
7994-UYIVZ,8,Yes,Yes,Yes,16,No,Offer E,Yes,1
7994-XIRTR,54,Yes,Yes,No,6,Yes,Offer B,No,0
7995-ZHHNZ,42,Yes,Yes,Yes,25,Yes,Offer B,Yes,1
7996-BPXHY,13,No,Yes,Yes,0,No,None,Yes,5
7996-MHXLW,66,No,Yes,Yes,0,No,Offer A,No,0
7997-EASSD,63,Yes,Yes,Yes,27,Yes,Offer B,Yes,1
7998-WNZEM,71,Yes,Yes,Yes,21,Yes,None,No,0
7998-ZLXWN,15,No,Yes,No,0,No,None,Yes,3
8000-REIQB,1,Yes,Yes,No,27,No,Offer E,No,0
8003-EWNDZ,10,No,Yes,No,0,No,None,No,0
8006-PYCSW,2,No,Yes,No,0,No,None,No,0
8007-YYPWD,15,No,Yes,Yes,0,No,None,No,0
8008-ESFLK,53,Yes,Yes,No,25,Yes,None,Yes,1
8008-HAWED,14,Yes,No,No,6,No,Offer D,No,0
8008-OTEZX,35,No,Yes,No,0,No,Offer C,Yes,1
8010-EZLOU,15,Yes,Yes,Yes,5,Yes,None,No,0
8012-SOUDQ,43,Yes,Yes,Yes,26,Yes,Offer B,No,0
8015-IHCGW,72,Yes,Yes,Yes,10,Yes,Offer A,Yes,1
8016-NCFVO,55,Yes,Yes,Yes,10,Yes,None,No,0
8016-ZMGMO,66,Yes,Yes,Yes,17,Yes,None,No,0
8017-LXHFA,23,Yes,Yes,No,23,Yes,Offer D,No,0
8017-UVSZU,40,Yes,Yes,Yes,23,Yes,None,Yes,5
8019-ENHXU,42,Yes,Yes,Yes,9,No,Offer B,Yes,1
8020-BWHYL,15,Yes,Yes,No,27,Yes,None,No,0
8022-BECSI,22,No,Yes,No,0,No,None,No,0
8023-QHAIO,56,Yes,Yes,Yes,29,No,Offer B,Yes,7
8024-XNAFQ,72,Yes,Yes,Yes,18,Yes,None,No,0
8028-PNXHQ,62,No,Yes,Yes,0,No,Offer B,Yes,4
8029-XYPWT,71,Yes,Yes,Yes,18,Yes,Offer A,Yes,1
8033-ATFAS,39,Yes,Yes,No,23,Yes,Offer C,Yes,4
8033-VCZGH,50,Yes,Yes,Yes,51,Yes,None,No,0
8034-RYTVV,55,Yes,Yes,Yes,48,Yes,None,No,0
8035-BUYVG,40,Yes,No,No,21,Yes,Offer B,Yes,1
8035-PWSEV,6,Yes,Yes,No,10,Yes,Offer E,No,0
8039-ACLPL,72,Yes,Yes,No,59,Yes,Offer A,Yes,6
8039-EQPIM,69,Yes,No,No,59,No,None,Yes,7
8040-MNRTF,1,Yes,Yes,No,10,Yes,None,No,0
8041-TMEID,63,Yes,Yes,Yes,18,Yes,None,Yes,1
8042-JVNFH,1,Yes,Yes,No,51,Yes,None,No,0
8042-RNLKO,66,No,Yes,Yes,0,No,Offer A,No,0
8043-PNYSD,63,No,Yes,No,0,No,Offer B,Yes,4
8044-BGWPI,12,No,Yes,No,0,No,Offer D,Yes,8
8046-DNVTL,62,Yes,No,No,29,Yes,Offer B,Yes,8
8048-DSDFQ,1,No,Yes,No,0,No,None,No,0
8049-WJCLQ,10,Yes,Yes,No,12,Yes,Offer D,Yes,5
8050-DVOJX,49,Yes,Yes,Yes,10,Yes,Offer B,No,0
8050-WYBND,22,Yes,No,No,29,Yes,None,No,0
8050-XGRVL,62,Yes,Yes,No,71,Yes,Offer B,Yes,5
8051-HJRLT,1,Yes,Yes,No,13,Yes,Offer E,No,0
8053-WWDRO,6,No,Yes,No,0,No,None,Yes,1
8058-DMYRU,54,Yes,Yes,Yes,14,Yes,None,No,0
8058-INTPH,1,Yes,Yes,No,5,Yes,None,No,0
8058-JMEQO,9,Yes,Yes,Yes,21,Yes,Offer E,No,0
8059-UDZFY,33,Yes,Yes,Yes,19,Yes,Offer C,No,0
8060-HIWJJ,64,Yes,Yes,Yes,7,Yes,Offer B,No,0
8062-YBDOE,1,Yes,Yes,No,2,Yes,None,No,0
8063-GBATB,27,Yes,Yes,Yes,25,Yes,None,No,0
8063-RJYNF,16,Yes,Yes,No,59,No,None,No,0
8064-RAVOH,1,Yes,Yes,No,25,Yes,Offer E,No,0
8065-BVEPF,65,Yes,Yes,No,3,Yes,Offer B,No,0
8065-QBYTO,71,Yes,Yes,Yes,12,Yes,Offer A,No,0
8065-YKXKD,10,Yes,Yes,Yes,26,Yes,None,No,0
8066-POXGX,13,Yes,No,No,53,Yes,Offer D,No,0
8067-NIOYM,24,No,Yes,No,0,No,Offer C,Yes,9
8069-RHUXK,67,Yes,No,No,30,Yes,None,Yes,5
8069-YQQAJ,14,Yes,No,No,12,Yes,Offer D,No,0
8070-AAWZP,24,Yes,No,No,28,Yes,None,Yes,3
8071-SBTRN,70,Yes,Yes,Yes,17,Yes,None,No,0
8073-IJDCM,1,No,Yes,No,0,No,Offer E,No,0
8075-GXIUB,9,No,Yes,No,0,No,None,Yes,3
8076-FEZKJ,10,No,Yes,No,0,No,None,No,0
8079-XRJRS,65,Yes,Yes,Yes,16,Yes,Offer B,Yes,5
8080-DDEMJ,1,Yes,Yes,No,14,Yes,Offer E,No,0
8080-POTJR,30,Yes,Yes,Yes,18,Yes,Offer C,No,0
8082-GHXOP,13,Yes,Yes,No,27,Yes,Offer D,No,0
8083-YTZES,4,Yes,Yes,Yes,13,Yes,None,No,0
8084-OIVBS,11,No,Yes,No,0,No,Offer D,No,0
8085-MSNLK,62,Yes,Yes,Yes,51,Yes,Offer B,Yes,3
8086-OVPWV,2,Yes,Yes,No,10,No,None,No,0
8087-LGYHQ,9,Yes,Yes,No,14,Yes,Offer E,No,0
8089-UZWLX,71,Yes,Yes,Yes,16,Yes,Offer A,No,0
8091-TTVAX,58,Yes,Yes,Yes,10,Yes,Offer B,Yes,7
8092-NLTGF,72,No,Yes,Yes,0,No,Offer A,No,0
8095-WANWK,10,Yes,Yes,No,29,No,Offer D,No,0
8096-LOIST,19,Yes,Yes,No,22,Yes,Offer D,No,0
8097-OMULG,59,Yes,Yes,No,19,Yes,None,Yes,1
8097-VBQTZ,54,Yes,Yes,No,24,Yes,Offer B,No,0
8098-LLAZX,4,Yes,Yes,Yes,2,Yes,Offer E,No,0
8098-TDCBU,42,No,Yes,Yes,0,No,None,Yes,9
8099-MZPUJ,48,Yes,Yes,Yes,18,Yes,None,Yes,10
8100-HZZLJ,43,Yes,Yes,No,30,Yes,None,No,0
8100-PNJMH,68,Yes,Yes,Yes,14,Yes,None,Yes,2
8104-OSKWT,12,Yes,Yes,Yes,14,Yes,Offer D,No,0
8106-GWQOK,38,Yes,No,No,25,Yes,None,Yes,5
8107-KNCIM,14,Yes,Yes,Yes,4,Yes,None,Yes,8
8107-RZLNV,72,Yes,Yes,Yes,85,Yes,None,Yes,10
8108-UXRQN,11,Yes,No,No,41,Yes,None,Yes,1
8109-YUOHE,17,Yes,Yes,No,15,Yes,None,No,0
8111-BKVDS,10,Yes,No,No,24,Yes,Offer D,No,0
8111-RKSPX,4,Yes,Yes,Yes,71,Yes,Offer E,No,0
8111-SLLHI,39,Yes,Yes,Yes,26,Yes,None,Yes,1
8118-LSUEL,23,Yes,Yes,Yes,29,Yes,None,No,0
8118-TJAFG,9,Yes,Yes,No,16,Yes,None,Yes,1
8120-JDCAM,4,Yes,Yes,No,23,Yes,None,Yes,1
8123-QBNAZ,36,Yes,Yes,Yes,26,Yes,None,Yes,4
8124-NZVGJ,6,Yes,No,No,48,Yes,None,No,0
8125-QPFJD,72,Yes,Yes,Yes,19,Yes,None,Yes,7
8128-YVJRG,7,Yes,Yes,Yes,18,Yes,None,No,0
8129-GMVGI,56,No,Yes,No,0,No,None,Yes,10
8132-YPVBX,6,Yes,Yes,No,51,Yes,None,No,0
8133-ANHHJ,49,Yes,Yes,Yes,21,Yes,Offer B,No,0
8138-EALND,15,No,Yes,No,0,No,None,No,0
8143-ETQTI,23,No,Yes,No,0,No,Offer D,Yes,9
8144-DGHXP,54,Yes,Yes,No,28,No,None,No,0
8146-QQKZH,71,Yes,Yes,No,58,Yes,Offer A,Yes,4
8148-BPLZQ,34,Yes,Yes,No,27,No,None,No,0
8148-NLEGT,42,No,Yes,Yes,0,No,None,Yes,1
8148-WOCMK,8,No,Yes,No,0,No,Offer E,Yes,1
8149-AIQCG,39,Yes,Yes,Yes,24,Yes,Offer C,No,0
8149-RSOUN,1,Yes,Yes,Yes,12,Yes,Offer E,No,0
8150-QUDFX,2,No,Yes,No,0,No,Offer E,No,0
8152-UOBNY,50,Yes,Yes,Yes,14,Yes,Offer B,No,0
8152-VETUR,72,Yes,Yes,Yes,58,Yes,Offer A,Yes,7
8155-IBNHG,24,Yes,Yes,Yes,29,Yes,None,Yes,1
8158-WPEZG,11,Yes,No,No,73,Yes,None,No,0
8160-HOWOX,7,Yes,Yes,No,85,Yes,None,No,0
8161-QYMTT,7,Yes,Yes,Yes,6,Yes,None,No,0
8164-OCKUJ,59,No,Yes,No,0,No,Offer B,Yes,1
8165-CBKXO,66,Yes,No,No,25,Yes,None,Yes,4
8165-ZJRNM,72,No,Yes,Yes,0,No,Offer A,Yes,7
8166-ORCHU,33,Yes,Yes,No,18,Yes,None,Yes,10
8166-ZZTFS,66,Yes,Yes,Yes,3,Yes,None,Yes,1
8167-GJLRN,3,Yes,No,No,59,Yes,None,No,0
8168-UQWWF,11,Yes,Yes,Yes,18,Yes,None,No,0
8169-SAEJD,69,Yes,No,No,12,No,Offer A,Yes,10
8173-RXAYP,24,No,Yes,No,0,No,None,Yes,8
8174-LNWMW,31,No,Yes,No,0,No,None,No,0
8174-TBVCF,70,Yes,Yes,Yes,59,Yes,Offer A,Yes,7
8178-EYZUO,46,Yes,Yes,Yes,3,Yes,None,No,0
8180-AKMJV,1,Yes,Yes,No,82,Yes,Offer E,No,0
8181-YHCMF,68,Yes,No,No,15,Yes,None,Yes,8
8182-BJDSI,28,Yes,Yes,Yes,30,Yes,Offer C,No,0
8182-PNAGI,12,Yes,Yes,No,26,No,None,No,0
8183-ONMXC,2,Yes,Yes,No,6,Yes,None,No,0
8184-WMOFI,62,Yes,Yes,No,25,Yes,None,No,0
8185-UPYBR,6,Yes,Yes,Yes,13,Yes,None,Yes,4
8189-DUKMV,4,No,Yes,No,0,No,None,Yes,8
8189-HBVRW,53,Yes,Yes,Yes,19,No,None,No,0
8189-XRIKE,32,Yes,Yes,No,4,Yes,Offer C,No,0
8190-ZTQFB,41,Yes,No,No,8,No,None,No,0
8191-XWSZG,52,No,Yes,No,0,No,Offer B,No,0
8194-PEEBY,24,No,Yes,No,0,No,Offer C,Yes,1
8197-BFWVU,72,Yes,Yes,Yes,7,Yes,Offer A,Yes,2
8198-RKSZG,14,Yes,Yes,Yes,21,Yes,Offer D,Yes,8
8199-ZLLSA,67,Yes,Yes,Yes,27,Yes,None,No,0
8200-KLNYW,21,Yes,Yes,No,19,No,None,Yes,7
8200-LGKSR,71,Yes,Yes,Yes,12,Yes,None,Yes,6
8201-AAXCB,25,Yes,Yes,Yes,76,No,None,Yes,1
8203-XJZRC,1,No,Yes,No,0,No,Offer E,No,0
8204-TIFGJ,23,No,Yes,No,0,No,None,No,0
8204-YJCLA,72,Yes,No,No,24,Yes,Offer A,Yes,1
8205-MQUGY,12,Yes,Yes,No,57,No,Offer D,Yes,8
8205-OTCHB,22,Yes,No,No,16,Yes,Offer D,No,0
8205-VSLRB,70,Yes,Yes,Yes,41,Yes,None,Yes,2
8207-DMRVL,72,Yes,Yes,Yes,58,No,None,Yes,1
8207-VVMYB,70,No,Yes,Yes,0,No,None,Yes,1
8208-EUMTE,16,Yes,No,No,27,Yes,None,No,0
8212-CRQXP,22,Yes,Yes,No,41,No,None,Yes,1
8212-DJRCH,5,Yes,Yes,No,19,Yes,None,Yes,1
8213-TAZPM,69,Yes,Yes,Yes,26,No,Offer A,Yes,5
8215-NGSPE,42,No,Yes,No,0,No,Offer B,Yes,3
8216-AZUUZ,42,Yes,Yes,No,26,Yes,None,Yes,1
8217-QYOHV,5,Yes,Yes,No,41,Yes,Offer E,No,0
8218-FFJDS,72,Yes,Yes,Yes,41,Yes,None,Yes,6
8219-VYBVI,39,No,Yes,Yes,0,No,None,No,0
8220-OCUFY,21,Yes,Yes,No,51,Yes,None,No,0
8221-EQDGL,35,Yes,Yes,No,30,Yes,None,Yes,4
8221-HVAYI,35,Yes,Yes,Yes,20,Yes,Offer C,No,0
8224-DWCKX,12,Yes,Yes,Yes,24,Yes,None,No,0
8224-IVVPA,27,Yes,Yes,No,9,Yes,None,No,0
8224-KDLKN,72,No,Yes,Yes,0,No,Offer A,Yes,3
8224-UAXBZ,58,Yes,No,No,29,Yes,None,Yes,7
8225-BTJAU,10,Yes,Yes,No,18,Yes,Offer D,No,0
8226-BXGES,64,Yes,Yes,Yes,48,Yes,Offer B,Yes,5
8229-BUJHX,71,No,Yes,No,0,No,None,Yes,8
8229-MYEJZ,10,Yes,Yes,No,17,Yes,Offer D,No,0
8229-TNIQA,4,Yes,Yes,No,20,Yes,Offer E,No,0
8231-BSWXX,71,Yes,Yes,Yes,10,Yes,Offer A,No,0
8232-CTLKO,66,Yes,Yes,No,16,Yes,Offer A,Yes,9
8232-UTFOZ,69,No,Yes,No,0,No,None,No,0
8234-GSZYK,43,No,Yes,Yes,0,No,None,No,0
8237-ULIXL,72,No,Yes,Yes,0,No,Offer A,Yes,1
8241-JUIQO,61,No,Yes,No,0,No,Offer B,No,0
8242-JSVBO,7,Yes,Yes,No,46,Yes,None,No,0
8242-PDSGJ,70,Yes,No,No,18,Yes,None,Yes,1
8242-SOQUO,5,Yes,Yes,No,4,Yes,Offer E,No,0
8245-UMPYT,16,Yes,Yes,Yes,14,Yes,None,No,0
8246-SHFGA,17,No,Yes,No,0,No,None,No,0
8249-THVEC,51,No,Yes,No,0,No,None,Yes,3
8250-ZNGGW,5,Yes,Yes,No,27,No,None,No,0
8257-RZAHR,14,Yes,Yes,Yes,30,Yes,Offer D,Yes,1
8258-GSTJK,3,Yes,Yes,Yes,20,Yes,None,No,0
8259-DZLIZ,64,Yes,Yes,Yes,25,Yes,Offer B,Yes,10
8259-NFJTV,7,Yes,No,No,17,Yes,None,Yes,8
8260-NGFNY,1,Yes,No,No,73,Yes,None,No,0
8261-GWDBQ,60,Yes,Yes,Yes,11,Yes,None,Yes,1
8262-COGGB,1,No,Yes,No,0,No,None,No,0
8263-JQAIK,2,Yes,No,No,6,Yes,None,No,0
8263-OKETD,20,Yes,Yes,Yes,11,Yes,None,No,0
8263-QMNTJ,72,Yes,Yes,Yes,21,Yes,Offer A,Yes,2
8265-HKSOW,72,Yes,Yes,Yes,19,Yes,None,Yes,1
8266-VBFQL,4,Yes,Yes,No,4,Yes,None,No,0
8267-KFGYD,1,No,Yes,No,0,No,None,No,0
8267-ZNYVZ,33,Yes,Yes,No,24,No,None,Yes,1
8268-YDIXR,56,Yes,Yes,Yes,9,Yes,Offer B,Yes,1
8270-RKSAP,9,Yes,Yes,No,52,Yes,Offer E,No,0
8272-ONJLV,12,Yes,Yes,No,23,Yes,Offer D,No,0
8276-MQBYC,51,Yes,Yes,Yes,11,Yes,Offer B,No,0
8277-RVRSV,33,No,Yes,Yes,0,No,Offer C,Yes,3
8280-MQRQN,1,Yes,Yes,No,17,Yes,Offer E,No,0
8285-ABVLB,70,No,Yes,No,0,No,None,No,0
8286-AFUYI,1,Yes,Yes,No,25,Yes,Offer E,No,0
8290-YWKHZ,32,Yes,Yes,Yes,6,Yes,None,Yes,1
8292-FRFZQ,39,Yes,No,No,73,Yes,Offer C,No,0
8292-ITGYJ,45,No,Yes,Yes,0,No,Offer B,Yes,7
8292-TYSPY,19,Yes,Yes,No,23,No,Offer D,No,0
8294-UIMBA,30,Yes,Yes,No,27,Yes,None,No,0
8295-FHIVV,7,No,Yes,No,0,No,None,No,0
8295-KMENE,59,Yes,Yes,Yes,15,Yes,None,No,0
8305-VHZBZ,1,No,Yes,No,0,No,None,No,0
8309-IEYJD,1,Yes,Yes,No,27,No,Offer E,No,0
8309-PPCED,72,Yes,Yes,Yes,18,Yes,None,Yes,1
8311-UEUAB,67,Yes,Yes,Yes,82,Yes,Offer A,Yes,5
8313-AFGBW,47,Yes,Yes,No,28,Yes,Offer B,Yes,10
8313-KTIHG,4,Yes,Yes,No,2,No,None,No,0
8313-NDOIA,24,Yes,Yes,Yes,4,No,None,No,0
8314-DPQHL,9,Yes,No,No,14,Yes,None,No,0
8314-HTWVE,7,No,Yes,No,0,No,Offer E,Yes,2
8316-BBQAY,65,Yes,No,No,22,Yes,None,No,0
8317-BVKSO,14,No,Yes,No,0,No,None,No,0
8318-LCNBW,35,Yes,No,No,30,Yes,None,Yes,5
8319-QBEHW,26,Yes,No,No,58,Yes,None,No,0
8325-QRPZR,7,Yes,Yes,No,10,No,None,No,0
8327-LZKAS,43,Yes,Yes,Yes,18,No,None,Yes,1
8327-WKMIE,37,No,Yes,No,0,No,None,No,0
8328-SKJNO,23,Yes,No,No,19,Yes,None,No,0
8329-GWVPJ,50,Yes,Yes,No,23,Yes,Offer B,Yes,8
8329-IBCTI,1,No,Yes,No,0,No,Offer E,No,0
8329-UTMVM,27,Yes,Yes,Yes,19,Yes,Offer C,No,0
8331-ZXFOE,58,Yes,Yes,Yes,7,Yes,None,No,0
8332-OSJDW,12,No,Yes,Yes,0,No,None,Yes,5
8336-TAVKX,72,Yes,Yes,Yes,13,Yes,None,Yes,10
8337-MSSXB,14,Yes,Yes,No,26,No,None,No,0
8337-UPOAQ,10,Yes,Yes,Yes,24,Yes,None,No,0
8338-QIUNR,72,Yes,Yes,Yes,41,Yes,None,Yes,8
8344-WFMFH,9,Yes,Yes,No,29,Yes,Offer E,No,0
8345-MVDYC,45,Yes,Yes,No,30,Yes,Offer B,No,0
8347-GDTMP,64,No,Yes,No,0,No,None,Yes,4
8348-HFYIV,2,Yes,No,No,51,Yes,Offer E,No,0
8348-JLBUG,64,Yes,Yes,No,16,Yes,None,Yes,5
8350-NYMVI,39,Yes,No,No,8,Yes,None,No,0
8356-WUAOJ,1,Yes,Yes,No,52,No,Offer E,Yes,7
8357-EQXFO,7,Yes,Yes,No,15,Yes,Offer E,No,0
8361-LBRDI,58,No,Yes,Yes,0,No,Offer B,No,0
8361-LTMKD,4,Yes,Yes,Yes,8,No,None,No,0
8364-TRMMK,3,Yes,Yes,Yes,3,Yes,Offer E,No,0
8372-JUXUI,1,Yes,Yes,Yes,2,Yes,None,No,0
8374-UULRV,72,Yes,Yes,Yes,71,No,None,No,0
8374-XGEJJ,43,Yes,Yes,Yes,20,No,Offer B,Yes,8
8375-DKEBR,1,Yes,Yes,No,15,Yes,Offer E,No,0
8375-KVTHK,68,Yes,Yes,No,3,No,None,Yes,1
8378-LKJAF,38,Yes,Yes,Yes,14,Yes,None,Yes,9
8380-MQINP,55,No,Yes,No,0,No,None,Yes,3
8380-PEFPE,1,Yes,Yes,No,16,Yes,None,No,0
8382-SHQEH,8,Yes,Yes,Yes,30,Yes,None,Yes,1
8383-SGHJU,33,Yes,Yes,Yes,7,Yes,None,No,0
8384-FZBJK,57,Yes,Yes,Yes,28,Yes,None,Yes,1
8387-MOJJT,42,Yes,Yes,No,18,Yes,None,Yes,1
8387-UGUSU,15,No,Yes,No,0,No,None,Yes,3
8388-DMKAE,8,No,Yes,No,0,No,Offer E,No,0
8388-FYNPZ,4,Yes,Yes,No,47,Yes,Offer E,No,0
8390-FESFV,62,Yes,Yes,Yes,22,Yes,None,No,0
8393-DLHGA,25,Yes,Yes,No,4,Yes,None,No,0
8393-JMVMB,1,No,Yes,No,0,No,Offer E,No,0
8395-ETZKQ,68,No,Yes,No,0,No,None,Yes,8
8397-MVTAZ,34,Yes,Yes,Yes,52,No,Offer C,Yes,2
8398-TBIYD,72,Yes,Yes,Yes,22,Yes,Offer A,No,0
8399-YNDCH,21,Yes,Yes,No,14,Yes,None,No,0
8400-WZICQ,55,Yes,Yes,No,14,Yes,Offer B,Yes,9
8401-EMUWF,42,Yes,Yes,Yes,17,Yes,Offer B,Yes,10
8402-EIVQS,67,Yes,Yes,No,23,Yes,Offer A,Yes,8
8402-OOOHJ,41,No,Yes,No,0,No,None,No,0
8404-FYDIB,26,Yes,Yes,Yes,48,Yes,Offer C,No,0
8404-GFGCZ,4,Yes,Yes,Yes,3,Yes,Offer E,Yes,7
8404-VIOMB,66,Yes,No,No,15,Yes,None,No,0
8404-VLQFB,15,No,Yes,Yes,0,No,None,Yes,1
8405-IGQFX,63,Yes,Yes,No,8,Yes,Offer B,No,0
8406-LNMHF,59,Yes,Yes,No,21,Yes,None,Yes,10
8409-WQJUX,25,Yes,No,No,29,Yes,Offer C,No,0
8410-BGQXN,4,No,Yes,No,0,No,None,No,0
8413-VONUO,2,Yes,Yes,No,27,Yes,None,No,0
8413-YNHNV,69,Yes,Yes,Yes,22,Yes,None,No,0
8414-MYSHR,5,Yes,Yes,No,11,Yes,None,No,0
8414-OOEEL,66,Yes,Yes,No,23,Yes,Offer A,No,0
8417-FMLZI,6,Yes,Yes,No,6,Yes,None,Yes,1
8417-GSODA,28,Yes,Yes,Yes,30,Yes,None,Yes,1
8421-WZOOW,57,Yes,Yes,No,15,Yes,None,Yes,8
8429-XIBUM,22,Yes,Yes,Yes,19,Yes,Offer D,No,0
8430-TWCBX,49,No,Yes,No,0,No,None,No,0
8433-WPJTV,65,Yes,Yes,Yes,27,Yes,Offer B,Yes,8
8433-WXGNA,2,Yes,Yes,No,2,Yes,None,No,0
8434-PNQZX,42,Yes,Yes,Yes,15,Yes,Offer B,No,0
8434-VGEQQ,61,No,Yes,No,0,No,Offer B,No,0
8436-BJUMM,26,Yes,Yes,Yes,26,Yes,Offer C,Yes,1
8439-LTUGF,10,No,Yes,No,0,No,Offer D,No,0
8441-SHIPE,67,No,Yes,Yes,0,No,None,No,0
8443-WVPSS,10,Yes,Yes,No,12,Yes,None,Yes,5
8443-ZRDBZ,4,Yes,Yes,Yes,29,Yes,None,No,0
8444-WRIDW,66,Yes,Yes,Yes,24,No,None,No,0
8445-DNBAE,1,Yes,Yes,Yes,69,Yes,Offer E,No,0
8450-JOVAH,2,Yes,Yes,Yes,53,Yes,None,Yes,1
8450-LUGUK,37,No,Yes,Yes,0,No,None,Yes,5
8450-UYIBU,35,Yes,No,No,26,Yes,None,No,0
8454-AATJP,72,Yes,Yes,Yes,15,Yes,Offer A,No,0
8455-HIRAQ,8,Yes,Yes,No,16,Yes,None,No,0
8456-QDAVC,19,Yes,Yes,No,13,Yes,None,No,0
8457-XIGKN,20,No,Yes,No,0,No,Offer D,No,0
8461-EFQYM,38,No,Yes,Yes,0,No,None,No,0
8464-EETCQ,57,No,Yes,No,0,No,None,No,0
8465-SBRXP,38,Yes,Yes,Yes,19,No,None,Yes,1
8466-PZBLH,67,Yes,Yes,Yes,57,Yes,None,Yes,10
8467-WYNSR,22,Yes,Yes,No,15,Yes,None,No,0
8468-EHYJA,57,Yes,Yes,Yes,16,Yes,Offer B,No,0
8468-FZTOE,72,Yes,Yes,No,53,No,Offer A,Yes,8
8469-SNFFH,70,Yes,Yes,Yes,21,Yes,None,No,0
8473-VUVJN,1,Yes,Yes,Yes,19,Yes,None,No,0
8474-UMLNT,13,Yes,Yes,No,30,Yes,Offer D,No,0
8480-PPONV,62,Yes,Yes,Yes,21,Yes,None,Yes,3
8481-YYXWG,5,Yes,Yes,No,69,Yes,Offer E,No,0
8485-GJCDN,5,Yes,Yes,No,11,Yes,None,No,0
8486-AYEQH,31,Yes,Yes,Yes,59,Yes,None,No,0
8490-BXHEO,18,Yes,Yes,Yes,14,Yes,None,No,0
8495-LJDFO,64,Yes,Yes,Yes,24,Yes,None,No,0
8495-PRWFH,42,Yes,Yes,Yes,30,Yes,None,No,0
8496-DMZUK,30,Yes,Yes,Yes,18,Yes,Offer C,No,0
8496-EJAUI,19,Yes,Yes,No,14,No,Offer D,No,0
8498-XXGWA,65,Yes,Yes,No,26,Yes,None,Yes,7
8499-BRXTD,18,No,Yes,No,0,No,Offer D,No,0
8510-AWCXC,13,Yes,Yes,Yes,28,Yes,Offer D,No,0
8510-BBWMU,41,No,Yes,No,0,No,None,No,0
8510-TMWYB,54,Yes,Yes,Yes,21,Yes,None,Yes,9
8512-WIWYV,32,No,Yes,No,0,No,None,No,0
8513-OLYGY,72,Yes,Yes,Yes,25,Yes,None,Yes,8
8514-VZHEB,59,No,Yes,No,0,No,Offer B,Yes,10
8515-OCTJS,25,No,Yes,Yes,0,No,Offer C,No,0
8519-IMDHU,15,Yes,Yes,Yes,22,Yes,None,Yes,1
8519-QJGJD,14,Yes,Yes,No,20,Yes,Offer D,No,0
8532-UEFWH,52,No,Yes,Yes,0,No,Offer B,Yes,6
8535-SFUTN,61,Yes,Yes,Yes,73,Yes,Offer B,No,0
8540-ZQGEA,54,No,Yes,No,0,No,Offer B,Yes,1
8541-QVFKM,8,Yes,Yes,Yes,41,Yes,None,No,0
8543-MSDMF,3,Yes,Yes,No,6,Yes,Offer E,No,0
8544-GOQSH,14,Yes,Yes,No,21,Yes,Offer D,No,0
8544-JNBOX,72,No,Yes,No,0,No,Offer A,No,0
8547-NSBBO,35,Yes,Yes,Yes,23,No,Offer C,No,0
8548-AWOFC,66,Yes,Yes,Yes,69,Yes,None,Yes,4
8550-XSXUQ,48,Yes,Yes,Yes,8,Yes,Offer B,Yes,7
8552-OBVRU,48,Yes,Yes,No,75,Yes,None,Yes,6
8559-CIZFV,21,Yes,Yes,Yes,14,No,Offer D,Yes,1
8559-WNQZS,1,No,Yes,No,0,No,Offer E,No,0
8561-NMTBD,67,Yes,Yes,Yes,52,Yes,None,Yes,3
8562-GHPPI,1,No,Yes,No,0,No,None,No,0
8563-IIOXK,7,Yes,Yes,No,85,Yes,Offer E,Yes,4
8563-OYMQY,17,Yes,Yes,No,21,Yes,Offer D,No,0
8564-LDKFL,40,Yes,Yes,Yes,28,Yes,Offer B,Yes,1
8565-CLBZW,24,Yes,Yes,Yes,58,Yes,None,No,0
8565-HBFNN,69,Yes,Yes,Yes,24,Yes,Offer A,Yes,8
8565-WUXZU,72,Yes,Yes,No,2,Yes,None,Yes,7
8566-YPRGL,1,No,Yes,No,0,No,Offer E,No,0
8570-KLJYJ,36,Yes,Yes,Yes,21,Yes,None,No,0
8571-ZCMCX,47,Yes,No,No,25,Yes,None,Yes,1
8573-CGOCC,16,No,Yes,No,0,No,None,No,0
8573-JGCZW,17,No,Yes,No,0,No,None,No,0
8577-QSOCG,38,No,Yes,No,0,No,None,Yes,9
8580-AECUZ,1,Yes,Yes,No,16,Yes,None,No,0
8580-QVLOC,72,Yes,Yes,Yes,6,Yes,None,No,0
8582-KRHPJ,50,Yes,No,No,20,Yes,Offer B,No,0
8584-KMVXD,8,Yes,Yes,No,17,No,Offer E,No,0
8587-XYZSF,67,Yes,Yes,No,8,Yes,Offer A,No,0
8590-OHDIW,38,No,Yes,No,0,No,Offer C,Yes,1
8590-YFFQO,70,Yes,Yes,No,41,Yes,Offer A,Yes,1
8591-NXRCV,41,Yes,Yes,Yes,12,No,Offer B,No,0
8591-TKMZH,59,Yes,Yes,Yes,57,Yes,Offer B,Yes,1
8592-PLTMQ,64,No,Yes,Yes,0,No,Offer B,No,0
8593-WHYHV,3,Yes,Yes,Yes,21,Yes,Offer E,No,0
8595-SIZNC,22,No,Yes,Yes,0,No,Offer D,Yes,5
8597-CTXVJ,70,Yes,Yes,Yes,19,Yes,None,No,0
8597-CWYHH,43,Yes,Yes,Yes,7,Yes,None,No,0
8601-QACRS,5,Yes,Yes,Yes,2,No,Offer E,No,0
8603-IJWDN,1,Yes,Yes,Yes,18,Yes,Offer E,No,0
8605-ITULD,1,No,Yes,No,0,No,None,No,0
8606-CIQUL,72,Yes,Yes,Yes,17,No,Offer A,Yes,1
8606-OEGQZ,18,No,Yes,Yes,0,No,Offer D,No,0
8608-OZTLB,38,Yes,Yes,No,76,Yes,None,Yes,4
8610-WFCJF,49,Yes,Yes,Yes,9,Yes,None,Yes,2
8610-ZIKJJ,2,No,Yes,No,0,No,None,Yes,2
8612-GXIDD,12,No,Yes,Yes,0,No,Offer D,Yes,8
8614-VGMMV,15,Yes,Yes,Yes,26,Yes,None,No,0
8617-ENBDS,3,Yes,Yes,No,71,No,None,No,0
8619-IJNDK,71,Yes,Yes,No,29,Yes,None,Yes,10
8620-RJPZN,1,No,Yes,No,0,No,None,No,0
8621-MNIHH,34,Yes,Yes,Yes,4,Yes,None,Yes,1
8622-ZLFKO,6,Yes,Yes,Yes,8,Yes,None,Yes,1
8623-TMRBY,51,Yes,Yes,Yes,22,Yes,Offer B,Yes,2
8623-ULFNQ,26,Yes,Yes,Yes,15,Yes,None,No,0
8624-GIOUT,49,Yes,Yes,Yes,30,Yes,Offer B,No,0
8625-AZYZY,24,Yes,Yes,Yes,15,Yes,Offer C,Yes,2
8626-PTQGE,69,Yes,No,No,18,Yes,None,No,0
8626-XHBIE,56,No,Yes,Yes,0,No,Offer B,No,0
8627-EHGIP,44,Yes,No,No,4,Yes,Offer B,No,0
8627-ZYGSZ,47,Yes,Yes,Yes,30,Yes,Offer B,Yes,8
8628-MFKAX,72,Yes,Yes,Yes,16,Yes,Offer A,Yes,6
8630-FJLIB,18,Yes,Yes,No,20,Yes,Offer D,No,0
8630-QSGXK,51,Yes,Yes,Yes,5,Yes,Offer B,Yes,10
8631-NBHFZ,66,Yes,Yes,Yes,15,No,None,Yes,1
8631-WUXGY,46,Yes,Yes,No,85,Yes,None,No,0
8631-XVRZL,9,No,Yes,No,0,No,Offer E,No,0
8634-CILSZ,69,Yes,Yes,Yes,3,Yes,Offer A,No,0
8634-MPHTR,47,Yes,Yes,Yes,19,Yes,None,Yes,1
8637-XJIVR,12,Yes,Yes,Yes,56,No,None,No,0
8639-NHQEI,72,Yes,Yes,Yes,59,Yes,None,Yes,9
8640-SDGKB,4,Yes,Yes,No,3,Yes,None,No,0
8642-GVWRF,2,Yes,Yes,No,26,Yes,None,Yes,1
8644-XLFBW,1,Yes,Yes,No,12,Yes,Offer E,No,0
8644-XYTSV,42,Yes,No,No,7,Yes,Offer B,Yes,1
8645-KOMJQ,69,Yes,Yes,Yes,48,Yes,Offer A,Yes,1
8645-KWHJO,14,Yes,No,No,4,Yes,Offer D,No,0
8646-JCOMS,66,Yes,Yes,Yes,20,Yes,Offer A,Yes,6
8647-SDTWQ,57,Yes,Yes,Yes,22,No,Offer B,Yes,4
8648-PFRMP,14,Yes,No,No,5,Yes,None,No,0
8650-RHRKE,4,Yes,No,No,48,Yes,Offer E,No,0
8651-ENBZX,60,Yes,Yes,Yes,17,No,None,No,0
8652-YHIYU,16,Yes,Yes,Yes,69,Yes,Offer D,No,0
8654-DHAOW,2,Yes,Yes,Yes,7,No,Offer E,No,0
8659-HDIYE,64,Yes,Yes,Yes,21,Yes,None,No,0
8659-IOOPU,71,Yes,Yes,Yes,59,Yes,Offer A,Yes,4
8660-BUETV,3,Yes,Yes,No,13,No,None,No,0
8661-BOYNW,72,Yes,Yes,Yes,28,Yes,Offer A,Yes,1
8663-UPDGF,26,Yes,Yes,Yes,10,Yes,Offer C,No,0
8665-UTDHZ,1,Yes,No,No,58,Yes,None,Yes,1
8668-KNZTI,52,Yes,Yes,No,3,Yes,None,No,0
8670-ERCJH,72,Yes,Yes,Yes,25,Yes,Offer A,No,0
8670-MEFCP,36,Yes,Yes,Yes,59,Yes,None,Yes,7
8671-KKKOS,46,Yes,No,No,30,Yes,Offer B,Yes,3
8672-OAUPW,51,Yes,Yes,No,20,Yes,None,No,0
8676-OOQEJ,4,Yes,No,No,22,Yes,None,No,0
8676-TRMJS,3,Yes,Yes,Yes,52,Yes,None,No,0
8677-HDZEE,56,Yes,Yes,Yes,3,Yes,Offer B,No,0
8679-JOEVF,16,Yes,Yes,No,16,Yes,None,No,0
8679-LZBMD,44,Yes,Yes,No,53,Yes,None,Yes,7
8680-CGLTP,29,Yes,Yes,No,9,No,Offer C,No,0
8681-ICONS,29,No,Yes,No,0,No,None,Yes,5
8685-WHQPW,22,Yes,Yes,Yes,23,No,None,No,0
8687-BAFGU,1,Yes,Yes,No,25,Yes,Offer E,No,0
8690-UPCZI,29,Yes,Yes,Yes,69,No,Offer C,Yes,5
8690-ZVLCL,68,Yes,Yes,Yes,22,No,None,Yes,10
8695-ARGXZ,34,Yes,Yes,Yes,16,Yes,None,Yes,1
8695-WDYEA,1,Yes,Yes,No,26,Yes,None,No,0
8696-JKZNU,37,Yes,Yes,Yes,17,Yes,Offer C,No,0
8699-ASUFO,7,Yes,Yes,Yes,17,Yes,None,Yes,1
8701-DGLVH,51,No,Yes,No,0,No,None,No,0
8705-DWKTI,52,Yes,Yes,No,23,No,None,No,0
8705-WZCYL,1,Yes,Yes,No,26,Yes,Offer E,No,0
8706-HRADD,21,Yes,No,No,26,Yes,Offer D,No,0
8707-HOEDG,70,Yes,Yes,Yes,85,No,None,Yes,4
8707-RMEZH,69,Yes,Yes,No,19,Yes,None,Yes,6
8708-XPXHZ,42,Yes,Yes,Yes,27,Yes,None,Yes,1
8709-KRDVL,33,Yes,Yes,Yes,30,Yes,None,No,0
8710-YGLWG,1,Yes,Yes,No,13,Yes,Offer E,No,0
8711-LOBKY,59,No,Yes,No,0,No,None,Yes,2
8713-IGZSO,2,No,Yes,Yes,0,No,Offer E,No,0
8714-CTZJW,4,Yes,Yes,No,73,Yes,Offer E,No,0
8714-EUHJO,31,Yes,Yes,Yes,13,No,None,Yes,1
8715-KKTFG,61,Yes,Yes,Yes,22,Yes,Offer B,Yes,6
8717-VCTXJ,42,No,Yes,No,0,No,None,No,0
8718-PTMEZ,13,Yes,No,No,16,Yes,None,No,0
8720-RQSBJ,1,Yes,Yes,No,4,Yes,Offer E,No,0
8722-NGNBH,5,Yes,No,No,59,Yes,None,No,0
8722-PRFDV,71,Yes,Yes,No,71,Yes,Offer A,Yes,10
8725-JEDFD,27,Yes,Yes,No,26,Yes,None,No,0
8727-JQFHV,57,No,Yes,No,0,No,None,Yes,8
8727-XDPUD,37,Yes,No,No,25,No,None,No,0
8728-SKJLR,41,Yes,Yes,No,6,Yes,Offer B,No,0
8731-WBBMB,26,Yes,Yes,No,48,Yes,None,Yes,7
8734-DKSTZ,10,Yes,Yes,Yes,76,Yes,Offer D,No,0
8734-FNWVH,31,Yes,Yes,Yes,59,Yes,None,Yes,6
8735-DCXNF,10,Yes,Yes,No,9,Yes,Offer D,Yes,9
8735-IJJEG,14,Yes,Yes,No,59,Yes,None,Yes,6
8735-NBLWT,9,No,Yes,No,0,No,Offer E,No,0
8735-SDUFN,72,No,Yes,Yes,0,No,Offer A,Yes,5
8738-JOKAR,42,Yes,Yes,No,20,Yes,None,No,0
8739-QOTTN,2,No,Yes,No,0,No,Offer E,Yes,3
8739-WWKDU,25,Yes,Yes,Yes,3,Yes,None,No,0
8739-XNIKG,5,Yes,Yes,Yes,85,Yes,None,No,0
8740-CRYFY,1,Yes,Yes,No,22,Yes,Offer E,No,0
8740-XLHDR,5,Yes,No,No,59,Yes,None,No,0
8741-LQOBK,46,Yes,No,No,52,Yes,None,Yes,9
8745-PVESG,57,Yes,No,No,24,Yes,None,No,0
8746-BFOAJ,21,No,Yes,No,0,No,None,No,0
8746-OQQRW,4,No,Yes,Yes,0,No,Offer E,No,0
8747-UDCOI,65,No,Yes,No,0,No,Offer B,Yes,7
8748-HFWBO,19,No,Yes,No,0,No,Offer D,Yes,2
8749-CLJXC,1,No,Yes,No,0,No,None,No,0
8749-JMNKX,51,Yes,Yes,Yes,30,Yes,Offer B,Yes,1
8749-TZYEC,72,No,Yes,Yes,0,No,None,Yes,1
8750-QWZAJ,70,No,Yes,No,0,No,Offer A,Yes,1
8751-EDEKA,28,Yes,Yes,No,19,Yes,None,Yes,7
8752-GHJFU,71,Yes,Yes,Yes,10,Yes,None,Yes,7
8752-IMQOS,5,No,Yes,No,0,No,None,Yes,1
8752-STIVR,4,Yes,Yes,No,27,Yes,None,No,0
8755-IWJHN,69,Yes,Yes,Yes,13,Yes,None,Yes,5
8755-OGKNA,57,No,Yes,No,0,No,Offer B,Yes,5
8756-RDDLT,68,Yes,No,No,13,Yes,None,No,0
8757-TFHHJ,1,Yes,Yes,No,13,Yes,None,No,0
8760-ZRHKE,71,Yes,Yes,Yes,15,Yes,None,Yes,7
8761-NSOBC,44,Yes,Yes,No,23,Yes,None,No,0
8763-KIAFH,27,No,Yes,No,0,No,None,Yes,10
8766-PAFNE,71,Yes,Yes,No,27,Yes,Offer A,Yes,6
8769-KKTPH,63,Yes,Yes,Yes,16,Yes,Offer B,Yes,2
8773-HHUOZ,17,Yes,Yes,No,41,Yes,None,No,0
8774-GSBUN,72,No,Yes,Yes,0,No,None,Yes,8
8775-CEBBJ,9,Yes,Yes,No,29,Yes,None,No,0
8775-ERLNB,1,Yes,Yes,Yes,20,Yes,None,Yes,7
8775-LHDJH,1,Yes,Yes,Yes,30,Yes,Offer E,Yes,1
8777-MBMTS,65,Yes,Yes,No,9,Yes,Offer B,Yes,10
8777-PVYGU,52,Yes,Yes,No,18,Yes,Offer B,No,0
8778-LMWTJ,9,Yes,Yes,No,73,Yes,None,No,0
8779-QRDMV,1,Yes,No,No,8,No,None,No,0
8779-YIQQA,21,No,Yes,No,0,No,None,Yes,10
8780-IHCRN,63,No,Yes,Yes,0,No,None,Yes,5
8780-IXSTS,6,Yes,Yes,Yes,3,Yes,None,No,0
8780-RSYYU,25,No,Yes,No,0,No,Offer C,No,0
8780-YRMTT,66,Yes,No,No,29,No,Offer A,No,0
8782-LKFPK,44,Yes,Yes,Yes,16,Yes,None,No,0
8782-NUUOL,60,Yes,Yes,No,3,Yes,None,No,0
8784-CGILN,18,Yes,Yes,Yes,3,Yes,None,No,0
8785-CJSHH,60,Yes,Yes,Yes,51,Yes,None,Yes,9
8785-EPNCG,11,No,Yes,Yes,0,No,None,No,0
8788-DOXSU,59,Yes,Yes,No,6,Yes,None,No,0
8791-GFXLZ,12,Yes,Yes,No,12,Yes,None,No,0
8792-AOROI,8,Yes,Yes,No,41,Yes,Offer E,Yes,1
8799-OXZMD,28,Yes,No,No,14,Yes,Offer C,No,0
8800-JOOCF,12,Yes,Yes,Yes,19,Yes,None,No,0
8800-ZKRFW,30,Yes,Yes,Yes,18,Yes,None,Yes,9
8802-UNOJF,12,Yes,Yes,No,7,No,Offer D,No,0
8805-JNRAZ,2,Yes,Yes,No,4,Yes,Offer E,No,0
8806-EAGWC,3,Yes,Yes,No,51,Yes,Offer E,No,0
8807-ARQET,41,Yes,No,No,21,Yes,Offer B,No,0
8807-OPMBM,55,No,Yes,Yes,0,No,Offer B,Yes,1
8808-ELEHO,8,Yes,Yes,Yes,26,Yes,None,No,0
8809-RIHDD,72,Yes,Yes,Yes,23,Yes,None,Yes,1
8809-XKHMD,72,Yes,Yes,Yes,15,Yes,Offer A,Yes,5
8812-ZRHFP,30,Yes,Yes,No,58,Yes,Offer C,No,0
8815-LMFLX,25,No,Yes,Yes,0,No,Offer C,Yes,8
8816-VXNZD,1,Yes,Yes,Yes,8,Yes,None,No,0
8818-DOPVL,46,Yes,Yes,Yes,30,Yes,Offer B,No,0
8818-XYFCQ,32,Yes,Yes,Yes,26,No,Offer C,Yes,1
8819-IMISP,31,Yes,Yes,Yes,23,Yes,None,No,0
8819-WFGGJ,68,Yes,No,No,16,Yes,Offer A,Yes,7
8819-ZBYNA,58,Yes,Yes,Yes,7,Yes,None,Yes,6
8821-KVZKQ,70,Yes,No,No,19,Yes,Offer A,Yes,1
8821-XNHVZ,1,Yes,Yes,No,7,Yes,None,Yes,1
8822-KNBHV,48,Yes,Yes,Yes,27,Yes,None,No,0
8823-RLPWL,72,Yes,Yes,Yes,73,Yes,Offer A,Yes,5
8824-RWFXJ,3,Yes,Yes,No,52,Yes,Offer E,Yes,1
8835-VSDSE,2,Yes,Yes,No,27,Yes,Offer E,Yes,1
8837-VVWLQ,8,Yes,Yes,No,6,Yes,None,No,0
8838-GPHZP,63,No,Yes,No,0,No,None,No,0
8840-DQLGN,35,Yes,Yes,Yes,22,Yes,None,Yes,1
8844-TONUD,13,Yes,Yes,No,11,Yes,Offer D,Yes,4
8845-LWKGE,30,Yes,Yes,No,18,Yes,Offer C,Yes,4
8847-GEOOQ,60,Yes,No,No,2,Yes,Offer B,Yes,10
8849-AYPTR,33,Yes,Yes,No,17,No,Offer C,Yes,1
8849-GYOKR,54,Yes,Yes,Yes,21,Yes,None,Yes,2
8849-PRIQJ,67,Yes,Yes,Yes,19,Yes,None,Yes,7
8851-RAGOV,25,Yes,Yes,No,73,Yes,None,Yes,10
8853-TZDGH,72,Yes,Yes,Yes,13,Yes,None,No,0
8854-CCVSQ,18,Yes,Yes,Yes,7,No,None,No,0
8857-CUPFQ,63,No,Yes,No,0,No,Offer B,Yes,9
8859-AXJZP,39,No,Yes,Yes,0,No,None,Yes,7
8859-DZTGQ,33,No,Yes,No,0,No,None,No,0
8859-YSTWS,48,No,Yes,No,0,No,Offer B,No,0
8861-HGGKB,10,Yes,Yes,Yes,20,Yes,None,No,0
8865-TNMNX,10,Yes,Yes,No,7,Yes,Offer D,Yes,6
8868-GAGIO,45,Yes,Yes,Yes,15,Yes,None,Yes,8
8868-WOZGU,28,Yes,Yes,Yes,13,No,Offer C,No,0
8869-LIHMK,64,Yes,Yes,Yes,4,Yes,None,No,0
8869-TORSS,48,Yes,Yes,No,13,Yes,None,No,0
8871-JLMHM,68,Yes,Yes,Yes,26,Yes,Offer A,Yes,3
8873-GLDMH,6,Yes,Yes,Yes,9,Yes,None,No,0
8873-TMKGR,29,No,Yes,No,0,No,Offer C,No,0
8874-EJNSR,39,No,Yes,Yes,0,No,None,Yes,8
8875-AKBYH,20,Yes,Yes,Yes,9,No,Offer D,No,0
8878-HMWBV,3,Yes,Yes,No,29,No,Offer E,No,0
8878-RYUKI,52,Yes,Yes,No,59,Yes,None,No,0
8879-XUAHX,71,Yes,Yes,Yes,9,Yes,None,Yes,4
8879-ZKJOF,41,Yes,Yes,No,5,Yes,None,No,0
8882-TLVRW,69,Yes,No,No,11,Yes,None,Yes,3
8883-ANODQ,68,Yes,Yes,Yes,30,Yes,None,Yes,3
8883-GRDWQ,20,Yes,Yes,No,21,Yes,None,No,0
8884-ADFVN,7,Yes,Yes,Yes,3,Yes,None,Yes,2
8884-FEEWR,35,No,Yes,No,0,No,Offer C,No,0
8884-MRNSU,17,No,Yes,No,0,No,Offer D,Yes,8
8885-QSQBX,1,Yes,Yes,No,15,Yes,None,No,0
8887-IPQNC,7,Yes,Yes,No,24,No,None,Yes,4
8894-JVDCV,62,Yes,Yes,Yes,13,Yes,Offer B,No,0
8896-BQTTI,1,No,Yes,Yes,0,No,Offer E,No,0
8896-RAZCR,44,No,Yes,No,0,No,Offer B,No,0
8898-KASCD,39,Yes,No,No,14,Yes,None,No,0
8901-HJXTF,12,Yes,No,No,27,Yes,None,Yes,1
8901-UPRHR,72,Yes,Yes,Yes,14,Yes,Offer A,Yes,4
8902-ZEOVF,47,No,Yes,No,0,No,Offer B,Yes,9
8903-WMRNW,15,Yes,Yes,No,13,Yes,None,Yes,8
8903-XEBGX,2,Yes,Yes,No,59,Yes,Offer E,No,0
8904-OPDCK,54,Yes,No,No,4,Yes,Offer B,Yes,4
8905-IAZPF,69,Yes,Yes,No,11,Yes,None,Yes,4
8908-NMQTX,72,Yes,No,No,9,Yes,None,No,0
8908-SLFCJ,21,No,Yes,No,0,No,Offer D,No,0
8909-BOLNL,3,No,Yes,No,0,No,None,No,0
8910-ICHIU,46,Yes,Yes,No,59,Yes,Offer B,No,0
8910-LEDAG,34,Yes,Yes,No,8,Yes,None,Yes,2
8914-RBTSB,31,Yes,Yes,Yes,17,No,None,Yes,1
8915-NNTRC,72,Yes,Yes,Yes,85,Yes,None,Yes,4
8917-FAEMR,37,No,Yes,No,0,No,None,No,0
8917-SZTTJ,60,No,Yes,No,0,No,None,Yes,7
8919-FYFQZ,44,Yes,No,No,28,Yes,None,Yes,2
8920-NAVAY,62,Yes,Yes,Yes,8,Yes,None,No,0
8922-LIEGH,25,Yes,Yes,Yes,6,Yes,None,No,0
8922-NPKBJ,42,No,Yes,No,0,No,None,Yes,10
8929-KSWIH,25,Yes,Yes,No,51,Yes,Offer C,No,0
8930-XOTDP,18,Yes,Yes,No,30,Yes,None,Yes,1
8931-GJJIQ,9,Yes,Yes,Yes,17,Yes,None,No,0
8932-CZHRQ,68,Yes,Yes,Yes,29,Yes,Offer A,No,0
8937-RDTHP,1,Yes,Yes,No,11,Yes,None,No,0
8938-UMKPI,47,Yes,Yes,Yes,25,No,Offer B,No,0
8942-DBMHZ,12,No,Yes,No,0,No,None,No,0
8943-URTMR,2,Yes,Yes,No,21,Yes,Offer E,No,0
8944-AILEF,15,No,Yes,No,0,No,Offer D,Yes,1
8945-GRKHX,1,Yes,Yes,No,10,Yes,Offer E,No,0
8945-MUQUF,51,Yes,Yes,Yes,58,Yes,Offer B,No,0
8946-BFWSG,63,No,Yes,Yes,0,No,Offer B,Yes,8
8947-YRTDV,32,Yes,Yes,No,76,No,None,Yes,1
8949-JTMAY,29,Yes,Yes,Yes,2,Yes,Offer C,No,0
8950-MTZNV,1,Yes,Yes,No,13,Yes,Offer E,No,0
8952-WCVCD,41,Yes,Yes,No,14,Yes,Offer B,Yes,2
8957-THMOA,50,No,Yes,No,0,No,None,No,0
8958-JPTRR,56,No,Yes,Yes,0,No,None,Yes,7
8961-QDZZJ,57,Yes,Yes,No,22,Yes,Offer B,Yes,3
8963-JLGJT,3,Yes,Yes,No,69,Yes,Offer E,No,0
8963-MQVYN,22,No,Yes,No,0,No,Offer D,No,0
8966-KZXXA,36,No,Yes,Yes,0,No,None,Yes,9
8966-OIQHG,22,No,Yes,No,0,No,None,Yes,8
8966-SNIZF,70,No,Yes,No,0,No,None,Yes,9
8967-SZQAS,14,Yes,Yes,No,48,No,Offer D,No,0
8969-PRHFK,18,No,Yes,No,0,No,Offer D,No,0
8970-ANWXO,23,Yes,Yes,Yes,3,Yes,Offer D,No,0
8972-HJWNV,7,Yes,Yes,Yes,12,Yes,Offer E,Yes,1
8974-OVACP,1,No,Yes,No,0,No,None,No,0
8975-SKGRX,71,Yes,Yes,Yes,27,No,None,Yes,1
8976-OQHGT,4,Yes,Yes,No,56,Yes,None,Yes,5
8979-CAMGB,64,Yes,Yes,Yes,26,Yes,None,No,0
8980-WQFWL,35,Yes,Yes,No,7,Yes,None,No,0
8981-FJGLA,11,Yes,Yes,Yes,23,Yes,Offer D,No,0
8982-NHAVY,27,Yes,Yes,Yes,73,No,Offer C,No,0
8984-EYLLL,64,Yes,Yes,Yes,30,Yes,None,Yes,5
8984-HPEMB,71,Yes,Yes,Yes,21,Yes,Offer A,No,0
8985-OOPOS,1,Yes,Yes,No,30,Yes,None,No,0
8988-ECPJR,34,Yes,Yes,Yes,15,Yes,Offer C,Yes,1
8990-YOZLV,69,Yes,Yes,Yes,7,Yes,Offer A,No,0
8990-ZXLSU,9,Yes,Yes,No,5,Yes,Offer E,No,0
8992-CEUEN,1,No,Yes,No,0,No,None,No,0
8992-JQYUN,1,Yes,No,No,20,Yes,Offer E,Yes,1
8992-OBVDG,21,Yes,Yes,No,52,Yes,Offer D,No,0
8992-VONJD,13,Yes,Yes,No,10,Yes,None,No,0
8993-IZEUX,7,Yes,Yes,No,7,Yes,None,No,0
8993-PHFWD,3,Yes,No,No,27,Yes,None,No,0
8996-ZROXE,57,Yes,Yes,No,24,Yes,Offer B,No,0
8999-BOHSE,11,Yes,Yes,No,27,Yes,None,No,0
8999-EXMNO,19,No,Yes,No,0,No,Offer D,Yes,1
8999-XXGNS,72,Yes,Yes,Yes,16,No,Offer A,Yes,7
8999-YPYBV,45,Yes,Yes,No,3,Yes,Offer B,Yes,3
9000-PLFUZ,60,Yes,No,No,22,No,None,Yes,3
9003-CPATH,42,Yes,Yes,Yes,14,Yes,None,No,0
9013-AQORL,48,Yes,No,No,48,Yes,Offer B,No,0
9018-PCIOK,55,Yes,Yes,No,20,Yes,Offer B,No,0
9019-QVLZD,1,Yes,Yes,No,15,No,None,No,0
9025-AOMKI,6,Yes,Yes,Yes,5,Yes,Offer E,No,0
9025-ZRPVR,9,No,Yes,No,0,No,Offer E,No,0
9026-LHEVG,9,Yes,No,No,21,No,Offer E,No,0
9026-RNUJS,5,Yes,Yes,No,28,Yes,None,No,0
9027-TMATR,43,Yes,Yes,No,27,Yes,None,Yes,1
9027-YFHQJ,7,No,Yes,Yes,0,No,Offer E,No,0
9028-LIHRP,71,Yes,Yes,No,27,Yes,None,Yes,1
9029-FEGVJ,32,Yes,Yes,Yes,11,Yes,Offer C,Yes,2
9030-QGZNL,8,No,Yes,No,0,No,None,No,0
9031-ZVQPT,72,Yes,Yes,Yes,71,Yes,None,Yes,10
9033-EOXWV,12,Yes,Yes,Yes,22,Yes,None,No,0
9036-CSKBW,51,Yes,Yes,Yes,6,Yes,None,No,0
9039-RBEEE,39,Yes,No,No,48,Yes,None,No,0
9039-ZVJDC,3,No,Yes,No,0,No,None,No,0
9040-KZVWO,26,Yes,Yes,No,29,Yes,Offer C,No,0
9046-DQMTP,35,No,Yes,No,0,No,None,No,0
9046-JBFWA,27,No,Yes,No,0,No,None,No,0
9048-JVYVF,3,Yes,Yes,No,6,Yes,None,No,0
9050-IKDZA,2,Yes,Yes,No,22,Yes,None,No,0
9050-QLROH,18,Yes,Yes,Yes,26,Yes,None,No,0
9052-DHNKM,26,Yes,Yes,Yes,73,Yes,None,No,0
9052-VKDUW,65,Yes,Yes,Yes,29,Yes,Offer B,Yes,8
9053-EJUNL,41,Yes,Yes,Yes,16,Yes,Offer B,No,0
9053-JZFKV,67,Yes,Yes,Yes,71,Yes,Offer A,No,0
9054-FOWNV,22,Yes,Yes,Yes,56,Yes,Offer D,Yes,1
9055-MOJJJ,64,Yes,Yes,No,17,No,Offer B,Yes,5
9057-MSWCO,27,Yes,No,No,13,No,None,No,0
9057-SIHCH,3,Yes,Yes,Yes,13,Yes,Offer E,No,0
9058-CBREO,1,Yes,Yes,Yes,2,Yes,None,No,0
9058-HRZSV,65,Yes,Yes,No,25,Yes,None,Yes,2
9058-MJLZC,24,Yes,Yes,No,3,Yes,None,No,0
9060-HJJRW,51,Yes,No,No,24,Yes,None,No,0
9061-TIHDA,13,Yes,Yes,Yes,6,Yes,None,Yes,1
9063-ZGTUY,61,No,Yes,No,0,No,None,Yes,3
9065-ZCPQX,72,Yes,Yes,Yes,85,Yes,Offer A,Yes,2
9066-QRSDU,69,No,Yes,Yes,0,No,Offer A,Yes,7
9067-SQTNS,44,No,Yes,No,0,No,None,Yes,1
9067-YGSCA,70,No,Yes,Yes,0,No,None,No,0
9068-FHQHD,40,No,Yes,No,0,No,None,Yes,1
9068-VPWQQ,61,Yes,Yes,Yes,52,Yes,None,Yes,10
9069-LGEUL,23,Yes,Yes,No,69,No,None,Yes,5
9070-BCKQP,72,Yes,Yes,Yes,85,Yes,Offer A,Yes,5
9073-ZZIAY,62,Yes,Yes,No,23,Yes,None,Yes,2
9074-KGVOX,50,Yes,No,No,23,Yes,None,Yes,10
9076-AXYIK,64,Yes,Yes,Yes,8,Yes,None,Yes,2
9079-LWTFD,47,Yes,Yes,Yes,25,Yes,None,No,0
9079-YEXQJ,54,Yes,Yes,Yes,16,No,None,No,0
9081-WWXKP,47,No,Yes,No,0,No,None,Yes,8
9084-OAYKL,58,No,Yes,No,0,No,Offer B,No,0
9086-YJYXS,34,Yes,Yes,Yes,52,Yes,Offer C,No,0
9087-EYCPR,60,No,Yes,Yes,0,No,Offer B,No,0
9089-UOWJG,12,Yes,Yes,No,52,Yes,None,Yes,2
9090-SGQXL,68,Yes,Yes,Yes,29,Yes,None,Yes,1
9091-WTUUY,64,Yes,Yes,No,51,Yes,None,Yes,4
9092-GDZKO,22,No,Yes,Yes,0,No,Offer D,No,0
9093-FPDLG,11,Yes,Yes,No,4,Yes,None,No,0
9094-AZPHK,15,Yes,Yes,Yes,28,No,Offer D,No,0
9095-HFAFX,5,Yes,Yes,No,23,No,Offer E,No,0
9097-ZUBYC,14,Yes,Yes,No,24,Yes,Offer D,Yes,4
9099-FTUHS,23,Yes,Yes,Yes,11,Yes,None,No,0
9101-BWFSS,50,Yes,Yes,Yes,14,Yes,Offer B,Yes,1
9101-NTIXF,2,No,Yes,No,0,No,Offer E,No,0
9102-IAYHT,17,Yes,Yes,Yes,26,Yes,None,Yes,1
9102-OXKFY,59,Yes,Yes,Yes,9,Yes,Offer B,No,0
9103-CXVOK,1,No,Yes,No,0,No,None,Yes,8
9103-TCIHJ,15,Yes,Yes,Yes,8,Yes,Offer D,No,0
9107-UKCKY,61,Yes,Yes,Yes,5,No,Offer B,Yes,7
9108-EJFJP,1,Yes,Yes,No,59,Yes,Offer E,Yes,6
9108-EQPNQ,10,No,Yes,Yes,0,No,Offer D,Yes,10
9110-HSGTV,69,Yes,Yes,No,22,Yes,Offer A,No,0
9112-WSNPU,35,Yes,Yes,No,30,Yes,None,No,0
9114-AAFQH,48,Yes,Yes,No,42,Yes,Offer B,Yes,6
9114-DPSIA,72,Yes,Yes,Yes,59,Yes,None,Yes,8
9114-VEPUF,62,Yes,Yes,Yes,41,Yes,Offer B,Yes,4
9115-YQHGA,40,Yes,Yes,No,73,Yes,Offer B,No,0
9117-SHLZX,1,Yes,Yes,No,17,Yes,None,No,0
9121-PHQSR,16,Yes,Yes,Yes,6,Yes,Offer D,Yes,6
9122-UMROB,1,No,Yes,No,0,No,None,No,0
9124-LHCJQ,1,Yes,Yes,Yes,27,Yes,None,No,0
9127-FHJBZ,72,Yes,Yes,Yes,76,Yes,None,Yes,1
9127-QRZMH,44,Yes,Yes,No,24,Yes,None,Yes,1
9128-CPXKI,59,Yes,Yes,No,30,Yes,None,No,0
9129-UXERG,18,Yes,Yes,Yes,3,No,None,No,0
9133-AYJZG,23,Yes,Yes,Yes,19,Yes,None,No,0
9134-CEQMF,7,Yes,Yes,No,27,Yes,Offer E,Yes,1
9134-WYRVP,51,Yes,Yes,No,13,Yes,Offer B,No,0
9135-HSWOC,64,No,Yes,No,0,No,Offer B,Yes,3
9135-MGVPY,69,Yes,Yes,No,7,Yes,None,Yes,10
9136-ALYBR,1,Yes,No,No,2,Yes,None,No,0
9137-NOQKA,2,No,Yes,No,0,No,None,No,0
9137-UIYPG,35,Yes,Yes,No,56,No,None,Yes,1
9138-EFSMO,26,Yes,Yes,No,75,Yes,None,Yes,3
9139-TWBAS,26,Yes,No,No,28,No,None,Yes,10
9139-WQQDY,49,Yes,Yes,Yes,19,Yes,None,Yes,1
9140-CZQZZ,68,Yes,Yes,No,14,Yes,Offer A,Yes,7
9142-KZXOP,44,Yes,Yes,No,28,Yes,Offer B,No,0
9142-XMYJH,29,No,Yes,No,0,No,None,No,0
9143-CANJF,24,Yes,Yes,No,85,Yes,None,Yes,7
9146-JRIOX,14,No,Yes,Yes,0,No,None,Yes,1
9150-HEPMB,56,Yes,Yes,No,27,Yes,None,No,0
9150-KPBJQ,6,No,Yes,No,0,No,None,No,0
9152-AMKAK,6,Yes,Yes,No,10,Yes,Offer E,No,0
9153-BTBVV,71,No,Yes,Yes,0,No,Offer A,Yes,1
9154-QDGTH,43,Yes,Yes,Yes,47,Yes,None,No,0
9158-VCTQB,41,Yes,Yes,Yes,10,Yes,None,Yes,1
9163-GHAYE,15,Yes,Yes,No,23,Yes,None,No,0
9167-APMXZ,22,Yes,Yes,Yes,41,No,None,No,0
9168-INPSZ,44,Yes,Yes,Yes,9,Yes,None,Yes,10
9169-BSVIN,12,Yes,Yes,Yes,53,Yes,None,No,0
9170-ARBTB,52,No,Yes,No,0,No,None,No,0
9170-CCKOU,17,Yes,Yes,Yes,9,Yes,Offer D,Yes,1
9170-GYZJC,41,Yes,Yes,Yes,56,Yes,None,Yes,1
9172-ANCRX,10,Yes,Yes,Yes,28,Yes,Offer D,No,0
9172-JITSM,26,Yes,Yes,No,11,Yes,None,Yes,1
9173-IVZVP,53,No,Yes,No,0,No,None,Yes,1
9174-FKWZE,1,No,Yes,No,0,No,None,No,0
9174-IHETN,50,Yes,Yes,No,20,Yes,Offer B,No,0
9178-JHUVJ,24,No,Yes,Yes,0,No,Offer C,Yes,1
9184-GALIL,38,No,Yes,No,0,No,None,Yes,6
9185-TQCVP,14,Yes,Yes,Yes,42,Yes,None,Yes,1
9189-JWSHV,24,Yes,Yes,Yes,12,Yes,None,Yes,1
9190-MFJLN,19,Yes,Yes,No,4,Yes,Offer D,No,0
9191-MYQKX,7,Yes,Yes,No,53,Yes,None,Yes,1
9194-GFVOI,42,Yes,Yes,Yes,52,Yes,None,Yes,4
9199-PWQVC,63,Yes,Yes,Yes,24,No,Offer B,Yes,1
9200-NLNPD,56,Yes,No,No,30,No,None,Yes,10
9206-GVPEQ,13,Yes,No,No,71,Yes,None,Yes,1
9207-ZPANB,37,Yes,Yes,Yes,14,Yes,Offer C,No,0
9208-OLGAQ,18,Yes,Yes,No,23,No,None,No,0
9209-NWPGU,44,Yes,Yes,No,2,Yes,Offer B,No,0
9210-IAHGH,7,Yes,Yes,No,6,Yes,Offer E,No,0
9214-EKVXR,1,Yes,Yes,No,26,Yes,None,No,0
9220-CXRSC,69,Yes,Yes,Yes,19,Yes,None,Yes,10
9220-ZNKJI,55,Yes,Yes,No,4,Yes,None,Yes,5
9221-OTIVJ,14,Yes,Yes,Yes,7,Yes,None,No,0
9223-UCPVT,1,Yes,Yes,No,6,Yes,None,No,0
9224-VTYID,47,Yes,Yes,Yes,48,Yes,Offer B,Yes,10
9225-BZLNZ,72,Yes,Yes,Yes,30,Yes,None,Yes,9
9227-LUNBG,1,Yes,No,No,12,Yes,None,No,0
9227-UAQFT,16,No,Yes,No,0,No,Offer D,No,0
9227-YBAXE,65,Yes,Yes,Yes,69,No,Offer B,No,0
9229-RQABD,18,No,Yes,Yes,0,No,Offer D,No,0
9231-ZJYAM,4,Yes,Yes,No,18,Yes,None,No,0
9233-PSYHO,45,Yes,Yes,Yes,20,Yes,Offer B,No,0
9236-NDUCW,21,Yes,No,No,4,Yes,Offer D,No,0
9237-HQITU,2,Yes,Yes,No,51,Yes,None,No,0
9239-GZHZE,72,Yes,Yes,Yes,47,Yes,Offer A,Yes,6
9239-ZBZZV,6,Yes,No,No,71,Yes,Offer E,No,0
9242-TKFSV,72,Yes,No,No,15,Yes,Offer A,Yes,7
9244-ZVAPM,1,Yes,Yes,No,9,Yes,None,No,0
9248-OJYKK,1,Yes,Yes,Yes,13,No,None,No,0
9249-FXSCK,52,Yes,Yes,Yes,52,Yes,Offer B,No,0
9250-WYPLL,5,Yes,Yes,Yes,58,Yes,None,No,0
9251-AWQGT,48,No,Yes,No,0,No,None,Yes,2
9251-WNSOD,67,Yes,Yes,Yes,58,Yes,Offer A,Yes,10
9253-QXKBE,29,Yes,Yes,Yes,21,Yes,None,Yes,1
9253-VIFJQ,65,Yes,Yes,Yes,18,Yes,Offer B,Yes,6
9254-RBFON,17,Yes,Yes,No,8,Yes,Offer D,Yes,1
9256-JTBNZ,11,No,Yes,No,0,No,None,No,0
9257-AZMTZ,52,No,Yes,No,0,No,None,Yes,10
9258-CNWAC,71,Yes,Yes,Yes,41,Yes,Offer A,Yes,2
9259-PACGQ,34,Yes,Yes,Yes,71,Yes,None,Yes,1
9261-WDCAF,3,Yes,Yes,No,30,Yes,None,No,0
9269-CQOOL,3,Yes,Yes,No,17,Yes,Offer E,No,0
9272-LSVYH,10,Yes,Yes,No,85,Yes,None,No,0
9274-CNFMO,4,Yes,Yes,Yes,27,Yes,None,Yes,1
9274-UARKJ,15,Yes,Yes,No,29,Yes,None,No,0
9277-JOOMO,3,No,Yes,Yes,0,No,None,No,0
9278-VZKCD,52,Yes,Yes,Yes,17,Yes,None,Yes,1
9279-CJEOJ,21,Yes,Yes,Yes,16,Yes,None,No,0
9281-CEDRU,68,Yes,Yes,No,53,Yes,None,Yes,2
9281-OFDMF,39,Yes,Yes,Yes,3,Yes,None,No,0
9281-PKKZE,46,Yes,No,No,8,Yes,None,Yes,1
9282-IZGQK,1,Yes,Yes,Yes,30,Yes,Offer E,No,0
9283-LZQOH,13,Yes,Yes,Yes,21,Yes,None,Yes,1
9286-BHDQG,72,Yes,No,No,17,Yes,Offer A,Yes,11
9286-DOJGF,38,Yes,Yes,Yes,30,Yes,None,Yes,5
9289-LBQVU,64,Yes,Yes,Yes,26,Yes,None,Yes,5
9290-SHCMB,13,Yes,Yes,No,24,Yes,None,No,0
9294-TDIPC,5,No,Yes,No,0,No,Offer E,No,0
9297-EONCV,72,Yes,Yes,Yes,22,Yes,Offer A,No,0
9297-FVVDH,57,Yes,Yes,Yes,16,Yes,Offer B,Yes,2
9298-WGMRW,72,Yes,Yes,Yes,76,Yes,Offer A,Yes,4
9300-AGZNL,1,Yes,Yes,Yes,29,Yes,None,No,0
9300-RENDD,1,Yes,Yes,No,5,Yes,Offer E,No,0
9305-CDSKC,8,Yes,Yes,Yes,26,Yes,None,No,0
9306-CPCBC,3,Yes,Yes,Yes,27,Yes,None,No,0
9308-ANMVE,47,Yes,Yes,No,17,Yes,Offer B,No,0
9309-BZGNT,69,Yes,No,No,13,Yes,None,Yes,7
9313-CDOGY,38,No,Yes,No,0,No,None,Yes,3
9313-QOLTZ,26,No,Yes,No,0,No,Offer C,No,0
9314-IJWSQ,14,Yes,Yes,Yes,53,Yes,Offer D,Yes,1
9314-QDMDW,11,Yes,Yes,No,59,Yes,Offer D,No,0
9317-WZPGV,2,Yes,Yes,No,23,No,Offer E,No,0
9318-NKNFC,1,No,Yes,No,0,No,None,No,0
9323-HGFWY,27,Yes,Yes,No,27,Yes,Offer C,No,0
9327-QSDED,8,Yes,Yes,No,23,No,None,No,0
9330-DHBFL,23,Yes,Yes,No,58,Yes,None,Yes,4
9330-IJWIO,13,Yes,Yes,Yes,26,Yes,Offer D,No,0
9330-VOFSZ,60,Yes,Yes,Yes,14,Yes,Offer B,Yes,1
9332-GYWLO,6,Yes,Yes,No,48,Yes,None,Yes,3
9334-GWGOW,7,Yes,Yes,Yes,13,Yes,None,Yes,2
9337-SRRNI,66,No,Yes,Yes,0,No,Offer A,No,0
9339-FIIJL,72,Yes,Yes,Yes,30,Yes,Offer A,Yes,2
9342-VNIMQ,33,Yes,Yes,Yes,5,Yes,Offer C,No,0
9347-AERRL,23,No,Yes,No,0,No,None,Yes,3
9348-ROUAI,59,Yes,Yes,Yes,24,Yes,Offer B,Yes,5
9348-YVOMK,4,Yes,Yes,No,41,Yes,Offer E,No,0
9350-VLHMB,67,Yes,Yes,Yes,53,Yes,Offer A,Yes,4
9350-ZXYJC,4,No,Yes,Yes,0,No,Offer E,No,0
9351-HXDMR,72,Yes,Yes,Yes,14,Yes,Offer A,Yes,6
9351-LZYGF,42,Yes,Yes,Yes,30,Yes,None,Yes,4
9355-NPPFS,26,Yes,Yes,No,15,Yes,None,No,0
9356-AXGMP,38,Yes,Yes,Yes,15,Yes,Offer C,Yes,9
9357-UJRUN,24,Yes,Yes,Yes,4,Yes,None,Yes,5
9359-JANWS,65,Yes,Yes,No,71,Yes,None,Yes,5
9359-UGBTK,67,Yes,Yes,No,9,Yes,None,No,0
9360-AHGNL,43,Yes,Yes,Yes,13,Yes,Offer B,Yes,7
9360-OMDZZ,24,Yes,Yes,Yes,14,No,Offer C,No,0
9361-YNQWJ,64,No,Yes,Yes,0,No,Offer B,No,0
9362-MWODR,40,Yes,Yes,No,10,Yes,None,No,0
9364-YKUVW,15,No,Yes,No,0,No,None,No,0
9365-CSLBQ,71,No,Yes,Yes,0,No,None,No,0
9365-SRSZE,27,Yes,Yes,No,16,Yes,Offer C,No,0
9367-OIUXP,4,No,Yes,No,0,No,None,No,0
9367-TCUYN,12,No,Yes,No,0,No,Offer D,No,0
9367-WXLCH,8,Yes,Yes,Yes,19,Yes,Offer E,No,0
9369-XFEHK,33,Yes,Yes,Yes,15,Yes,None,Yes,1
9371-BITHB,52,No,Yes,No,0,No,Offer B,Yes,1
9372-TXXPS,60,Yes,Yes,No,21,Yes,Offer B,Yes,7
9373-WSLOY,33,Yes,No,No,4,Yes,None,Yes,1
9374-YOLBJ,1,No,Yes,No,0,No,Offer E,Yes,9
9375-MHRRS,6,Yes,Yes,No,13,No,Offer E,No,0
9378-FXTIZ,54,Yes,Yes,Yes,12,Yes,None,Yes,1
9381-NDKME,24,Yes,No,No,29,Yes,Offer C,Yes,1
9385-EHGDO,35,No,Yes,No,0,No,None,Yes,5
9385-NXKDA,72,Yes,Yes,Yes,11,Yes,Offer A,Yes,7
9386-LDCZR,43,Yes,Yes,No,59,Yes,Offer B,No,0
9388-ZEYVT,43,Yes,No,No,11,Yes,Offer B,No,0
9389-ACWBI,5,Yes,Yes,No,16,Yes,None,Yes,1
9391-DXGGG,44,Yes,Yes,No,19,Yes,Offer B,No,0
9391-EOYLI,12,Yes,Yes,No,19,Yes,Offer D,Yes,1
9391-LMANN,53,Yes,Yes,No,56,Yes,Offer B,No,0
9391-TTOYH,23,No,Yes,No,0,No,Offer D,No,0
9391-YZEJW,62,Yes,Yes,Yes,26,Yes,Offer B,No,0
9392-XBGTD,27,No,Yes,No,0,No,None,No,0
9396-ZSFLL,15,Yes,Yes,Yes,19,Yes,None,No,0
9397-TZSHA,69,No,Yes,Yes,0,No,Offer A,No,0
9398-MMQTO,3,Yes,Yes,No,5,No,None,No,0
9399-APLBT,1,Yes,Yes,No,8,Yes,None,No,0
9402-CXWPL,70,Yes,Yes,Yes,59,Yes,Offer A,No,0
9402-ORRAH,15,Yes,Yes,No,16,Yes,None,No,0
9402-ROUMJ,67,Yes,Yes,Yes,30,Yes,Offer A,Yes,10
9405-GPBBG,64,Yes,Yes,Yes,24,No,None,No,0
9408-HRXRK,45,Yes,Yes,Yes,20,Yes,None,Yes,9
9408-SSNVZ,4,Yes,Yes,No,17,Yes,None,No,0
9411-TPQQV,40,Yes,No,No,28,No,Offer B,No,0
9412-ARGBX,48,Yes,Yes,No,29,Yes,None,No,0
9412-GHEEC,40,Yes,Yes,Yes,8,Yes,None,No,0
9415-DPEWS,18,Yes,Yes,Yes,23,Yes,None,No,0
9415-TPKRV,8,Yes,Yes,Yes,53,Yes,Offer E,Yes,1
9415-ZNBSX,70,Yes,Yes,Yes,51,Yes,None,Yes,3
9418-RUKPH,38,No,Yes,No,0,No,Offer C,Yes,7
9419-IPPBE,51,Yes,Yes,Yes,59,Yes,Offer B,Yes,4
9420-LOJKX,15,Yes,Yes,No,20,Yes,None,No,0
9424-CMPOG,9,No,Yes,No,0,No,Offer E,Yes,9
9426-SXNHE,2,No,Yes,No,0,No,None,No,0
9430-FRQOC,4,Yes,Yes,Yes,3,Yes,None,No,0
9430-NKQLY,72,No,Yes,Yes,0,No,Offer A,Yes,7
9432-RUVSL,48,Yes,Yes,No,21,Yes,Offer B,No,0
9432-VOFYX,17,Yes,Yes,No,52,Yes,Offer D,No,0
9435-JMLSX,71,Yes,Yes,No,6,Yes,Offer A,Yes,7
9436-ZBZCT,14,Yes,Yes,Yes,27,Yes,Offer D,No,0
9441-QHEVC,1,No,Yes,No,0,No,None,No,0
9442-JTWDL,11,No,Yes,No,0,No,None,No,0
9443-JUBUO,72,Yes,No,No,51,No,Offer A,Yes,9
9444-JTXHZ,1,Yes,Yes,No,14,No,None,Yes,1
9445-SZLCH,36,Yes,Yes,Yes,27,Yes,None,Yes,3
9445-ZUEQE,27,Yes,Yes,Yes,15,No,Offer C,Yes,1
9447-YPTBX,50,No,Yes,No,0,No,None,Yes,1
9448-REEVD,1,Yes,Yes,No,73,Yes,None,Yes,1
9450-TRJUU,35,Yes,Yes,Yes,6,Yes,None,No,0
9451-LPGOO,7,Yes,Yes,Yes,59,Yes,Offer E,No,0
9451-WLYRI,53,No,Yes,No,0,No,Offer B,Yes,5
9453-PATOS,72,Yes,Yes,No,41,Yes,Offer A,Yes,7
9462-MJUAW,4,Yes,Yes,Yes,10,Yes,None,No,0
9465-RWMXL,32,Yes,Yes,Yes,11,Yes,Offer C,Yes,1
9467-ROOLM,25,No,Yes,No,0,No,Offer C,No,0
9469-WEJBT,37,Yes,Yes,No,22,No,None,Yes,4
9470-RTWDV,26,Yes,Yes,Yes,57,Yes,Offer C,Yes,2
9470-XCCEM,35,Yes,Yes,Yes,53,No,None,Yes,4
9470-YFUYI,71,Yes,Yes,No,24,Yes,None,Yes,10
9473-CBZOP,28,Yes,Yes,Yes,7,Yes,None,No,0
9474-PHLYD,15,Yes,Yes,No,48,Yes,Offer D,No,0
9475-NNDGC,71,Yes,Yes,Yes,3,Yes,None,Yes,8
9477-LGWQI,70,Yes,Yes,No,46,Yes,Offer A,Yes,10
9479-HYNYL,71,Yes,Yes,No,27,Yes,None,Yes,8
9480-BQJEI,62,Yes,Yes,Yes,16,Yes,None,No,0
9481-IEBZY,72,Yes,Yes,Yes,14,No,Offer A,Yes,6
9481-SFCQY,14,Yes,Yes,No,24,Yes,Offer D,No,0
9481-WHGWY,70,Yes,Yes,No,53,Yes,Offer A,Yes,9
9483-GCPWE,9,No,Yes,No,0,No,None,No,0
9488-FVZCC,72,Yes,Yes,Yes,14,Yes,Offer A,Yes,5
9488-FYQAU,63,Yes,Yes,Yes,23,Yes,None,Yes,8
9488-HGMJH,1,Yes,Yes,No,22,No,Offer E,No,0
9489-DEDVP,70,Yes,Yes,Yes,23,No,None,Yes,8
9489-JMTTN,72,Yes,Yes,Yes,20,Yes,Offer A,Yes,1
9489-UTFKA,8,Yes,Yes,No,23,Yes,Offer E,Yes,9
9490-DFPMD,42,Yes,Yes,Yes,17,Yes,None,No,0
9492-TOKRI,18,Yes,Yes,Yes,5,Yes,None,No,0
9494-BDNNC,66,Yes,Yes,Yes,24,Yes,None,Yes,1
9494-MRNYX,10,Yes,Yes,Yes,26,Yes,None,No,0
9495-REDIY,25,Yes,No,No,18,Yes,None,No,0
9495-SKLKD,45,Yes,Yes,Yes,19,Yes,None,Yes,1
9496-IVVRP,11,Yes,Yes,No,57,No,None,Yes,8
9497-QCMMS,1,Yes,Yes,Yes,6,Yes,Offer E,No,0
9498-FIMXL,8,No,Yes,No,0,No,Offer E,No,0
9499-XPZXM,72,Yes,Yes,Yes,26,Yes,None,Yes,7
9500-IWPXQ,61,Yes,Yes,Yes,20,Yes,Offer B,Yes,3
9500-LTVBP,35,Yes,Yes,Yes,6,Yes,Offer C,No,0
9500-WBGRP,69,No,Yes,No,0,No,Offer A,No,0
9501-UKKNL,59,Yes,No,No,7,Yes,None,No,0
9503-XJUME,52,No,Yes,No,0,No,None,No,0
9504-DSHWM,20,Yes,Yes,Yes,17,No,None,No,0
9504-YAZWB,53,No,Yes,No,0,No,None,No,0
9505-SQFSW,3,Yes,No,No,53,Yes,Offer E,Yes,6
9506-UXUSK,13,Yes,Yes,No,10,No,Offer D,No,0
9507-EXLTT,1,Yes,Yes,No,52,Yes,Offer E,Yes,2
9507-HSMMZ,54,No,Yes,No,0,No,Offer B,No,0
9508-ILZDG,34,Yes,Yes,Yes,13,Yes,None,No,0
9509-MPYOD,35,No,Yes,No,0,No,Offer C,No,0
9512-PHSMG,10,No,Yes,No,0,No,None,Yes,2
9512-UIBFX,18,Yes,Yes,No,28,Yes,None,Yes,6
9513-DXHDA,27,Yes,Yes,No,4,Yes,None,No,0
9514-JDSKI,1,Yes,No,No,12,Yes,Offer E,Yes,1
9518-IMLHK,31,Yes,Yes,No,27,Yes,None,No,0
9518-RWHZL,64,Yes,Yes,Yes,18,Yes,None,No,0
9518-XXBXE,10,Yes,Yes,No,30,Yes,None,Yes,7
9522-BNTHX,34,Yes,No,No,28,Yes,None,No,0
9522-ZSINC,13,No,Yes,No,0,No,Offer D,No,0
9524-EGPJC,18,Yes,Yes,Yes,19,Yes,None,No,0
9526-BIHHD,1,Yes,No,No,69,Yes,Offer E,No,0
9526-JAWYF,26,Yes,Yes,No,25,Yes,Offer C,No,0
9529-OFXHY,15,Yes,Yes,Yes,59,Yes,None,No,0
9530-EHPOH,11,Yes,Yes,Yes,13,Yes,Offer D,No,0
9530-GRMJG,70,Yes,Yes,Yes,24,Yes,None,Yes,4
9531-NSBMR,36,No,Yes,No,0,No,None,No,0
9534-NSXEM,26,No,Yes,No,0,No,Offer C,No,0
9537-JALFH,69,No,Yes,No,0,No,Offer A,Yes,10
9537-VHDTA,1,Yes,Yes,No,26,Yes,None,No,0
9540-JYROE,8,Yes,Yes,No,85,No,None,No,0
9541-PWTWO,52,Yes,Yes,Yes,21,Yes,Offer B,No,0
9541-ZPSEA,68,Yes,Yes,No,41,Yes,Offer A,Yes,8
9544-PYPSJ,62,Yes,Yes,Yes,12,No,None,Yes,1
9546-CQJSU,2,Yes,Yes,Yes,7,Yes,None,No,0
9546-KDTRB,19,No,Yes,Yes,0,No,None,No,0
9547-ITEFG,9,Yes,Yes,Yes,30,Yes,Offer E,Yes,8
9548-LERKT,24,No,Yes,No,0,No,None,Yes,4
9548-LIGTA,61,Yes,Yes,No,51,No,None,Yes,2
9548-ZMVTX,72,Yes,Yes,Yes,24,Yes,Offer A,Yes,7
9552-TGUZV,8,Yes,Yes,No,18,Yes,Offer E,Yes,8
9553-DLCLU,13,Yes,Yes,Yes,52,Yes,None,No,0
9554-DFKIC,30,Yes,Yes,Yes,19,Yes,None,Yes,6
9555-SAHUZ,38,Yes,Yes,No,30,Yes,None,Yes,5
9558-IHEZX,71,Yes,Yes,Yes,10,Yes,Offer A,No,0
9560-ARGQJ,16,Yes,Yes,No,12,No,None,No,0
9560-BBZXK,36,Yes,No,No,27,Yes,Offer C,No,0
9564-KCLHR,1,Yes,Yes,No,4,Yes,None,No,0
9565-AXSMR,52,No,Yes,No,0,No,None,Yes,10
9565-DJPIB,4,Yes,Yes,Yes,20,Yes,Offer E,No,0
9565-FLVCG,65,Yes,Yes,Yes,30,Yes,Offer B,Yes,10
9565-JSNFM,38,Yes,Yes,No,17,Yes,None,No,0
9570-KYEUA,64,Yes,Yes,Yes,14,Yes,Offer B,No,0
9571-EDEBV,71,Yes,Yes,Yes,10,Yes,None,Yes,8
9572-MTILT,59,Yes,Yes,Yes,21,No,None,Yes,7
9572-WUKSB,3,Yes,No,No,41,Yes,None,Yes,5
9574-BOSMD,68,No,Yes,Yes,0,No,None,Yes,10
9574-RKJIF,30,Yes,Yes,Yes,6,No,Offer C,Yes,1
9575-IWCAZ,6,No,Yes,Yes,0,No,None,Yes,4
9576-ANLXO,3,Yes,Yes,No,30,Yes,None,No,0
9576-SYUHJ,37,Yes,Yes,Yes,69,No,Offer C,No,0
9577-WJVCQ,68,Yes,Yes,Yes,59,Yes,None,No,0
9578-FOMUK,15,No,Yes,Yes,0,No,None,No,0
9578-VRMNM,16,Yes,Yes,Yes,30,Yes,None,No,0
9581-GVBXT,59,Yes,No,No,19,Yes,Offer B,No,0
9584-EXCDZ,17,Yes,Yes,No,16,Yes,Offer D,No,0
9585-KKMFD,41,No,Yes,No,0,No,None,Yes,5
9586-JGQKH,64,Yes,Yes,Yes,18,Yes,Offer B,Yes,8
9588-OZDMQ,2,Yes,Yes,No,12,Yes,Offer E,Yes,8
9588-YRFHY,49,No,Yes,No,0,No,Offer B,No,0
9589-ABEPT,69,Yes,Yes,Yes,20,Yes,None,Yes,9
9591-YVTEB,55,Yes,No,No,30,Yes,Offer B,No,0
9592-ERDKV,37,Yes,Yes,Yes,28,Yes,None,Yes,6
9593-CVZKR,56,No,Yes,Yes,0,No,Offer B,Yes,2
9600-NAXZN,43,Yes,Yes,Yes,27,Yes,None,No,0
9600-UDOPK,30,Yes,Yes,Yes,22,Yes,Offer C,Yes,1
9601-BRXPO,25,Yes,Yes,Yes,10,Yes,Offer C,Yes,1
9602-WCXPI,50,No,Yes,No,0,No,None,No,0
9603-OAIHC,1,Yes,Yes,No,5,Yes,Offer E,No,0
9605-WGJVW,1,Yes,Yes,No,12,Yes,None,No,0
9606-PBKBQ,32,Yes,Yes,Yes,23,Yes,None,Yes,1
9609-BENEA,35,Yes,Yes,Yes,13,Yes,Offer C,Yes,6
9610-WCESF,67,Yes,No,No,17,Yes,None,No,0
9611-CTWIH,3,Yes,Yes,No,13,Yes,None,No,0
9614-RMGHA,65,Yes,Yes,Yes,73,Yes,None,No,0
9617-INGJY,1,Yes,Yes,No,14,Yes,None,No,0
9617-UDPEU,22,No,Yes,No,0,No,None,No,0
9618-LFJRU,4,No,Yes,No,0,No,None,No,0
9619-GSATL,43,Yes,Yes,No,19,No,None,No,0
9620-ENEJV,6,Yes,Yes,No,27,Yes,Offer E,No,0
9620-QJREV,47,No,Yes,No,0,No,Offer B,No,0
9621-OUPYD,25,No,Yes,No,0,No,None,Yes,2
9624-EGDEQ,37,No,Yes,No,0,No,None,No,0
9625-QNLUX,68,Yes,Yes,No,29,Yes,None,Yes,2
9625-QSTYE,13,Yes,Yes,No,4,Yes,None,No,0
9625-RZFUK,63,No,Yes,No,0,No,None,No,0
9626-VFRGG,41,Yes,Yes,Yes,10,Yes,None,No,0
9626-WEQRM,4,Yes,No,No,2,No,None,No,0
9629-NHXFW,1,No,Yes,No,0,No,None,Yes,6
9631-RXVJM,35,No,Yes,No,0,No,Offer C,No,0
9631-XEYKE,3,Yes,Yes,Yes,59,Yes,None,No,0
9633-DENPU,47,Yes,Yes,No,18,Yes,None,Yes,8
9633-XQABV,3,Yes,Yes,No,10,Yes,Offer E,No,0
9637-CDTKZ,72,Yes,Yes,Yes,3,Yes,None,Yes,6
9637-EIHEQ,1,Yes,Yes,No,27,Yes,None,No,0
9638-JIQYA,2,Yes,No,No,48,No,None,No,0
9639-BUJXT,63,No,Yes,No,0,No,None,No,0
9640-ZSLDC,53,Yes,Yes,No,59,Yes,None,Yes,3
9643-AVVWI,3,Yes,Yes,No,22,Yes,None,Yes,2
9643-YBLUR,9,Yes,Yes,Yes,59,Yes,Offer E,Yes,4
9644-KVCNC,66,Yes,Yes,Yes,28,Yes,Offer A,No,0
9644-UMGQA,6,Yes,Yes,No,51,Yes,Offer E,Yes,1
9646-NMHXE,47,No,Yes,No,0,No,None,Yes,7
9647-ERGBE,30,Yes,Yes,Yes,22,Yes,None,Yes,1
9648-BCHKM,18,No,Yes,Yes,0,No,None,Yes,9
9650-VBUOG,38,No,Yes,Yes,0,No,Offer C,Yes,9
9651-GTSAQ,53,Yes,Yes,No,11,Yes,None,Yes,1
9658-WYUFB,17,Yes,Yes,Yes,23,Yes,Offer D,No,0
9659-QEQSY,45,Yes,Yes,Yes,30,Yes,None,No,0
9659-ZTWSM,66,Yes,Yes,Yes,26,Yes,None,Yes,7
9661-ACXBS,42,Yes,Yes,Yes,52,Yes,Offer B,No,0
9661-JALZV,58,No,Yes,Yes,0,No,Offer B,No,0
9661-MHUMO,1,Yes,Yes,No,19,Yes,None,Yes,3
9667-EQRXU,30,Yes,No,No,7,No,None,No,0
9667-TKTVZ,2,Yes,Yes,Yes,7,Yes,None,No,0
9668-PUGNU,71,No,Yes,Yes,0,No,None,Yes,9
9670-BPNXF,45,Yes,Yes,No,8,Yes,Offer B,No,0
9674-EHPPG,46,Yes,No,No,26,No,Offer B,Yes,6
9675-ICXCT,72,Yes,Yes,No,53,Yes,Offer A,Yes,8
9677-AVKED,53,Yes,Yes,Yes,18,Yes,None,No,0
9680-NIAUV,72,Yes,Yes,Yes,3,Yes,Offer A,Yes,7
9681-KYGYB,49,Yes,Yes,Yes,16,Yes,Offer B,Yes,5
9681-OXGVC,5,Yes,Yes,Yes,29,Yes,None,No,0
9685-WKZGT,14,Yes,Yes,Yes,11,Yes,Offer D,No,0
9688-YGXVR,44,Yes,Yes,No,24,Yes,Offer B,No,0
9689-PTNPG,2,Yes,Yes,No,30,No,Offer E,No,0
9691-HKOVS,55,Yes,Yes,Yes,53,Yes,Offer B,Yes,8
9692-TUSXH,18,Yes,Yes,No,26,Yes,Offer D,No,0
9693-XMUOB,59,Yes,No,No,23,Yes,None,Yes,4
9695-IDRZR,34,Yes,Yes,Yes,51,Yes,None,No,0
9696-RMYBA,5,Yes,Yes,No,13,Yes,None,No,0
9699-UBQFS,43,Yes,Yes,Yes,22,Yes,None,Yes,4
9700-ISPUP,10,Yes,Yes,No,22,Yes,Offer D,Yes,1
9700-ZCLOT,2,No,Yes,No,0,No,Offer E,No,0
9701-CDXHR,51,Yes,Yes,No,13,No,Offer B,Yes,1
9702-AIUJO,50,Yes,Yes,No,41,Yes,None,Yes,10
9705-IOVQQ,61,Yes,Yes,Yes,22,Yes,None,Yes,10
9705-ZJBCG,13,Yes,Yes,No,12,Yes,Offer D,Yes,5
9708-HPXWZ,5,Yes,No,No,4,Yes,None,No,0
9708-KFDBY,1,No,Yes,No,0,No,Offer E,No,0
9710-NJERN,39,No,Yes,No,0,No,Offer C,No,0
9710-ZUSHQ,37,Yes,Yes,Yes,2,Yes,Offer C,No,0
9711-FJTBX,56,Yes,Yes,No,10,Yes,None,Yes,4
9714-EDSUC,4,Yes,Yes,No,41,Yes,None,No,0
9715-SBVSU,14,Yes,Yes,No,59,No,None,Yes,3
9715-WZCLW,71,Yes,Yes,Yes,69,Yes,Offer A,Yes,7
9717-IOAAF,27,No,Yes,Yes,0,No,None,No,0
9717-QEBGU,2,Yes,Yes,No,26,Yes,Offer E,No,0
9720-JJJOR,41,Yes,Yes,No,69,Yes,None,Yes,8
9722-UJOJR,29,Yes,Yes,No,16,Yes,None,Yes,1
9725-SCPZG,1,Yes,Yes,No,6,Yes,Offer E,No,0
9728-FTTVZ,1,Yes,Yes,No,19,Yes,None,No,0
9730-DRTMJ,32,Yes,Yes,Yes,46,Yes,None,Yes,10
9732-EQMWY,49,Yes,Yes,No,46,No,None,Yes,1
9732-KPKBW,1,Yes,Yes,No,11,Yes,None,No,0
9732-OUYRN,49,No,Yes,No,0,No,Offer B,Yes,3
9734-UYXQI,2,Yes,Yes,Yes,52,Yes,None,No,0
9734-YWGEX,9,Yes,Yes,Yes,82,Yes,None,No,0
9738-QLWTP,39,Yes,Yes,No,29,Yes,None,No,0
9739-JLPQJ,72,Yes,Yes,Yes,16,Yes,None,Yes,9
9741-YLNTD,6,Yes,Yes,Yes,12,Yes,None,No,0
9742-XOKTS,67,Yes,Yes,Yes,11,Yes,Offer A,Yes,10
9743-DQKQW,3,Yes,No,No,69,Yes,Offer E,No,0
9746-MDMBK,47,Yes,Yes,Yes,19,Yes,None,Yes,7
9746-UGFAC,22,No,Yes,No,0,No,Offer D,No,0
9746-YKGXB,52,Yes,No,No,19,Yes,None,Yes,9
9747-DDZOS,1,Yes,Yes,No,2,Yes,None,No,0
9750-BOOHV,32,Yes,No,No,18,Yes,Offer C,No,0
9752-ZNQUT,1,Yes,Yes,No,11,Yes,Offer E,No,0
9753-OYLBX,1,No,Yes,No,0,No,None,No,0
9754-CLVZW,26,Yes,No,No,23,No,Offer C,Yes,4
9755-JHNMN,49,Yes,Yes,No,23,Yes,None,No,0
9758-MFWGD,48,Yes,No,No,19,Yes,None,No,0
9761-XUJWD,5,Yes,Yes,No,59,Yes,None,No,0
9762-YAQAA,39,Yes,Yes,Yes,12,Yes,Offer C,No,0
9763-GRSKD,13,Yes,Yes,No,22,No,Offer D,Yes,1
9763-PDTKK,4,Yes,Yes,No,18,Yes,Offer E,No,0
9764-REAFF,59,No,Yes,No,0,No,Offer B,Yes,9
9766-HGEDE,17,No,Yes,No,0,No,Offer D,Yes,3
9767-FFLEM,38,Yes,Yes,No,2,Yes,None,No,0
9769-TSBZE,70,Yes,Yes,Yes,57,No,None,No,0
9770-KXGQU,53,Yes,Yes,Yes,12,Yes,None,No,0
9770-LXDBK,3,No,Yes,No,0,No,Offer E,No,0
9773-PEQBZ,10,Yes,Yes,Yes,22,Yes,None,No,0
9774-NRNAU,27,Yes,Yes,Yes,21,Yes,None,Yes,5
9776-CLUJA,51,Yes,Yes,Yes,9,Yes,None,Yes,1
9776-OJUZI,65,Yes,Yes,Yes,21,Yes,None,No,0
9777-IQHWP,64,Yes,Yes,Yes,11,Yes,None,Yes,2
9777-WJJPR,31,Yes,Yes,Yes,12,Yes,None,Yes,9
9778-OGKQZ,72,Yes,Yes,Yes,5,No,None,Yes,8
9779-DPNEJ,22,Yes,Yes,No,29,Yes,Offer D,Yes,5
9780-FKVVF,6,Yes,Yes,No,5,Yes,Offer E,No,0
9782-LGXMC,49,Yes,Yes,No,28,Yes,None,Yes,6
9786-IJYDL,35,Yes,Yes,Yes,8,Yes,None,No,0
9786-YWNHU,63,Yes,Yes,No,27,No,Offer B,Yes,6
9787-XVQIU,1,Yes,Yes,Yes,18,No,Offer E,No,0
9788-HNGUT,72,Yes,Yes,Yes,3,Yes,Offer A,Yes,9
9788-YTFGE,7,No,Yes,No,0,No,None,No,0
9793-WECQC,23,Yes,Yes,No,23,Yes,None,No,0
9795-NREXC,64,Yes,Yes,Yes,2,Yes,Offer B,Yes,5
9795-SHUHB,66,Yes,Yes,No,59,Yes,None,Yes,9
9795-VOWON,7,Yes,No,No,48,Yes,Offer E,No,0
9796-BPKIW,8,Yes,Yes,No,6,Yes,None,No,0
9796-MVYXX,14,Yes,No,No,24,Yes,Offer D,No,0
9798-DRYDS,17,Yes,Yes,Yes,25,Yes,None,Yes,6
9798-OPFEM,46,No,Yes,No,0,No,Offer B,No,0
9799-CAYJJ,2,Yes,Yes,No,2,Yes,Offer E,Yes,1
9800-ONTFE,22,Yes,Yes,Yes,58,Yes,Offer D,Yes,3
9800-OUIGR,66,No,Yes,No,0,No,None,Yes,4
9801-GDWGV,39,Yes,Yes,Yes,28,Yes,Offer C,No,0
9801-NOSHQ,23,No,Yes,No,0,No,Offer D,No,0
9802-CAQUT,72,Yes,Yes,Yes,52,No,None,Yes,9
9803-FTJCG,71,Yes,Yes,Yes,26,Yes,Offer A,Yes,1
9804-ICWBG,1,Yes,Yes,No,12,Yes,None,No,0
9805-FILKB,46,No,Yes,No,0,No,None,Yes,6
9809-IMGCQ,22,Yes,Yes,Yes,8,No,Offer D,No,0
9812-GHVRI,40,Yes,Yes,Yes,20,Yes,Offer B,No,0
9814-AOUDH,53,No,Yes,No,0,No,Offer B,No,0
9817-APLHW,12,No,Yes,Yes,0,No,Offer D,No,0
9818-XQCUV,2,No,Yes,No,0,No,None,No,0
9819-FBNSV,37,Yes,Yes,No,7,Yes,None,Yes,8
9820-RMCQV,11,Yes,Yes,No,8,No,None,No,0
9821-BESNZ,66,Yes,Yes,Yes,6,Yes,Offer A,No,0
9821-POOTN,35,Yes,Yes,Yes,12,Yes,Offer C,Yes,1
9822-BIIGN,53,Yes,Yes,Yes,26,Yes,Offer B,No,0
9822-OAOVB,1,Yes,Yes,No,27,No,Offer E,No,0
9822-WMWVG,41,Yes,Yes,Yes,59,Yes,None,No,0
9823-EALYC,72,Yes,Yes,Yes,12,Yes,None,Yes,6
9824-BEMCV,17,Yes,Yes,No,11,Yes,Offer D,Yes,1
9824-QCJPK,36,No,Yes,No,0,No,None,Yes,7
9825-YCXWZ,41,Yes,Yes,No,9,Yes,None,No,0
9828-AOQLM,1,Yes,Yes,No,5,Yes,None,Yes,3
9828-QHFBK,24,Yes,Yes,No,22,Yes,None,No,0
9830-ECLEN,58,Yes,No,No,52,Yes,None,Yes,9
9831-BPFRI,39,Yes,Yes,Yes,30,Yes,None,Yes,1
9833-TGFHX,42,Yes,Yes,Yes,23,No,None,Yes,1
9835-ZIITK,66,Yes,Yes,Yes,13,Yes,None,Yes,1
9837-BMCLM,3,Yes,Yes,No,7,Yes,None,No,0
9837-FWLCH,12,No,Yes,No,0,No,None,Yes,2
9838-BFCQT,72,No,Yes,Yes,0,No,None,Yes,2
9839-ETQOE,43,Yes,No,No,25,Yes,None,No,0
9840-DVNDC,6,Yes,Yes,No,26,No,None,No,0
9840-EFJQB,1,Yes,Yes,No,4,Yes,None,No,0
9842-EFSYY,4,Yes,No,No,52,Yes,Offer E,No,0
9844-FELAJ,70,Yes,Yes,Yes,17,No,None,Yes,2
9845-PEEKO,59,Yes,Yes,Yes,2,Yes,None,No,0
9845-QOMAD,14,No,Yes,No,0,No,Offer D,Yes,6
9846-GKXAS,9,Yes,Yes,No,9,Yes,Offer E,No,0
9847-HNVGP,17,No,Yes,No,0,No,Offer D,No,0
9848-JQJTX,72,Yes,Yes,Yes,12,Yes,Offer A,No,0
9850-OWRHQ,3,Yes,Yes,Yes,24,Yes,None,Yes,1
9851-KIELU,10,Yes,Yes,No,6,Yes,None,No,0
9851-QXEEQ,41,Yes,Yes,Yes,48,Yes,None,No,0
9853-JFZDU,35,Yes,Yes,No,69,Yes,None,Yes,7
9860-LISIZ,34,No,Yes,No,0,No,None,No,0
9861-PDSZP,72,Yes,Yes,Yes,82,Yes,None,No,0
9862-KJTYK,19,Yes,No,No,59,Yes,Offer D,No,0
9863-JZAIC,35,Yes,Yes,No,14,Yes,None,No,0
9866-OCCKE,72,Yes,Yes,Yes,22,Yes,Offer A,Yes,1
9866-QEVEE,19,Yes,Yes,Yes,11,No,Offer D,No,0
9867-JCZSP,17,No,Yes,No,0,No,Offer D,Yes,8
9867-NNXLC,22,No,Yes,No,0,No,Offer D,No,0
9867-XOBQA,21,Yes,No,No,11,Yes,None,No,0
9871-ELEYA,34,Yes,Yes,No,27,Yes,None,No,0
9873-MNDKV,11,Yes,Yes,No,3,Yes,Offer D,No,0
9874-QLCLH,17,Yes,Yes,Yes,15,Yes,Offer D,Yes,1
9878-TNQGW,2,Yes,Yes,No,14,Yes,Offer E,No,0
9880-TDQAC,72,Yes,No,No,16,Yes,None,Yes,3
9881-VCZEP,25,Yes,Yes,Yes,59,No,None,Yes,8
9885-AIBVB,29,Yes,Yes,Yes,16,No,None,Yes,4
9885-CSMWE,1,Yes,Yes,No,13,Yes,Offer E,No,0
9885-MFVSU,35,Yes,No,No,24,No,Offer C,Yes,7
9888-ZCUMM,64,Yes,No,No,19,Yes,None,Yes,3
9889-TMAHG,8,Yes,Yes,No,27,Yes,None,No,0
9891-NQDBD,28,No,Yes,Yes,0,No,None,Yes,7
9894-EZEWG,1,Yes,Yes,No,8,Yes,Offer E,No,0
9894-QMIMJ,23,Yes,Yes,No,8,Yes,Offer D,No,0
9895-VFOXH,1,Yes,No,No,76,No,None,No,0
9896-UYMIE,66,Yes,Yes,Yes,73,Yes,Offer A,No,0
9897-KXHCM,3,Yes,Yes,No,14,Yes,Offer E,Yes,1
9898-KZQDZ,40,Yes,Yes,Yes,20,Yes,None,Yes,1
9903-LYSAB,18,Yes,Yes,Yes,23,Yes,Offer D,Yes,5
9904-EHEVJ,32,Yes,Yes,Yes,30,Yes,Offer C,Yes,9
9906-NHHVC,65,Yes,No,No,9,Yes,Offer B,No,0
9907-SWKKF,1,Yes,No,No,21,Yes,Offer E,No,0
9909-DFRJA,26,Yes,Yes,No,4,Yes,Offer C,No,0
9909-IDLEK,20,Yes,Yes,Yes,23,Yes,Offer D,Yes,7
9912-GVSEQ,26,Yes,Yes,Yes,26,Yes,Offer C,Yes,1
9912-OMZDS,59,Yes,Yes,Yes,19,Yes,Offer B,Yes,1
9916-AYHTC,48,No,Yes,No,0,No,None,No,0
9917-KWRBE,41,Yes,Yes,Yes,26,Yes,Offer B,Yes,8
9919-FZDED,72,Yes,Yes,Yes,23,Yes,None,Yes,1
9919-KNPOO,21,Yes,Yes,Yes,8,No,Offer D,Yes,6
9919-YLNNG,42,Yes,Yes,No,28,No,Offer B,No,0
9921-EZKBY,33,Yes,Yes,Yes,53,Yes,Offer C,No,0
9921-QFQUL,23,Yes,Yes,Yes,15,Yes,Offer D,Yes,2
9921-ZVRHG,14,Yes,Yes,Yes,23,Yes,None,No,0
9924-JPRMC,72,Yes,Yes,Yes,27,Yes,None,No,0
9926-PJHDQ,72,Yes,Yes,Yes,9,No,Offer A,Yes,5
9927-DSWDF,22,Yes,Yes,No,3,Yes,Offer D,Yes,1
9928-BZVLZ,12,Yes,No,No,7,Yes,Offer D,No,0
9929-PLVPA,4,No,Yes,No,0,No,Offer E,No,0
9931-DCEZH,28,Yes,Yes,No,22,Yes,Offer C,No,0
9931-KGHOA,46,Yes,Yes,Yes,15,Yes,None,Yes,9
9932-WBWIK,11,No,Yes,No,0,No,Offer D,No,0
9933-QRGTX,60,Yes,Yes,No,13,Yes,None,Yes,6
9938-EKRGF,15,Yes,Yes,No,2,Yes,Offer D,No,0
9938-PRCVK,41,No,Yes,No,0,No,None,Yes,1
9938-TKDGL,68,Yes,Yes,No,28,Yes,Offer A,Yes,9
9938-ZREHM,37,Yes,Yes,Yes,23,Yes,None,Yes,4
9940-HPQPG,9,Yes,Yes,Yes,7,Yes,Offer E,Yes,1
9940-RHLFB,1,Yes,Yes,No,3,Yes,Offer E,No,0
9943-VSZUV,67,Yes,Yes,Yes,19,Yes,Offer A,No,0
9944-AEXBM,32,Yes,Yes,Yes,28,Yes,None,No,0
9944-HKVVB,3,Yes,Yes,No,29,Yes,Offer E,No,0
9945-PSVIP,25,No,Yes,No,0,No,Offer C,Yes,3
9947-OTFQU,15,Yes,Yes,No,29,Yes,Offer D,No,0
9948-YPTDG,38,Yes,Yes,No,13,No,None,Yes,1
9950-MTGYX,28,No,Yes,No,0,No,None,Yes,8
9953-ZMKSM,63,No,Yes,Yes,0,No,Offer B,No,0
9955-QOPOY,69,Yes,No,No,42,Yes,None,Yes,7
9957-YODKZ,6,Yes,Yes,Yes,17,No,None,Yes,4
9958-MEKUC,72,Yes,Yes,Yes,30,Yes,Offer A,Yes,1
9959-WOFKT,71,Yes,Yes,Yes,7,Yes,None,No,0
9961-JBNMK,21,Yes,Yes,No,7,Yes,None,No,0
9962-BFPDU,1,No,Yes,No,0,No,None,Yes,3
9964-WBQDJ,71,No,Yes,Yes,0,No,Offer A,Yes,1
9965-YOKZB,9,Yes,Yes,Yes,13,Yes,None,No,0
9967-ATRFS,19,No,Yes,No,0,No,None,No,0
9968-FFVVH,63,Yes,Yes,Yes,59,Yes,None,No,0
9970-QBCDA,6,No,Yes,No,0,No,Offer E,No,0
9971-ZWPBF,34,Yes,Yes,Yes,12,No,None,Yes,7
9972-EWRJS,67,No,Yes,No,0,No,Offer A,Yes,2
9972-NKTFD,28,Yes,Yes,No,7,Yes,None,No,0
9972-VAFJJ,53,Yes,Yes,No,25,Yes,None,Yes,1
9974-JFBHQ,64,Yes,Yes,No,24,Yes,Offer B,No,0
9975-GPKZU,46,No,Yes,No,0,No,None,No,0
9975-SKRNR,1,No,Yes,No,0,No,Offer E,No,0
9978-HYCIN,47,Yes,Yes,No,22,No,None,Yes,1
9979-RGMZT,7,Yes,Yes,No,42,Yes,Offer E,No,0
9985-MWVIX,1,Yes,Yes,No,9,Yes,Offer E,No,0
9986-BONCE,4,No,Yes,No,0,No,None,No,0
9987-LUTYD,13,Yes,Yes,No,59,Yes,Offer D,No,0
9992-RRAMN,22,Yes,Yes,Yes,17,Yes,Offer D,Yes,1
9992-UJOEL,2,Yes,Yes,No,51,Yes,Offer E,No,0
9993-LHIEB,67,Yes,Yes,No,58,Yes,Offer A,Yes,5
9995-HOTOH,63,Yes,No,No,5,Yes,None,Yes,1
